timestamp_utc,epoch_seconds,phase,variant,gpu_index,gpu_name,memory_used_mib,memory_total_mib,utilization_gpu_percent,power_draw_watts
2026-08-17T01:36:34.822756+00:00,1786930594.822756,baseline,full,4,NVIDIA H100 80GB HBM3,0.0,81559.0,0.0,76.49
2026-08-17T01:36:34.822756+00:00,1786930594.822756,baseline,full,5,NVIDIA H100 80GB HBM3,0.0,81559.0,0.0,72.76
2026-08-17T01:36:34.822756+00:00,1786930594.822756,baseline,full,6,NVIDIA H100 80GB HBM3,0.0,81559.0,0.0,71.12
2026-08-17T01:36:34.822756+00:00,1786930594.822756,baseline,full,7,NVIDIA H100 80GB HBM3,0.0,81559.0,0.0,71.2
2026-08-17T01:36:35.469102+00:00,1786930595.469102,runtime,full,4,NVIDIA H100 80GB HBM3,0.0,81559.0,0.0,76.52
2026-08-17T01:36:35.469102+00:00,1786930595.469102,runtime,full,5,NVIDIA H100 80GB HBM3,0.0,81559.0,0.0,72.72
2026-08-17T01:36:35.469102+00:00,1786930595.469102,runtime,full,6,NVIDIA H100 80GB HBM3,0.0,81559.0,0.0,71.16
2026-08-17T01:36:35.469102+00:00,1786930595.469102,runtime,full,7,NVIDIA H100 80GB HBM3,0.0,81559.0,0.0,71.21
2026-08-17T01:36:38.572352+00:00,1786930598.572352,runtime,full,4,NVIDIA H100 80GB HBM3,0.0,81559.0,0.0,76.47
2026-08-17T01:36:38.572352+00:00,1786930598.572352,runtime,full,5,NVIDIA H100 80GB HBM3,0.0,81559.0,0.0,72.78
2026-08-17T01:36:38.572352+00:00,1786930598.572352,runtime,full,6,NVIDIA H100 80GB HBM3,0.0,81559.0,0.0,71.14
2026-08-17T01:36:38.572352+00:00,1786930598.572352,runtime,full,7,NVIDIA H100 80GB HBM3,0.0,81559.0,0.0,71.18
2026-08-17T01:36:41.739515+00:00,1786930601.739515,runtime,full,4,NVIDIA H100 80GB HBM3,0.0,81559.0,0.0,76.53
2026-08-17T01:36:41.739515+00:00,1786930601.739515,runtime,full,5,NVIDIA H100 80GB HBM3,0.0,81559.0,0.0,72.75
2026-08-17T01:36:41.739515+00:00,1786930601.739515,runtime,full,6,NVIDIA H100 80GB HBM3,0.0,81559.0,0.0,71.15
2026-08-17T01:36:41.739515+00:00,1786930601.739515,runtime,full,7,NVIDIA H100 80GB HBM3,0.0,81559.0,0.0,71.17
2026-08-17T01:36:44.505873+00:00,1786930604.505873,runtime,full,4,NVIDIA H100 80GB HBM3,4.0,81559.0,0.0,76.46
2026-08-17T01:36:44.505873+00:00,1786930604.505873,runtime,full,5,NVIDIA H100 80GB HBM3,4.0,81559.0,0.0,72.77
2026-08-17T01:36:44.505873+00:00,1786930604.505873,runtime,full,6,NVIDIA H100 80GB HBM3,4.0,81559.0,0.0,71.13
2026-08-17T01:36:44.505873+00:00,1786930604.505873,runtime,full,7,NVIDIA H100 80GB HBM3,4.0,81559.0,0.0,71.22
2026-08-17T01:36:48.224520+00:00,1786930608.22452,runtime,full,4,NVIDIA H100 80GB HBM3,4.0,81559.0,0.0,76.49
2026-08-17T01:36:48.224520+00:00,1786930608.22452,runtime,full,5,NVIDIA H100 80GB HBM3,4.0,81559.0,0.0,72.77
2026-08-17T01:36:48.224520+00:00,1786930608.22452,runtime,full,6,NVIDIA H100 80GB HBM3,4.0,81559.0,0.0,71.16
2026-08-17T01:36:48.224520+00:00,1786930608.22452,runtime,full,7,NVIDIA H100 80GB HBM3,4.0,81559.0,0.0,71.22
2026-08-17T01:36:51.141678+00:00,1786930611.141678,runtime,full,4,NVIDIA H100 80GB HBM3,4.0,81559.0,0.0,76.48
2026-08-17T01:36:51.141678+00:00,1786930611.141678,runtime,full,5,NVIDIA H100 80GB HBM3,4.0,81559.0,0.0,72.77
2026-08-17T01:36:51.141678+00:00,1786930611.141678,runtime,full,6,NVIDIA H100 80GB HBM3,4.0,81559.0,0.0,71.16
2026-08-17T01:36:51.141678+00:00,1786930611.141678,runtime,full,7,NVIDIA H100 80GB HBM3,4.0,81559.0,0.0,71.21
2026-08-17T01:36:53.935005+00:00,1786930613.935005,runtime,full,4,NVIDIA H100 80GB HBM3,4.0,81559.0,0.0,76.54
2026-08-17T01:36:53.935005+00:00,1786930613.935005,runtime,full,5,NVIDIA H100 80GB HBM3,4.0,81559.0,0.0,72.77
2026-08-17T01:36:53.935005+00:00,1786930613.935005,runtime,full,6,NVIDIA H100 80GB HBM3,4.0,81559.0,0.0,71.15
2026-08-17T01:36:53.935005+00:00,1786930613.935005,runtime,full,7,NVIDIA H100 80GB HBM3,4.0,81559.0,0.0,71.22
2026-08-17T01:36:56.731511+00:00,1786930616.731511,runtime,full,4,NVIDIA H100 80GB HBM3,4.0,81559.0,0.0,76.47
2026-08-17T01:36:56.731511+00:00,1786930616.731511,runtime,full,5,NVIDIA H100 80GB HBM3,4.0,81559.0,0.0,72.81
2026-08-17T01:36:56.731511+00:00,1786930616.731511,runtime,full,6,NVIDIA H100 80GB HBM3,4.0,81559.0,0.0,71.13
2026-08-17T01:36:56.731511+00:00,1786930616.731511,runtime,full,7,NVIDIA H100 80GB HBM3,4.0,81559.0,0.0,71.21
2026-08-17T01:37:01.177032+00:00,1786930621.177032,runtime,full,4,NVIDIA H100 80GB HBM3,4.0,81559.0,0.0,76.46
2026-08-17T01:37:01.177032+00:00,1786930621.177032,runtime,full,5,NVIDIA H100 80GB HBM3,4.0,81559.0,0.0,72.8
2026-08-17T01:37:01.177032+00:00,1786930621.177032,runtime,full,6,NVIDIA H100 80GB HBM3,4.0,81559.0,0.0,71.17
2026-08-17T01:37:01.177032+00:00,1786930621.177032,runtime,full,7,NVIDIA H100 80GB HBM3,4.0,81559.0,0.0,71.23
2026-08-17T01:37:03.842733+00:00,1786930623.842733,runtime,full,4,NVIDIA H100 80GB HBM3,4.0,81559.0,0.0,76.48
2026-08-17T01:37:03.842733+00:00,1786930623.842733,runtime,full,5,NVIDIA H100 80GB HBM3,4.0,81559.0,0.0,72.81
2026-08-17T01:37:03.842733+00:00,1786930623.842733,runtime,full,6,NVIDIA H100 80GB HBM3,4.0,81559.0,0.0,71.15
2026-08-17T01:37:03.842733+00:00,1786930623.842733,runtime,full,7,NVIDIA H100 80GB HBM3,4.0,81559.0,0.0,71.21
2026-08-17T01:37:06.462291+00:00,1786930626.462291,runtime,full,4,NVIDIA H100 80GB HBM3,4.0,81559.0,0.0,76.51
2026-08-17T01:37:06.462291+00:00,1786930626.462291,runtime,full,5,NVIDIA H100 80GB HBM3,4.0,81559.0,0.0,72.74
2026-08-17T01:37:06.462291+00:00,1786930626.462291,runtime,full,6,NVIDIA H100 80GB HBM3,4.0,81559.0,0.0,71.17
2026-08-17T01:37:06.462291+00:00,1786930626.462291,runtime,full,7,NVIDIA H100 80GB HBM3,4.0,81559.0,0.0,71.22
2026-08-17T01:37:08.991013+00:00,1786930628.991013,runtime,full,4,NVIDIA H100 80GB HBM3,26.0,81559.0,0.0,118.78
2026-08-17T01:37:08.991013+00:00,1786930628.991013,runtime,full,5,NVIDIA H100 80GB HBM3,36.0,81559.0,0.0,123.27
2026-08-17T01:37:08.991013+00:00,1786930628.991013,runtime,full,6,NVIDIA H100 80GB HBM3,530.0,81559.0,0.0,121.84
2026-08-17T01:37:08.991013+00:00,1786930628.991013,runtime,full,7,NVIDIA H100 80GB HBM3,530.0,81559.0,1.0,120.98
2026-08-17T01:37:11.926817+00:00,1786930631.926817,runtime,full,4,NVIDIA H100 80GB HBM3,730.0,81559.0,0.0,127.56
2026-08-17T01:37:11.926817+00:00,1786930631.926817,runtime,full,5,NVIDIA H100 80GB HBM3,730.0,81559.0,0.0,121.62
2026-08-17T01:37:11.926817+00:00,1786930631.926817,runtime,full,6,NVIDIA H100 80GB HBM3,730.0,81559.0,0.0,118.88
2026-08-17T01:37:11.926817+00:00,1786930631.926817,runtime,full,7,NVIDIA H100 80GB HBM3,730.0,81559.0,0.0,120.06
2026-08-17T01:37:14.991382+00:00,1786930634.991382,runtime,full,4,NVIDIA H100 80GB HBM3,1772.0,81559.0,0.0,127.54
2026-08-17T01:37:14.991382+00:00,1786930634.991382,runtime,full,5,NVIDIA H100 80GB HBM3,1820.0,81559.0,0.0,122.01
2026-08-17T01:37:14.991382+00:00,1786930634.991382,runtime,full,6,NVIDIA H100 80GB HBM3,1852.0,81559.0,32.0,119.6
2026-08-17T01:37:14.991382+00:00,1786930634.991382,runtime,full,7,NVIDIA H100 80GB HBM3,1612.0,81559.0,0.0,120.76
2026-08-17T01:37:17.658545+00:00,1786930637.658545,runtime,full,4,NVIDIA H100 80GB HBM3,21336.0,81559.0,0.0,127.75
2026-08-17T01:37:17.658545+00:00,1786930637.658545,runtime,full,5,NVIDIA H100 80GB HBM3,21744.0,81559.0,0.0,122.11
2026-08-17T01:37:17.658545+00:00,1786930637.658545,runtime,full,6,NVIDIA H100 80GB HBM3,21708.0,81559.0,0.0,119.33
2026-08-17T01:37:17.658545+00:00,1786930637.658545,runtime,full,7,NVIDIA H100 80GB HBM3,22340.0,81559.0,0.0,120.29
2026-08-17T01:37:20.434973+00:00,1786930640.434973,runtime,full,4,NVIDIA H100 80GB HBM3,41342.0,81559.0,0.0,127.76
2026-08-17T01:37:20.434973+00:00,1786930640.434973,runtime,full,5,NVIDIA H100 80GB HBM3,41390.0,81559.0,0.0,122.19
2026-08-17T01:37:20.434973+00:00,1786930640.434973,runtime,full,6,NVIDIA H100 80GB HBM3,41390.0,81559.0,0.0,119.25
2026-08-17T01:37:20.434973+00:00,1786930640.434973,runtime,full,7,NVIDIA H100 80GB HBM3,41150.0,81559.0,0.0,120.51
2026-08-17T01:37:23.065538+00:00,1786930643.065538,runtime,full,4,NVIDIA H100 80GB HBM3,41342.0,81559.0,0.0,128.09
2026-08-17T01:37:23.065538+00:00,1786930643.065538,runtime,full,5,NVIDIA H100 80GB HBM3,41390.0,81559.0,0.0,122.31
2026-08-17T01:37:23.065538+00:00,1786930643.065538,runtime,full,6,NVIDIA H100 80GB HBM3,41390.0,81559.0,0.0,119.27
2026-08-17T01:37:23.065538+00:00,1786930643.065538,runtime,full,7,NVIDIA H100 80GB HBM3,41150.0,81559.0,0.0,120.44
2026-08-17T01:37:25.924557+00:00,1786930645.924557,runtime,full,4,NVIDIA H100 80GB HBM3,41342.0,81559.0,0.0,127.87
2026-08-17T01:37:25.924557+00:00,1786930645.924557,runtime,full,5,NVIDIA H100 80GB HBM3,41390.0,81559.0,0.0,122.38
2026-08-17T01:37:25.924557+00:00,1786930645.924557,runtime,full,6,NVIDIA H100 80GB HBM3,41390.0,81559.0,0.0,119.33
2026-08-17T01:37:25.924557+00:00,1786930645.924557,runtime,full,7,NVIDIA H100 80GB HBM3,41150.0,81559.0,0.0,120.55
2026-08-17T01:37:28.661799+00:00,1786930648.661799,runtime,full,4,NVIDIA H100 80GB HBM3,41342.0,81559.0,0.0,127.96
2026-08-17T01:37:28.661799+00:00,1786930648.661799,runtime,full,5,NVIDIA H100 80GB HBM3,41390.0,81559.0,0.0,122.25
2026-08-17T01:37:28.661799+00:00,1786930648.661799,runtime,full,6,NVIDIA H100 80GB HBM3,41390.0,81559.0,0.0,119.38
2026-08-17T01:37:28.661799+00:00,1786930648.661799,runtime,full,7,NVIDIA H100 80GB HBM3,41150.0,81559.0,0.0,119.96
2026-08-17T01:37:31.411018+00:00,1786930651.411018,runtime,full,4,NVIDIA H100 80GB HBM3,41342.0,81559.0,0.0,128.24
2026-08-17T01:37:31.411018+00:00,1786930651.411018,runtime,full,5,NVIDIA H100 80GB HBM3,41390.0,81559.0,0.0,122.54
2026-08-17T01:37:31.411018+00:00,1786930651.411018,runtime,full,6,NVIDIA H100 80GB HBM3,41390.0,81559.0,0.0,119.42
2026-08-17T01:37:31.411018+00:00,1786930651.411018,runtime,full,7,NVIDIA H100 80GB HBM3,41150.0,81559.0,0.0,120.14
2026-08-17T01:37:33.895834+00:00,1786930653.895834,runtime,full,4,NVIDIA H100 80GB HBM3,41342.0,81559.0,0.0,128.31
2026-08-17T01:37:33.895834+00:00,1786930653.895834,runtime,full,5,NVIDIA H100 80GB HBM3,41390.0,81559.0,0.0,122.69
2026-08-17T01:37:33.895834+00:00,1786930653.895834,runtime,full,6,NVIDIA H100 80GB HBM3,41390.0,81559.0,0.0,119.41
2026-08-17T01:37:33.895834+00:00,1786930653.895834,runtime,full,7,NVIDIA H100 80GB HBM3,41150.0,81559.0,0.0,119.84
2026-08-17T01:37:36.525045+00:00,1786930656.525045,runtime,full,4,NVIDIA H100 80GB HBM3,41342.0,81559.0,0.0,128.58
2026-08-17T01:37:36.525045+00:00,1786930656.525045,runtime,full,5,NVIDIA H100 80GB HBM3,41390.0,81559.0,0.0,122.66
2026-08-17T01:37:36.525045+00:00,1786930656.525045,runtime,full,6,NVIDIA H100 80GB HBM3,41390.0,81559.0,0.0,119.52
2026-08-17T01:37:36.525045+00:00,1786930656.525045,runtime,full,7,NVIDIA H100 80GB HBM3,41150.0,81559.0,0.0,119.84
2026-08-17T01:37:39.080448+00:00,1786930659.080448,runtime,full,4,NVIDIA H100 80GB HBM3,41342.0,81559.0,0.0,128.39
2026-08-17T01:37:39.080448+00:00,1786930659.080448,runtime,full,5,NVIDIA H100 80GB HBM3,41390.0,81559.0,0.0,122.75
2026-08-17T01:37:39.080448+00:00,1786930659.080448,runtime,full,6,NVIDIA H100 80GB HBM3,41390.0,81559.0,0.0,119.49
2026-08-17T01:37:39.080448+00:00,1786930659.080448,runtime,full,7,NVIDIA H100 80GB HBM3,41150.0,81559.0,0.0,119.63
2026-08-17T01:37:41.686775+00:00,1786930661.686775,runtime,full,4,NVIDIA H100 80GB HBM3,41342.0,81559.0,0.0,128.73
2026-08-17T01:37:41.686775+00:00,1786930661.686775,runtime,full,5,NVIDIA H100 80GB HBM3,41390.0,81559.0,1.0,122.82
2026-08-17T01:37:41.686775+00:00,1786930661.686775,runtime,full,6,NVIDIA H100 80GB HBM3,41390.0,81559.0,1.0,119.48
2026-08-17T01:37:41.686775+00:00,1786930661.686775,runtime,full,7,NVIDIA H100 80GB HBM3,41150.0,81559.0,1.0,119.87
2026-08-17T01:37:44.298580+00:00,1786930664.29858,runtime,full,4,NVIDIA H100 80GB HBM3,41342.0,81559.0,0.0,128.89
2026-08-17T01:37:44.298580+00:00,1786930664.29858,runtime,full,5,NVIDIA H100 80GB HBM3,41390.0,81559.0,0.0,122.87
2026-08-17T01:37:44.298580+00:00,1786930664.29858,runtime,full,6,NVIDIA H100 80GB HBM3,41390.0,81559.0,0.0,119.56
2026-08-17T01:37:44.298580+00:00,1786930664.29858,runtime,full,7,NVIDIA H100 80GB HBM3,41150.0,81559.0,0.0,120.02
2026-08-17T01:37:46.930199+00:00,1786930666.930199,runtime,full,4,NVIDIA H100 80GB HBM3,41342.0,81559.0,0.0,132.94
2026-08-17T01:37:46.930199+00:00,1786930666.930199,runtime,full,5,NVIDIA H100 80GB HBM3,41390.0,81559.0,0.0,126.89
2026-08-17T01:37:46.930199+00:00,1786930666.930199,runtime,full,6,NVIDIA H100 80GB HBM3,41390.0,81559.0,0.0,123.82
2026-08-17T01:37:46.930199+00:00,1786930666.930199,runtime,full,7,NVIDIA H100 80GB HBM3,41150.0,81559.0,0.0,124.15
2026-08-17T01:37:50.450339+00:00,1786930670.450339,runtime,full,4,NVIDIA H100 80GB HBM3,41342.0,81559.0,0.0,133.09
2026-08-17T01:37:50.450339+00:00,1786930670.450339,runtime,full,5,NVIDIA H100 80GB HBM3,41390.0,81559.0,0.0,126.86
2026-08-17T01:37:50.450339+00:00,1786930670.450339,runtime,full,6,NVIDIA H100 80GB HBM3,41390.0,81559.0,0.0,123.9
2026-08-17T01:37:50.450339+00:00,1786930670.450339,runtime,full,7,NVIDIA H100 80GB HBM3,41150.0,81559.0,0.0,124.02
2026-08-17T01:37:53.032439+00:00,1786930673.032439,runtime,full,4,NVIDIA H100 80GB HBM3,41342.0,81559.0,0.0,133.21
2026-08-17T01:37:53.032439+00:00,1786930673.032439,runtime,full,5,NVIDIA H100 80GB HBM3,41390.0,81559.0,0.0,127.19
2026-08-17T01:37:53.032439+00:00,1786930673.032439,runtime,full,6,NVIDIA H100 80GB HBM3,41390.0,81559.0,0.0,123.9
2026-08-17T01:37:53.032439+00:00,1786930673.032439,runtime,full,7,NVIDIA H100 80GB HBM3,41150.0,81559.0,0.0,124.01
2026-08-17T01:37:55.639345+00:00,1786930675.639345,runtime,full,4,NVIDIA H100 80GB HBM3,41342.0,81559.0,2.0,131.93
2026-08-17T01:37:55.639345+00:00,1786930675.639345,runtime,full,5,NVIDIA H100 80GB HBM3,41390.0,81559.0,2.0,125.41
2026-08-17T01:37:55.639345+00:00,1786930675.639345,runtime,full,6,NVIDIA H100 80GB HBM3,41390.0,81559.0,1.0,122.6
2026-08-17T01:37:55.639345+00:00,1786930675.639345,runtime,full,7,NVIDIA H100 80GB HBM3,41150.0,81559.0,1.0,124.2
2026-08-17T01:37:58.418893+00:00,1786930678.418893,runtime,full,4,NVIDIA H100 80GB HBM3,41342.0,81559.0,1.0,128.99
2026-08-17T01:37:58.418893+00:00,1786930678.418893,runtime,full,5,NVIDIA H100 80GB HBM3,41390.0,81559.0,1.0,123.27
2026-08-17T01:37:58.418893+00:00,1786930678.418893,runtime,full,6,NVIDIA H100 80GB HBM3,41390.0,81559.0,1.0,119.64
2026-08-17T01:37:58.418893+00:00,1786930678.418893,runtime,full,7,NVIDIA H100 80GB HBM3,41150.0,81559.0,1.0,120.13
2026-08-17T01:38:00.913020+00:00,1786930680.91302,runtime,full,4,NVIDIA H100 80GB HBM3,41342.0,81559.0,1.0,129.11
2026-08-17T01:38:00.913020+00:00,1786930680.91302,runtime,full,5,NVIDIA H100 80GB HBM3,41390.0,81559.0,1.0,122.95
2026-08-17T01:38:00.913020+00:00,1786930680.91302,runtime,full,6,NVIDIA H100 80GB HBM3,41390.0,81559.0,1.0,119.65
2026-08-17T01:38:00.913020+00:00,1786930680.91302,runtime,full,7,NVIDIA H100 80GB HBM3,41150.0,81559.0,1.0,120.03
2026-08-17T01:38:03.471158+00:00,1786930683.471158,runtime,full,4,NVIDIA H100 80GB HBM3,41342.0,81559.0,1.0,129.13
2026-08-17T01:38:03.471158+00:00,1786930683.471158,runtime,full,5,NVIDIA H100 80GB HBM3,41390.0,81559.0,1.0,123.22
2026-08-17T01:38:03.471158+00:00,1786930683.471158,runtime,full,6,NVIDIA H100 80GB HBM3,41390.0,81559.0,1.0,119.74
2026-08-17T01:38:03.471158+00:00,1786930683.471158,runtime,full,7,NVIDIA H100 80GB HBM3,41150.0,81559.0,1.0,120.22
2026-08-17T01:38:06.101948+00:00,1786930686.101948,runtime,full,4,NVIDIA H100 80GB HBM3,41342.0,81559.0,2.0,129.21
2026-08-17T01:38:06.101948+00:00,1786930686.101948,runtime,full,5,NVIDIA H100 80GB HBM3,41390.0,81559.0,2.0,123.31
2026-08-17T01:38:06.101948+00:00,1786930686.101948,runtime,full,6,NVIDIA H100 80GB HBM3,41390.0,81559.0,1.0,119.7
2026-08-17T01:38:06.101948+00:00,1786930686.101948,runtime,full,7,NVIDIA H100 80GB HBM3,41150.0,81559.0,1.0,120.1
2026-08-17T01:38:08.769535+00:00,1786930688.769535,runtime,full,4,NVIDIA H100 80GB HBM3,41342.0,81559.0,1.0,129.26
2026-08-17T01:38:08.769535+00:00,1786930688.769535,runtime,full,5,NVIDIA H100 80GB HBM3,41390.0,81559.0,1.0,123.24
2026-08-17T01:38:08.769535+00:00,1786930688.769535,runtime,full,6,NVIDIA H100 80GB HBM3,41390.0,81559.0,1.0,119.72
2026-08-17T01:38:08.769535+00:00,1786930688.769535,runtime,full,7,NVIDIA H100 80GB HBM3,41150.0,81559.0,1.0,120.32
2026-08-17T01:38:11.359888+00:00,1786930691.359888,runtime,full,4,NVIDIA H100 80GB HBM3,41342.0,81559.0,1.0,129.31
2026-08-17T01:38:11.359888+00:00,1786930691.359888,runtime,full,5,NVIDIA H100 80GB HBM3,41390.0,81559.0,1.0,123.17
2026-08-17T01:38:11.359888+00:00,1786930691.359888,runtime,full,6,NVIDIA H100 80GB HBM3,41390.0,81559.0,1.0,119.74
2026-08-17T01:38:11.359888+00:00,1786930691.359888,runtime,full,7,NVIDIA H100 80GB HBM3,41150.0,81559.0,1.0,119.95
2026-08-17T01:38:14.074798+00:00,1786930694.074798,runtime,full,4,NVIDIA H100 80GB HBM3,41342.0,81559.0,2.0,129.41
2026-08-17T01:38:14.074798+00:00,1786930694.074798,runtime,full,5,NVIDIA H100 80GB HBM3,41390.0,81559.0,2.0,123.21
2026-08-17T01:38:14.074798+00:00,1786930694.074798,runtime,full,6,NVIDIA H100 80GB HBM3,41390.0,81559.0,2.0,119.79
2026-08-17T01:38:14.074798+00:00,1786930694.074798,runtime,full,7,NVIDIA H100 80GB HBM3,41150.0,81559.0,2.0,120.09
2026-08-17T01:38:16.997567+00:00,1786930696.997567,runtime,full,4,NVIDIA H100 80GB HBM3,41342.0,81559.0,1.0,129.45
2026-08-17T01:38:16.997567+00:00,1786930696.997567,runtime,full,5,NVIDIA H100 80GB HBM3,41390.0,81559.0,1.0,123.25
2026-08-17T01:38:16.997567+00:00,1786930696.997567,runtime,full,6,NVIDIA H100 80GB HBM3,41390.0,81559.0,2.0,119.81
2026-08-17T01:38:16.997567+00:00,1786930696.997567,runtime,full,7,NVIDIA H100 80GB HBM3,41150.0,81559.0,1.0,120.21
2026-08-17T01:38:19.859101+00:00,1786930699.859101,runtime,full,4,NVIDIA H100 80GB HBM3,41342.0,81559.0,2.0,129.52
2026-08-17T01:38:19.859101+00:00,1786930699.859101,runtime,full,5,NVIDIA H100 80GB HBM3,41390.0,81559.0,2.0,123.19
2026-08-17T01:38:19.859101+00:00,1786930699.859101,runtime,full,6,NVIDIA H100 80GB HBM3,41390.0,81559.0,1.0,119.8
2026-08-17T01:38:19.859101+00:00,1786930699.859101,runtime,full,7,NVIDIA H100 80GB HBM3,41150.0,81559.0,2.0,120.02
2026-08-17T01:38:22.401908+00:00,1786930702.401908,runtime,full,4,NVIDIA H100 80GB HBM3,41342.0,81559.0,2.0,129.59
2026-08-17T01:38:22.401908+00:00,1786930702.401908,runtime,full,5,NVIDIA H100 80GB HBM3,41390.0,81559.0,2.0,123.48
2026-08-17T01:38:22.401908+00:00,1786930702.401908,runtime,full,6,NVIDIA H100 80GB HBM3,41390.0,81559.0,1.0,119.8
2026-08-17T01:38:22.401908+00:00,1786930702.401908,runtime,full,7,NVIDIA H100 80GB HBM3,41150.0,81559.0,4.0,120.02
2026-08-17T01:38:25.122247+00:00,1786930705.122247,runtime,full,4,NVIDIA H100 80GB HBM3,41342.0,81559.0,1.0,129.66
2026-08-17T01:38:25.122247+00:00,1786930705.122247,runtime,full,5,NVIDIA H100 80GB HBM3,41390.0,81559.0,1.0,123.43
2026-08-17T01:38:25.122247+00:00,1786930705.122247,runtime,full,6,NVIDIA H100 80GB HBM3,41390.0,81559.0,1.0,119.82
2026-08-17T01:38:25.122247+00:00,1786930705.122247,runtime,full,7,NVIDIA H100 80GB HBM3,41150.0,81559.0,1.0,120.21
2026-08-17T01:38:27.861234+00:00,1786930707.861234,runtime,full,4,NVIDIA H100 80GB HBM3,41342.0,81559.0,1.0,129.68
2026-08-17T01:38:27.861234+00:00,1786930707.861234,runtime,full,5,NVIDIA H100 80GB HBM3,41390.0,81559.0,1.0,123.57
2026-08-17T01:38:27.861234+00:00,1786930707.861234,runtime,full,6,NVIDIA H100 80GB HBM3,41390.0,81559.0,1.0,119.86
2026-08-17T01:38:27.861234+00:00,1786930707.861234,runtime,full,7,NVIDIA H100 80GB HBM3,41150.0,81559.0,1.0,120.09
2026-08-17T01:38:30.535923+00:00,1786930710.535923,runtime,full,4,NVIDIA H100 80GB HBM3,41342.0,81559.0,2.0,129.79
2026-08-17T01:38:30.535923+00:00,1786930710.535923,runtime,full,5,NVIDIA H100 80GB HBM3,41390.0,81559.0,2.0,123.31
2026-08-17T01:38:30.535923+00:00,1786930710.535923,runtime,full,6,NVIDIA H100 80GB HBM3,41390.0,81559.0,2.0,119.86
2026-08-17T01:38:30.535923+00:00,1786930710.535923,runtime,full,7,NVIDIA H100 80GB HBM3,41150.0,81559.0,2.0,120.07
2026-08-17T01:38:33.161801+00:00,1786930713.161801,runtime,full,4,NVIDIA H100 80GB HBM3,41342.0,81559.0,1.0,129.76
2026-08-17T01:38:33.161801+00:00,1786930713.161801,runtime,full,5,NVIDIA H100 80GB HBM3,41390.0,81559.0,1.0,123.7
2026-08-17T01:38:33.161801+00:00,1786930713.161801,runtime,full,6,NVIDIA H100 80GB HBM3,41390.0,81559.0,1.0,119.91
2026-08-17T01:38:33.161801+00:00,1786930713.161801,runtime,full,7,NVIDIA H100 80GB HBM3,41150.0,81559.0,1.0,120.12
2026-08-17T01:38:35.752390+00:00,1786930715.75239,runtime,full,4,NVIDIA H100 80GB HBM3,41342.0,81559.0,2.0,129.9
2026-08-17T01:38:35.752390+00:00,1786930715.75239,runtime,full,5,NVIDIA H100 80GB HBM3,41390.0,81559.0,1.0,123.61
2026-08-17T01:38:35.752390+00:00,1786930715.75239,runtime,full,6,NVIDIA H100 80GB HBM3,41390.0,81559.0,2.0,119.89
2026-08-17T01:38:35.752390+00:00,1786930715.75239,runtime,full,7,NVIDIA H100 80GB HBM3,41150.0,81559.0,1.0,120.11
2026-08-17T01:38:38.393363+00:00,1786930718.393363,runtime,full,4,NVIDIA H100 80GB HBM3,41342.0,81559.0,1.0,129.88
2026-08-17T01:38:38.393363+00:00,1786930718.393363,runtime,full,5,NVIDIA H100 80GB HBM3,41390.0,81559.0,1.0,123.6
2026-08-17T01:38:38.393363+00:00,1786930718.393363,runtime,full,6,NVIDIA H100 80GB HBM3,41390.0,81559.0,2.0,119.92
2026-08-17T01:38:38.393363+00:00,1786930718.393363,runtime,full,7,NVIDIA H100 80GB HBM3,41150.0,81559.0,2.0,120.32
2026-08-17T01:38:40.834028+00:00,1786930720.834028,runtime,full,4,NVIDIA H100 80GB HBM3,41342.0,81559.0,2.0,129.92
2026-08-17T01:38:40.834028+00:00,1786930720.834028,runtime,full,5,NVIDIA H100 80GB HBM3,41390.0,81559.0,2.0,123.62
2026-08-17T01:38:40.834028+00:00,1786930720.834028,runtime,full,6,NVIDIA H100 80GB HBM3,41390.0,81559.0,2.0,119.93
2026-08-17T01:38:40.834028+00:00,1786930720.834028,runtime,full,7,NVIDIA H100 80GB HBM3,41150.0,81559.0,2.0,120.79
2026-08-17T01:38:43.407817+00:00,1786930723.407817,runtime,full,4,NVIDIA H100 80GB HBM3,41342.0,81559.0,1.0,130.0
2026-08-17T01:38:43.407817+00:00,1786930723.407817,runtime,full,5,NVIDIA H100 80GB HBM3,41390.0,81559.0,1.0,123.44
2026-08-17T01:38:43.407817+00:00,1786930723.407817,runtime,full,6,NVIDIA H100 80GB HBM3,41390.0,81559.0,1.0,119.93
2026-08-17T01:38:43.407817+00:00,1786930723.407817,runtime,full,7,NVIDIA H100 80GB HBM3,41150.0,81559.0,2.0,120.63
2026-08-17T01:38:45.930052+00:00,1786930725.930052,runtime,full,4,NVIDIA H100 80GB HBM3,41342.0,81559.0,1.0,130.04
2026-08-17T01:38:45.930052+00:00,1786930725.930052,runtime,full,5,NVIDIA H100 80GB HBM3,41390.0,81559.0,1.0,123.57
2026-08-17T01:38:45.930052+00:00,1786930725.930052,runtime,full,6,NVIDIA H100 80GB HBM3,41390.0,81559.0,1.0,119.96
2026-08-17T01:38:45.930052+00:00,1786930725.930052,runtime,full,7,NVIDIA H100 80GB HBM3,41150.0,81559.0,4.0,120.21
2026-08-17T01:38:48.760645+00:00,1786930728.760645,runtime,full,4,NVIDIA H100 80GB HBM3,41342.0,81559.0,2.0,130.11
2026-08-17T01:38:48.760645+00:00,1786930728.760645,runtime,full,5,NVIDIA H100 80GB HBM3,41390.0,81559.0,2.0,123.7
2026-08-17T01:38:48.760645+00:00,1786930728.760645,runtime,full,6,NVIDIA H100 80GB HBM3,41390.0,81559.0,2.0,119.96
2026-08-17T01:38:48.760645+00:00,1786930728.760645,runtime,full,7,NVIDIA H100 80GB HBM3,41150.0,81559.0,2.0,120.56
2026-08-17T01:38:51.526548+00:00,1786930731.526548,runtime,full,4,NVIDIA H100 80GB HBM3,41342.0,81559.0,2.0,130.14
2026-08-17T01:38:51.526548+00:00,1786930731.526548,runtime,full,5,NVIDIA H100 80GB HBM3,41390.0,81559.0,2.0,123.52
2026-08-17T01:38:51.526548+00:00,1786930731.526548,runtime,full,6,NVIDIA H100 80GB HBM3,41390.0,81559.0,2.0,119.97
2026-08-17T01:38:51.526548+00:00,1786930731.526548,runtime,full,7,NVIDIA H100 80GB HBM3,41150.0,81559.0,2.0,120.31
2026-08-17T01:38:54.011092+00:00,1786930734.011092,runtime,full,4,NVIDIA H100 80GB HBM3,41342.0,81559.0,2.0,130.32
2026-08-17T01:38:54.011092+00:00,1786930734.011092,runtime,full,5,NVIDIA H100 80GB HBM3,41390.0,81559.0,3.0,123.72
2026-08-17T01:38:54.011092+00:00,1786930734.011092,runtime,full,6,NVIDIA H100 80GB HBM3,41390.0,81559.0,3.0,119.98
2026-08-17T01:38:54.011092+00:00,1786930734.011092,runtime,full,7,NVIDIA H100 80GB HBM3,41150.0,81559.0,3.0,120.35
2026-08-17T01:38:56.400783+00:00,1786930736.400783,runtime,full,4,NVIDIA H100 80GB HBM3,41342.0,81559.0,2.0,130.26
2026-08-17T01:38:56.400783+00:00,1786930736.400783,runtime,full,5,NVIDIA H100 80GB HBM3,41390.0,81559.0,2.0,123.87
2026-08-17T01:38:56.400783+00:00,1786930736.400783,runtime,full,6,NVIDIA H100 80GB HBM3,41390.0,81559.0,2.0,120.02
2026-08-17T01:38:56.400783+00:00,1786930736.400783,runtime,full,7,NVIDIA H100 80GB HBM3,41150.0,81559.0,2.0,120.38
2026-08-17T01:38:59.110582+00:00,1786930739.110582,runtime,full,4,NVIDIA H100 80GB HBM3,41342.0,81559.0,2.0,130.2
2026-08-17T01:38:59.110582+00:00,1786930739.110582,runtime,full,5,NVIDIA H100 80GB HBM3,41390.0,81559.0,2.0,123.64
2026-08-17T01:38:59.110582+00:00,1786930739.110582,runtime,full,6,NVIDIA H100 80GB HBM3,41390.0,81559.0,1.0,119.97
2026-08-17T01:38:59.110582+00:00,1786930739.110582,runtime,full,7,NVIDIA H100 80GB HBM3,41150.0,81559.0,2.0,120.39
2026-08-17T01:39:01.725287+00:00,1786930741.725287,runtime,full,4,NVIDIA H100 80GB HBM3,41342.0,81559.0,1.0,130.41
2026-08-17T01:39:01.725287+00:00,1786930741.725287,runtime,full,5,NVIDIA H100 80GB HBM3,41390.0,81559.0,5.0,123.76
2026-08-17T01:39:01.725287+00:00,1786930741.725287,runtime,full,6,NVIDIA H100 80GB HBM3,41390.0,81559.0,0.0,120.06
2026-08-17T01:39:01.725287+00:00,1786930741.725287,runtime,full,7,NVIDIA H100 80GB HBM3,41150.0,81559.0,5.0,120.32
2026-08-17T01:39:04.298723+00:00,1786930744.298723,runtime,full,4,NVIDIA H100 80GB HBM3,41342.0,81559.0,3.0,130.32
2026-08-17T01:39:04.298723+00:00,1786930744.298723,runtime,full,5,NVIDIA H100 80GB HBM3,41390.0,81559.0,2.0,123.91
2026-08-17T01:39:04.298723+00:00,1786930744.298723,runtime,full,6,NVIDIA H100 80GB HBM3,41390.0,81559.0,2.0,119.99
2026-08-17T01:39:04.298723+00:00,1786930744.298723,runtime,full,7,NVIDIA H100 80GB HBM3,41150.0,81559.0,3.0,120.4
2026-08-17T01:39:06.787313+00:00,1786930746.787313,runtime,full,4,NVIDIA H100 80GB HBM3,41342.0,81559.0,6.0,130.38
2026-08-17T01:39:06.787313+00:00,1786930746.787313,runtime,full,5,NVIDIA H100 80GB HBM3,41390.0,81559.0,3.0,123.9
2026-08-17T01:39:06.787313+00:00,1786930746.787313,runtime,full,6,NVIDIA H100 80GB HBM3,41390.0,81559.0,4.0,120.04
2026-08-17T01:39:06.787313+00:00,1786930746.787313,runtime,full,7,NVIDIA H100 80GB HBM3,41150.0,81559.0,4.0,120.54
2026-08-17T01:39:09.246540+00:00,1786930749.24654,runtime,full,4,NVIDIA H100 80GB HBM3,41342.0,81559.0,3.0,130.42
2026-08-17T01:39:09.246540+00:00,1786930749.24654,runtime,full,5,NVIDIA H100 80GB HBM3,41390.0,81559.0,2.0,123.84
2026-08-17T01:39:09.246540+00:00,1786930749.24654,runtime,full,6,NVIDIA H100 80GB HBM3,41390.0,81559.0,2.0,120.07
2026-08-17T01:39:09.246540+00:00,1786930749.24654,runtime,full,7,NVIDIA H100 80GB HBM3,41150.0,81559.0,2.0,120.28
2026-08-17T01:39:11.657603+00:00,1786930751.657603,runtime,full,4,NVIDIA H100 80GB HBM3,41342.0,81559.0,1.0,130.45
2026-08-17T01:39:11.657603+00:00,1786930751.657603,runtime,full,5,NVIDIA H100 80GB HBM3,41390.0,81559.0,1.0,123.76
2026-08-17T01:39:11.657603+00:00,1786930751.657603,runtime,full,6,NVIDIA H100 80GB HBM3,41390.0,81559.0,1.0,120.02
2026-08-17T01:39:11.657603+00:00,1786930751.657603,runtime,full,7,NVIDIA H100 80GB HBM3,41150.0,81559.0,1.0,120.38
2026-08-17T01:39:14.269278+00:00,1786930754.269278,runtime,full,4,NVIDIA H100 80GB HBM3,41342.0,81559.0,1.0,130.54
2026-08-17T01:39:14.269278+00:00,1786930754.269278,runtime,full,5,NVIDIA H100 80GB HBM3,41390.0,81559.0,1.0,123.98
2026-08-17T01:39:14.269278+00:00,1786930754.269278,runtime,full,6,NVIDIA H100 80GB HBM3,41390.0,81559.0,1.0,120.06
2026-08-17T01:39:14.269278+00:00,1786930754.269278,runtime,full,7,NVIDIA H100 80GB HBM3,41150.0,81559.0,1.0,120.31
2026-08-17T01:39:16.869291+00:00,1786930756.869291,runtime,full,4,NVIDIA H100 80GB HBM3,41342.0,81559.0,1.0,130.44
2026-08-17T01:39:16.869291+00:00,1786930756.869291,runtime,full,5,NVIDIA H100 80GB HBM3,41390.0,81559.0,2.0,123.82
2026-08-17T01:39:16.869291+00:00,1786930756.869291,runtime,full,6,NVIDIA H100 80GB HBM3,41390.0,81559.0,1.0,120.05
2026-08-17T01:39:16.869291+00:00,1786930756.869291,runtime,full,7,NVIDIA H100 80GB HBM3,41150.0,81559.0,1.0,120.29
2026-08-17T01:39:19.402320+00:00,1786930759.40232,runtime,full,4,NVIDIA H100 80GB HBM3,41342.0,81559.0,2.0,130.61
2026-08-17T01:39:19.402320+00:00,1786930759.40232,runtime,full,5,NVIDIA H100 80GB HBM3,41390.0,81559.0,2.0,123.88
2026-08-17T01:39:19.402320+00:00,1786930759.40232,runtime,full,6,NVIDIA H100 80GB HBM3,41390.0,81559.0,2.0,120.04
2026-08-17T01:39:19.402320+00:00,1786930759.40232,runtime,full,7,NVIDIA H100 80GB HBM3,41150.0,81559.0,3.0,120.42
2026-08-17T01:39:21.883115+00:00,1786930761.883115,runtime,full,4,NVIDIA H100 80GB HBM3,41342.0,81559.0,3.0,130.59
2026-08-17T01:39:21.883115+00:00,1786930761.883115,runtime,full,5,NVIDIA H100 80GB HBM3,41390.0,81559.0,3.0,123.85
2026-08-17T01:39:21.883115+00:00,1786930761.883115,runtime,full,6,NVIDIA H100 80GB HBM3,41390.0,81559.0,3.0,120.14
2026-08-17T01:39:21.883115+00:00,1786930761.883115,runtime,full,7,NVIDIA H100 80GB HBM3,41150.0,81559.0,3.0,120.86
2026-08-17T01:39:24.483445+00:00,1786930764.483445,runtime,full,4,NVIDIA H100 80GB HBM3,41342.0,81559.0,3.0,130.63
2026-08-17T01:39:24.483445+00:00,1786930764.483445,runtime,full,5,NVIDIA H100 80GB HBM3,41390.0,81559.0,3.0,123.93
2026-08-17T01:39:24.483445+00:00,1786930764.483445,runtime,full,6,NVIDIA H100 80GB HBM3,41390.0,81559.0,3.0,120.12
2026-08-17T01:39:24.483445+00:00,1786930764.483445,runtime,full,7,NVIDIA H100 80GB HBM3,41150.0,81559.0,3.0,120.58
2026-08-17T01:39:27.028405+00:00,1786930767.028405,runtime,full,4,NVIDIA H100 80GB HBM3,41342.0,81559.0,1.0,130.65
2026-08-17T01:39:27.028405+00:00,1786930767.028405,runtime,full,5,NVIDIA H100 80GB HBM3,41390.0,81559.0,1.0,123.9
2026-08-17T01:39:27.028405+00:00,1786930767.028405,runtime,full,6,NVIDIA H100 80GB HBM3,41390.0,81559.0,1.0,120.03
2026-08-17T01:39:27.028405+00:00,1786930767.028405,runtime,full,7,NVIDIA H100 80GB HBM3,41150.0,81559.0,1.0,120.56
2026-08-17T01:39:29.473843+00:00,1786930769.473843,runtime,full,4,NVIDIA H100 80GB HBM3,41342.0,81559.0,2.0,130.67
2026-08-17T01:39:29.473843+00:00,1786930769.473843,runtime,full,5,NVIDIA H100 80GB HBM3,41390.0,81559.0,2.0,123.95
2026-08-17T01:39:29.473843+00:00,1786930769.473843,runtime,full,6,NVIDIA H100 80GB HBM3,41390.0,81559.0,2.0,120.13
2026-08-17T01:39:29.473843+00:00,1786930769.473843,runtime,full,7,NVIDIA H100 80GB HBM3,41150.0,81559.0,2.0,120.41
2026-08-17T01:39:32.014863+00:00,1786930772.014863,runtime,full,4,NVIDIA H100 80GB HBM3,41342.0,81559.0,3.0,130.7
2026-08-17T01:39:32.014863+00:00,1786930772.014863,runtime,full,5,NVIDIA H100 80GB HBM3,41390.0,81559.0,2.0,124.0
2026-08-17T01:39:32.014863+00:00,1786930772.014863,runtime,full,6,NVIDIA H100 80GB HBM3,41390.0,81559.0,2.0,120.12
2026-08-17T01:39:32.014863+00:00,1786930772.014863,runtime,full,7,NVIDIA H100 80GB HBM3,41150.0,81559.0,2.0,120.34
2026-08-17T01:39:34.480750+00:00,1786930774.48075,runtime,full,4,NVIDIA H100 80GB HBM3,41342.0,81559.0,2.0,130.72
2026-08-17T01:39:34.480750+00:00,1786930774.48075,runtime,full,5,NVIDIA H100 80GB HBM3,41390.0,81559.0,3.0,124.02
2026-08-17T01:39:34.480750+00:00,1786930774.48075,runtime,full,6,NVIDIA H100 80GB HBM3,41390.0,81559.0,3.0,120.08
2026-08-17T01:39:34.480750+00:00,1786930774.48075,runtime,full,7,NVIDIA H100 80GB HBM3,41150.0,81559.0,3.0,120.35
2026-08-17T01:39:37.100077+00:00,1786930777.100077,runtime,full,4,NVIDIA H100 80GB HBM3,41342.0,81559.0,2.0,130.93
2026-08-17T01:39:37.100077+00:00,1786930777.100077,runtime,full,5,NVIDIA H100 80GB HBM3,41390.0,81559.0,1.0,124.28
2026-08-17T01:39:37.100077+00:00,1786930777.100077,runtime,full,6,NVIDIA H100 80GB HBM3,41390.0,81559.0,1.0,120.29
2026-08-17T01:39:37.100077+00:00,1786930777.100077,runtime,full,7,NVIDIA H100 80GB HBM3,41150.0,81559.0,1.0,120.45
2026-08-17T01:39:39.783125+00:00,1786930779.783125,runtime,full,4,NVIDIA H100 80GB HBM3,41342.0,81559.0,2.0,130.98
2026-08-17T01:39:39.783125+00:00,1786930779.783125,runtime,full,5,NVIDIA H100 80GB HBM3,41390.0,81559.0,2.0,124.23
2026-08-17T01:39:39.783125+00:00,1786930779.783125,runtime,full,6,NVIDIA H100 80GB HBM3,41390.0,81559.0,2.0,120.29
2026-08-17T01:39:39.783125+00:00,1786930779.783125,runtime,full,7,NVIDIA H100 80GB HBM3,41150.0,81559.0,3.0,120.53
2026-08-17T01:39:42.346348+00:00,1786930782.346348,runtime,full,4,NVIDIA H100 80GB HBM3,41342.0,81559.0,1.0,130.97
2026-08-17T01:39:42.346348+00:00,1786930782.346348,runtime,full,5,NVIDIA H100 80GB HBM3,41390.0,81559.0,1.0,124.39
2026-08-17T01:39:42.346348+00:00,1786930782.346348,runtime,full,6,NVIDIA H100 80GB HBM3,41390.0,81559.0,1.0,120.26
2026-08-17T01:39:42.346348+00:00,1786930782.346348,runtime,full,7,NVIDIA H100 80GB HBM3,41150.0,81559.0,1.0,120.66
2026-08-17T01:39:44.960362+00:00,1786930784.960362,runtime,full,4,NVIDIA H100 80GB HBM3,41342.0,81559.0,1.0,131.03
2026-08-17T01:39:44.960362+00:00,1786930784.960362,runtime,full,5,NVIDIA H100 80GB HBM3,41390.0,81559.0,1.0,124.33
2026-08-17T01:39:44.960362+00:00,1786930784.960362,runtime,full,6,NVIDIA H100 80GB HBM3,41390.0,81559.0,2.0,120.26
2026-08-17T01:39:44.960362+00:00,1786930784.960362,runtime,full,7,NVIDIA H100 80GB HBM3,41150.0,81559.0,1.0,120.75
2026-08-17T01:39:47.517958+00:00,1786930787.517958,runtime,full,4,NVIDIA H100 80GB HBM3,41342.0,81559.0,3.0,131.02
2026-08-17T01:39:47.517958+00:00,1786930787.517958,runtime,full,5,NVIDIA H100 80GB HBM3,41390.0,81559.0,4.0,124.23
2026-08-17T01:39:47.517958+00:00,1786930787.517958,runtime,full,6,NVIDIA H100 80GB HBM3,41390.0,81559.0,3.0,120.29
2026-08-17T01:39:47.517958+00:00,1786930787.517958,runtime,full,7,NVIDIA H100 80GB HBM3,41150.0,81559.0,3.0,120.72
2026-08-17T01:39:50.153884+00:00,1786930790.153884,runtime,full,4,NVIDIA H100 80GB HBM3,41342.0,81559.0,2.0,131.08
2026-08-17T01:39:50.153884+00:00,1786930790.153884,runtime,full,5,NVIDIA H100 80GB HBM3,41390.0,81559.0,2.0,124.58
2026-08-17T01:39:50.153884+00:00,1786930790.153884,runtime,full,6,NVIDIA H100 80GB HBM3,41390.0,81559.0,2.0,120.23
2026-08-17T01:39:50.153884+00:00,1786930790.153884,runtime,full,7,NVIDIA H100 80GB HBM3,41150.0,81559.0,2.0,120.71
2026-08-17T01:39:53.049083+00:00,1786930793.049083,runtime,full,4,NVIDIA H100 80GB HBM3,41364.0,81559.0,0.0,130.94
2026-08-17T01:39:53.049083+00:00,1786930793.049083,runtime,full,5,NVIDIA H100 80GB HBM3,41414.0,81559.0,0.0,124.23
2026-08-17T01:39:53.049083+00:00,1786930793.049083,runtime,full,6,NVIDIA H100 80GB HBM3,41414.0,81559.0,0.0,120.2
2026-08-17T01:39:53.049083+00:00,1786930793.049083,runtime,full,7,NVIDIA H100 80GB HBM3,41174.0,81559.0,0.0,120.75
2026-08-17T01:39:55.955446+00:00,1786930795.955446,runtime,full,4,NVIDIA H100 80GB HBM3,41804.0,81559.0,0.0,131.05
2026-08-17T01:39:55.955446+00:00,1786930795.955446,runtime,full,5,NVIDIA H100 80GB HBM3,41392.0,81559.0,0.0,124.54
2026-08-17T01:39:55.955446+00:00,1786930795.955446,runtime,full,6,NVIDIA H100 80GB HBM3,41984.0,81559.0,0.0,120.25
2026-08-17T01:39:55.955446+00:00,1786930795.955446,runtime,full,7,NVIDIA H100 80GB HBM3,41152.0,81559.0,0.0,120.58
2026-08-17T01:39:58.645596+00:00,1786930798.645596,runtime,full,4,NVIDIA H100 80GB HBM3,43018.0,81559.0,25.0,149.52
2026-08-17T01:39:58.645596+00:00,1786930798.645596,runtime,full,5,NVIDIA H100 80GB HBM3,43066.0,81559.0,25.0,146.65
2026-08-17T01:39:58.645596+00:00,1786930798.645596,runtime,full,6,NVIDIA H100 80GB HBM3,43066.0,81559.0,24.0,139.65
2026-08-17T01:39:58.645596+00:00,1786930798.645596,runtime,full,7,NVIDIA H100 80GB HBM3,42826.0,81559.0,25.0,139.95
2026-08-17T01:40:01.817961+00:00,1786930801.817961,runtime,full,4,NVIDIA H100 80GB HBM3,41462.0,81559.0,0.0,140.91
2026-08-17T01:40:01.817961+00:00,1786930801.817961,runtime,full,5,NVIDIA H100 80GB HBM3,41462.0,81559.0,0.0,129.62
2026-08-17T01:40:01.817961+00:00,1786930801.817961,runtime,full,6,NVIDIA H100 80GB HBM3,41408.0,81559.0,0.0,120.57
2026-08-17T01:40:01.817961+00:00,1786930801.817961,runtime,full,7,NVIDIA H100 80GB HBM3,41156.0,81559.0,0.0,122.13
2026-08-17T01:40:04.587058+00:00,1786930804.587058,runtime,full,4,NVIDIA H100 80GB HBM3,41348.0,81559.0,0.0,132.98
2026-08-17T01:40:04.587058+00:00,1786930804.587058,runtime,full,5,NVIDIA H100 80GB HBM3,41396.0,81559.0,0.0,126.24
2026-08-17T01:40:04.587058+00:00,1786930804.587058,runtime,full,6,NVIDIA H100 80GB HBM3,41396.0,81559.0,0.0,120.27
2026-08-17T01:40:04.587058+00:00,1786930804.587058,runtime,full,7,NVIDIA H100 80GB HBM3,41156.0,81559.0,0.0,120.56
2026-08-17T01:40:07.043037+00:00,1786930807.043037,runtime,full,4,NVIDIA H100 80GB HBM3,65766.0,81559.0,0.0,133.02
2026-08-17T01:40:07.043037+00:00,1786930807.043037,runtime,full,5,NVIDIA H100 80GB HBM3,65814.0,81559.0,0.0,126.26
2026-08-17T01:40:07.043037+00:00,1786930807.043037,runtime,full,6,NVIDIA H100 80GB HBM3,65814.0,81559.0,0.0,120.26
2026-08-17T01:40:07.043037+00:00,1786930807.043037,runtime,full,7,NVIDIA H100 80GB HBM3,65574.0,81559.0,0.0,120.58
2026-08-17T01:40:09.508776+00:00,1786930809.508776,runtime,full,4,NVIDIA H100 80GB HBM3,66044.0,81559.0,0.0,133.1
2026-08-17T01:40:09.508776+00:00,1786930809.508776,runtime,full,5,NVIDIA H100 80GB HBM3,66094.0,81559.0,0.0,126.34
2026-08-17T01:40:09.508776+00:00,1786930809.508776,runtime,full,6,NVIDIA H100 80GB HBM3,66084.0,81559.0,0.0,120.28
2026-08-17T01:40:09.508776+00:00,1786930809.508776,runtime,full,7,NVIDIA H100 80GB HBM3,65850.0,81559.0,0.0,120.93
2026-08-17T01:40:12.329044+00:00,1786930812.329044,runtime,full,4,NVIDIA H100 80GB HBM3,66688.0,81559.0,100.0,437.4
2026-08-17T01:40:12.329044+00:00,1786930812.329044,runtime,full,5,NVIDIA H100 80GB HBM3,66682.0,81559.0,100.0,130.01
2026-08-17T01:40:12.329044+00:00,1786930812.329044,runtime,full,6,NVIDIA H100 80GB HBM3,66682.0,81559.0,100.0,124.35
2026-08-17T01:40:12.329044+00:00,1786930812.329044,runtime,full,7,NVIDIA H100 80GB HBM3,66202.0,81559.0,100.0,125.08
2026-08-17T01:40:14.807648+00:00,1786930814.807648,runtime,full,4,NVIDIA H100 80GB HBM3,66848.0,81559.0,100.0,560.85
2026-08-17T01:40:14.807648+00:00,1786930814.807648,runtime,full,5,NVIDIA H100 80GB HBM3,66682.0,81559.0,100.0,132.31
2026-08-17T01:40:14.807648+00:00,1786930814.807648,runtime,full,6,NVIDIA H100 80GB HBM3,66682.0,81559.0,100.0,125.71
2026-08-17T01:40:14.807648+00:00,1786930814.807648,runtime,full,7,NVIDIA H100 80GB HBM3,66202.0,81559.0,100.0,125.97
2026-08-17T01:40:17.416529+00:00,1786930817.416529,runtime,full,4,NVIDIA H100 80GB HBM3,66704.0,81559.0,22.0,447.27
2026-08-17T01:40:17.416529+00:00,1786930817.416529,runtime,full,5,NVIDIA H100 80GB HBM3,66702.0,81559.0,90.0,134.64
2026-08-17T01:40:17.416529+00:00,1786930817.416529,runtime,full,6,NVIDIA H100 80GB HBM3,66702.0,81559.0,15.0,128.45
2026-08-17T01:40:17.416529+00:00,1786930817.416529,runtime,full,7,NVIDIA H100 80GB HBM3,66222.0,81559.0,100.0,129.04
2026-08-17T01:40:19.986200+00:00,1786930819.9862,runtime,full,4,NVIDIA H100 80GB HBM3,66610.0,81559.0,0.0,250.81
2026-08-17T01:40:19.986200+00:00,1786930819.9862,runtime,full,5,NVIDIA H100 80GB HBM3,66704.0,81559.0,100.0,142.42
2026-08-17T01:40:19.986200+00:00,1786930819.9862,runtime,full,6,NVIDIA H100 80GB HBM3,66704.0,81559.0,18.0,135.07
2026-08-17T01:40:19.986200+00:00,1786930819.9862,runtime,full,7,NVIDIA H100 80GB HBM3,66224.0,81559.0,3.0,136.1
2026-08-17T01:40:22.600389+00:00,1786930822.600389,runtime,full,4,NVIDIA H100 80GB HBM3,66612.0,81559.0,57.0,173.77
2026-08-17T01:40:22.600389+00:00,1786930822.600389,runtime,full,5,NVIDIA H100 80GB HBM3,66706.0,81559.0,100.0,165.06
2026-08-17T01:40:22.600389+00:00,1786930822.600389,runtime,full,6,NVIDIA H100 80GB HBM3,66706.0,81559.0,9.0,155.8
2026-08-17T01:40:22.600389+00:00,1786930822.600389,runtime,full,7,NVIDIA H100 80GB HBM3,66226.0,81559.0,2.0,156.33
2026-08-17T01:40:25.264757+00:00,1786930825.264757,runtime,full,4,NVIDIA H100 80GB HBM3,66636.0,81559.0,9.0,171.24
2026-08-17T01:40:25.264757+00:00,1786930825.264757,runtime,full,5,NVIDIA H100 80GB HBM3,66730.0,81559.0,96.0,163.26
2026-08-17T01:40:25.264757+00:00,1786930825.264757,runtime,full,6,NVIDIA H100 80GB HBM3,66730.0,81559.0,85.0,156.94
2026-08-17T01:40:25.264757+00:00,1786930825.264757,runtime,full,7,NVIDIA H100 80GB HBM3,66250.0,81559.0,72.0,157.51
2026-08-17T01:40:27.902771+00:00,1786930827.902771,runtime,full,4,NVIDIA H100 80GB HBM3,66636.0,81559.0,29.0,171.83
2026-08-17T01:40:27.902771+00:00,1786930827.902771,runtime,full,5,NVIDIA H100 80GB HBM3,66730.0,81559.0,31.0,162.87
2026-08-17T01:40:27.902771+00:00,1786930827.902771,runtime,full,6,NVIDIA H100 80GB HBM3,66730.0,81559.0,10.0,156.23
2026-08-17T01:40:27.902771+00:00,1786930827.902771,runtime,full,7,NVIDIA H100 80GB HBM3,66250.0,81559.0,83.0,158.65
2026-08-17T01:40:30.433181+00:00,1786930830.433181,runtime,full,4,NVIDIA H100 80GB HBM3,66636.0,81559.0,17.0,172.12
2026-08-17T01:40:30.433181+00:00,1786930830.433181,runtime,full,5,NVIDIA H100 80GB HBM3,66730.0,81559.0,15.0,163.1
2026-08-17T01:40:30.433181+00:00,1786930830.433181,runtime,full,6,NVIDIA H100 80GB HBM3,66730.0,81559.0,11.0,156.47
2026-08-17T01:40:30.433181+00:00,1786930830.433181,runtime,full,7,NVIDIA H100 80GB HBM3,66250.0,81559.0,37.0,157.37
2026-08-17T01:40:32.988447+00:00,1786930832.988447,runtime,full,4,NVIDIA H100 80GB HBM3,66636.0,81559.0,11.0,172.02
2026-08-17T01:40:32.988447+00:00,1786930832.988447,runtime,full,5,NVIDIA H100 80GB HBM3,66730.0,81559.0,54.0,164.16
2026-08-17T01:40:32.988447+00:00,1786930832.988447,runtime,full,6,NVIDIA H100 80GB HBM3,66730.0,81559.0,18.0,156.32
2026-08-17T01:40:32.988447+00:00,1786930832.988447,runtime,full,7,NVIDIA H100 80GB HBM3,66250.0,81559.0,42.0,158.07
2026-08-17T01:40:35.557127+00:00,1786930835.557127,runtime,full,4,NVIDIA H100 80GB HBM3,66636.0,81559.0,74.0,172.23
2026-08-17T01:40:35.557127+00:00,1786930835.557127,runtime,full,5,NVIDIA H100 80GB HBM3,66730.0,81559.0,65.0,164.03
2026-08-17T01:40:35.557127+00:00,1786930835.557127,runtime,full,6,NVIDIA H100 80GB HBM3,66730.0,81559.0,10.0,156.57
2026-08-17T01:40:35.557127+00:00,1786930835.557127,runtime,full,7,NVIDIA H100 80GB HBM3,66250.0,81559.0,60.0,158.33
2026-08-17T01:40:38.233499+00:00,1786930838.233499,runtime,full,4,NVIDIA H100 80GB HBM3,66636.0,81559.0,20.0,172.19
2026-08-17T01:40:38.233499+00:00,1786930838.233499,runtime,full,5,NVIDIA H100 80GB HBM3,66730.0,81559.0,20.0,163.24
2026-08-17T01:40:38.233499+00:00,1786930838.233499,runtime,full,6,NVIDIA H100 80GB HBM3,66730.0,81559.0,19.0,157.61
2026-08-17T01:40:38.233499+00:00,1786930838.233499,runtime,full,7,NVIDIA H100 80GB HBM3,66250.0,81559.0,21.0,157.81
2026-08-17T01:40:41.032069+00:00,1786930841.032069,runtime,full,4,NVIDIA H100 80GB HBM3,66636.0,81559.0,25.0,171.48
2026-08-17T01:40:41.032069+00:00,1786930841.032069,runtime,full,5,NVIDIA H100 80GB HBM3,66730.0,81559.0,21.0,163.12
2026-08-17T01:40:41.032069+00:00,1786930841.032069,runtime,full,6,NVIDIA H100 80GB HBM3,66730.0,81559.0,78.0,157.2
2026-08-17T01:40:41.032069+00:00,1786930841.032069,runtime,full,7,NVIDIA H100 80GB HBM3,66250.0,81559.0,70.0,157.98
2026-08-17T01:40:43.598107+00:00,1786930843.598107,runtime,full,4,NVIDIA H100 80GB HBM3,66636.0,81559.0,22.0,172.01
2026-08-17T01:40:43.598107+00:00,1786930843.598107,runtime,full,5,NVIDIA H100 80GB HBM3,66730.0,81559.0,94.0,164.34
2026-08-17T01:40:43.598107+00:00,1786930843.598107,runtime,full,6,NVIDIA H100 80GB HBM3,66730.0,81559.0,56.0,157.12
2026-08-17T01:40:43.598107+00:00,1786930843.598107,runtime,full,7,NVIDIA H100 80GB HBM3,66250.0,81559.0,90.0,158.11
2026-08-17T01:40:46.318196+00:00,1786930846.318196,runtime,full,4,NVIDIA H100 80GB HBM3,66636.0,81559.0,25.0,172.26
2026-08-17T01:40:46.318196+00:00,1786930846.318196,runtime,full,5,NVIDIA H100 80GB HBM3,66730.0,81559.0,27.0,163.67
2026-08-17T01:40:46.318196+00:00,1786930846.318196,runtime,full,6,NVIDIA H100 80GB HBM3,66730.0,81559.0,11.0,156.91
2026-08-17T01:40:46.318196+00:00,1786930846.318196,runtime,full,7,NVIDIA H100 80GB HBM3,66250.0,81559.0,59.0,157.79
2026-08-17T01:40:48.961917+00:00,1786930848.961917,runtime,full,4,NVIDIA H100 80GB HBM3,66636.0,81559.0,11.0,171.74
2026-08-17T01:40:48.961917+00:00,1786930848.961917,runtime,full,5,NVIDIA H100 80GB HBM3,66730.0,81559.0,24.0,163.98
2026-08-17T01:40:48.961917+00:00,1786930848.961917,runtime,full,6,NVIDIA H100 80GB HBM3,66730.0,81559.0,28.0,157.88
2026-08-17T01:40:48.961917+00:00,1786930848.961917,runtime,full,7,NVIDIA H100 80GB HBM3,66250.0,81559.0,73.0,158.66
2026-08-17T01:40:51.753510+00:00,1786930851.75351,runtime,full,4,NVIDIA H100 80GB HBM3,66636.0,81559.0,10.0,171.65
2026-08-17T01:40:51.753510+00:00,1786930851.75351,runtime,full,5,NVIDIA H100 80GB HBM3,66730.0,81559.0,75.0,164.42
2026-08-17T01:40:51.753510+00:00,1786930851.75351,runtime,full,6,NVIDIA H100 80GB HBM3,66730.0,81559.0,81.0,157.35
2026-08-17T01:40:51.753510+00:00,1786930851.75351,runtime,full,7,NVIDIA H100 80GB HBM3,66250.0,81559.0,86.0,158.88
2026-08-17T01:40:54.371741+00:00,1786930854.371741,runtime,full,4,NVIDIA H100 80GB HBM3,66636.0,81559.0,11.0,171.96
2026-08-17T01:40:54.371741+00:00,1786930854.371741,runtime,full,5,NVIDIA H100 80GB HBM3,66730.0,81559.0,52.0,165.05
2026-08-17T01:40:54.371741+00:00,1786930854.371741,runtime,full,6,NVIDIA H100 80GB HBM3,66730.0,81559.0,41.0,157.53
2026-08-17T01:40:54.371741+00:00,1786930854.371741,runtime,full,7,NVIDIA H100 80GB HBM3,66250.0,81559.0,66.0,159.01
2026-08-17T01:40:57.336308+00:00,1786930857.336308,runtime,full,4,NVIDIA H100 80GB HBM3,66636.0,81559.0,11.0,172.04
2026-08-17T01:40:57.336308+00:00,1786930857.336308,runtime,full,5,NVIDIA H100 80GB HBM3,66730.0,81559.0,67.0,164.04
2026-08-17T01:40:57.336308+00:00,1786930857.336308,runtime,full,6,NVIDIA H100 80GB HBM3,66730.0,81559.0,44.0,157.45
2026-08-17T01:40:57.336308+00:00,1786930857.336308,runtime,full,7,NVIDIA H100 80GB HBM3,66250.0,81559.0,62.0,158.48
2026-08-17T01:41:00.350079+00:00,1786930860.350079,runtime,full,4,NVIDIA H100 80GB HBM3,66636.0,81559.0,10.0,172.43
2026-08-17T01:41:00.350079+00:00,1786930860.350079,runtime,full,5,NVIDIA H100 80GB HBM3,66730.0,81559.0,75.0,164.3
2026-08-17T01:41:00.350079+00:00,1786930860.350079,runtime,full,6,NVIDIA H100 80GB HBM3,66730.0,81559.0,56.0,157.58
2026-08-17T01:41:00.350079+00:00,1786930860.350079,runtime,full,7,NVIDIA H100 80GB HBM3,66250.0,81559.0,67.0,158.05
2026-08-17T01:41:03.267855+00:00,1786930863.267855,runtime,full,4,NVIDIA H100 80GB HBM3,66636.0,81559.0,15.0,172.28
2026-08-17T01:41:03.267855+00:00,1786930863.267855,runtime,full,5,NVIDIA H100 80GB HBM3,66730.0,81559.0,30.0,164.37
2026-08-17T01:41:03.267855+00:00,1786930863.267855,runtime,full,6,NVIDIA H100 80GB HBM3,66730.0,81559.0,12.0,157.21
2026-08-17T01:41:03.267855+00:00,1786930863.267855,runtime,full,7,NVIDIA H100 80GB HBM3,66250.0,81559.0,45.0,158.43
2026-08-17T01:41:05.983112+00:00,1786930865.983112,runtime,full,4,NVIDIA H100 80GB HBM3,66636.0,81559.0,11.0,172.76
2026-08-17T01:41:05.983112+00:00,1786930865.983112,runtime,full,5,NVIDIA H100 80GB HBM3,66730.0,81559.0,48.0,164.88
2026-08-17T01:41:05.983112+00:00,1786930865.983112,runtime,full,6,NVIDIA H100 80GB HBM3,66730.0,81559.0,57.0,157.63
2026-08-17T01:41:05.983112+00:00,1786930865.983112,runtime,full,7,NVIDIA H100 80GB HBM3,66250.0,81559.0,45.0,158.44
2026-08-17T01:41:08.656841+00:00,1786930868.656841,runtime,full,4,NVIDIA H100 80GB HBM3,66636.0,81559.0,10.0,172.54
2026-08-17T01:41:08.656841+00:00,1786930868.656841,runtime,full,5,NVIDIA H100 80GB HBM3,66730.0,81559.0,69.0,163.98
2026-08-17T01:41:08.656841+00:00,1786930868.656841,runtime,full,6,NVIDIA H100 80GB HBM3,66730.0,81559.0,100.0,157.45
2026-08-17T01:41:08.656841+00:00,1786930868.656841,runtime,full,7,NVIDIA H100 80GB HBM3,66250.0,81559.0,56.0,158.56
2026-08-17T01:41:11.303253+00:00,1786930871.303253,runtime,full,4,NVIDIA H100 80GB HBM3,66636.0,81559.0,35.0,172.77
2026-08-17T01:41:11.303253+00:00,1786930871.303253,runtime,full,5,NVIDIA H100 80GB HBM3,66730.0,81559.0,99.0,164.88
2026-08-17T01:41:11.303253+00:00,1786930871.303253,runtime,full,6,NVIDIA H100 80GB HBM3,66730.0,81559.0,10.0,157.99
2026-08-17T01:41:11.303253+00:00,1786930871.303253,runtime,full,7,NVIDIA H100 80GB HBM3,66250.0,81559.0,99.0,158.68
2026-08-17T01:41:13.857227+00:00,1786930873.857227,runtime,full,4,NVIDIA H100 80GB HBM3,66636.0,81559.0,11.0,172.31
2026-08-17T01:41:13.857227+00:00,1786930873.857227,runtime,full,5,NVIDIA H100 80GB HBM3,66730.0,81559.0,50.0,164.99
2026-08-17T01:41:13.857227+00:00,1786930873.857227,runtime,full,6,NVIDIA H100 80GB HBM3,66730.0,81559.0,15.0,157.24
2026-08-17T01:41:13.857227+00:00,1786930873.857227,runtime,full,7,NVIDIA H100 80GB HBM3,66250.0,81559.0,57.0,158.84
2026-08-17T01:41:16.502353+00:00,1786930876.502353,runtime,full,4,NVIDIA H100 80GB HBM3,66636.0,81559.0,40.0,172.55
2026-08-17T01:41:16.502353+00:00,1786930876.502353,runtime,full,5,NVIDIA H100 80GB HBM3,66730.0,81559.0,61.0,166.25
2026-08-17T01:41:16.502353+00:00,1786930876.502353,runtime,full,6,NVIDIA H100 80GB HBM3,66730.0,81559.0,21.0,158.07
2026-08-17T01:41:16.502353+00:00,1786930876.502353,runtime,full,7,NVIDIA H100 80GB HBM3,66250.0,81559.0,51.0,159.33
2026-08-17T01:41:19.059846+00:00,1786930879.059846,runtime,full,4,NVIDIA H100 80GB HBM3,66636.0,81559.0,11.0,173.15
2026-08-17T01:41:19.059846+00:00,1786930879.059846,runtime,full,5,NVIDIA H100 80GB HBM3,66730.0,81559.0,49.0,165.34
2026-08-17T01:41:19.059846+00:00,1786930879.059846,runtime,full,6,NVIDIA H100 80GB HBM3,66730.0,81559.0,39.0,157.66
2026-08-17T01:41:19.059846+00:00,1786930879.059846,runtime,full,7,NVIDIA H100 80GB HBM3,66250.0,81559.0,21.0,160.47
2026-08-17T01:41:21.701394+00:00,1786930881.701394,runtime,full,4,NVIDIA H100 80GB HBM3,66636.0,81559.0,10.0,172.75
2026-08-17T01:41:21.701394+00:00,1786930881.701394,runtime,full,5,NVIDIA H100 80GB HBM3,66730.0,81559.0,52.0,165.91
2026-08-17T01:41:21.701394+00:00,1786930881.701394,runtime,full,6,NVIDIA H100 80GB HBM3,66730.0,81559.0,20.0,157.49
2026-08-17T01:41:21.701394+00:00,1786930881.701394,runtime,full,7,NVIDIA H100 80GB HBM3,66250.0,81559.0,41.0,161.03
2026-08-17T01:41:24.356998+00:00,1786930884.356998,runtime,full,4,NVIDIA H100 80GB HBM3,66636.0,81559.0,50.0,172.86
2026-08-17T01:41:24.356998+00:00,1786930884.356998,runtime,full,5,NVIDIA H100 80GB HBM3,66730.0,81559.0,31.0,165.12
2026-08-17T01:41:24.356998+00:00,1786930884.356998,runtime,full,6,NVIDIA H100 80GB HBM3,66730.0,81559.0,10.0,157.86
2026-08-17T01:41:24.356998+00:00,1786930884.356998,runtime,full,7,NVIDIA H100 80GB HBM3,66250.0,81559.0,86.0,161.0
2026-08-17T01:41:27.058145+00:00,1786930887.058145,runtime,full,4,NVIDIA H100 80GB HBM3,66636.0,81559.0,23.0,173.1
2026-08-17T01:41:27.058145+00:00,1786930887.058145,runtime,full,5,NVIDIA H100 80GB HBM3,66730.0,81559.0,10.0,164.98
2026-08-17T01:41:27.058145+00:00,1786930887.058145,runtime,full,6,NVIDIA H100 80GB HBM3,66730.0,81559.0,56.0,157.63
2026-08-17T01:41:27.058145+00:00,1786930887.058145,runtime,full,7,NVIDIA H100 80GB HBM3,66250.0,81559.0,49.0,161.01
2026-08-17T01:41:29.700186+00:00,1786930889.700186,runtime,full,4,NVIDIA H100 80GB HBM3,66636.0,81559.0,11.0,173.64
2026-08-17T01:41:29.700186+00:00,1786930889.700186,runtime,full,5,NVIDIA H100 80GB HBM3,66730.0,81559.0,25.0,165.17
2026-08-17T01:41:29.700186+00:00,1786930889.700186,runtime,full,6,NVIDIA H100 80GB HBM3,66730.0,81559.0,35.0,158.41
2026-08-17T01:41:29.700186+00:00,1786930889.700186,runtime,full,7,NVIDIA H100 80GB HBM3,66250.0,81559.0,46.0,160.44
2026-08-17T01:41:32.283509+00:00,1786930892.283509,runtime,full,4,NVIDIA H100 80GB HBM3,66636.0,81559.0,24.0,173.44
2026-08-17T01:41:32.283509+00:00,1786930892.283509,runtime,full,5,NVIDIA H100 80GB HBM3,66730.0,81559.0,21.0,164.47
2026-08-17T01:41:32.283509+00:00,1786930892.283509,runtime,full,6,NVIDIA H100 80GB HBM3,66730.0,81559.0,10.0,157.66
2026-08-17T01:41:32.283509+00:00,1786930892.283509,runtime,full,7,NVIDIA H100 80GB HBM3,66250.0,81559.0,33.0,160.65
2026-08-17T01:41:34.809664+00:00,1786930894.809664,runtime,full,4,NVIDIA H100 80GB HBM3,66636.0,81559.0,95.0,173.4
2026-08-17T01:41:34.809664+00:00,1786930894.809664,runtime,full,5,NVIDIA H100 80GB HBM3,66730.0,81559.0,9.0,164.35
2026-08-17T01:41:34.809664+00:00,1786930894.809664,runtime,full,6,NVIDIA H100 80GB HBM3,66730.0,81559.0,100.0,158.1
2026-08-17T01:41:34.809664+00:00,1786930894.809664,runtime,full,7,NVIDIA H100 80GB HBM3,66250.0,81559.0,95.0,160.49
2026-08-17T01:41:37.364396+00:00,1786930897.364396,runtime,full,4,NVIDIA H100 80GB HBM3,66636.0,81559.0,76.0,173.9
2026-08-17T01:41:37.364396+00:00,1786930897.364396,runtime,full,5,NVIDIA H100 80GB HBM3,66730.0,81559.0,10.0,164.97
2026-08-17T01:41:37.364396+00:00,1786930897.364396,runtime,full,6,NVIDIA H100 80GB HBM3,66730.0,81559.0,100.0,158.9
2026-08-17T01:41:37.364396+00:00,1786930897.364396,runtime,full,7,NVIDIA H100 80GB HBM3,66250.0,81559.0,78.0,160.64
2026-08-17T01:41:39.987855+00:00,1786930899.987855,runtime,full,4,NVIDIA H100 80GB HBM3,66636.0,81559.0,19.0,173.81
2026-08-17T01:41:39.987855+00:00,1786930899.987855,runtime,full,5,NVIDIA H100 80GB HBM3,66730.0,81559.0,10.0,165.25
2026-08-17T01:41:39.987855+00:00,1786930899.987855,runtime,full,6,NVIDIA H100 80GB HBM3,66730.0,81559.0,29.0,158.03
2026-08-17T01:41:39.987855+00:00,1786930899.987855,runtime,full,7,NVIDIA H100 80GB HBM3,66250.0,81559.0,63.0,160.83
2026-08-17T01:41:42.488694+00:00,1786930902.488694,runtime,full,4,NVIDIA H100 80GB HBM3,66636.0,81559.0,32.0,173.77
2026-08-17T01:41:42.488694+00:00,1786930902.488694,runtime,full,5,NVIDIA H100 80GB HBM3,66730.0,81559.0,10.0,165.3
2026-08-17T01:41:42.488694+00:00,1786930902.488694,runtime,full,6,NVIDIA H100 80GB HBM3,66730.0,81559.0,64.0,158.26
2026-08-17T01:41:42.488694+00:00,1786930902.488694,runtime,full,7,NVIDIA H100 80GB HBM3,66250.0,81559.0,51.0,160.64
2026-08-17T01:41:45.055400+00:00,1786930905.0554,runtime,full,4,NVIDIA H100 80GB HBM3,66636.0,81559.0,10.0,173.57
2026-08-17T01:41:45.055400+00:00,1786930905.0554,runtime,full,5,NVIDIA H100 80GB HBM3,66730.0,81559.0,43.0,165.81
2026-08-17T01:41:45.055400+00:00,1786930905.0554,runtime,full,6,NVIDIA H100 80GB HBM3,66730.0,81559.0,21.0,157.82
2026-08-17T01:41:45.055400+00:00,1786930905.0554,runtime,full,7,NVIDIA H100 80GB HBM3,66250.0,81559.0,52.0,160.94
2026-08-17T01:41:47.726624+00:00,1786930907.726624,runtime,full,4,NVIDIA H100 80GB HBM3,66636.0,81559.0,11.0,173.2
2026-08-17T01:41:47.726624+00:00,1786930907.726624,runtime,full,5,NVIDIA H100 80GB HBM3,66730.0,81559.0,36.0,165.89
2026-08-17T01:41:47.726624+00:00,1786930907.726624,runtime,full,6,NVIDIA H100 80GB HBM3,66730.0,81559.0,42.0,158.3
2026-08-17T01:41:47.726624+00:00,1786930907.726624,runtime,full,7,NVIDIA H100 80GB HBM3,66250.0,81559.0,47.0,160.87
2026-08-17T01:41:50.346715+00:00,1786930910.346715,runtime,full,4,NVIDIA H100 80GB HBM3,66636.0,81559.0,22.0,173.52
2026-08-17T01:41:50.346715+00:00,1786930910.346715,runtime,full,5,NVIDIA H100 80GB HBM3,66730.0,81559.0,48.0,165.99
2026-08-17T01:41:50.346715+00:00,1786930910.346715,runtime,full,6,NVIDIA H100 80GB HBM3,66730.0,81559.0,36.0,157.74
2026-08-17T01:41:50.346715+00:00,1786930910.346715,runtime,full,7,NVIDIA H100 80GB HBM3,66250.0,81559.0,45.0,160.89
2026-08-17T01:41:52.971547+00:00,1786930912.971547,runtime,full,4,NVIDIA H100 80GB HBM3,66636.0,81559.0,81.0,173.57
2026-08-17T01:41:52.971547+00:00,1786930912.971547,runtime,full,5,NVIDIA H100 80GB HBM3,66730.0,81559.0,10.0,166.15
2026-08-17T01:41:52.971547+00:00,1786930912.971547,runtime,full,6,NVIDIA H100 80GB HBM3,66730.0,81559.0,100.0,158.13
2026-08-17T01:41:52.971547+00:00,1786930912.971547,runtime,full,7,NVIDIA H100 80GB HBM3,66250.0,81559.0,72.0,161.29
2026-08-17T01:41:55.683336+00:00,1786930915.683336,runtime,full,4,NVIDIA H100 80GB HBM3,66636.0,81559.0,41.0,173.52
2026-08-17T01:41:55.683336+00:00,1786930915.683336,runtime,full,5,NVIDIA H100 80GB HBM3,66730.0,81559.0,72.0,165.92
2026-08-17T01:41:55.683336+00:00,1786930915.683336,runtime,full,6,NVIDIA H100 80GB HBM3,66730.0,81559.0,10.0,158.24
2026-08-17T01:41:55.683336+00:00,1786930915.683336,runtime,full,7,NVIDIA H100 80GB HBM3,66250.0,81559.0,89.0,161.03
2026-08-17T01:41:58.457190+00:00,1786930918.45719,runtime,full,4,NVIDIA H100 80GB HBM3,66636.0,81559.0,12.0,173.95
2026-08-17T01:41:58.457190+00:00,1786930918.45719,runtime,full,5,NVIDIA H100 80GB HBM3,66730.0,81559.0,24.0,165.65
2026-08-17T01:41:58.457190+00:00,1786930918.45719,runtime,full,6,NVIDIA H100 80GB HBM3,66730.0,81559.0,11.0,158.12
2026-08-17T01:41:58.457190+00:00,1786930918.45719,runtime,full,7,NVIDIA H100 80GB HBM3,66250.0,81559.0,47.0,161.07
2026-08-17T01:42:01.056925+00:00,1786930921.056925,runtime,full,4,NVIDIA H100 80GB HBM3,66636.0,81559.0,10.0,173.45
2026-08-17T01:42:01.056925+00:00,1786930921.056925,runtime,full,5,NVIDIA H100 80GB HBM3,66730.0,81559.0,48.0,166.42
2026-08-17T01:42:01.056925+00:00,1786930921.056925,runtime,full,6,NVIDIA H100 80GB HBM3,66730.0,81559.0,37.0,158.12
2026-08-17T01:42:01.056925+00:00,1786930921.056925,runtime,full,7,NVIDIA H100 80GB HBM3,66250.0,81559.0,73.0,161.54
2026-08-17T01:42:03.676336+00:00,1786930923.676336,runtime,full,4,NVIDIA H100 80GB HBM3,66636.0,81559.0,17.0,173.89
2026-08-17T01:42:03.676336+00:00,1786930923.676336,runtime,full,5,NVIDIA H100 80GB HBM3,66730.0,81559.0,31.0,165.85
2026-08-17T01:42:03.676336+00:00,1786930923.676336,runtime,full,6,NVIDIA H100 80GB HBM3,66730.0,81559.0,11.0,158.21
2026-08-17T01:42:03.676336+00:00,1786930923.676336,runtime,full,7,NVIDIA H100 80GB HBM3,66250.0,81559.0,69.0,161.18
2026-08-17T01:42:06.176115+00:00,1786930926.176115,runtime,full,4,NVIDIA H100 80GB HBM3,66636.0,81559.0,14.0,174.34
2026-08-17T01:42:06.176115+00:00,1786930926.176115,runtime,full,5,NVIDIA H100 80GB HBM3,66730.0,81559.0,55.0,166.83
2026-08-17T01:42:06.176115+00:00,1786930926.176115,runtime,full,6,NVIDIA H100 80GB HBM3,66730.0,81559.0,10.0,157.87
2026-08-17T01:42:06.176115+00:00,1786930926.176115,runtime,full,7,NVIDIA H100 80GB HBM3,66250.0,81559.0,99.0,161.23
2026-08-17T01:42:08.685123+00:00,1786930928.685123,runtime,full,4,NVIDIA H100 80GB HBM3,66636.0,81559.0,26.0,173.88
2026-08-17T01:42:08.685123+00:00,1786930928.685123,runtime,full,5,NVIDIA H100 80GB HBM3,66730.0,81559.0,89.0,166.93
2026-08-17T01:42:08.685123+00:00,1786930928.685123,runtime,full,6,NVIDIA H100 80GB HBM3,66730.0,81559.0,10.0,157.76
2026-08-17T01:42:08.685123+00:00,1786930928.685123,runtime,full,7,NVIDIA H100 80GB HBM3,66250.0,81559.0,87.0,161.45
2026-08-17T01:42:11.271691+00:00,1786930931.271691,runtime,full,4,NVIDIA H100 80GB HBM3,66636.0,81559.0,95.0,174.75
2026-08-17T01:42:11.271691+00:00,1786930931.271691,runtime,full,5,NVIDIA H100 80GB HBM3,66730.0,81559.0,9.0,165.78
2026-08-17T01:42:11.271691+00:00,1786930931.271691,runtime,full,6,NVIDIA H100 80GB HBM3,66730.0,81559.0,100.0,158.1
2026-08-17T01:42:11.271691+00:00,1786930931.271691,runtime,full,7,NVIDIA H100 80GB HBM3,66250.0,81559.0,95.0,161.21
2026-08-17T01:42:13.856698+00:00,1786930933.856698,runtime,full,4,NVIDIA H100 80GB HBM3,66636.0,81559.0,100.0,174.31
2026-08-17T01:42:13.856698+00:00,1786930933.856698,runtime,full,5,NVIDIA H100 80GB HBM3,66730.0,81559.0,10.0,165.92
2026-08-17T01:42:13.856698+00:00,1786930933.856698,runtime,full,6,NVIDIA H100 80GB HBM3,66730.0,81559.0,100.0,159.46
2026-08-17T01:42:13.856698+00:00,1786930933.856698,runtime,full,7,NVIDIA H100 80GB HBM3,66250.0,81559.0,65.0,160.98
2026-08-17T01:42:16.435645+00:00,1786930936.435645,runtime,full,4,NVIDIA H100 80GB HBM3,66636.0,81559.0,20.0,174.51
2026-08-17T01:42:16.435645+00:00,1786930936.435645,runtime,full,5,NVIDIA H100 80GB HBM3,66730.0,81559.0,11.0,166.12
2026-08-17T01:42:16.435645+00:00,1786930936.435645,runtime,full,6,NVIDIA H100 80GB HBM3,66730.0,81559.0,46.0,159.11
2026-08-17T01:42:16.435645+00:00,1786930936.435645,runtime,full,7,NVIDIA H100 80GB HBM3,66250.0,81559.0,31.0,161.23
2026-08-17T01:42:19.009610+00:00,1786930939.00961,runtime,full,4,NVIDIA H100 80GB HBM3,66636.0,81559.0,11.0,184.12
2026-08-17T01:42:19.009610+00:00,1786930939.00961,runtime,full,5,NVIDIA H100 80GB HBM3,66730.0,81559.0,29.0,171.28
2026-08-17T01:42:19.009610+00:00,1786930939.00961,runtime,full,6,NVIDIA H100 80GB HBM3,66730.0,81559.0,30.0,165.79
2026-08-17T01:42:19.009610+00:00,1786930939.00961,runtime,full,7,NVIDIA H100 80GB HBM3,66250.0,81559.0,48.0,168.79
2026-08-17T01:42:21.653895+00:00,1786930941.653895,runtime,full,4,NVIDIA H100 80GB HBM3,66636.0,81559.0,11.0,174.48
2026-08-17T01:42:21.653895+00:00,1786930941.653895,runtime,full,5,NVIDIA H100 80GB HBM3,66730.0,81559.0,11.0,166.26
2026-08-17T01:42:21.653895+00:00,1786930941.653895,runtime,full,6,NVIDIA H100 80GB HBM3,66730.0,81559.0,29.0,158.95
2026-08-17T01:42:21.653895+00:00,1786930941.653895,runtime,full,7,NVIDIA H100 80GB HBM3,66250.0,81559.0,47.0,162.0
2026-08-17T01:42:24.268034+00:00,1786930944.268034,runtime,full,4,NVIDIA H100 80GB HBM3,66636.0,81559.0,36.0,175.19
2026-08-17T01:42:24.268034+00:00,1786930944.268034,runtime,full,5,NVIDIA H100 80GB HBM3,66730.0,81559.0,10.0,166.29
2026-08-17T01:42:24.268034+00:00,1786930944.268034,runtime,full,6,NVIDIA H100 80GB HBM3,66730.0,81559.0,26.0,158.76
2026-08-17T01:42:24.268034+00:00,1786930944.268034,runtime,full,7,NVIDIA H100 80GB HBM3,66250.0,81559.0,72.0,163.01
2026-08-17T01:42:26.802409+00:00,1786930946.802409,runtime,full,4,NVIDIA H100 80GB HBM3,66636.0,81559.0,10.0,173.67
2026-08-17T01:42:26.802409+00:00,1786930946.802409,runtime,full,5,NVIDIA H100 80GB HBM3,66730.0,81559.0,52.0,166.97
2026-08-17T01:42:26.802409+00:00,1786930946.802409,runtime,full,6,NVIDIA H100 80GB HBM3,66730.0,81559.0,59.0,158.64
2026-08-17T01:42:26.802409+00:00,1786930946.802409,runtime,full,7,NVIDIA H100 80GB HBM3,66250.0,81559.0,63.0,162.46
2026-08-17T01:42:29.457492+00:00,1786930949.457492,runtime,full,4,NVIDIA H100 80GB HBM3,66636.0,81559.0,62.0,174.78
2026-08-17T01:42:29.457492+00:00,1786930949.457492,runtime,full,5,NVIDIA H100 80GB HBM3,66730.0,81559.0,68.0,166.59
2026-08-17T01:42:29.457492+00:00,1786930949.457492,runtime,full,6,NVIDIA H100 80GB HBM3,66730.0,81559.0,10.0,158.63
2026-08-17T01:42:29.457492+00:00,1786930949.457492,runtime,full,7,NVIDIA H100 80GB HBM3,66250.0,81559.0,82.0,162.86
2026-08-17T01:42:31.953863+00:00,1786930951.953863,runtime,full,4,NVIDIA H100 80GB HBM3,66636.0,81559.0,27.0,175.2
2026-08-17T01:42:31.953863+00:00,1786930951.953863,runtime,full,5,NVIDIA H100 80GB HBM3,66730.0,81559.0,11.0,166.36
2026-08-17T01:42:31.953863+00:00,1786930951.953863,runtime,full,6,NVIDIA H100 80GB HBM3,66730.0,81559.0,63.0,158.22
2026-08-17T01:42:31.953863+00:00,1786930951.953863,runtime,full,7,NVIDIA H100 80GB HBM3,66250.0,81559.0,43.0,162.21
2026-08-17T01:42:34.519416+00:00,1786930954.519416,runtime,full,4,NVIDIA H100 80GB HBM3,66636.0,81559.0,27.0,174.54
2026-08-17T01:42:34.519416+00:00,1786930954.519416,runtime,full,5,NVIDIA H100 80GB HBM3,66730.0,81559.0,11.0,166.1
2026-08-17T01:42:34.519416+00:00,1786930954.519416,runtime,full,6,NVIDIA H100 80GB HBM3,66730.0,81559.0,46.0,158.39
2026-08-17T01:42:34.519416+00:00,1786930954.519416,runtime,full,7,NVIDIA H100 80GB HBM3,66250.0,81559.0,91.0,162.26
2026-08-17T01:42:37.084701+00:00,1786930957.084701,runtime,full,4,NVIDIA H100 80GB HBM3,66636.0,81559.0,27.0,174.61
2026-08-17T01:42:37.084701+00:00,1786930957.084701,runtime,full,5,NVIDIA H100 80GB HBM3,66730.0,81559.0,61.0,167.12
2026-08-17T01:42:37.084701+00:00,1786930957.084701,runtime,full,6,NVIDIA H100 80GB HBM3,66730.0,81559.0,10.0,158.31
2026-08-17T01:42:37.084701+00:00,1786930957.084701,runtime,full,7,NVIDIA H100 80GB HBM3,66250.0,81559.0,86.0,162.38
2026-08-17T01:42:39.723171+00:00,1786930959.723171,runtime,full,4,NVIDIA H100 80GB HBM3,66636.0,81559.0,15.0,174.82
2026-08-17T01:42:39.723171+00:00,1786930959.723171,runtime,full,5,NVIDIA H100 80GB HBM3,66730.0,81559.0,35.0,166.88
2026-08-17T01:42:39.723171+00:00,1786930959.723171,runtime,full,6,NVIDIA H100 80GB HBM3,66730.0,81559.0,10.0,157.83
2026-08-17T01:42:39.723171+00:00,1786930959.723171,runtime,full,7,NVIDIA H100 80GB HBM3,66250.0,81559.0,59.0,162.89
2026-08-17T01:42:42.303658+00:00,1786930962.303658,runtime,full,4,NVIDIA H100 80GB HBM3,66636.0,81559.0,36.0,174.89
2026-08-17T01:42:42.303658+00:00,1786930962.303658,runtime,full,5,NVIDIA H100 80GB HBM3,66730.0,81559.0,10.0,166.59
2026-08-17T01:42:42.303658+00:00,1786930962.303658,runtime,full,6,NVIDIA H100 80GB HBM3,66730.0,81559.0,41.0,159.16
2026-08-17T01:42:42.303658+00:00,1786930962.303658,runtime,full,7,NVIDIA H100 80GB HBM3,66250.0,81559.0,67.0,162.18
2026-08-17T01:42:44.866807+00:00,1786930964.866807,runtime,full,4,NVIDIA H100 80GB HBM3,66636.0,81559.0,28.0,175.03
2026-08-17T01:42:44.866807+00:00,1786930964.866807,runtime,full,5,NVIDIA H100 80GB HBM3,66730.0,81559.0,10.0,166.45
2026-08-17T01:42:44.866807+00:00,1786930964.866807,runtime,full,6,NVIDIA H100 80GB HBM3,66730.0,81559.0,56.0,158.43
2026-08-17T01:42:44.866807+00:00,1786930964.866807,runtime,full,7,NVIDIA H100 80GB HBM3,66250.0,81559.0,25.0,162.09
2026-08-17T01:42:47.836340+00:00,1786930967.83634,runtime,full,4,NVIDIA H100 80GB HBM3,66636.0,81559.0,62.0,175.19
2026-08-17T01:42:47.836340+00:00,1786930967.83634,runtime,full,5,NVIDIA H100 80GB HBM3,66730.0,81559.0,10.0,166.37
2026-08-17T01:42:47.836340+00:00,1786930967.83634,runtime,full,6,NVIDIA H100 80GB HBM3,66730.0,81559.0,100.0,158.61
2026-08-17T01:42:47.836340+00:00,1786930967.83634,runtime,full,7,NVIDIA H100 80GB HBM3,66250.0,81559.0,77.0,162.9
2026-08-17T01:42:50.706193+00:00,1786930970.706193,runtime,full,4,NVIDIA H100 80GB HBM3,66636.0,81559.0,23.0,175.26
2026-08-17T01:42:50.706193+00:00,1786930970.706193,runtime,full,5,NVIDIA H100 80GB HBM3,66730.0,81559.0,16.0,166.7
2026-08-17T01:42:50.706193+00:00,1786930970.706193,runtime,full,6,NVIDIA H100 80GB HBM3,66730.0,81559.0,10.0,157.96
2026-08-17T01:42:50.706193+00:00,1786930970.706193,runtime,full,7,NVIDIA H100 80GB HBM3,66250.0,81559.0,57.0,163.09
2026-08-17T01:42:53.205266+00:00,1786930973.205266,runtime,full,4,NVIDIA H100 80GB HBM3,66636.0,81559.0,23.0,174.69
2026-08-17T01:42:53.205266+00:00,1786930973.205266,runtime,full,5,NVIDIA H100 80GB HBM3,66730.0,81559.0,24.0,167.01
2026-08-17T01:42:53.205266+00:00,1786930973.205266,runtime,full,6,NVIDIA H100 80GB HBM3,66730.0,81559.0,35.0,158.71
2026-08-17T01:42:53.205266+00:00,1786930973.205266,runtime,full,7,NVIDIA H100 80GB HBM3,66250.0,81559.0,72.0,162.76
2026-08-17T01:42:55.826335+00:00,1786930975.826335,runtime,full,4,NVIDIA H100 80GB HBM3,66636.0,81559.0,18.0,175.07
2026-08-17T01:42:55.826335+00:00,1786930975.826335,runtime,full,5,NVIDIA H100 80GB HBM3,66730.0,81559.0,10.0,166.68
2026-08-17T01:42:55.826335+00:00,1786930975.826335,runtime,full,6,NVIDIA H100 80GB HBM3,66730.0,81559.0,52.0,158.98
2026-08-17T01:42:55.826335+00:00,1786930975.826335,runtime,full,7,NVIDIA H100 80GB HBM3,66250.0,81559.0,59.0,163.43
2026-08-17T01:42:58.539704+00:00,1786930978.539704,runtime,full,4,NVIDIA H100 80GB HBM3,66636.0,81559.0,11.0,174.96
2026-08-17T01:42:58.539704+00:00,1786930978.539704,runtime,full,5,NVIDIA H100 80GB HBM3,66730.0,81559.0,32.0,167.34
2026-08-17T01:42:58.539704+00:00,1786930978.539704,runtime,full,6,NVIDIA H100 80GB HBM3,66730.0,81559.0,18.0,158.64
2026-08-17T01:42:58.539704+00:00,1786930978.539704,runtime,full,7,NVIDIA H100 80GB HBM3,66250.0,81559.0,56.0,162.68
2026-08-17T01:43:01.192698+00:00,1786930981.192698,runtime,full,4,NVIDIA H100 80GB HBM3,66636.0,81559.0,27.0,175.11
2026-08-17T01:43:01.192698+00:00,1786930981.192698,runtime,full,5,NVIDIA H100 80GB HBM3,66730.0,81559.0,28.0,166.86
2026-08-17T01:43:01.192698+00:00,1786930981.192698,runtime,full,6,NVIDIA H100 80GB HBM3,66730.0,81559.0,59.0,158.67
2026-08-17T01:43:01.192698+00:00,1786930981.192698,runtime,full,7,NVIDIA H100 80GB HBM3,66250.0,81559.0,99.0,162.37
2026-08-17T01:43:03.696104+00:00,1786930983.696104,runtime,full,4,NVIDIA H100 80GB HBM3,66636.0,81559.0,18.0,175.25
2026-08-17T01:43:03.696104+00:00,1786930983.696104,runtime,full,5,NVIDIA H100 80GB HBM3,66730.0,81559.0,10.0,166.9
2026-08-17T01:43:03.696104+00:00,1786930983.696104,runtime,full,6,NVIDIA H100 80GB HBM3,66730.0,81559.0,31.0,158.39
2026-08-17T01:43:03.696104+00:00,1786930983.696104,runtime,full,7,NVIDIA H100 80GB HBM3,66250.0,81559.0,73.0,162.68
2026-08-17T01:43:06.320856+00:00,1786930986.320856,runtime,full,4,NVIDIA H100 80GB HBM3,66636.0,81559.0,38.0,175.68
2026-08-17T01:43:06.320856+00:00,1786930986.320856,runtime,full,5,NVIDIA H100 80GB HBM3,66730.0,81559.0,10.0,167.3
2026-08-17T01:43:06.320856+00:00,1786930986.320856,runtime,full,6,NVIDIA H100 80GB HBM3,66730.0,81559.0,99.0,159.11
2026-08-17T01:43:06.320856+00:00,1786930986.320856,runtime,full,7,NVIDIA H100 80GB HBM3,66250.0,81559.0,76.0,162.69
2026-08-17T01:43:08.837164+00:00,1786930988.837164,runtime,full,4,NVIDIA H100 80GB HBM3,66636.0,81559.0,25.0,175.2
2026-08-17T01:43:08.837164+00:00,1786930988.837164,runtime,full,5,NVIDIA H100 80GB HBM3,66730.0,81559.0,10.0,166.83
2026-08-17T01:43:08.837164+00:00,1786930988.837164,runtime,full,6,NVIDIA H100 80GB HBM3,66730.0,81559.0,56.0,158.72
2026-08-17T01:43:08.837164+00:00,1786930988.837164,runtime,full,7,NVIDIA H100 80GB HBM3,66250.0,81559.0,68.0,162.48
2026-08-17T01:43:11.399530+00:00,1786930991.39953,runtime,full,4,NVIDIA H100 80GB HBM3,66636.0,81559.0,10.0,175.6
2026-08-17T01:43:11.399530+00:00,1786930991.39953,runtime,full,5,NVIDIA H100 80GB HBM3,66730.0,81559.0,25.0,167.37
2026-08-17T01:43:11.399530+00:00,1786930991.39953,runtime,full,6,NVIDIA H100 80GB HBM3,66730.0,81559.0,19.0,158.59
2026-08-17T01:43:11.399530+00:00,1786930991.39953,runtime,full,7,NVIDIA H100 80GB HBM3,66250.0,81559.0,64.0,163.26
2026-08-17T01:43:13.993495+00:00,1786930993.993495,runtime,full,4,NVIDIA H100 80GB HBM3,66636.0,81559.0,46.0,175.73
2026-08-17T01:43:13.993495+00:00,1786930993.993495,runtime,full,5,NVIDIA H100 80GB HBM3,66730.0,81559.0,10.0,166.82
2026-08-17T01:43:13.993495+00:00,1786930993.993495,runtime,full,6,NVIDIA H100 80GB HBM3,66730.0,81559.0,69.0,158.76
2026-08-17T01:43:13.993495+00:00,1786930993.993495,runtime,full,7,NVIDIA H100 80GB HBM3,66250.0,81559.0,68.0,162.49
2026-08-17T01:43:16.618897+00:00,1786930996.618897,runtime,full,4,NVIDIA H100 80GB HBM3,66636.0,81559.0,21.0,175.79
2026-08-17T01:43:16.618897+00:00,1786930996.618897,runtime,full,5,NVIDIA H100 80GB HBM3,66730.0,81559.0,10.0,166.6
2026-08-17T01:43:16.618897+00:00,1786930996.618897,runtime,full,6,NVIDIA H100 80GB HBM3,66730.0,81559.0,75.0,159.52
2026-08-17T01:43:16.618897+00:00,1786930996.618897,runtime,full,7,NVIDIA H100 80GB HBM3,66250.0,81559.0,69.0,163.22
2026-08-17T01:43:19.252887+00:00,1786930999.252887,runtime,full,4,NVIDIA H100 80GB HBM3,66636.0,81559.0,20.0,175.16
2026-08-17T01:43:19.252887+00:00,1786930999.252887,runtime,full,5,NVIDIA H100 80GB HBM3,66730.0,81559.0,12.0,167.44
2026-08-17T01:43:19.252887+00:00,1786930999.252887,runtime,full,6,NVIDIA H100 80GB HBM3,66730.0,81559.0,56.0,158.88
2026-08-17T01:43:19.252887+00:00,1786930999.252887,runtime,full,7,NVIDIA H100 80GB HBM3,66250.0,81559.0,68.0,162.79
2026-08-17T01:43:21.752168+00:00,1786931001.752168,runtime,full,4,NVIDIA H100 80GB HBM3,66636.0,81559.0,21.0,175.4
2026-08-17T01:43:21.752168+00:00,1786931001.752168,runtime,full,5,NVIDIA H100 80GB HBM3,66730.0,81559.0,10.0,167.03
2026-08-17T01:43:21.752168+00:00,1786931001.752168,runtime,full,6,NVIDIA H100 80GB HBM3,66730.0,81559.0,89.0,159.34
2026-08-17T01:43:21.752168+00:00,1786931001.752168,runtime,full,7,NVIDIA H100 80GB HBM3,66250.0,81559.0,60.0,162.67
2026-08-17T01:43:24.252084+00:00,1786931004.252084,runtime,full,4,NVIDIA H100 80GB HBM3,66636.0,81559.0,22.0,175.61
2026-08-17T01:43:24.252084+00:00,1786931004.252084,runtime,full,5,NVIDIA H100 80GB HBM3,66730.0,81559.0,22.0,167.14
2026-08-17T01:43:24.252084+00:00,1786931004.252084,runtime,full,6,NVIDIA H100 80GB HBM3,66730.0,81559.0,34.0,158.46
2026-08-17T01:43:24.252084+00:00,1786931004.252084,runtime,full,7,NVIDIA H100 80GB HBM3,66250.0,81559.0,22.0,162.92
2026-08-17T01:43:27.001833+00:00,1786931007.001833,runtime,full,4,NVIDIA H100 80GB HBM3,66636.0,81559.0,10.0,175.66
2026-08-17T01:43:27.001833+00:00,1786931007.001833,runtime,full,5,NVIDIA H100 80GB HBM3,66730.0,81559.0,24.0,167.18
2026-08-17T01:43:27.001833+00:00,1786931007.001833,runtime,full,6,NVIDIA H100 80GB HBM3,66730.0,81559.0,48.0,159.2
2026-08-17T01:43:27.001833+00:00,1786931007.001833,runtime,full,7,NVIDIA H100 80GB HBM3,66250.0,81559.0,74.0,162.9
2026-08-17T01:43:29.653112+00:00,1786931009.653112,runtime,full,4,NVIDIA H100 80GB HBM3,66636.0,81559.0,40.0,175.77
2026-08-17T01:43:29.653112+00:00,1786931009.653112,runtime,full,5,NVIDIA H100 80GB HBM3,66730.0,81559.0,10.0,167.09
2026-08-17T01:43:29.653112+00:00,1786931009.653112,runtime,full,6,NVIDIA H100 80GB HBM3,66730.0,81559.0,67.0,159.02
2026-08-17T01:43:29.653112+00:00,1786931009.653112,runtime,full,7,NVIDIA H100 80GB HBM3,66250.0,81559.0,50.0,162.9
2026-08-17T01:43:32.305931+00:00,1786931012.305931,runtime,full,4,NVIDIA H100 80GB HBM3,66636.0,81559.0,94.0,175.98
2026-08-17T01:43:32.305931+00:00,1786931012.305931,runtime,full,5,NVIDIA H100 80GB HBM3,66730.0,81559.0,9.0,166.34
2026-08-17T01:43:32.305931+00:00,1786931012.305931,runtime,full,6,NVIDIA H100 80GB HBM3,66730.0,81559.0,100.0,159.5
2026-08-17T01:43:32.305931+00:00,1786931012.305931,runtime,full,7,NVIDIA H100 80GB HBM3,66250.0,81559.0,100.0,162.61
2026-08-17T01:43:34.997522+00:00,1786931014.997522,runtime,full,4,NVIDIA H100 80GB HBM3,66636.0,81559.0,10.0,175.41
2026-08-17T01:43:34.997522+00:00,1786931014.997522,runtime,full,5,NVIDIA H100 80GB HBM3,66730.0,81559.0,67.0,167.53
2026-08-17T01:43:34.997522+00:00,1786931014.997522,runtime,full,6,NVIDIA H100 80GB HBM3,66730.0,81559.0,17.0,158.76
2026-08-17T01:43:34.997522+00:00,1786931014.997522,runtime,full,7,NVIDIA H100 80GB HBM3,66250.0,81559.0,51.0,162.37
2026-08-17T01:43:37.759784+00:00,1786931017.759784,runtime,full,4,NVIDIA H100 80GB HBM3,66636.0,81559.0,100.0,176.89
2026-08-17T01:43:37.759784+00:00,1786931017.759784,runtime,full,5,NVIDIA H100 80GB HBM3,66730.0,81559.0,82.0,168.8
2026-08-17T01:43:37.759784+00:00,1786931017.759784,runtime,full,6,NVIDIA H100 80GB HBM3,66730.0,81559.0,100.0,159.23
2026-08-17T01:43:37.759784+00:00,1786931017.759784,runtime,full,7,NVIDIA H100 80GB HBM3,66250.0,81559.0,10.0,162.2
2026-08-17T01:43:40.455678+00:00,1786931020.455678,runtime,full,4,NVIDIA H100 80GB HBM3,66636.0,81559.0,40.0,176.24
2026-08-17T01:43:40.455678+00:00,1786931020.455678,runtime,full,5,NVIDIA H100 80GB HBM3,66730.0,81559.0,62.0,167.7
2026-08-17T01:43:40.455678+00:00,1786931020.455678,runtime,full,6,NVIDIA H100 80GB HBM3,66730.0,81559.0,48.0,159.59
2026-08-17T01:43:40.455678+00:00,1786931020.455678,runtime,full,7,NVIDIA H100 80GB HBM3,66250.0,81559.0,10.0,162.19
2026-08-17T01:43:43.104923+00:00,1786931023.104923,runtime,full,4,NVIDIA H100 80GB HBM3,66636.0,81559.0,28.0,176.74
2026-08-17T01:43:43.104923+00:00,1786931023.104923,runtime,full,5,NVIDIA H100 80GB HBM3,66730.0,81559.0,59.0,167.88
2026-08-17T01:43:43.104923+00:00,1786931023.104923,runtime,full,6,NVIDIA H100 80GB HBM3,66730.0,81559.0,18.0,159.19
2026-08-17T01:43:43.104923+00:00,1786931023.104923,runtime,full,7,NVIDIA H100 80GB HBM3,66250.0,81559.0,13.0,162.61
2026-08-17T01:43:45.758407+00:00,1786931025.758407,runtime,full,4,NVIDIA H100 80GB HBM3,66636.0,81559.0,11.0,175.86
2026-08-17T01:43:45.758407+00:00,1786931025.758407,runtime,full,5,NVIDIA H100 80GB HBM3,66730.0,81559.0,46.0,167.69
2026-08-17T01:43:45.758407+00:00,1786931025.758407,runtime,full,6,NVIDIA H100 80GB HBM3,66730.0,81559.0,21.0,158.3
2026-08-17T01:43:45.758407+00:00,1786931025.758407,runtime,full,7,NVIDIA H100 80GB HBM3,66250.0,81559.0,43.0,162.95
2026-08-17T01:43:48.351729+00:00,1786931028.351729,runtime,full,4,NVIDIA H100 80GB HBM3,66636.0,81559.0,26.0,175.92
2026-08-17T01:43:48.351729+00:00,1786931028.351729,runtime,full,5,NVIDIA H100 80GB HBM3,66730.0,81559.0,91.0,168.03
2026-08-17T01:43:48.351729+00:00,1786931028.351729,runtime,full,6,NVIDIA H100 80GB HBM3,66730.0,81559.0,15.0,158.45
2026-08-17T01:43:48.351729+00:00,1786931028.351729,runtime,full,7,NVIDIA H100 80GB HBM3,66250.0,81559.0,62.0,162.62
2026-08-17T01:43:50.899010+00:00,1786931030.89901,runtime,full,4,NVIDIA H100 80GB HBM3,66636.0,81559.0,41.0,175.87
2026-08-17T01:43:50.899010+00:00,1786931030.89901,runtime,full,5,NVIDIA H100 80GB HBM3,66730.0,81559.0,96.0,168.54
2026-08-17T01:43:50.899010+00:00,1786931030.89901,runtime,full,6,NVIDIA H100 80GB HBM3,66730.0,81559.0,10.0,158.54
2026-08-17T01:43:50.899010+00:00,1786931030.89901,runtime,full,7,NVIDIA H100 80GB HBM3,66250.0,81559.0,83.0,162.74
2026-08-17T01:43:53.603425+00:00,1786931033.603425,runtime,full,4,NVIDIA H100 80GB HBM3,66636.0,81559.0,27.0,175.65
2026-08-17T01:43:53.603425+00:00,1786931033.603425,runtime,full,5,NVIDIA H100 80GB HBM3,66730.0,81559.0,86.0,168.95
2026-08-17T01:43:53.603425+00:00,1786931033.603425,runtime,full,6,NVIDIA H100 80GB HBM3,66730.0,81559.0,10.0,158.43
2026-08-17T01:43:53.603425+00:00,1786931033.603425,runtime,full,7,NVIDIA H100 80GB HBM3,66250.0,81559.0,69.0,163.34
2026-08-17T01:43:56.153950+00:00,1786931036.15395,runtime,full,4,NVIDIA H100 80GB HBM3,66636.0,81559.0,21.0,175.82
2026-08-17T01:43:56.153950+00:00,1786931036.15395,runtime,full,5,NVIDIA H100 80GB HBM3,66730.0,81559.0,18.0,168.22
2026-08-17T01:43:56.153950+00:00,1786931036.15395,runtime,full,6,NVIDIA H100 80GB HBM3,66730.0,81559.0,10.0,158.36
2026-08-17T01:43:56.153950+00:00,1786931036.15395,runtime,full,7,NVIDIA H100 80GB HBM3,66250.0,81559.0,48.0,162.81
2026-08-17T01:43:58.671337+00:00,1786931038.671337,runtime,full,4,NVIDIA H100 80GB HBM3,66636.0,81559.0,14.0,176.05
2026-08-17T01:43:58.671337+00:00,1786931038.671337,runtime,full,5,NVIDIA H100 80GB HBM3,66730.0,81559.0,63.0,168.47
2026-08-17T01:43:58.671337+00:00,1786931038.671337,runtime,full,6,NVIDIA H100 80GB HBM3,66730.0,81559.0,21.0,159.08
2026-08-17T01:43:58.671337+00:00,1786931038.671337,runtime,full,7,NVIDIA H100 80GB HBM3,66250.0,81559.0,59.0,162.7
2026-08-17T01:44:01.494423+00:00,1786931041.494423,runtime,full,4,NVIDIA H100 80GB HBM3,66636.0,81559.0,8.0,176.41
2026-08-17T01:44:01.494423+00:00,1786931041.494423,runtime,full,5,NVIDIA H100 80GB HBM3,66730.0,81559.0,100.0,167.87
2026-08-17T01:44:01.494423+00:00,1786931041.494423,runtime,full,6,NVIDIA H100 80GB HBM3,66730.0,81559.0,99.0,159.7
2026-08-17T01:44:01.494423+00:00,1786931041.494423,runtime,full,7,NVIDIA H100 80GB HBM3,66250.0,81559.0,95.0,161.94
2026-08-17T01:44:04.003944+00:00,1786931044.003944,runtime,full,4,NVIDIA H100 80GB HBM3,66636.0,81559.0,10.0,174.73
2026-08-17T01:44:04.003944+00:00,1786931044.003944,runtime,full,5,NVIDIA H100 80GB HBM3,66730.0,81559.0,91.0,167.99
2026-08-17T01:44:04.003944+00:00,1786931044.003944,runtime,full,6,NVIDIA H100 80GB HBM3,66730.0,81559.0,100.0,159.46
2026-08-17T01:44:04.003944+00:00,1786931044.003944,runtime,full,7,NVIDIA H100 80GB HBM3,66250.0,81559.0,89.0,163.72
2026-08-17T01:44:06.599620+00:00,1786931046.59962,runtime,full,4,NVIDIA H100 80GB HBM3,66636.0,81559.0,10.0,175.38
2026-08-17T01:44:06.599620+00:00,1786931046.59962,runtime,full,5,NVIDIA H100 80GB HBM3,66730.0,81559.0,93.0,168.58
2026-08-17T01:44:06.599620+00:00,1786931046.59962,runtime,full,6,NVIDIA H100 80GB HBM3,66730.0,81559.0,91.0,159.94
2026-08-17T01:44:06.599620+00:00,1786931046.59962,runtime,full,7,NVIDIA H100 80GB HBM3,66250.0,81559.0,91.0,163.52
2026-08-17T01:44:09.256099+00:00,1786931049.256099,runtime,full,4,NVIDIA H100 80GB HBM3,66636.0,81559.0,100.0,175.99
2026-08-17T01:44:09.256099+00:00,1786931049.256099,runtime,full,5,NVIDIA H100 80GB HBM3,66730.0,81559.0,65.0,168.02
2026-08-17T01:44:09.256099+00:00,1786931049.256099,runtime,full,6,NVIDIA H100 80GB HBM3,66730.0,81559.0,80.0,158.65
2026-08-17T01:44:09.256099+00:00,1786931049.256099,runtime,full,7,NVIDIA H100 80GB HBM3,66250.0,81559.0,67.0,162.93
2026-08-17T01:44:11.660044+00:00,1786931051.660044,runtime,full,4,NVIDIA H100 80GB HBM3,66636.0,81559.0,9.0,175.67
2026-08-17T01:44:11.660044+00:00,1786931051.660044,runtime,full,5,NVIDIA H100 80GB HBM3,66730.0,81559.0,91.0,168.41
2026-08-17T01:44:11.660044+00:00,1786931051.660044,runtime,full,6,NVIDIA H100 80GB HBM3,66730.0,81559.0,91.0,159.19
2026-08-17T01:44:11.660044+00:00,1786931051.660044,runtime,full,7,NVIDIA H100 80GB HBM3,66250.0,81559.0,90.0,163.36
2026-08-17T01:44:14.403289+00:00,1786931054.403289,runtime,full,4,NVIDIA H100 80GB HBM3,66636.0,81559.0,10.0,175.88
2026-08-17T01:44:14.403289+00:00,1786931054.403289,runtime,full,5,NVIDIA H100 80GB HBM3,66730.0,81559.0,87.0,169.09
2026-08-17T01:44:14.403289+00:00,1786931054.403289,runtime,full,6,NVIDIA H100 80GB HBM3,66730.0,81559.0,91.0,158.99
2026-08-17T01:44:14.403289+00:00,1786931054.403289,runtime,full,7,NVIDIA H100 80GB HBM3,66250.0,81559.0,96.0,162.82
2026-08-17T01:44:17.058275+00:00,1786931057.058275,runtime,full,4,NVIDIA H100 80GB HBM3,66636.0,81559.0,10.0,175.4
2026-08-17T01:44:17.058275+00:00,1786931057.058275,runtime,full,5,NVIDIA H100 80GB HBM3,66730.0,81559.0,92.0,168.47
2026-08-17T01:44:17.058275+00:00,1786931057.058275,runtime,full,6,NVIDIA H100 80GB HBM3,66730.0,81559.0,91.0,159.29
2026-08-17T01:44:17.058275+00:00,1786931057.058275,runtime,full,7,NVIDIA H100 80GB HBM3,66250.0,81559.0,91.0,162.84
2026-08-17T01:44:19.702358+00:00,1786931059.702358,runtime,full,4,NVIDIA H100 80GB HBM3,66636.0,81559.0,10.0,175.44
2026-08-17T01:44:19.702358+00:00,1786931059.702358,runtime,full,5,NVIDIA H100 80GB HBM3,66730.0,81559.0,100.0,168.66
2026-08-17T01:44:19.702358+00:00,1786931059.702358,runtime,full,6,NVIDIA H100 80GB HBM3,66730.0,81559.0,98.0,159.24
2026-08-17T01:44:19.702358+00:00,1786931059.702358,runtime,full,7,NVIDIA H100 80GB HBM3,66250.0,81559.0,90.0,163.52
2026-08-17T01:44:22.233736+00:00,1786931062.233736,runtime,full,4,NVIDIA H100 80GB HBM3,66636.0,81559.0,10.0,175.37
2026-08-17T01:44:22.233736+00:00,1786931062.233736,runtime,full,5,NVIDIA H100 80GB HBM3,66730.0,81559.0,100.0,168.49
2026-08-17T01:44:22.233736+00:00,1786931062.233736,runtime,full,6,NVIDIA H100 80GB HBM3,66730.0,81559.0,99.0,158.89
2026-08-17T01:44:22.233736+00:00,1786931062.233736,runtime,full,7,NVIDIA H100 80GB HBM3,66250.0,81559.0,91.0,163.06
2026-08-17T01:44:24.835764+00:00,1786931064.835764,runtime,full,4,NVIDIA H100 80GB HBM3,66636.0,81559.0,10.0,176.15
2026-08-17T01:44:24.835764+00:00,1786931064.835764,runtime,full,5,NVIDIA H100 80GB HBM3,66730.0,81559.0,100.0,168.56
2026-08-17T01:44:24.835764+00:00,1786931064.835764,runtime,full,6,NVIDIA H100 80GB HBM3,66730.0,81559.0,94.0,159.37
2026-08-17T01:44:24.835764+00:00,1786931064.835764,runtime,full,7,NVIDIA H100 80GB HBM3,66250.0,81559.0,90.0,163.21
2026-08-17T01:44:27.504163+00:00,1786931067.504163,runtime,full,4,NVIDIA H100 80GB HBM3,66636.0,81559.0,10.0,175.58
2026-08-17T01:44:27.504163+00:00,1786931067.504163,runtime,full,5,NVIDIA H100 80GB HBM3,66730.0,81559.0,87.0,168.62
2026-08-17T01:44:27.504163+00:00,1786931067.504163,runtime,full,6,NVIDIA H100 80GB HBM3,66730.0,81559.0,93.0,159.18
2026-08-17T01:44:27.504163+00:00,1786931067.504163,runtime,full,7,NVIDIA H100 80GB HBM3,66250.0,81559.0,85.0,163.74
2026-08-17T01:44:30.178068+00:00,1786931070.178068,runtime,full,4,NVIDIA H100 80GB HBM3,66636.0,81559.0,10.0,175.64
2026-08-17T01:44:30.178068+00:00,1786931070.178068,runtime,full,5,NVIDIA H100 80GB HBM3,66730.0,81559.0,92.0,168.51
2026-08-17T01:44:30.178068+00:00,1786931070.178068,runtime,full,6,NVIDIA H100 80GB HBM3,66730.0,81559.0,91.0,159.42
2026-08-17T01:44:30.178068+00:00,1786931070.178068,runtime,full,7,NVIDIA H100 80GB HBM3,66250.0,81559.0,89.0,163.39
2026-08-17T01:44:32.870927+00:00,1786931072.870927,runtime,full,4,NVIDIA H100 80GB HBM3,66636.0,81559.0,10.0,175.46
2026-08-17T01:44:32.870927+00:00,1786931072.870927,runtime,full,5,NVIDIA H100 80GB HBM3,66730.0,81559.0,93.0,168.48
2026-08-17T01:44:32.870927+00:00,1786931072.870927,runtime,full,6,NVIDIA H100 80GB HBM3,66730.0,81559.0,82.0,159.35
2026-08-17T01:44:32.870927+00:00,1786931072.870927,runtime,full,7,NVIDIA H100 80GB HBM3,66250.0,81559.0,91.0,163.74
2026-08-17T01:44:35.467926+00:00,1786931075.467926,runtime,full,4,NVIDIA H100 80GB HBM3,66636.0,81559.0,10.0,175.73
2026-08-17T01:44:35.467926+00:00,1786931075.467926,runtime,full,5,NVIDIA H100 80GB HBM3,66730.0,81559.0,89.0,168.67
2026-08-17T01:44:35.467926+00:00,1786931075.467926,runtime,full,6,NVIDIA H100 80GB HBM3,66730.0,81559.0,98.0,159.64
2026-08-17T01:44:35.467926+00:00,1786931075.467926,runtime,full,7,NVIDIA H100 80GB HBM3,66250.0,81559.0,89.0,162.98
2026-08-17T01:44:38.078107+00:00,1786931078.078107,runtime,full,4,NVIDIA H100 80GB HBM3,66636.0,81559.0,10.0,175.72
2026-08-17T01:44:38.078107+00:00,1786931078.078107,runtime,full,5,NVIDIA H100 80GB HBM3,66730.0,81559.0,100.0,168.51
2026-08-17T01:44:38.078107+00:00,1786931078.078107,runtime,full,6,NVIDIA H100 80GB HBM3,66730.0,81559.0,95.0,158.75
2026-08-17T01:44:38.078107+00:00,1786931078.078107,runtime,full,7,NVIDIA H100 80GB HBM3,66250.0,81559.0,90.0,163.63
2026-08-17T01:44:40.678930+00:00,1786931080.67893,runtime,full,4,NVIDIA H100 80GB HBM3,66636.0,81559.0,10.0,175.35
2026-08-17T01:44:40.678930+00:00,1786931080.67893,runtime,full,5,NVIDIA H100 80GB HBM3,66730.0,81559.0,99.0,168.61
2026-08-17T01:44:40.678930+00:00,1786931080.67893,runtime,full,6,NVIDIA H100 80GB HBM3,66730.0,81559.0,88.0,159.75
2026-08-17T01:44:40.678930+00:00,1786931080.67893,runtime,full,7,NVIDIA H100 80GB HBM3,66250.0,81559.0,96.0,163.66
2026-08-17T01:44:43.306966+00:00,1786931083.306966,runtime,full,4,NVIDIA H100 80GB HBM3,66636.0,81559.0,10.0,175.72
2026-08-17T01:44:43.306966+00:00,1786931083.306966,runtime,full,5,NVIDIA H100 80GB HBM3,66730.0,81559.0,93.0,168.83
2026-08-17T01:44:43.306966+00:00,1786931083.306966,runtime,full,6,NVIDIA H100 80GB HBM3,66730.0,81559.0,89.0,159.04
2026-08-17T01:44:43.306966+00:00,1786931083.306966,runtime,full,7,NVIDIA H100 80GB HBM3,66250.0,81559.0,91.0,163.24
2026-08-17T01:44:46.002720+00:00,1786931086.00272,runtime,full,4,NVIDIA H100 80GB HBM3,66636.0,81559.0,10.0,175.93
2026-08-17T01:44:46.002720+00:00,1786931086.00272,runtime,full,5,NVIDIA H100 80GB HBM3,66730.0,81559.0,92.0,168.62
2026-08-17T01:44:46.002720+00:00,1786931086.00272,runtime,full,6,NVIDIA H100 80GB HBM3,66730.0,81559.0,98.0,159.65
2026-08-17T01:44:46.002720+00:00,1786931086.00272,runtime,full,7,NVIDIA H100 80GB HBM3,66250.0,81559.0,90.0,162.91
2026-08-17T01:44:48.639705+00:00,1786931088.639705,runtime,full,4,NVIDIA H100 80GB HBM3,66636.0,81559.0,10.0,175.8
2026-08-17T01:44:48.639705+00:00,1786931088.639705,runtime,full,5,NVIDIA H100 80GB HBM3,66730.0,81559.0,90.0,168.88
2026-08-17T01:44:48.639705+00:00,1786931088.639705,runtime,full,6,NVIDIA H100 80GB HBM3,66730.0,81559.0,90.0,160.18
2026-08-17T01:44:48.639705+00:00,1786931088.639705,runtime,full,7,NVIDIA H100 80GB HBM3,66250.0,81559.0,92.0,163.53
2026-08-17T01:44:51.299059+00:00,1786931091.299059,runtime,full,4,NVIDIA H100 80GB HBM3,66636.0,81559.0,10.0,175.34
2026-08-17T01:44:51.299059+00:00,1786931091.299059,runtime,full,5,NVIDIA H100 80GB HBM3,66730.0,81559.0,88.0,168.84
2026-08-17T01:44:51.299059+00:00,1786931091.299059,runtime,full,6,NVIDIA H100 80GB HBM3,66730.0,81559.0,86.0,159.75
2026-08-17T01:44:51.299059+00:00,1786931091.299059,runtime,full,7,NVIDIA H100 80GB HBM3,66250.0,81559.0,97.0,163.36
2026-08-17T01:44:53.898375+00:00,1786931093.898375,runtime,full,4,NVIDIA H100 80GB HBM3,66636.0,81559.0,10.0,175.05
2026-08-17T01:44:53.898375+00:00,1786931093.898375,runtime,full,5,NVIDIA H100 80GB HBM3,66730.0,81559.0,92.0,168.64
2026-08-17T01:44:53.898375+00:00,1786931093.898375,runtime,full,6,NVIDIA H100 80GB HBM3,66730.0,81559.0,88.0,159.34
2026-08-17T01:44:53.898375+00:00,1786931093.898375,runtime,full,7,NVIDIA H100 80GB HBM3,66250.0,81559.0,88.0,163.18
2026-08-17T01:44:56.500689+00:00,1786931096.500689,runtime,full,4,NVIDIA H100 80GB HBM3,66636.0,81559.0,10.0,175.39
2026-08-17T01:44:56.500689+00:00,1786931096.500689,runtime,full,5,NVIDIA H100 80GB HBM3,66730.0,81559.0,93.0,168.73
2026-08-17T01:44:56.500689+00:00,1786931096.500689,runtime,full,6,NVIDIA H100 80GB HBM3,66730.0,81559.0,93.0,159.56
2026-08-17T01:44:56.500689+00:00,1786931096.500689,runtime,full,7,NVIDIA H100 80GB HBM3,66250.0,81559.0,89.0,163.53
2026-08-17T01:44:59.159661+00:00,1786931099.159661,runtime,full,4,NVIDIA H100 80GB HBM3,66636.0,81559.0,10.0,175.55
2026-08-17T01:44:59.159661+00:00,1786931099.159661,runtime,full,5,NVIDIA H100 80GB HBM3,66730.0,81559.0,91.0,168.79
2026-08-17T01:44:59.159661+00:00,1786931099.159661,runtime,full,6,NVIDIA H100 80GB HBM3,66730.0,81559.0,88.0,159.33
2026-08-17T01:44:59.159661+00:00,1786931099.159661,runtime,full,7,NVIDIA H100 80GB HBM3,66250.0,81559.0,88.0,162.96
2026-08-17T01:45:01.598047+00:00,1786931101.598047,runtime,full,4,NVIDIA H100 80GB HBM3,66636.0,81559.0,9.0,175.19
2026-08-17T01:45:01.598047+00:00,1786931101.598047,runtime,full,5,NVIDIA H100 80GB HBM3,66730.0,81559.0,100.0,169.05
2026-08-17T01:45:01.598047+00:00,1786931101.598047,runtime,full,6,NVIDIA H100 80GB HBM3,66730.0,81559.0,99.0,158.93
2026-08-17T01:45:01.598047+00:00,1786931101.598047,runtime,full,7,NVIDIA H100 80GB HBM3,66250.0,81559.0,91.0,162.77
2026-08-17T01:45:04.101282+00:00,1786931104.101282,runtime,full,4,NVIDIA H100 80GB HBM3,66636.0,81559.0,10.0,175.64
2026-08-17T01:45:04.101282+00:00,1786931104.101282,runtime,full,5,NVIDIA H100 80GB HBM3,66730.0,81559.0,96.0,168.5
2026-08-17T01:45:04.101282+00:00,1786931104.101282,runtime,full,6,NVIDIA H100 80GB HBM3,66730.0,81559.0,99.0,159.35
2026-08-17T01:45:04.101282+00:00,1786931104.101282,runtime,full,7,NVIDIA H100 80GB HBM3,66250.0,81559.0,91.0,163.04
2026-08-17T01:45:06.745044+00:00,1786931106.745044,runtime,full,4,NVIDIA H100 80GB HBM3,66636.0,81559.0,10.0,175.67
2026-08-17T01:45:06.745044+00:00,1786931106.745044,runtime,full,5,NVIDIA H100 80GB HBM3,66730.0,81559.0,100.0,168.88
2026-08-17T01:45:06.745044+00:00,1786931106.745044,runtime,full,6,NVIDIA H100 80GB HBM3,66730.0,81559.0,100.0,159.79
2026-08-17T01:45:06.745044+00:00,1786931106.745044,runtime,full,7,NVIDIA H100 80GB HBM3,66250.0,81559.0,92.0,163.91
2026-08-17T01:45:09.251515+00:00,1786931109.251515,runtime,full,4,NVIDIA H100 80GB HBM3,66636.0,81559.0,81.0,176.23
2026-08-17T01:45:09.251515+00:00,1786931109.251515,runtime,full,5,NVIDIA H100 80GB HBM3,66730.0,81559.0,78.0,168.27
2026-08-17T01:45:09.251515+00:00,1786931109.251515,runtime,full,6,NVIDIA H100 80GB HBM3,66730.0,81559.0,100.0,159.29
2026-08-17T01:45:09.251515+00:00,1786931109.251515,runtime,full,7,NVIDIA H100 80GB HBM3,66250.0,81559.0,90.0,162.84
2026-08-17T01:45:11.756788+00:00,1786931111.756788,runtime,full,4,NVIDIA H100 80GB HBM3,66636.0,81559.0,9.0,175.47
2026-08-17T01:45:11.756788+00:00,1786931111.756788,runtime,full,5,NVIDIA H100 80GB HBM3,66730.0,81559.0,88.0,168.97
2026-08-17T01:45:11.756788+00:00,1786931111.756788,runtime,full,6,NVIDIA H100 80GB HBM3,66730.0,81559.0,80.0,159.48
2026-08-17T01:45:11.756788+00:00,1786931111.756788,runtime,full,7,NVIDIA H100 80GB HBM3,66250.0,81559.0,82.0,162.85
2026-08-17T01:45:14.198832+00:00,1786931114.198832,runtime,full,4,NVIDIA H100 80GB HBM3,66636.0,81559.0,10.0,175.35
2026-08-17T01:45:14.198832+00:00,1786931114.198832,runtime,full,5,NVIDIA H100 80GB HBM3,66730.0,81559.0,95.0,168.62
2026-08-17T01:45:14.198832+00:00,1786931114.198832,runtime,full,6,NVIDIA H100 80GB HBM3,66730.0,81559.0,94.0,159.45
2026-08-17T01:45:14.198832+00:00,1786931114.198832,runtime,full,7,NVIDIA H100 80GB HBM3,66250.0,81559.0,94.0,162.71
2026-08-17T01:45:16.797152+00:00,1786931116.797152,runtime,full,4,NVIDIA H100 80GB HBM3,66636.0,81559.0,10.0,175.34
2026-08-17T01:45:16.797152+00:00,1786931116.797152,runtime,full,5,NVIDIA H100 80GB HBM3,66730.0,81559.0,96.0,169.68
2026-08-17T01:45:16.797152+00:00,1786931116.797152,runtime,full,6,NVIDIA H100 80GB HBM3,66730.0,81559.0,85.0,159.65
2026-08-17T01:45:16.797152+00:00,1786931116.797152,runtime,full,7,NVIDIA H100 80GB HBM3,66250.0,81559.0,84.0,164.26
2026-08-17T01:45:19.451912+00:00,1786931119.451912,runtime,full,4,NVIDIA H100 80GB HBM3,66636.0,81559.0,10.0,175.6
2026-08-17T01:45:19.451912+00:00,1786931119.451912,runtime,full,5,NVIDIA H100 80GB HBM3,66730.0,81559.0,92.0,169.06
2026-08-17T01:45:19.451912+00:00,1786931119.451912,runtime,full,6,NVIDIA H100 80GB HBM3,66730.0,81559.0,90.0,159.56
2026-08-17T01:45:19.451912+00:00,1786931119.451912,runtime,full,7,NVIDIA H100 80GB HBM3,66250.0,81559.0,89.0,163.3
2026-08-17T01:45:22.107301+00:00,1786931122.107301,runtime,full,4,NVIDIA H100 80GB HBM3,66636.0,81559.0,10.0,175.16
2026-08-17T01:45:22.107301+00:00,1786931122.107301,runtime,full,5,NVIDIA H100 80GB HBM3,66730.0,81559.0,84.0,168.94
2026-08-17T01:45:22.107301+00:00,1786931122.107301,runtime,full,6,NVIDIA H100 80GB HBM3,66730.0,81559.0,91.0,159.51
2026-08-17T01:45:22.107301+00:00,1786931122.107301,runtime,full,7,NVIDIA H100 80GB HBM3,66250.0,81559.0,99.0,163.35
2026-08-17T01:45:24.769680+00:00,1786931124.76968,runtime,full,4,NVIDIA H100 80GB HBM3,66636.0,81559.0,10.0,175.43
2026-08-17T01:45:24.769680+00:00,1786931124.76968,runtime,full,5,NVIDIA H100 80GB HBM3,66730.0,81559.0,97.0,168.96
2026-08-17T01:45:24.769680+00:00,1786931124.76968,runtime,full,6,NVIDIA H100 80GB HBM3,66730.0,81559.0,100.0,159.14
2026-08-17T01:45:24.769680+00:00,1786931124.76968,runtime,full,7,NVIDIA H100 80GB HBM3,66250.0,81559.0,100.0,163.77
2026-08-17T01:45:27.448704+00:00,1786931127.448704,runtime,full,4,NVIDIA H100 80GB HBM3,66636.0,81559.0,10.0,175.3
2026-08-17T01:45:27.448704+00:00,1786931127.448704,runtime,full,5,NVIDIA H100 80GB HBM3,66730.0,81559.0,100.0,168.75
2026-08-17T01:45:27.448704+00:00,1786931127.448704,runtime,full,6,NVIDIA H100 80GB HBM3,66730.0,81559.0,100.0,159.93
2026-08-17T01:45:27.448704+00:00,1786931127.448704,runtime,full,7,NVIDIA H100 80GB HBM3,66250.0,81559.0,90.0,163.58
2026-08-17T01:45:30.069975+00:00,1786931130.069975,runtime,full,4,NVIDIA H100 80GB HBM3,66636.0,81559.0,10.0,175.31
2026-08-17T01:45:30.069975+00:00,1786931130.069975,runtime,full,5,NVIDIA H100 80GB HBM3,66730.0,81559.0,100.0,168.9
2026-08-17T01:45:30.069975+00:00,1786931130.069975,runtime,full,6,NVIDIA H100 80GB HBM3,66730.0,81559.0,89.0,160.02
2026-08-17T01:45:30.069975+00:00,1786931130.069975,runtime,full,7,NVIDIA H100 80GB HBM3,66250.0,81559.0,80.0,163.03
2026-08-17T01:45:32.727243+00:00,1786931132.727243,runtime,full,4,NVIDIA H100 80GB HBM3,66636.0,81559.0,10.0,176.16
2026-08-17T01:45:32.727243+00:00,1786931132.727243,runtime,full,5,NVIDIA H100 80GB HBM3,66730.0,81559.0,97.0,168.73
2026-08-17T01:45:32.727243+00:00,1786931132.727243,runtime,full,6,NVIDIA H100 80GB HBM3,66730.0,81559.0,90.0,159.73
2026-08-17T01:45:32.727243+00:00,1786931132.727243,runtime,full,7,NVIDIA H100 80GB HBM3,66250.0,81559.0,90.0,163.43
2026-08-17T01:45:35.297445+00:00,1786931135.297445,runtime,full,4,NVIDIA H100 80GB HBM3,66636.0,81559.0,10.0,175.6
2026-08-17T01:45:35.297445+00:00,1786931135.297445,runtime,full,5,NVIDIA H100 80GB HBM3,66730.0,81559.0,100.0,169.66
2026-08-17T01:45:35.297445+00:00,1786931135.297445,runtime,full,6,NVIDIA H100 80GB HBM3,66730.0,81559.0,87.0,159.24
2026-08-17T01:45:35.297445+00:00,1786931135.297445,runtime,full,7,NVIDIA H100 80GB HBM3,66250.0,81559.0,90.0,162.97
2026-08-17T01:45:37.605220+00:00,1786931137.60522,runtime,full,4,NVIDIA H100 80GB HBM3,66636.0,81559.0,91.0,176.12
2026-08-17T01:45:37.605220+00:00,1786931137.60522,runtime,full,5,NVIDIA H100 80GB HBM3,66730.0,81559.0,100.0,168.42
2026-08-17T01:45:37.605220+00:00,1786931137.60522,runtime,full,6,NVIDIA H100 80GB HBM3,66730.0,81559.0,9.0,158.18
2026-08-17T01:45:37.605220+00:00,1786931137.60522,runtime,full,7,NVIDIA H100 80GB HBM3,66250.0,81559.0,100.0,162.27
2026-08-17T01:45:40.197713+00:00,1786931140.197713,runtime,full,4,NVIDIA H100 80GB HBM3,66636.0,81559.0,10.0,176.29
2026-08-17T01:45:40.197713+00:00,1786931140.197713,runtime,full,5,NVIDIA H100 80GB HBM3,66730.0,81559.0,93.0,169.09
2026-08-17T01:45:40.197713+00:00,1786931140.197713,runtime,full,6,NVIDIA H100 80GB HBM3,66730.0,81559.0,95.0,159.72
2026-08-17T01:45:40.197713+00:00,1786931140.197713,runtime,full,7,NVIDIA H100 80GB HBM3,66250.0,81559.0,91.0,164.67
2026-08-17T01:45:42.794363+00:00,1786931142.794363,runtime,full,4,NVIDIA H100 80GB HBM3,66636.0,81559.0,10.0,175.81
2026-08-17T01:45:42.794363+00:00,1786931142.794363,runtime,full,5,NVIDIA H100 80GB HBM3,66730.0,81559.0,93.0,169.1
2026-08-17T01:45:42.794363+00:00,1786931142.794363,runtime,full,6,NVIDIA H100 80GB HBM3,66730.0,81559.0,87.0,159.24
2026-08-17T01:45:42.794363+00:00,1786931142.794363,runtime,full,7,NVIDIA H100 80GB HBM3,66250.0,81559.0,91.0,163.4
2026-08-17T01:45:45.498692+00:00,1786931145.498692,runtime,full,4,NVIDIA H100 80GB HBM3,66636.0,81559.0,9.0,175.3
2026-08-17T01:45:45.498692+00:00,1786931145.498692,runtime,full,5,NVIDIA H100 80GB HBM3,66730.0,81559.0,93.0,168.79
2026-08-17T01:45:45.498692+00:00,1786931145.498692,runtime,full,6,NVIDIA H100 80GB HBM3,66730.0,81559.0,87.0,159.4
2026-08-17T01:45:45.498692+00:00,1786931145.498692,runtime,full,7,NVIDIA H100 80GB HBM3,66250.0,81559.0,91.0,163.11
2026-08-17T01:45:48.138755+00:00,1786931148.138755,runtime,full,4,NVIDIA H100 80GB HBM3,66636.0,81559.0,10.0,175.9
2026-08-17T01:45:48.138755+00:00,1786931148.138755,runtime,full,5,NVIDIA H100 80GB HBM3,66730.0,81559.0,86.0,169.37
2026-08-17T01:45:48.138755+00:00,1786931148.138755,runtime,full,6,NVIDIA H100 80GB HBM3,66730.0,81559.0,69.0,159.44
2026-08-17T01:45:48.138755+00:00,1786931148.138755,runtime,full,7,NVIDIA H100 80GB HBM3,66250.0,81559.0,97.0,163.69
2026-08-17T01:45:50.768067+00:00,1786931150.768067,runtime,full,4,NVIDIA H100 80GB HBM3,66636.0,81559.0,10.0,175.54
2026-08-17T01:45:50.768067+00:00,1786931150.768067,runtime,full,5,NVIDIA H100 80GB HBM3,66730.0,81559.0,84.0,169.5
2026-08-17T01:45:50.768067+00:00,1786931150.768067,runtime,full,6,NVIDIA H100 80GB HBM3,66730.0,81559.0,51.0,158.98
2026-08-17T01:45:50.768067+00:00,1786931150.768067,runtime,full,7,NVIDIA H100 80GB HBM3,66250.0,81559.0,77.0,163.56
2026-08-17T01:45:53.456913+00:00,1786931153.456913,runtime,full,4,NVIDIA H100 80GB HBM3,66636.0,81559.0,10.0,175.52
2026-08-17T01:45:53.456913+00:00,1786931153.456913,runtime,full,5,NVIDIA H100 80GB HBM3,66730.0,81559.0,91.0,169.27
2026-08-17T01:45:53.456913+00:00,1786931153.456913,runtime,full,6,NVIDIA H100 80GB HBM3,66730.0,81559.0,85.0,159.77
2026-08-17T01:45:53.456913+00:00,1786931153.456913,runtime,full,7,NVIDIA H100 80GB HBM3,66250.0,81559.0,89.0,163.67
2026-08-17T01:45:56.045172+00:00,1786931156.045172,runtime,full,4,NVIDIA H100 80GB HBM3,66636.0,81559.0,10.0,176.35
2026-08-17T01:45:56.045172+00:00,1786931156.045172,runtime,full,5,NVIDIA H100 80GB HBM3,66730.0,81559.0,100.0,169.79
2026-08-17T01:45:56.045172+00:00,1786931156.045172,runtime,full,6,NVIDIA H100 80GB HBM3,66730.0,81559.0,95.0,159.38
2026-08-17T01:45:56.045172+00:00,1786931156.045172,runtime,full,7,NVIDIA H100 80GB HBM3,66250.0,81559.0,88.0,163.03
2026-08-17T01:45:58.754096+00:00,1786931158.754096,runtime,full,4,NVIDIA H100 80GB HBM3,66636.0,81559.0,9.0,175.39
2026-08-17T01:45:58.754096+00:00,1786931158.754096,runtime,full,5,NVIDIA H100 80GB HBM3,66730.0,81559.0,95.0,169.46
2026-08-17T01:45:58.754096+00:00,1786931158.754096,runtime,full,6,NVIDIA H100 80GB HBM3,66730.0,81559.0,93.0,159.38
2026-08-17T01:45:58.754096+00:00,1786931158.754096,runtime,full,7,NVIDIA H100 80GB HBM3,66250.0,81559.0,91.0,163.61
2026-08-17T01:46:01.406868+00:00,1786931161.406868,runtime,full,4,NVIDIA H100 80GB HBM3,66636.0,81559.0,10.0,176.04
2026-08-17T01:46:01.406868+00:00,1786931161.406868,runtime,full,5,NVIDIA H100 80GB HBM3,66730.0,81559.0,91.0,168.82
2026-08-17T01:46:01.406868+00:00,1786931161.406868,runtime,full,6,NVIDIA H100 80GB HBM3,66730.0,81559.0,86.0,160.01
2026-08-17T01:46:01.406868+00:00,1786931161.406868,runtime,full,7,NVIDIA H100 80GB HBM3,66250.0,81559.0,86.0,163.78
2026-08-17T01:46:04.071153+00:00,1786931164.071153,runtime,full,4,NVIDIA H100 80GB HBM3,66636.0,81559.0,10.0,176.32
2026-08-17T01:46:04.071153+00:00,1786931164.071153,runtime,full,5,NVIDIA H100 80GB HBM3,66730.0,81559.0,92.0,168.9
2026-08-17T01:46:04.071153+00:00,1786931164.071153,runtime,full,6,NVIDIA H100 80GB HBM3,66730.0,81559.0,86.0,159.62
2026-08-17T01:46:04.071153+00:00,1786931164.071153,runtime,full,7,NVIDIA H100 80GB HBM3,66250.0,81559.0,88.0,163.11
2026-08-17T01:46:06.666722+00:00,1786931166.666722,runtime,full,4,NVIDIA H100 80GB HBM3,66636.0,81559.0,10.0,175.52
2026-08-17T01:46:06.666722+00:00,1786931166.666722,runtime,full,5,NVIDIA H100 80GB HBM3,66730.0,81559.0,91.0,169.85
2026-08-17T01:46:06.666722+00:00,1786931166.666722,runtime,full,6,NVIDIA H100 80GB HBM3,66730.0,81559.0,85.0,159.94
2026-08-17T01:46:06.666722+00:00,1786931166.666722,runtime,full,7,NVIDIA H100 80GB HBM3,66250.0,81559.0,88.0,163.77
2026-08-17T01:46:09.364764+00:00,1786931169.364764,runtime,full,4,NVIDIA H100 80GB HBM3,66636.0,81559.0,10.0,176.43
2026-08-17T01:46:09.364764+00:00,1786931169.364764,runtime,full,5,NVIDIA H100 80GB HBM3,66730.0,81559.0,92.0,169.73
2026-08-17T01:46:09.364764+00:00,1786931169.364764,runtime,full,6,NVIDIA H100 80GB HBM3,66730.0,81559.0,90.0,159.41
2026-08-17T01:46:09.364764+00:00,1786931169.364764,runtime,full,7,NVIDIA H100 80GB HBM3,66250.0,81559.0,91.0,162.62
2026-08-17T01:46:12.050995+00:00,1786931172.050995,runtime,full,4,NVIDIA H100 80GB HBM3,66636.0,81559.0,9.0,175.45
2026-08-17T01:46:12.050995+00:00,1786931172.050995,runtime,full,5,NVIDIA H100 80GB HBM3,66730.0,81559.0,100.0,168.88
2026-08-17T01:46:12.050995+00:00,1786931172.050995,runtime,full,6,NVIDIA H100 80GB HBM3,66730.0,81559.0,100.0,159.48
2026-08-17T01:46:12.050995+00:00,1786931172.050995,runtime,full,7,NVIDIA H100 80GB HBM3,66250.0,81559.0,95.0,163.23
2026-08-17T01:46:14.489993+00:00,1786931174.489993,runtime,full,4,NVIDIA H100 80GB HBM3,66636.0,81559.0,10.0,175.78
2026-08-17T01:46:14.489993+00:00,1786931174.489993,runtime,full,5,NVIDIA H100 80GB HBM3,66730.0,81559.0,92.0,169.8
2026-08-17T01:46:14.489993+00:00,1786931174.489993,runtime,full,6,NVIDIA H100 80GB HBM3,66730.0,81559.0,99.0,159.99
2026-08-17T01:46:14.489993+00:00,1786931174.489993,runtime,full,7,NVIDIA H100 80GB HBM3,66250.0,81559.0,90.0,163.46
2026-08-17T01:46:17.056403+00:00,1786931177.056403,runtime,full,4,NVIDIA H100 80GB HBM3,66636.0,81559.0,10.0,176.12
2026-08-17T01:46:17.056403+00:00,1786931177.056403,runtime,full,5,NVIDIA H100 80GB HBM3,66730.0,81559.0,92.0,169.38
2026-08-17T01:46:17.056403+00:00,1786931177.056403,runtime,full,6,NVIDIA H100 80GB HBM3,66730.0,81559.0,90.0,159.9
2026-08-17T01:46:17.056403+00:00,1786931177.056403,runtime,full,7,NVIDIA H100 80GB HBM3,66250.0,81559.0,91.0,163.16
2026-08-17T01:46:19.408976+00:00,1786931179.408976,runtime,full,4,NVIDIA H100 80GB HBM3,66636.0,81559.0,10.0,175.71
2026-08-17T01:46:19.408976+00:00,1786931179.408976,runtime,full,5,NVIDIA H100 80GB HBM3,66730.0,81559.0,92.0,169.32
2026-08-17T01:46:19.408976+00:00,1786931179.408976,runtime,full,6,NVIDIA H100 80GB HBM3,66730.0,81559.0,88.0,159.76
2026-08-17T01:46:19.408976+00:00,1786931179.408976,runtime,full,7,NVIDIA H100 80GB HBM3,66250.0,81559.0,100.0,163.33
2026-08-17T01:46:22.267716+00:00,1786931182.267716,runtime,full,4,NVIDIA H100 80GB HBM3,66636.0,81559.0,10.0,175.84
2026-08-17T01:46:22.267716+00:00,1786931182.267716,runtime,full,5,NVIDIA H100 80GB HBM3,66730.0,81559.0,92.0,169.84
2026-08-17T01:46:22.267716+00:00,1786931182.267716,runtime,full,6,NVIDIA H100 80GB HBM3,66730.0,81559.0,95.0,159.57
2026-08-17T01:46:22.267716+00:00,1786931182.267716,runtime,full,7,NVIDIA H100 80GB HBM3,66250.0,81559.0,100.0,163.56
2026-08-17T01:46:24.994741+00:00,1786931184.994741,runtime,full,4,NVIDIA H100 80GB HBM3,66636.0,81559.0,10.0,176.7
2026-08-17T01:46:24.994741+00:00,1786931184.994741,runtime,full,5,NVIDIA H100 80GB HBM3,66730.0,81559.0,92.0,169.4
2026-08-17T01:46:24.994741+00:00,1786931184.994741,runtime,full,6,NVIDIA H100 80GB HBM3,66730.0,81559.0,93.0,159.43
2026-08-17T01:46:24.994741+00:00,1786931184.994741,runtime,full,7,NVIDIA H100 80GB HBM3,66250.0,81559.0,100.0,163.71
2026-08-17T01:46:27.569518+00:00,1786931187.569518,runtime,full,4,NVIDIA H100 80GB HBM3,66636.0,81559.0,9.0,176.14
2026-08-17T01:46:27.569518+00:00,1786931187.569518,runtime,full,5,NVIDIA H100 80GB HBM3,66730.0,81559.0,93.0,170.05
2026-08-17T01:46:27.569518+00:00,1786931187.569518,runtime,full,6,NVIDIA H100 80GB HBM3,66730.0,81559.0,91.0,160.23
2026-08-17T01:46:27.569518+00:00,1786931187.569518,runtime,full,7,NVIDIA H100 80GB HBM3,66250.0,81559.0,92.0,163.42
2026-08-17T01:46:30.179301+00:00,1786931190.179301,runtime,full,4,NVIDIA H100 80GB HBM3,66636.0,81559.0,10.0,175.72
2026-08-17T01:46:30.179301+00:00,1786931190.179301,runtime,full,5,NVIDIA H100 80GB HBM3,66730.0,81559.0,91.0,169.34
2026-08-17T01:46:30.179301+00:00,1786931190.179301,runtime,full,6,NVIDIA H100 80GB HBM3,66730.0,81559.0,87.0,159.89
2026-08-17T01:46:30.179301+00:00,1786931190.179301,runtime,full,7,NVIDIA H100 80GB HBM3,66250.0,81559.0,89.0,163.73
2026-08-17T01:46:32.770495+00:00,1786931192.770495,runtime,full,4,NVIDIA H100 80GB HBM3,66636.0,81559.0,10.0,175.77
2026-08-17T01:46:32.770495+00:00,1786931192.770495,runtime,full,5,NVIDIA H100 80GB HBM3,66730.0,81559.0,100.0,169.09
2026-08-17T01:46:32.770495+00:00,1786931192.770495,runtime,full,6,NVIDIA H100 80GB HBM3,66730.0,81559.0,100.0,159.57
2026-08-17T01:46:32.770495+00:00,1786931192.770495,runtime,full,7,NVIDIA H100 80GB HBM3,66250.0,81559.0,92.0,163.24
2026-08-17T01:46:35.505525+00:00,1786931195.505525,runtime,full,4,NVIDIA H100 80GB HBM3,66636.0,81559.0,10.0,175.47
2026-08-17T01:46:35.505525+00:00,1786931195.505525,runtime,full,5,NVIDIA H100 80GB HBM3,66730.0,81559.0,99.0,169.36
2026-08-17T01:46:35.505525+00:00,1786931195.505525,runtime,full,6,NVIDIA H100 80GB HBM3,66730.0,81559.0,100.0,159.7
2026-08-17T01:46:35.505525+00:00,1786931195.505525,runtime,full,7,NVIDIA H100 80GB HBM3,66250.0,81559.0,98.0,164.15
2026-08-17T01:46:38.224178+00:00,1786931198.224178,runtime,full,4,NVIDIA H100 80GB HBM3,66636.0,81559.0,10.0,175.79
2026-08-17T01:46:38.224178+00:00,1786931198.224178,runtime,full,5,NVIDIA H100 80GB HBM3,66730.0,81559.0,93.0,169.36
2026-08-17T01:46:38.224178+00:00,1786931198.224178,runtime,full,6,NVIDIA H100 80GB HBM3,66730.0,81559.0,88.0,159.96
2026-08-17T01:46:38.224178+00:00,1786931198.224178,runtime,full,7,NVIDIA H100 80GB HBM3,66250.0,81559.0,92.0,163.99
2026-08-17T01:46:40.905214+00:00,1786931200.905214,runtime,full,4,NVIDIA H100 80GB HBM3,66636.0,81559.0,10.0,175.61
2026-08-17T01:46:40.905214+00:00,1786931200.905214,runtime,full,5,NVIDIA H100 80GB HBM3,66730.0,81559.0,86.0,169.37
2026-08-17T01:46:40.905214+00:00,1786931200.905214,runtime,full,6,NVIDIA H100 80GB HBM3,66730.0,81559.0,34.0,159.78
2026-08-17T01:46:40.905214+00:00,1786931200.905214,runtime,full,7,NVIDIA H100 80GB HBM3,66250.0,81559.0,77.0,163.17
2026-08-17T01:46:43.503129+00:00,1786931203.503129,runtime,full,4,NVIDIA H100 80GB HBM3,66636.0,81559.0,10.0,176.12
2026-08-17T01:46:43.503129+00:00,1786931203.503129,runtime,full,5,NVIDIA H100 80GB HBM3,66730.0,81559.0,90.0,170.31
2026-08-17T01:46:43.503129+00:00,1786931203.503129,runtime,full,6,NVIDIA H100 80GB HBM3,66730.0,81559.0,52.0,159.24
2026-08-17T01:46:43.503129+00:00,1786931203.503129,runtime,full,7,NVIDIA H100 80GB HBM3,66250.0,81559.0,79.0,163.59
2026-08-17T01:46:46.098600+00:00,1786931206.0986,runtime,full,4,NVIDIA H100 80GB HBM3,66636.0,81559.0,10.0,175.83
2026-08-17T01:46:46.098600+00:00,1786931206.0986,runtime,full,5,NVIDIA H100 80GB HBM3,66730.0,81559.0,98.0,169.36
2026-08-17T01:46:46.098600+00:00,1786931206.0986,runtime,full,6,NVIDIA H100 80GB HBM3,66730.0,81559.0,44.0,159.2
2026-08-17T01:46:46.098600+00:00,1786931206.0986,runtime,full,7,NVIDIA H100 80GB HBM3,66250.0,81559.0,80.0,163.8
2026-08-17T01:46:48.570014+00:00,1786931208.570014,runtime,full,4,NVIDIA H100 80GB HBM3,66636.0,81559.0,10.0,176.11
2026-08-17T01:46:48.570014+00:00,1786931208.570014,runtime,full,5,NVIDIA H100 80GB HBM3,66730.0,81559.0,82.0,169.23
2026-08-17T01:46:48.570014+00:00,1786931208.570014,runtime,full,6,NVIDIA H100 80GB HBM3,66730.0,81559.0,54.0,158.97
2026-08-17T01:46:48.570014+00:00,1786931208.570014,runtime,full,7,NVIDIA H100 80GB HBM3,66250.0,81559.0,76.0,163.2
2026-08-17T01:46:51.169503+00:00,1786931211.169503,runtime,full,4,NVIDIA H100 80GB HBM3,66636.0,81559.0,10.0,176.16
2026-08-17T01:46:51.169503+00:00,1786931211.169503,runtime,full,5,NVIDIA H100 80GB HBM3,66730.0,81559.0,91.0,169.86
2026-08-17T01:46:51.169503+00:00,1786931211.169503,runtime,full,6,NVIDIA H100 80GB HBM3,66730.0,81559.0,100.0,159.35
2026-08-17T01:46:51.169503+00:00,1786931211.169503,runtime,full,7,NVIDIA H100 80GB HBM3,66250.0,81559.0,90.0,163.2
2026-08-17T01:46:53.763166+00:00,1786931213.763166,runtime,full,4,NVIDIA H100 80GB HBM3,66636.0,81559.0,9.0,175.77
2026-08-17T01:46:53.763166+00:00,1786931213.763166,runtime,full,5,NVIDIA H100 80GB HBM3,66730.0,81559.0,91.0,169.64
2026-08-17T01:46:53.763166+00:00,1786931213.763166,runtime,full,6,NVIDIA H100 80GB HBM3,66730.0,81559.0,88.0,159.34
2026-08-17T01:46:53.763166+00:00,1786931213.763166,runtime,full,7,NVIDIA H100 80GB HBM3,66250.0,81559.0,88.0,164.07
2026-08-17T01:46:56.316196+00:00,1786931216.316196,runtime,full,4,NVIDIA H100 80GB HBM3,66636.0,81559.0,9.0,176.22
2026-08-17T01:46:56.316196+00:00,1786931216.316196,runtime,full,5,NVIDIA H100 80GB HBM3,66730.0,81559.0,93.0,169.3
2026-08-17T01:46:56.316196+00:00,1786931216.316196,runtime,full,6,NVIDIA H100 80GB HBM3,66730.0,81559.0,90.0,159.38
2026-08-17T01:46:56.316196+00:00,1786931216.316196,runtime,full,7,NVIDIA H100 80GB HBM3,66250.0,81559.0,91.0,163.27
2026-08-17T01:46:58.908258+00:00,1786931218.908258,runtime,full,4,NVIDIA H100 80GB HBM3,66636.0,81559.0,10.0,176.77
2026-08-17T01:46:58.908258+00:00,1786931218.908258,runtime,full,5,NVIDIA H100 80GB HBM3,66730.0,81559.0,93.0,169.25
2026-08-17T01:46:58.908258+00:00,1786931218.908258,runtime,full,6,NVIDIA H100 80GB HBM3,66730.0,81559.0,95.0,159.64
2026-08-17T01:46:58.908258+00:00,1786931218.908258,runtime,full,7,NVIDIA H100 80GB HBM3,66250.0,81559.0,88.0,163.55
2026-08-17T01:47:01.458750+00:00,1786931221.45875,runtime,full,4,NVIDIA H100 80GB HBM3,66636.0,81559.0,10.0,176.01
2026-08-17T01:47:01.458750+00:00,1786931221.45875,runtime,full,5,NVIDIA H100 80GB HBM3,66730.0,81559.0,96.0,169.49
2026-08-17T01:47:01.458750+00:00,1786931221.45875,runtime,full,6,NVIDIA H100 80GB HBM3,66730.0,81559.0,89.0,159.31
2026-08-17T01:47:01.458750+00:00,1786931221.45875,runtime,full,7,NVIDIA H100 80GB HBM3,66250.0,81559.0,87.0,163.5
2026-08-17T01:47:04.117877+00:00,1786931224.117877,runtime,full,4,NVIDIA H100 80GB HBM3,66636.0,81559.0,10.0,176.39
2026-08-17T01:47:04.117877+00:00,1786931224.117877,runtime,full,5,NVIDIA H100 80GB HBM3,66730.0,81559.0,100.0,169.07
2026-08-17T01:47:04.117877+00:00,1786931224.117877,runtime,full,6,NVIDIA H100 80GB HBM3,66730.0,81559.0,100.0,159.59
2026-08-17T01:47:04.117877+00:00,1786931224.117877,runtime,full,7,NVIDIA H100 80GB HBM3,66250.0,81559.0,92.0,163.31
2026-08-17T01:47:06.701684+00:00,1786931226.701684,runtime,full,4,NVIDIA H100 80GB HBM3,66636.0,81559.0,10.0,176.52
2026-08-17T01:47:06.701684+00:00,1786931226.701684,runtime,full,5,NVIDIA H100 80GB HBM3,66730.0,81559.0,93.0,169.99
2026-08-17T01:47:06.701684+00:00,1786931226.701684,runtime,full,6,NVIDIA H100 80GB HBM3,66730.0,81559.0,88.0,159.26
2026-08-17T01:47:06.701684+00:00,1786931226.701684,runtime,full,7,NVIDIA H100 80GB HBM3,66250.0,81559.0,95.0,163.12
2026-08-17T01:47:09.357307+00:00,1786931229.357307,runtime,full,4,NVIDIA H100 80GB HBM3,66636.0,81559.0,9.0,177.39
2026-08-17T01:47:09.357307+00:00,1786931229.357307,runtime,full,5,NVIDIA H100 80GB HBM3,66730.0,81559.0,93.0,170.28
2026-08-17T01:47:09.357307+00:00,1786931229.357307,runtime,full,6,NVIDIA H100 80GB HBM3,66730.0,81559.0,89.0,159.94
2026-08-17T01:47:09.357307+00:00,1786931229.357307,runtime,full,7,NVIDIA H100 80GB HBM3,66250.0,81559.0,98.0,163.27
2026-08-17T01:47:11.890933+00:00,1786931231.890933,runtime,full,4,NVIDIA H100 80GB HBM3,66636.0,81559.0,9.0,176.38
2026-08-17T01:47:11.890933+00:00,1786931231.890933,runtime,full,5,NVIDIA H100 80GB HBM3,66730.0,81559.0,93.0,168.85
2026-08-17T01:47:11.890933+00:00,1786931231.890933,runtime,full,6,NVIDIA H100 80GB HBM3,66730.0,81559.0,87.0,159.8
2026-08-17T01:47:11.890933+00:00,1786931231.890933,runtime,full,7,NVIDIA H100 80GB HBM3,66250.0,81559.0,94.0,163.49
2026-08-17T01:47:14.462198+00:00,1786931234.462198,runtime,full,4,NVIDIA H100 80GB HBM3,66636.0,81559.0,10.0,176.27
2026-08-17T01:47:14.462198+00:00,1786931234.462198,runtime,full,5,NVIDIA H100 80GB HBM3,66730.0,81559.0,95.0,169.53
2026-08-17T01:47:14.462198+00:00,1786931234.462198,runtime,full,6,NVIDIA H100 80GB HBM3,66730.0,81559.0,89.0,159.57
2026-08-17T01:47:14.462198+00:00,1786931234.462198,runtime,full,7,NVIDIA H100 80GB HBM3,66250.0,81559.0,100.0,164.12
2026-08-17T01:47:17.103374+00:00,1786931237.103374,runtime,full,4,NVIDIA H100 80GB HBM3,66636.0,81559.0,10.0,176.25
2026-08-17T01:47:17.103374+00:00,1786931237.103374,runtime,full,5,NVIDIA H100 80GB HBM3,66730.0,81559.0,100.0,169.77
2026-08-17T01:47:17.103374+00:00,1786931237.103374,runtime,full,6,NVIDIA H100 80GB HBM3,66730.0,81559.0,100.0,160.07
2026-08-17T01:47:17.103374+00:00,1786931237.103374,runtime,full,7,NVIDIA H100 80GB HBM3,66250.0,81559.0,97.0,163.99
2026-08-17T01:47:19.762510+00:00,1786931239.76251,runtime,full,4,NVIDIA H100 80GB HBM3,66636.0,81559.0,10.0,175.88
2026-08-17T01:47:19.762510+00:00,1786931239.76251,runtime,full,5,NVIDIA H100 80GB HBM3,66730.0,81559.0,98.0,169.54
2026-08-17T01:47:19.762510+00:00,1786931239.76251,runtime,full,6,NVIDIA H100 80GB HBM3,66730.0,81559.0,100.0,159.55
2026-08-17T01:47:19.762510+00:00,1786931239.76251,runtime,full,7,NVIDIA H100 80GB HBM3,66250.0,81559.0,88.0,164.24
2026-08-17T01:47:22.347899+00:00,1786931242.347899,runtime,full,4,NVIDIA H100 80GB HBM3,66636.0,81559.0,10.0,176.24
2026-08-17T01:47:22.347899+00:00,1786931242.347899,runtime,full,5,NVIDIA H100 80GB HBM3,66730.0,81559.0,93.0,169.7
2026-08-17T01:47:22.347899+00:00,1786931242.347899,runtime,full,6,NVIDIA H100 80GB HBM3,66730.0,81559.0,99.0,159.63
2026-08-17T01:47:22.347899+00:00,1786931242.347899,runtime,full,7,NVIDIA H100 80GB HBM3,66250.0,81559.0,89.0,163.29
2026-08-17T01:47:24.937840+00:00,1786931244.93784,runtime,full,4,NVIDIA H100 80GB HBM3,66636.0,81559.0,10.0,176.8
2026-08-17T01:47:24.937840+00:00,1786931244.93784,runtime,full,5,NVIDIA H100 80GB HBM3,66730.0,81559.0,91.0,169.23
2026-08-17T01:47:24.937840+00:00,1786931244.93784,runtime,full,6,NVIDIA H100 80GB HBM3,66730.0,81559.0,90.0,159.2
2026-08-17T01:47:24.937840+00:00,1786931244.93784,runtime,full,7,NVIDIA H100 80GB HBM3,66250.0,81559.0,86.0,163.61
2026-08-17T01:47:27.590779+00:00,1786931247.590779,runtime,full,4,NVIDIA H100 80GB HBM3,66636.0,81559.0,9.0,175.71
2026-08-17T01:47:27.590779+00:00,1786931247.590779,runtime,full,5,NVIDIA H100 80GB HBM3,66730.0,81559.0,93.0,169.15
2026-08-17T01:47:27.590779+00:00,1786931247.590779,runtime,full,6,NVIDIA H100 80GB HBM3,66730.0,81559.0,92.0,159.79
2026-08-17T01:47:27.590779+00:00,1786931247.590779,runtime,full,7,NVIDIA H100 80GB HBM3,66250.0,81559.0,92.0,163.59
2026-08-17T01:47:30.221239+00:00,1786931250.221239,runtime,full,4,NVIDIA H100 80GB HBM3,66636.0,81559.0,10.0,176.62
2026-08-17T01:47:30.221239+00:00,1786931250.221239,runtime,full,5,NVIDIA H100 80GB HBM3,66730.0,81559.0,97.0,169.85
2026-08-17T01:47:30.221239+00:00,1786931250.221239,runtime,full,6,NVIDIA H100 80GB HBM3,66730.0,81559.0,100.0,159.37
2026-08-17T01:47:30.221239+00:00,1786931250.221239,runtime,full,7,NVIDIA H100 80GB HBM3,66250.0,81559.0,89.0,163.45
2026-08-17T01:47:32.843918+00:00,1786931252.843918,runtime,full,4,NVIDIA H100 80GB HBM3,66636.0,81559.0,9.0,177.21
2026-08-17T01:47:32.843918+00:00,1786931252.843918,runtime,full,5,NVIDIA H100 80GB HBM3,66730.0,81559.0,92.0,169.28
2026-08-17T01:47:32.843918+00:00,1786931252.843918,runtime,full,6,NVIDIA H100 80GB HBM3,66730.0,81559.0,90.0,159.11
2026-08-17T01:47:32.843918+00:00,1786931252.843918,runtime,full,7,NVIDIA H100 80GB HBM3,66250.0,81559.0,90.0,163.09
2026-08-17T01:47:35.370044+00:00,1786931255.370044,runtime,full,4,NVIDIA H100 80GB HBM3,66636.0,81559.0,10.0,176.58
2026-08-17T01:47:35.370044+00:00,1786931255.370044,runtime,full,5,NVIDIA H100 80GB HBM3,66730.0,81559.0,96.0,169.79
2026-08-17T01:47:35.370044+00:00,1786931255.370044,runtime,full,6,NVIDIA H100 80GB HBM3,66730.0,81559.0,89.0,160.17
2026-08-17T01:47:35.370044+00:00,1786931255.370044,runtime,full,7,NVIDIA H100 80GB HBM3,66250.0,81559.0,100.0,163.5
2026-08-17T01:47:38.057746+00:00,1786931258.057746,runtime,full,4,NVIDIA H100 80GB HBM3,66636.0,81559.0,10.0,176.72
2026-08-17T01:47:38.057746+00:00,1786931258.057746,runtime,full,5,NVIDIA H100 80GB HBM3,66730.0,81559.0,100.0,169.38
2026-08-17T01:47:38.057746+00:00,1786931258.057746,runtime,full,6,NVIDIA H100 80GB HBM3,66730.0,81559.0,100.0,159.1
2026-08-17T01:47:38.057746+00:00,1786931258.057746,runtime,full,7,NVIDIA H100 80GB HBM3,66250.0,81559.0,98.0,163.12
2026-08-17T01:47:40.899917+00:00,1786931260.899917,runtime,full,4,NVIDIA H100 80GB HBM3,66636.0,81559.0,10.0,176.8
2026-08-17T01:47:40.899917+00:00,1786931260.899917,runtime,full,5,NVIDIA H100 80GB HBM3,66730.0,81559.0,93.0,169.44
2026-08-17T01:47:40.899917+00:00,1786931260.899917,runtime,full,6,NVIDIA H100 80GB HBM3,66730.0,81559.0,98.0,159.04
2026-08-17T01:47:40.899917+00:00,1786931260.899917,runtime,full,7,NVIDIA H100 80GB HBM3,66250.0,81559.0,90.0,163.65
2026-08-17T01:47:43.852250+00:00,1786931263.85225,runtime,full,4,NVIDIA H100 80GB HBM3,66636.0,81559.0,10.0,176.67
2026-08-17T01:47:43.852250+00:00,1786931263.85225,runtime,full,5,NVIDIA H100 80GB HBM3,66730.0,81559.0,100.0,169.35
2026-08-17T01:47:43.852250+00:00,1786931263.85225,runtime,full,6,NVIDIA H100 80GB HBM3,66730.0,81559.0,91.0,159.47
2026-08-17T01:47:43.852250+00:00,1786931263.85225,runtime,full,7,NVIDIA H100 80GB HBM3,66250.0,81559.0,100.0,163.76
2026-08-17T01:47:46.846749+00:00,1786931266.846749,runtime,full,4,NVIDIA H100 80GB HBM3,66636.0,81559.0,10.0,177.44
2026-08-17T01:47:46.846749+00:00,1786931266.846749,runtime,full,5,NVIDIA H100 80GB HBM3,66730.0,81559.0,92.0,170.41
2026-08-17T01:47:46.846749+00:00,1786931266.846749,runtime,full,6,NVIDIA H100 80GB HBM3,66730.0,81559.0,87.0,160.14
2026-08-17T01:47:46.846749+00:00,1786931266.846749,runtime,full,7,NVIDIA H100 80GB HBM3,66250.0,81559.0,96.0,163.29
2026-08-17T01:47:49.491733+00:00,1786931269.491733,runtime,full,4,NVIDIA H100 80GB HBM3,66636.0,81559.0,10.0,176.65
2026-08-17T01:47:49.491733+00:00,1786931269.491733,runtime,full,5,NVIDIA H100 80GB HBM3,66730.0,81559.0,91.0,169.8
2026-08-17T01:47:49.491733+00:00,1786931269.491733,runtime,full,6,NVIDIA H100 80GB HBM3,66730.0,81559.0,95.0,159.65
2026-08-17T01:47:49.491733+00:00,1786931269.491733,runtime,full,7,NVIDIA H100 80GB HBM3,66250.0,81559.0,90.0,163.69
2026-08-17T01:47:52.127823+00:00,1786931272.127823,runtime,full,4,NVIDIA H100 80GB HBM3,66636.0,81559.0,10.0,177.26
2026-08-17T01:47:52.127823+00:00,1786931272.127823,runtime,full,5,NVIDIA H100 80GB HBM3,66730.0,81559.0,99.0,169.16
2026-08-17T01:47:52.127823+00:00,1786931272.127823,runtime,full,6,NVIDIA H100 80GB HBM3,66730.0,81559.0,89.0,160.5
2026-08-17T01:47:52.127823+00:00,1786931272.127823,runtime,full,7,NVIDIA H100 80GB HBM3,66250.0,81559.0,88.0,163.55
2026-08-17T01:47:54.693436+00:00,1786931274.693436,runtime,full,4,NVIDIA H100 80GB HBM3,66636.0,81559.0,10.0,176.41
2026-08-17T01:47:54.693436+00:00,1786931274.693436,runtime,full,5,NVIDIA H100 80GB HBM3,66730.0,81559.0,92.0,170.32
2026-08-17T01:47:54.693436+00:00,1786931274.693436,runtime,full,6,NVIDIA H100 80GB HBM3,66730.0,81559.0,89.0,160.32
2026-08-17T01:47:54.693436+00:00,1786931274.693436,runtime,full,7,NVIDIA H100 80GB HBM3,66250.0,81559.0,92.0,163.82
2026-08-17T01:47:57.490245+00:00,1786931277.490245,runtime,full,4,NVIDIA H100 80GB HBM3,66636.0,81559.0,10.0,176.62
2026-08-17T01:47:57.490245+00:00,1786931277.490245,runtime,full,5,NVIDIA H100 80GB HBM3,66730.0,81559.0,93.0,169.12
2026-08-17T01:47:57.490245+00:00,1786931277.490245,runtime,full,6,NVIDIA H100 80GB HBM3,66730.0,81559.0,90.0,159.96
2026-08-17T01:47:57.490245+00:00,1786931277.490245,runtime,full,7,NVIDIA H100 80GB HBM3,66250.0,81559.0,97.0,163.99
2026-08-17T01:48:00.161042+00:00,1786931280.161042,runtime,full,4,NVIDIA H100 80GB HBM3,66636.0,81559.0,10.0,176.52
2026-08-17T01:48:00.161042+00:00,1786931280.161042,runtime,full,5,NVIDIA H100 80GB HBM3,66730.0,81559.0,93.0,169.67
2026-08-17T01:48:00.161042+00:00,1786931280.161042,runtime,full,6,NVIDIA H100 80GB HBM3,66730.0,81559.0,87.0,160.26
2026-08-17T01:48:00.161042+00:00,1786931280.161042,runtime,full,7,NVIDIA H100 80GB HBM3,66250.0,81559.0,100.0,163.7
2026-08-17T01:48:02.823809+00:00,1786931282.823809,runtime,full,4,NVIDIA H100 80GB HBM3,66636.0,81559.0,9.0,176.08
2026-08-17T01:48:02.823809+00:00,1786931282.823809,runtime,full,5,NVIDIA H100 80GB HBM3,66730.0,81559.0,100.0,169.86
2026-08-17T01:48:02.823809+00:00,1786931282.823809,runtime,full,6,NVIDIA H100 80GB HBM3,66730.0,81559.0,92.0,159.43
2026-08-17T01:48:02.823809+00:00,1786931282.823809,runtime,full,7,NVIDIA H100 80GB HBM3,66250.0,81559.0,89.0,163.26
2026-08-17T01:48:05.455801+00:00,1786931285.455801,runtime,full,4,NVIDIA H100 80GB HBM3,66636.0,81559.0,10.0,176.63
2026-08-17T01:48:05.455801+00:00,1786931285.455801,runtime,full,5,NVIDIA H100 80GB HBM3,66730.0,81559.0,100.0,169.61
2026-08-17T01:48:05.455801+00:00,1786931285.455801,runtime,full,6,NVIDIA H100 80GB HBM3,66730.0,81559.0,88.0,159.56
2026-08-17T01:48:05.455801+00:00,1786931285.455801,runtime,full,7,NVIDIA H100 80GB HBM3,66250.0,81559.0,92.0,163.88
2026-08-17T01:48:08.106714+00:00,1786931288.106714,runtime,full,4,NVIDIA H100 80GB HBM3,66636.0,81559.0,10.0,176.12
2026-08-17T01:48:08.106714+00:00,1786931288.106714,runtime,full,5,NVIDIA H100 80GB HBM3,66730.0,81559.0,91.0,169.5
2026-08-17T01:48:08.106714+00:00,1786931288.106714,runtime,full,6,NVIDIA H100 80GB HBM3,66730.0,81559.0,90.0,159.5
2026-08-17T01:48:08.106714+00:00,1786931288.106714,runtime,full,7,NVIDIA H100 80GB HBM3,66250.0,81559.0,100.0,163.37
2026-08-17T01:48:10.703338+00:00,1786931290.703338,runtime,full,4,NVIDIA H100 80GB HBM3,66636.0,81559.0,10.0,176.95
2026-08-17T01:48:10.703338+00:00,1786931290.703338,runtime,full,5,NVIDIA H100 80GB HBM3,66730.0,81559.0,92.0,169.82
2026-08-17T01:48:10.703338+00:00,1786931290.703338,runtime,full,6,NVIDIA H100 80GB HBM3,66730.0,81559.0,91.0,159.05
2026-08-17T01:48:10.703338+00:00,1786931290.703338,runtime,full,7,NVIDIA H100 80GB HBM3,66250.0,81559.0,93.0,163.11
2026-08-17T01:48:13.393615+00:00,1786931293.393615,runtime,full,4,NVIDIA H100 80GB HBM3,66636.0,81559.0,10.0,176.41
2026-08-17T01:48:13.393615+00:00,1786931293.393615,runtime,full,5,NVIDIA H100 80GB HBM3,66730.0,81559.0,100.0,169.17
2026-08-17T01:48:13.393615+00:00,1786931293.393615,runtime,full,6,NVIDIA H100 80GB HBM3,66730.0,81559.0,92.0,159.42
2026-08-17T01:48:13.393615+00:00,1786931293.393615,runtime,full,7,NVIDIA H100 80GB HBM3,66250.0,81559.0,100.0,163.77
2026-08-17T01:48:16.040738+00:00,1786931296.040738,runtime,full,4,NVIDIA H100 80GB HBM3,66636.0,81559.0,10.0,176.8
2026-08-17T01:48:16.040738+00:00,1786931296.040738,runtime,full,5,NVIDIA H100 80GB HBM3,66730.0,81559.0,100.0,170.08
2026-08-17T01:48:16.040738+00:00,1786931296.040738,runtime,full,6,NVIDIA H100 80GB HBM3,66730.0,81559.0,88.0,159.9
2026-08-17T01:48:16.040738+00:00,1786931296.040738,runtime,full,7,NVIDIA H100 80GB HBM3,66250.0,81559.0,100.0,163.94
2026-08-17T01:48:18.696869+00:00,1786931298.696869,runtime,full,4,NVIDIA H100 80GB HBM3,66636.0,81559.0,10.0,177.08
2026-08-17T01:48:18.696869+00:00,1786931298.696869,runtime,full,5,NVIDIA H100 80GB HBM3,66730.0,81559.0,100.0,168.94
2026-08-17T01:48:18.696869+00:00,1786931298.696869,runtime,full,6,NVIDIA H100 80GB HBM3,66730.0,81559.0,100.0,159.94
2026-08-17T01:48:18.696869+00:00,1786931298.696869,runtime,full,7,NVIDIA H100 80GB HBM3,66250.0,81559.0,97.0,163.87
2026-08-17T01:48:21.201796+00:00,1786931301.201796,runtime,full,4,NVIDIA H100 80GB HBM3,66636.0,81559.0,10.0,177.18
2026-08-17T01:48:21.201796+00:00,1786931301.201796,runtime,full,5,NVIDIA H100 80GB HBM3,66730.0,81559.0,91.0,170.16
2026-08-17T01:48:21.201796+00:00,1786931301.201796,runtime,full,6,NVIDIA H100 80GB HBM3,66730.0,81559.0,97.0,160.46
2026-08-17T01:48:21.201796+00:00,1786931301.201796,runtime,full,7,NVIDIA H100 80GB HBM3,66250.0,81559.0,89.0,163.79
2026-08-17T01:48:23.755422+00:00,1786931303.755422,runtime,full,4,NVIDIA H100 80GB HBM3,66636.0,81559.0,10.0,176.97
2026-08-17T01:48:23.755422+00:00,1786931303.755422,runtime,full,5,NVIDIA H100 80GB HBM3,66730.0,81559.0,92.0,170.01
2026-08-17T01:48:23.755422+00:00,1786931303.755422,runtime,full,6,NVIDIA H100 80GB HBM3,66730.0,81559.0,88.0,159.65
2026-08-17T01:48:23.755422+00:00,1786931303.755422,runtime,full,7,NVIDIA H100 80GB HBM3,66250.0,81559.0,91.0,163.39
2026-08-17T01:48:26.297540+00:00,1786931306.29754,runtime,full,4,NVIDIA H100 80GB HBM3,66636.0,81559.0,10.0,176.81
2026-08-17T01:48:26.297540+00:00,1786931306.29754,runtime,full,5,NVIDIA H100 80GB HBM3,66730.0,81559.0,93.0,169.52
2026-08-17T01:48:26.297540+00:00,1786931306.29754,runtime,full,6,NVIDIA H100 80GB HBM3,66730.0,81559.0,90.0,159.99
2026-08-17T01:48:26.297540+00:00,1786931306.29754,runtime,full,7,NVIDIA H100 80GB HBM3,66250.0,81559.0,95.0,163.85
2026-08-17T01:48:28.879787+00:00,1786931308.879787,runtime,full,4,NVIDIA H100 80GB HBM3,66636.0,81559.0,10.0,177.26
2026-08-17T01:48:28.879787+00:00,1786931308.879787,runtime,full,5,NVIDIA H100 80GB HBM3,66730.0,81559.0,100.0,169.63
2026-08-17T01:48:28.879787+00:00,1786931308.879787,runtime,full,6,NVIDIA H100 80GB HBM3,66730.0,81559.0,98.0,159.5
2026-08-17T01:48:28.879787+00:00,1786931308.879787,runtime,full,7,NVIDIA H100 80GB HBM3,66250.0,81559.0,99.0,163.09
2026-08-17T01:48:31.392984+00:00,1786931311.392984,runtime,full,4,NVIDIA H100 80GB HBM3,66636.0,81559.0,10.0,176.62
2026-08-17T01:48:31.392984+00:00,1786931311.392984,runtime,full,5,NVIDIA H100 80GB HBM3,66730.0,81559.0,94.0,169.72
2026-08-17T01:48:31.392984+00:00,1786931311.392984,runtime,full,6,NVIDIA H100 80GB HBM3,66730.0,81559.0,91.0,160.03
2026-08-17T01:48:31.392984+00:00,1786931311.392984,runtime,full,7,NVIDIA H100 80GB HBM3,66250.0,81559.0,91.0,163.84
2026-08-17T01:48:33.964154+00:00,1786931313.964154,runtime,full,4,NVIDIA H100 80GB HBM3,66636.0,81559.0,10.0,176.69
2026-08-17T01:48:33.964154+00:00,1786931313.964154,runtime,full,5,NVIDIA H100 80GB HBM3,66730.0,81559.0,92.0,169.97
2026-08-17T01:48:33.964154+00:00,1786931313.964154,runtime,full,6,NVIDIA H100 80GB HBM3,66730.0,81559.0,88.0,159.83
2026-08-17T01:48:33.964154+00:00,1786931313.964154,runtime,full,7,NVIDIA H100 80GB HBM3,66250.0,81559.0,90.0,162.99
2026-08-17T01:48:36.507514+00:00,1786931316.507514,runtime,full,4,NVIDIA H100 80GB HBM3,66636.0,81559.0,10.0,177.19
2026-08-17T01:48:36.507514+00:00,1786931316.507514,runtime,full,5,NVIDIA H100 80GB HBM3,66730.0,81559.0,94.0,169.75
2026-08-17T01:48:36.507514+00:00,1786931316.507514,runtime,full,6,NVIDIA H100 80GB HBM3,66730.0,81559.0,89.0,159.62
2026-08-17T01:48:36.507514+00:00,1786931316.507514,runtime,full,7,NVIDIA H100 80GB HBM3,66250.0,81559.0,98.0,162.95
2026-08-17T01:48:39.097884+00:00,1786931319.097884,runtime,full,4,NVIDIA H100 80GB HBM3,66636.0,81559.0,10.0,176.55
2026-08-17T01:48:39.097884+00:00,1786931319.097884,runtime,full,5,NVIDIA H100 80GB HBM3,66730.0,81559.0,100.0,169.96
2026-08-17T01:48:39.097884+00:00,1786931319.097884,runtime,full,6,NVIDIA H100 80GB HBM3,66730.0,81559.0,100.0,158.84
2026-08-17T01:48:39.097884+00:00,1786931319.097884,runtime,full,7,NVIDIA H100 80GB HBM3,66250.0,81559.0,97.0,163.78
2026-08-17T01:48:41.688516+00:00,1786931321.688516,runtime,full,4,NVIDIA H100 80GB HBM3,66636.0,81559.0,10.0,176.87
2026-08-17T01:48:41.688516+00:00,1786931321.688516,runtime,full,5,NVIDIA H100 80GB HBM3,66730.0,81559.0,92.0,170.23
2026-08-17T01:48:41.688516+00:00,1786931321.688516,runtime,full,6,NVIDIA H100 80GB HBM3,66730.0,81559.0,96.0,159.98
2026-08-17T01:48:41.688516+00:00,1786931321.688516,runtime,full,7,NVIDIA H100 80GB HBM3,66250.0,81559.0,88.0,163.44
2026-08-17T01:48:44.368029+00:00,1786931324.368029,runtime,full,4,NVIDIA H100 80GB HBM3,66636.0,81559.0,10.0,176.8
2026-08-17T01:48:44.368029+00:00,1786931324.368029,runtime,full,5,NVIDIA H100 80GB HBM3,66730.0,81559.0,91.0,169.88
2026-08-17T01:48:44.368029+00:00,1786931324.368029,runtime,full,6,NVIDIA H100 80GB HBM3,66730.0,81559.0,87.0,159.66
2026-08-17T01:48:44.368029+00:00,1786931324.368029,runtime,full,7,NVIDIA H100 80GB HBM3,66250.0,81559.0,93.0,164.01
2026-08-17T01:48:47.050229+00:00,1786931327.050229,runtime,full,4,NVIDIA H100 80GB HBM3,66636.0,81559.0,10.0,176.37
2026-08-17T01:48:47.050229+00:00,1786931327.050229,runtime,full,5,NVIDIA H100 80GB HBM3,66730.0,81559.0,92.0,169.94
2026-08-17T01:48:47.050229+00:00,1786931327.050229,runtime,full,6,NVIDIA H100 80GB HBM3,66730.0,81559.0,86.0,160.06
2026-08-17T01:48:47.050229+00:00,1786931327.050229,runtime,full,7,NVIDIA H100 80GB HBM3,66250.0,81559.0,94.0,163.45
2026-08-17T01:48:49.723885+00:00,1786931329.723885,runtime,full,4,NVIDIA H100 80GB HBM3,66636.0,81559.0,10.0,176.56
2026-08-17T01:48:49.723885+00:00,1786931329.723885,runtime,full,5,NVIDIA H100 80GB HBM3,66730.0,81559.0,100.0,169.92
2026-08-17T01:48:49.723885+00:00,1786931329.723885,runtime,full,6,NVIDIA H100 80GB HBM3,66730.0,81559.0,90.0,159.68
2026-08-17T01:48:49.723885+00:00,1786931329.723885,runtime,full,7,NVIDIA H100 80GB HBM3,66250.0,81559.0,100.0,163.76
2026-08-17T01:48:52.262847+00:00,1786931332.262847,runtime,full,4,NVIDIA H100 80GB HBM3,66636.0,81559.0,12.0,175.94
2026-08-17T01:48:52.262847+00:00,1786931332.262847,runtime,full,5,NVIDIA H100 80GB HBM3,66730.0,81559.0,100.0,169.13
2026-08-17T01:48:52.262847+00:00,1786931332.262847,runtime,full,6,NVIDIA H100 80GB HBM3,66730.0,81559.0,95.0,159.42
2026-08-17T01:48:52.262847+00:00,1786931332.262847,runtime,full,7,NVIDIA H100 80GB HBM3,66250.0,81559.0,88.0,163.74
2026-08-17T01:48:54.763951+00:00,1786931334.763951,runtime,full,4,NVIDIA H100 80GB HBM3,66636.0,81559.0,9.0,176.57
2026-08-17T01:48:54.763951+00:00,1786931334.763951,runtime,full,5,NVIDIA H100 80GB HBM3,66730.0,81559.0,95.0,169.39
2026-08-17T01:48:54.763951+00:00,1786931334.763951,runtime,full,6,NVIDIA H100 80GB HBM3,66730.0,81559.0,94.0,159.17
2026-08-17T01:48:54.763951+00:00,1786931334.763951,runtime,full,7,NVIDIA H100 80GB HBM3,66250.0,81559.0,94.0,163.54
2026-08-17T01:48:57.303795+00:00,1786931337.303795,runtime,full,4,NVIDIA H100 80GB HBM3,66636.0,81559.0,11.0,176.61
2026-08-17T01:48:57.303795+00:00,1786931337.303795,runtime,full,5,NVIDIA H100 80GB HBM3,66730.0,81559.0,80.0,170.09
2026-08-17T01:48:57.303795+00:00,1786931337.303795,runtime,full,6,NVIDIA H100 80GB HBM3,66730.0,81559.0,26.0,158.92
2026-08-17T01:48:57.303795+00:00,1786931337.303795,runtime,full,7,NVIDIA H100 80GB HBM3,66250.0,81559.0,58.0,164.01
2026-08-17T01:48:59.979779+00:00,1786931339.979779,runtime,full,4,NVIDIA H100 80GB HBM3,66636.0,81559.0,10.0,176.38
2026-08-17T01:48:59.979779+00:00,1786931339.979779,runtime,full,5,NVIDIA H100 80GB HBM3,66730.0,81559.0,80.0,169.85
2026-08-17T01:48:59.979779+00:00,1786931339.979779,runtime,full,6,NVIDIA H100 80GB HBM3,66730.0,81559.0,25.0,160.06
2026-08-17T01:48:59.979779+00:00,1786931339.979779,runtime,full,7,NVIDIA H100 80GB HBM3,66250.0,81559.0,80.0,163.49
2026-08-17T01:49:02.551805+00:00,1786931342.551805,runtime,full,4,NVIDIA H100 80GB HBM3,66636.0,81559.0,28.0,177.23
2026-08-17T01:49:02.551805+00:00,1786931342.551805,runtime,full,5,NVIDIA H100 80GB HBM3,66730.0,81559.0,93.0,169.94
2026-08-17T01:49:02.551805+00:00,1786931342.551805,runtime,full,6,NVIDIA H100 80GB HBM3,66730.0,81559.0,10.0,158.65
2026-08-17T01:49:02.551805+00:00,1786931342.551805,runtime,full,7,NVIDIA H100 80GB HBM3,66250.0,81559.0,87.0,163.92
2026-08-17T01:49:05.051543+00:00,1786931345.051543,runtime,full,4,NVIDIA H100 80GB HBM3,66636.0,81559.0,16.0,177.45
2026-08-17T01:49:05.051543+00:00,1786931345.051543,runtime,full,5,NVIDIA H100 80GB HBM3,66730.0,81559.0,86.0,170.34
2026-08-17T01:49:05.051543+00:00,1786931345.051543,runtime,full,6,NVIDIA H100 80GB HBM3,66730.0,81559.0,10.0,158.82
2026-08-17T01:49:05.051543+00:00,1786931345.051543,runtime,full,7,NVIDIA H100 80GB HBM3,66250.0,81559.0,87.0,163.8
2026-08-17T01:49:07.619265+00:00,1786931347.619265,runtime,full,4,NVIDIA H100 80GB HBM3,66636.0,81559.0,39.0,178.18
2026-08-17T01:49:07.619265+00:00,1786931347.619265,runtime,full,5,NVIDIA H100 80GB HBM3,66730.0,81559.0,96.0,170.06
2026-08-17T01:49:07.619265+00:00,1786931347.619265,runtime,full,6,NVIDIA H100 80GB HBM3,66730.0,81559.0,10.0,158.89
2026-08-17T01:49:07.619265+00:00,1786931347.619265,runtime,full,7,NVIDIA H100 80GB HBM3,66250.0,81559.0,92.0,163.62
2026-08-17T01:49:10.137351+00:00,1786931350.137351,runtime,full,4,NVIDIA H100 80GB HBM3,66636.0,81559.0,11.0,177.17
2026-08-17T01:49:10.137351+00:00,1786931350.137351,runtime,full,5,NVIDIA H100 80GB HBM3,66730.0,81559.0,91.0,169.89
2026-08-17T01:49:10.137351+00:00,1786931350.137351,runtime,full,6,NVIDIA H100 80GB HBM3,66730.0,81559.0,85.0,158.94
2026-08-17T01:49:10.137351+00:00,1786931350.137351,runtime,full,7,NVIDIA H100 80GB HBM3,66250.0,81559.0,88.0,163.85
2026-08-17T01:49:12.608220+00:00,1786931352.60822,runtime,full,4,NVIDIA H100 80GB HBM3,66636.0,81559.0,10.0,177.48
2026-08-17T01:49:12.608220+00:00,1786931352.60822,runtime,full,5,NVIDIA H100 80GB HBM3,66730.0,81559.0,100.0,170.08
2026-08-17T01:49:12.608220+00:00,1786931352.60822,runtime,full,6,NVIDIA H100 80GB HBM3,66730.0,81559.0,93.0,159.62
2026-08-17T01:49:12.608220+00:00,1786931352.60822,runtime,full,7,NVIDIA H100 80GB HBM3,66250.0,81559.0,80.0,163.97
2026-08-17T01:49:15.269841+00:00,1786931355.269841,runtime,full,4,NVIDIA H100 80GB HBM3,66636.0,81559.0,34.0,177.05
2026-08-17T01:49:15.269841+00:00,1786931355.269841,runtime,full,5,NVIDIA H100 80GB HBM3,66730.0,81559.0,99.0,170.11
2026-08-17T01:49:15.269841+00:00,1786931355.269841,runtime,full,6,NVIDIA H100 80GB HBM3,66730.0,81559.0,30.0,158.98
2026-08-17T01:49:15.269841+00:00,1786931355.269841,runtime,full,7,NVIDIA H100 80GB HBM3,66250.0,81559.0,77.0,163.61
2026-08-17T01:49:17.753763+00:00,1786931357.753763,runtime,full,4,NVIDIA H100 80GB HBM3,66636.0,81559.0,20.0,177.82
2026-08-17T01:49:17.753763+00:00,1786931357.753763,runtime,full,5,NVIDIA H100 80GB HBM3,66730.0,81559.0,90.0,169.63
2026-08-17T01:49:17.753763+00:00,1786931357.753763,runtime,full,6,NVIDIA H100 80GB HBM3,66730.0,81559.0,11.0,159.36
2026-08-17T01:49:17.753763+00:00,1786931357.753763,runtime,full,7,NVIDIA H100 80GB HBM3,66250.0,81559.0,94.0,163.95
2026-08-17T01:49:20.250091+00:00,1786931360.250091,runtime,full,4,NVIDIA H100 80GB HBM3,66636.0,81559.0,55.0,177.81
2026-08-17T01:49:20.250091+00:00,1786931360.250091,runtime,full,5,NVIDIA H100 80GB HBM3,66730.0,81559.0,98.0,169.87
2026-08-17T01:49:20.250091+00:00,1786931360.250091,runtime,full,6,NVIDIA H100 80GB HBM3,66730.0,81559.0,12.0,158.95
2026-08-17T01:49:20.250091+00:00,1786931360.250091,runtime,full,7,NVIDIA H100 80GB HBM3,66250.0,81559.0,79.0,163.59
2026-08-17T01:49:22.901758+00:00,1786931362.901758,runtime,full,4,NVIDIA H100 80GB HBM3,66636.0,81559.0,10.0,177.43
2026-08-17T01:49:22.901758+00:00,1786931362.901758,runtime,full,5,NVIDIA H100 80GB HBM3,66730.0,81559.0,85.0,170.26
2026-08-17T01:49:22.901758+00:00,1786931362.901758,runtime,full,6,NVIDIA H100 80GB HBM3,66730.0,81559.0,66.0,159.57
2026-08-17T01:49:22.901758+00:00,1786931362.901758,runtime,full,7,NVIDIA H100 80GB HBM3,66250.0,81559.0,80.0,163.51
2026-08-17T01:49:25.428076+00:00,1786931365.428076,runtime,full,4,NVIDIA H100 80GB HBM3,66636.0,81559.0,22.0,177.39
2026-08-17T01:49:25.428076+00:00,1786931365.428076,runtime,full,5,NVIDIA H100 80GB HBM3,66730.0,81559.0,93.0,170.17
2026-08-17T01:49:25.428076+00:00,1786931365.428076,runtime,full,6,NVIDIA H100 80GB HBM3,66730.0,81559.0,10.0,159.69
2026-08-17T01:49:25.428076+00:00,1786931365.428076,runtime,full,7,NVIDIA H100 80GB HBM3,66250.0,81559.0,59.0,163.81
2026-08-17T01:49:27.911002+00:00,1786931367.911002,runtime,full,4,NVIDIA H100 80GB HBM3,66636.0,81559.0,47.0,178.3
2026-08-17T01:49:27.911002+00:00,1786931367.911002,runtime,full,5,NVIDIA H100 80GB HBM3,66730.0,81559.0,98.0,169.84
2026-08-17T01:49:27.911002+00:00,1786931367.911002,runtime,full,6,NVIDIA H100 80GB HBM3,66730.0,81559.0,10.0,159.05
2026-08-17T01:49:27.911002+00:00,1786931367.911002,runtime,full,7,NVIDIA H100 80GB HBM3,66250.0,81559.0,89.0,163.99
2026-08-17T01:49:30.433613+00:00,1786931370.433613,runtime,full,4,NVIDIA H100 80GB HBM3,66636.0,81559.0,55.0,177.54
2026-08-17T01:49:30.433613+00:00,1786931370.433613,runtime,full,5,NVIDIA H100 80GB HBM3,66730.0,81559.0,98.0,170.15
2026-08-17T01:49:30.433613+00:00,1786931370.433613,runtime,full,6,NVIDIA H100 80GB HBM3,66730.0,81559.0,10.0,158.96
2026-08-17T01:49:30.433613+00:00,1786931370.433613,runtime,full,7,NVIDIA H100 80GB HBM3,66250.0,81559.0,95.0,163.86
2026-08-17T01:49:32.978211+00:00,1786931372.978211,runtime,full,4,NVIDIA H100 80GB HBM3,66636.0,81559.0,11.0,176.48
2026-08-17T01:49:32.978211+00:00,1786931372.978211,runtime,full,5,NVIDIA H100 80GB HBM3,66730.0,81559.0,79.0,169.5
2026-08-17T01:49:32.978211+00:00,1786931372.978211,runtime,full,6,NVIDIA H100 80GB HBM3,66730.0,81559.0,17.0,158.79
2026-08-17T01:49:32.978211+00:00,1786931372.978211,runtime,full,7,NVIDIA H100 80GB HBM3,66250.0,81559.0,69.0,163.46
2026-08-17T01:49:35.574526+00:00,1786931375.574526,runtime,full,4,NVIDIA H100 80GB HBM3,66636.0,81559.0,12.0,177.0
2026-08-17T01:49:35.574526+00:00,1786931375.574526,runtime,full,5,NVIDIA H100 80GB HBM3,66730.0,81559.0,75.0,169.94
2026-08-17T01:49:35.574526+00:00,1786931375.574526,runtime,full,6,NVIDIA H100 80GB HBM3,66730.0,81559.0,49.0,158.91
2026-08-17T01:49:35.574526+00:00,1786931375.574526,runtime,full,7,NVIDIA H100 80GB HBM3,66250.0,81559.0,69.0,163.57
2026-08-17T01:49:38.256881+00:00,1786931378.256881,runtime,full,4,NVIDIA H100 80GB HBM3,66636.0,81559.0,23.0,177.33
2026-08-17T01:49:38.256881+00:00,1786931378.256881,runtime,full,5,NVIDIA H100 80GB HBM3,66730.0,81559.0,92.0,170.55
2026-08-17T01:49:38.256881+00:00,1786931378.256881,runtime,full,6,NVIDIA H100 80GB HBM3,66730.0,81559.0,10.0,159.04
2026-08-17T01:49:38.256881+00:00,1786931378.256881,runtime,full,7,NVIDIA H100 80GB HBM3,66250.0,81559.0,92.0,163.76
2026-08-17T01:49:41.009367+00:00,1786931381.009367,runtime,full,4,NVIDIA H100 80GB HBM3,66636.0,81559.0,12.0,177.1
2026-08-17T01:49:41.009367+00:00,1786931381.009367,runtime,full,5,NVIDIA H100 80GB HBM3,66730.0,81559.0,82.0,169.95
2026-08-17T01:49:41.009367+00:00,1786931381.009367,runtime,full,6,NVIDIA H100 80GB HBM3,66730.0,81559.0,10.0,159.13
2026-08-17T01:49:41.009367+00:00,1786931381.009367,runtime,full,7,NVIDIA H100 80GB HBM3,66250.0,81559.0,72.0,163.5
2026-08-17T01:49:43.765529+00:00,1786931383.765529,runtime,full,4,NVIDIA H100 80GB HBM3,66636.0,81559.0,14.0,177.08
2026-08-17T01:49:43.765529+00:00,1786931383.765529,runtime,full,5,NVIDIA H100 80GB HBM3,66730.0,81559.0,79.0,170.04
2026-08-17T01:49:43.765529+00:00,1786931383.765529,runtime,full,6,NVIDIA H100 80GB HBM3,66730.0,81559.0,10.0,158.85
2026-08-17T01:49:43.765529+00:00,1786931383.765529,runtime,full,7,NVIDIA H100 80GB HBM3,66250.0,81559.0,61.0,163.32
2026-08-17T01:49:46.336005+00:00,1786931386.336005,runtime,full,4,NVIDIA H100 80GB HBM3,66636.0,81559.0,60.0,177.8
2026-08-17T01:49:46.336005+00:00,1786931386.336005,runtime,full,5,NVIDIA H100 80GB HBM3,66730.0,81559.0,99.0,170.33
2026-08-17T01:49:46.336005+00:00,1786931386.336005,runtime,full,6,NVIDIA H100 80GB HBM3,66730.0,81559.0,11.0,159.21
2026-08-17T01:49:46.336005+00:00,1786931386.336005,runtime,full,7,NVIDIA H100 80GB HBM3,66250.0,81559.0,96.0,164.23
2026-08-17T01:49:48.850250+00:00,1786931388.85025,runtime,full,4,NVIDIA H100 80GB HBM3,66636.0,81559.0,75.0,177.44
2026-08-17T01:49:48.850250+00:00,1786931388.85025,runtime,full,5,NVIDIA H100 80GB HBM3,66730.0,81559.0,100.0,170.01
2026-08-17T01:49:48.850250+00:00,1786931388.85025,runtime,full,6,NVIDIA H100 80GB HBM3,66730.0,81559.0,10.0,158.71
2026-08-17T01:49:48.850250+00:00,1786931388.85025,runtime,full,7,NVIDIA H100 80GB HBM3,66250.0,81559.0,100.0,163.88
2026-08-17T01:49:51.367196+00:00,1786931391.367196,runtime,full,4,NVIDIA H100 80GB HBM3,66636.0,81559.0,36.0,177.81
2026-08-17T01:49:51.367196+00:00,1786931391.367196,runtime,full,5,NVIDIA H100 80GB HBM3,66730.0,81559.0,100.0,170.39
2026-08-17T01:49:51.367196+00:00,1786931391.367196,runtime,full,6,NVIDIA H100 80GB HBM3,66730.0,81559.0,10.0,158.79
2026-08-17T01:49:51.367196+00:00,1786931391.367196,runtime,full,7,NVIDIA H100 80GB HBM3,66250.0,81559.0,97.0,163.98
2026-08-17T01:49:53.817893+00:00,1786931393.817893,runtime,full,4,NVIDIA H100 80GB HBM3,66636.0,81559.0,10.0,176.72
2026-08-17T01:49:53.817893+00:00,1786931393.817893,runtime,full,5,NVIDIA H100 80GB HBM3,66730.0,81559.0,94.0,169.72
2026-08-17T01:49:53.817893+00:00,1786931393.817893,runtime,full,6,NVIDIA H100 80GB HBM3,66730.0,81559.0,90.0,159.78
2026-08-17T01:49:53.817893+00:00,1786931393.817893,runtime,full,7,NVIDIA H100 80GB HBM3,66250.0,81559.0,91.0,163.67
2026-08-17T01:49:56.311733+00:00,1786931396.311733,runtime,full,4,NVIDIA H100 80GB HBM3,66636.0,81559.0,27.0,177.37
2026-08-17T01:49:56.311733+00:00,1786931396.311733,runtime,full,5,NVIDIA H100 80GB HBM3,66730.0,81559.0,81.0,169.79
2026-08-17T01:49:56.311733+00:00,1786931396.311733,runtime,full,6,NVIDIA H100 80GB HBM3,66730.0,81559.0,29.0,159.74
2026-08-17T01:49:56.311733+00:00,1786931396.311733,runtime,full,7,NVIDIA H100 80GB HBM3,66250.0,81559.0,10.0,163.58
2026-08-17T01:49:58.882633+00:00,1786931398.882633,runtime,full,4,NVIDIA H100 80GB HBM3,66636.0,81559.0,11.0,176.95
2026-08-17T01:49:58.882633+00:00,1786931398.882633,runtime,full,5,NVIDIA H100 80GB HBM3,66730.0,81559.0,86.0,169.68
2026-08-17T01:49:58.882633+00:00,1786931398.882633,runtime,full,6,NVIDIA H100 80GB HBM3,66730.0,81559.0,69.0,159.25
2026-08-17T01:49:58.882633+00:00,1786931398.882633,runtime,full,7,NVIDIA H100 80GB HBM3,66250.0,81559.0,64.0,164.31
2026-08-17T01:50:01.327783+00:00,1786931401.327783,runtime,full,4,NVIDIA H100 80GB HBM3,66636.0,81559.0,11.0,176.89
2026-08-17T01:50:01.327783+00:00,1786931401.327783,runtime,full,5,NVIDIA H100 80GB HBM3,66730.0,81559.0,76.0,170.24
2026-08-17T01:50:01.327783+00:00,1786931401.327783,runtime,full,6,NVIDIA H100 80GB HBM3,66730.0,81559.0,11.0,159.2
2026-08-17T01:50:01.327783+00:00,1786931401.327783,runtime,full,7,NVIDIA H100 80GB HBM3,66250.0,81559.0,47.0,163.09
2026-08-17T01:50:03.682958+00:00,1786931403.682958,runtime,full,4,NVIDIA H100 80GB HBM3,66636.0,81559.0,9.0,175.99
2026-08-17T01:50:03.682958+00:00,1786931403.682958,runtime,full,5,NVIDIA H100 80GB HBM3,66730.0,81559.0,95.0,169.21
2026-08-17T01:50:03.682958+00:00,1786931403.682958,runtime,full,6,NVIDIA H100 80GB HBM3,66730.0,81559.0,94.0,159.31
2026-08-17T01:50:03.682958+00:00,1786931403.682958,runtime,full,7,NVIDIA H100 80GB HBM3,66250.0,81559.0,95.0,163.38
2026-08-17T01:50:06.384670+00:00,1786931406.38467,runtime,full,4,NVIDIA H100 80GB HBM3,66636.0,81559.0,19.0,175.96
2026-08-17T01:50:06.384670+00:00,1786931406.38467,runtime,full,5,NVIDIA H100 80GB HBM3,66730.0,81559.0,95.0,169.7
2026-08-17T01:50:06.384670+00:00,1786931406.38467,runtime,full,6,NVIDIA H100 80GB HBM3,66730.0,81559.0,99.0,158.74
2026-08-17T01:50:06.384670+00:00,1786931406.38467,runtime,full,7,NVIDIA H100 80GB HBM3,66250.0,81559.0,100.0,163.57
2026-08-17T01:50:08.927742+00:00,1786931408.927742,runtime,full,4,NVIDIA H100 80GB HBM3,66636.0,81559.0,10.0,176.59
2026-08-17T01:50:08.927742+00:00,1786931408.927742,runtime,full,5,NVIDIA H100 80GB HBM3,66730.0,81559.0,88.0,170.11
2026-08-17T01:50:08.927742+00:00,1786931408.927742,runtime,full,6,NVIDIA H100 80GB HBM3,66730.0,81559.0,30.0,159.1
2026-08-17T01:50:08.927742+00:00,1786931408.927742,runtime,full,7,NVIDIA H100 80GB HBM3,66250.0,81559.0,82.0,163.12
2026-08-17T01:50:11.419936+00:00,1786931411.419936,runtime,full,4,NVIDIA H100 80GB HBM3,66636.0,81559.0,10.0,176.34
2026-08-17T01:50:11.419936+00:00,1786931411.419936,runtime,full,5,NVIDIA H100 80GB HBM3,66730.0,81559.0,98.0,169.82
2026-08-17T01:50:11.419936+00:00,1786931411.419936,runtime,full,6,NVIDIA H100 80GB HBM3,66730.0,81559.0,72.0,159.67
2026-08-17T01:50:11.419936+00:00,1786931411.419936,runtime,full,7,NVIDIA H100 80GB HBM3,66250.0,81559.0,46.0,163.3
2026-08-17T01:50:13.981568+00:00,1786931413.981568,runtime,full,4,NVIDIA H100 80GB HBM3,66636.0,81559.0,13.0,177.07
2026-08-17T01:50:13.981568+00:00,1786931413.981568,runtime,full,5,NVIDIA H100 80GB HBM3,66730.0,81559.0,81.0,169.7
2026-08-17T01:50:13.981568+00:00,1786931413.981568,runtime,full,6,NVIDIA H100 80GB HBM3,66730.0,81559.0,27.0,158.93
2026-08-17T01:50:13.981568+00:00,1786931413.981568,runtime,full,7,NVIDIA H100 80GB HBM3,66250.0,81559.0,51.0,163.04
2026-08-17T01:50:16.626261+00:00,1786931416.626261,runtime,full,4,NVIDIA H100 80GB HBM3,66636.0,81559.0,10.0,176.99
2026-08-17T01:50:16.626261+00:00,1786931416.626261,runtime,full,5,NVIDIA H100 80GB HBM3,66730.0,81559.0,90.0,170.18
2026-08-17T01:50:16.626261+00:00,1786931416.626261,runtime,full,6,NVIDIA H100 80GB HBM3,66730.0,81559.0,56.0,159.27
2026-08-17T01:50:16.626261+00:00,1786931416.626261,runtime,full,7,NVIDIA H100 80GB HBM3,66250.0,81559.0,71.0,163.34
2026-08-17T01:50:19.207323+00:00,1786931419.207323,runtime,full,4,NVIDIA H100 80GB HBM3,66636.0,81559.0,11.0,177.28
2026-08-17T01:50:19.207323+00:00,1786931419.207323,runtime,full,5,NVIDIA H100 80GB HBM3,66730.0,81559.0,80.0,169.94
2026-08-17T01:50:19.207323+00:00,1786931419.207323,runtime,full,6,NVIDIA H100 80GB HBM3,66730.0,81559.0,18.0,159.09
2026-08-17T01:50:19.207323+00:00,1786931419.207323,runtime,full,7,NVIDIA H100 80GB HBM3,66250.0,81559.0,63.0,163.89
2026-08-17T01:50:21.770969+00:00,1786931421.770969,runtime,full,4,NVIDIA H100 80GB HBM3,66636.0,81559.0,10.0,177.14
2026-08-17T01:50:21.770969+00:00,1786931421.770969,runtime,full,5,NVIDIA H100 80GB HBM3,66730.0,81559.0,83.0,170.33
2026-08-17T01:50:21.770969+00:00,1786931421.770969,runtime,full,6,NVIDIA H100 80GB HBM3,66730.0,81559.0,25.0,159.28
2026-08-17T01:50:21.770969+00:00,1786931421.770969,runtime,full,7,NVIDIA H100 80GB HBM3,66250.0,81559.0,90.0,163.5
2026-08-17T01:50:24.419230+00:00,1786931424.41923,runtime,full,4,NVIDIA H100 80GB HBM3,66636.0,81559.0,20.0,177.57
2026-08-17T01:50:24.419230+00:00,1786931424.41923,runtime,full,5,NVIDIA H100 80GB HBM3,66730.0,81559.0,81.0,169.93
2026-08-17T01:50:24.419230+00:00,1786931424.41923,runtime,full,6,NVIDIA H100 80GB HBM3,66730.0,81559.0,21.0,159.23
2026-08-17T01:50:24.419230+00:00,1786931424.41923,runtime,full,7,NVIDIA H100 80GB HBM3,66250.0,81559.0,52.0,163.24
2026-08-17T01:50:27.342658+00:00,1786931427.342658,runtime,full,4,NVIDIA H100 80GB HBM3,66636.0,81559.0,11.0,177.12
2026-08-17T01:50:27.342658+00:00,1786931427.342658,runtime,full,5,NVIDIA H100 80GB HBM3,66730.0,81559.0,98.0,170.29
2026-08-17T01:50:27.342658+00:00,1786931427.342658,runtime,full,6,NVIDIA H100 80GB HBM3,66730.0,81559.0,58.0,158.82
2026-08-17T01:50:27.342658+00:00,1786931427.342658,runtime,full,7,NVIDIA H100 80GB HBM3,66250.0,81559.0,92.0,163.95
2026-08-17T01:50:30.272777+00:00,1786931430.272777,runtime,full,4,NVIDIA H100 80GB HBM3,66636.0,81559.0,20.0,176.95
2026-08-17T01:50:30.272777+00:00,1786931430.272777,runtime,full,5,NVIDIA H100 80GB HBM3,66730.0,81559.0,94.0,169.84
2026-08-17T01:50:30.272777+00:00,1786931430.272777,runtime,full,6,NVIDIA H100 80GB HBM3,66730.0,81559.0,10.0,158.87
2026-08-17T01:50:30.272777+00:00,1786931430.272777,runtime,full,7,NVIDIA H100 80GB HBM3,66250.0,81559.0,94.0,164.31
2026-08-17T01:50:32.866379+00:00,1786931432.866379,runtime,full,4,NVIDIA H100 80GB HBM3,66636.0,81559.0,19.0,176.9
2026-08-17T01:50:32.866379+00:00,1786931432.866379,runtime,full,5,NVIDIA H100 80GB HBM3,66730.0,81559.0,90.0,169.91
2026-08-17T01:50:32.866379+00:00,1786931432.866379,runtime,full,6,NVIDIA H100 80GB HBM3,66730.0,81559.0,11.0,158.94
2026-08-17T01:50:32.866379+00:00,1786931432.866379,runtime,full,7,NVIDIA H100 80GB HBM3,66250.0,81559.0,85.0,163.69
2026-08-17T01:50:35.540700+00:00,1786931435.5407,runtime,full,4,NVIDIA H100 80GB HBM3,66636.0,81559.0,14.0,177.22
2026-08-17T01:50:35.540700+00:00,1786931435.5407,runtime,full,5,NVIDIA H100 80GB HBM3,66730.0,81559.0,82.0,170.09
2026-08-17T01:50:35.540700+00:00,1786931435.5407,runtime,full,6,NVIDIA H100 80GB HBM3,66730.0,81559.0,13.0,158.82
2026-08-17T01:50:35.540700+00:00,1786931435.5407,runtime,full,7,NVIDIA H100 80GB HBM3,66250.0,81559.0,73.0,163.22
2026-08-17T01:50:38.235518+00:00,1786931438.235518,runtime,full,4,NVIDIA H100 80GB HBM3,66636.0,81559.0,11.0,176.66
2026-08-17T01:50:38.235518+00:00,1786931438.235518,runtime,full,5,NVIDIA H100 80GB HBM3,66730.0,81559.0,81.0,170.09
2026-08-17T01:50:38.235518+00:00,1786931438.235518,runtime,full,6,NVIDIA H100 80GB HBM3,66730.0,81559.0,22.0,159.11
2026-08-17T01:50:38.235518+00:00,1786931438.235518,runtime,full,7,NVIDIA H100 80GB HBM3,66250.0,81559.0,72.0,163.47
2026-08-17T01:50:40.860540+00:00,1786931440.86054,runtime,full,4,NVIDIA H100 80GB HBM3,66636.0,81559.0,10.0,177.01
2026-08-17T01:50:40.860540+00:00,1786931440.86054,runtime,full,5,NVIDIA H100 80GB HBM3,66730.0,81559.0,84.0,170.04
2026-08-17T01:50:40.860540+00:00,1786931440.86054,runtime,full,6,NVIDIA H100 80GB HBM3,66730.0,81559.0,70.0,158.84
2026-08-17T01:50:40.860540+00:00,1786931440.86054,runtime,full,7,NVIDIA H100 80GB HBM3,66250.0,81559.0,95.0,163.54
2026-08-17T01:50:43.507388+00:00,1786931443.507388,runtime,full,4,NVIDIA H100 80GB HBM3,66636.0,81559.0,11.0,177.92
2026-08-17T01:50:43.507388+00:00,1786931443.507388,runtime,full,5,NVIDIA H100 80GB HBM3,66730.0,81559.0,81.0,169.69
2026-08-17T01:50:43.507388+00:00,1786931443.507388,runtime,full,6,NVIDIA H100 80GB HBM3,66730.0,81559.0,48.0,158.97
2026-08-17T01:50:43.507388+00:00,1786931443.507388,runtime,full,7,NVIDIA H100 80GB HBM3,66250.0,81559.0,67.0,164.03
2026-08-17T01:50:45.975534+00:00,1786931445.975534,runtime,full,4,NVIDIA H100 80GB HBM3,66636.0,81559.0,11.0,177.37
2026-08-17T01:50:45.975534+00:00,1786931445.975534,runtime,full,5,NVIDIA H100 80GB HBM3,66730.0,81559.0,75.0,169.71
2026-08-17T01:50:45.975534+00:00,1786931445.975534,runtime,full,6,NVIDIA H100 80GB HBM3,66730.0,81559.0,20.0,159.04
2026-08-17T01:50:45.975534+00:00,1786931445.975534,runtime,full,7,NVIDIA H100 80GB HBM3,66250.0,81559.0,91.0,163.69
2026-08-17T01:50:48.464610+00:00,1786931448.46461,runtime,full,4,NVIDIA H100 80GB HBM3,66636.0,81559.0,11.0,176.93
2026-08-17T01:50:48.464610+00:00,1786931448.46461,runtime,full,5,NVIDIA H100 80GB HBM3,66730.0,81559.0,73.0,170.09
2026-08-17T01:50:48.464610+00:00,1786931448.46461,runtime,full,6,NVIDIA H100 80GB HBM3,66730.0,81559.0,12.0,158.93
2026-08-17T01:50:48.464610+00:00,1786931448.46461,runtime,full,7,NVIDIA H100 80GB HBM3,66250.0,81559.0,61.0,164.01
2026-08-17T01:50:51.108490+00:00,1786931451.10849,runtime,full,4,NVIDIA H100 80GB HBM3,66636.0,81559.0,43.0,178.96
2026-08-17T01:50:51.108490+00:00,1786931451.10849,runtime,full,5,NVIDIA H100 80GB HBM3,66730.0,81559.0,99.0,170.08
2026-08-17T01:50:51.108490+00:00,1786931451.10849,runtime,full,6,NVIDIA H100 80GB HBM3,66730.0,81559.0,10.0,158.67
2026-08-17T01:50:51.108490+00:00,1786931451.10849,runtime,full,7,NVIDIA H100 80GB HBM3,66250.0,81559.0,87.0,164.05
2026-08-17T01:50:53.706750+00:00,1786931453.70675,runtime,full,4,NVIDIA H100 80GB HBM3,66636.0,81559.0,11.0,177.64
2026-08-17T01:50:53.706750+00:00,1786931453.70675,runtime,full,5,NVIDIA H100 80GB HBM3,66730.0,81559.0,95.0,170.44
2026-08-17T01:50:53.706750+00:00,1786931453.70675,runtime,full,6,NVIDIA H100 80GB HBM3,66730.0,81559.0,95.0,159.44
2026-08-17T01:50:53.706750+00:00,1786931453.70675,runtime,full,7,NVIDIA H100 80GB HBM3,66250.0,81559.0,68.0,164.09
2026-08-17T01:50:56.299314+00:00,1786931456.299314,runtime,full,4,NVIDIA H100 80GB HBM3,66636.0,81559.0,10.0,177.85
2026-08-17T01:50:56.299314+00:00,1786931456.299314,runtime,full,5,NVIDIA H100 80GB HBM3,66730.0,81559.0,98.0,169.99
2026-08-17T01:50:56.299314+00:00,1786931456.299314,runtime,full,6,NVIDIA H100 80GB HBM3,66730.0,81559.0,58.0,159.42
2026-08-17T01:50:56.299314+00:00,1786931456.299314,runtime,full,7,NVIDIA H100 80GB HBM3,66250.0,81559.0,90.0,163.96
2026-08-17T01:50:59.088544+00:00,1786931459.088544,runtime,full,4,NVIDIA H100 80GB HBM3,66636.0,81559.0,11.0,177.19
2026-08-17T01:50:59.088544+00:00,1786931459.088544,runtime,full,5,NVIDIA H100 80GB HBM3,66730.0,81559.0,76.0,170.24
2026-08-17T01:50:59.088544+00:00,1786931459.088544,runtime,full,6,NVIDIA H100 80GB HBM3,66730.0,81559.0,29.0,159.02
2026-08-17T01:50:59.088544+00:00,1786931459.088544,runtime,full,7,NVIDIA H100 80GB HBM3,66250.0,81559.0,66.0,163.73
2026-08-17T01:51:01.681798+00:00,1786931461.681798,runtime,full,4,NVIDIA H100 80GB HBM3,66636.0,81559.0,10.0,177.51
2026-08-17T01:51:01.681798+00:00,1786931461.681798,runtime,full,5,NVIDIA H100 80GB HBM3,66730.0,81559.0,76.0,169.73
2026-08-17T01:51:01.681798+00:00,1786931461.681798,runtime,full,6,NVIDIA H100 80GB HBM3,66730.0,81559.0,18.0,159.24
2026-08-17T01:51:01.681798+00:00,1786931461.681798,runtime,full,7,NVIDIA H100 80GB HBM3,66250.0,81559.0,77.0,163.65
2026-08-17T01:51:04.349849+00:00,1786931464.349849,runtime,full,4,NVIDIA H100 80GB HBM3,66636.0,81559.0,75.0,177.76
2026-08-17T01:51:04.349849+00:00,1786931464.349849,runtime,full,5,NVIDIA H100 80GB HBM3,66730.0,81559.0,100.0,170.24
2026-08-17T01:51:04.349849+00:00,1786931464.349849,runtime,full,6,NVIDIA H100 80GB HBM3,66730.0,81559.0,10.0,158.79
2026-08-17T01:51:04.349849+00:00,1786931464.349849,runtime,full,7,NVIDIA H100 80GB HBM3,66250.0,81559.0,99.0,164.45
2026-08-17T01:51:06.918005+00:00,1786931466.918005,runtime,full,4,NVIDIA H100 80GB HBM3,66636.0,81559.0,48.0,177.16
2026-08-17T01:51:06.918005+00:00,1786931466.918005,runtime,full,5,NVIDIA H100 80GB HBM3,66730.0,81559.0,99.0,170.42
2026-08-17T01:51:06.918005+00:00,1786931466.918005,runtime,full,6,NVIDIA H100 80GB HBM3,66730.0,81559.0,10.0,159.14
2026-08-17T01:51:06.918005+00:00,1786931466.918005,runtime,full,7,NVIDIA H100 80GB HBM3,66250.0,81559.0,96.0,163.74
2026-08-17T01:51:09.529056+00:00,1786931469.529056,runtime,full,4,NVIDIA H100 80GB HBM3,66636.0,81559.0,36.0,178.25
2026-08-17T01:51:09.529056+00:00,1786931469.529056,runtime,full,5,NVIDIA H100 80GB HBM3,66730.0,81559.0,97.0,170.51
2026-08-17T01:51:09.529056+00:00,1786931469.529056,runtime,full,6,NVIDIA H100 80GB HBM3,66730.0,81559.0,19.0,158.79
2026-08-17T01:51:09.529056+00:00,1786931469.529056,runtime,full,7,NVIDIA H100 80GB HBM3,66250.0,81559.0,69.0,163.74
2026-08-17T01:51:12.120165+00:00,1786931472.120165,runtime,full,4,NVIDIA H100 80GB HBM3,66636.0,81559.0,77.0,178.33
2026-08-17T01:51:12.120165+00:00,1786931472.120165,runtime,full,5,NVIDIA H100 80GB HBM3,66730.0,81559.0,100.0,170.03
2026-08-17T01:51:12.120165+00:00,1786931472.120165,runtime,full,6,NVIDIA H100 80GB HBM3,66730.0,81559.0,10.0,158.36
2026-08-17T01:51:12.120165+00:00,1786931472.120165,runtime,full,7,NVIDIA H100 80GB HBM3,66250.0,81559.0,100.0,163.78
2026-08-17T01:51:14.991861+00:00,1786931474.991861,runtime,full,4,NVIDIA H100 80GB HBM3,66636.0,81559.0,63.0,178.42
2026-08-17T01:51:14.991861+00:00,1786931474.991861,runtime,full,5,NVIDIA H100 80GB HBM3,66730.0,81559.0,100.0,170.23
2026-08-17T01:51:14.991861+00:00,1786931474.991861,runtime,full,6,NVIDIA H100 80GB HBM3,66730.0,81559.0,10.0,158.62
2026-08-17T01:51:14.991861+00:00,1786931474.991861,runtime,full,7,NVIDIA H100 80GB HBM3,66250.0,81559.0,100.0,163.38
2026-08-17T01:51:17.799139+00:00,1786931477.799139,runtime,full,4,NVIDIA H100 80GB HBM3,66636.0,81559.0,72.0,177.96
2026-08-17T01:51:17.799139+00:00,1786931477.799139,runtime,full,5,NVIDIA H100 80GB HBM3,66730.0,81559.0,100.0,170.42
2026-08-17T01:51:17.799139+00:00,1786931477.799139,runtime,full,6,NVIDIA H100 80GB HBM3,66730.0,81559.0,10.0,158.78
2026-08-17T01:51:17.799139+00:00,1786931477.799139,runtime,full,7,NVIDIA H100 80GB HBM3,66250.0,81559.0,100.0,164.45
2026-08-17T01:51:20.594044+00:00,1786931480.594044,runtime,full,4,NVIDIA H100 80GB HBM3,66636.0,81559.0,46.0,177.91
2026-08-17T01:51:20.594044+00:00,1786931480.594044,runtime,full,5,NVIDIA H100 80GB HBM3,66730.0,81559.0,99.0,170.21
2026-08-17T01:51:20.594044+00:00,1786931480.594044,runtime,full,6,NVIDIA H100 80GB HBM3,66730.0,81559.0,10.0,158.96
2026-08-17T01:51:20.594044+00:00,1786931480.594044,runtime,full,7,NVIDIA H100 80GB HBM3,66250.0,81559.0,98.0,164.12
2026-08-17T01:51:23.113800+00:00,1786931483.1138,runtime,full,4,NVIDIA H100 80GB HBM3,66636.0,81559.0,42.0,177.35
2026-08-17T01:51:23.113800+00:00,1786931483.1138,runtime,full,5,NVIDIA H100 80GB HBM3,66730.0,81559.0,98.0,170.19
2026-08-17T01:51:23.113800+00:00,1786931483.1138,runtime,full,6,NVIDIA H100 80GB HBM3,66730.0,81559.0,10.0,158.65
2026-08-17T01:51:23.113800+00:00,1786931483.1138,runtime,full,7,NVIDIA H100 80GB HBM3,66250.0,81559.0,93.0,163.47
2026-08-17T01:51:25.789393+00:00,1786931485.789393,runtime,full,4,NVIDIA H100 80GB HBM3,66636.0,81559.0,35.0,177.51
2026-08-17T01:51:25.789393+00:00,1786931485.789393,runtime,full,5,NVIDIA H100 80GB HBM3,66730.0,81559.0,95.0,170.61
2026-08-17T01:51:25.789393+00:00,1786931485.789393,runtime,full,6,NVIDIA H100 80GB HBM3,66730.0,81559.0,10.0,158.65
2026-08-17T01:51:25.789393+00:00,1786931485.789393,runtime,full,7,NVIDIA H100 80GB HBM3,66250.0,81559.0,92.0,163.8
2026-08-17T01:51:28.380088+00:00,1786931488.380088,runtime,full,4,NVIDIA H100 80GB HBM3,66636.0,81559.0,32.0,177.52
2026-08-17T01:51:28.380088+00:00,1786931488.380088,runtime,full,5,NVIDIA H100 80GB HBM3,66730.0,81559.0,91.0,169.69
2026-08-17T01:51:28.380088+00:00,1786931488.380088,runtime,full,6,NVIDIA H100 80GB HBM3,66730.0,81559.0,10.0,158.65
2026-08-17T01:51:28.380088+00:00,1786931488.380088,runtime,full,7,NVIDIA H100 80GB HBM3,66250.0,81559.0,89.0,163.76
2026-08-17T01:51:31.049706+00:00,1786931491.049706,runtime,full,4,NVIDIA H100 80GB HBM3,66636.0,81559.0,28.0,177.04
2026-08-17T01:51:31.049706+00:00,1786931491.049706,runtime,full,5,NVIDIA H100 80GB HBM3,66730.0,81559.0,99.0,170.49
2026-08-17T01:51:31.049706+00:00,1786931491.049706,runtime,full,6,NVIDIA H100 80GB HBM3,66730.0,81559.0,10.0,159.17
2026-08-17T01:51:31.049706+00:00,1786931491.049706,runtime,full,7,NVIDIA H100 80GB HBM3,66250.0,81559.0,87.0,163.58
2026-08-17T01:51:33.609406+00:00,1786931493.609406,runtime,full,4,NVIDIA H100 80GB HBM3,66636.0,81559.0,47.0,178.17
2026-08-17T01:51:33.609406+00:00,1786931493.609406,runtime,full,5,NVIDIA H100 80GB HBM3,66730.0,81559.0,99.0,170.2
2026-08-17T01:51:33.609406+00:00,1786931493.609406,runtime,full,6,NVIDIA H100 80GB HBM3,66730.0,81559.0,10.0,158.73
2026-08-17T01:51:33.609406+00:00,1786931493.609406,runtime,full,7,NVIDIA H100 80GB HBM3,66250.0,81559.0,99.0,164.47
2026-08-17T01:51:36.184856+00:00,1786931496.184856,runtime,full,4,NVIDIA H100 80GB HBM3,66636.0,81559.0,43.0,177.92
2026-08-17T01:51:36.184856+00:00,1786931496.184856,runtime,full,5,NVIDIA H100 80GB HBM3,66730.0,81559.0,98.0,170.22
2026-08-17T01:51:36.184856+00:00,1786931496.184856,runtime,full,6,NVIDIA H100 80GB HBM3,66730.0,81559.0,10.0,159.3
2026-08-17T01:51:36.184856+00:00,1786931496.184856,runtime,full,7,NVIDIA H100 80GB HBM3,66250.0,81559.0,95.0,163.71
2026-08-17T01:51:38.726267+00:00,1786931498.726267,runtime,full,4,NVIDIA H100 80GB HBM3,66636.0,81559.0,60.0,177.96
2026-08-17T01:51:38.726267+00:00,1786931498.726267,runtime,full,5,NVIDIA H100 80GB HBM3,66730.0,81559.0,100.0,170.56
2026-08-17T01:51:38.726267+00:00,1786931498.726267,runtime,full,6,NVIDIA H100 80GB HBM3,66730.0,81559.0,10.0,159.09
2026-08-17T01:51:38.726267+00:00,1786931498.726267,runtime,full,7,NVIDIA H100 80GB HBM3,66250.0,81559.0,99.0,163.85
2026-08-17T01:51:41.242263+00:00,1786931501.242263,runtime,full,4,NVIDIA H100 80GB HBM3,66636.0,81559.0,28.0,177.34
2026-08-17T01:51:41.242263+00:00,1786931501.242263,runtime,full,5,NVIDIA H100 80GB HBM3,66730.0,81559.0,98.0,169.34
2026-08-17T01:51:41.242263+00:00,1786931501.242263,runtime,full,6,NVIDIA H100 80GB HBM3,66730.0,81559.0,10.0,159.21
2026-08-17T01:51:41.242263+00:00,1786931501.242263,runtime,full,7,NVIDIA H100 80GB HBM3,66250.0,81559.0,74.0,163.99
2026-08-17T01:51:43.662525+00:00,1786931503.662525,runtime,full,4,NVIDIA H100 80GB HBM3,66636.0,81559.0,50.0,177.53
2026-08-17T01:51:43.662525+00:00,1786931503.662525,runtime,full,5,NVIDIA H100 80GB HBM3,66730.0,81559.0,99.0,170.74
2026-08-17T01:51:43.662525+00:00,1786931503.662525,runtime,full,6,NVIDIA H100 80GB HBM3,66730.0,81559.0,10.0,158.75
2026-08-17T01:51:43.662525+00:00,1786931503.662525,runtime,full,7,NVIDIA H100 80GB HBM3,66250.0,81559.0,97.0,164.13
2026-08-17T01:51:46.276339+00:00,1786931506.276339,runtime,full,4,NVIDIA H100 80GB HBM3,66636.0,81559.0,75.0,177.78
2026-08-17T01:51:46.276339+00:00,1786931506.276339,runtime,full,5,NVIDIA H100 80GB HBM3,66730.0,81559.0,100.0,170.39
2026-08-17T01:51:46.276339+00:00,1786931506.276339,runtime,full,6,NVIDIA H100 80GB HBM3,66730.0,81559.0,10.0,159.07
2026-08-17T01:51:46.276339+00:00,1786931506.276339,runtime,full,7,NVIDIA H100 80GB HBM3,66250.0,81559.0,100.0,164.81
2026-08-17T01:51:48.862652+00:00,1786931508.862652,runtime,full,4,NVIDIA H100 80GB HBM3,66636.0,81559.0,78.0,178.88
2026-08-17T01:51:48.862652+00:00,1786931508.862652,runtime,full,5,NVIDIA H100 80GB HBM3,66730.0,81559.0,100.0,170.45
2026-08-17T01:51:48.862652+00:00,1786931508.862652,runtime,full,6,NVIDIA H100 80GB HBM3,66730.0,81559.0,10.0,158.76
2026-08-17T01:51:48.862652+00:00,1786931508.862652,runtime,full,7,NVIDIA H100 80GB HBM3,66250.0,81559.0,100.0,163.62
2026-08-17T01:51:51.485042+00:00,1786931511.485042,runtime,full,4,NVIDIA H100 80GB HBM3,66636.0,81559.0,50.0,177.62
2026-08-17T01:51:51.485042+00:00,1786931511.485042,runtime,full,5,NVIDIA H100 80GB HBM3,66730.0,81559.0,99.0,170.24
2026-08-17T01:51:51.485042+00:00,1786931511.485042,runtime,full,6,NVIDIA H100 80GB HBM3,66730.0,81559.0,10.0,159.0
2026-08-17T01:51:51.485042+00:00,1786931511.485042,runtime,full,7,NVIDIA H100 80GB HBM3,66250.0,81559.0,100.0,164.22
2026-08-17T01:51:54.072279+00:00,1786931514.072279,runtime,full,4,NVIDIA H100 80GB HBM3,66636.0,81559.0,52.0,177.11
2026-08-17T01:51:54.072279+00:00,1786931514.072279,runtime,full,5,NVIDIA H100 80GB HBM3,66730.0,81559.0,99.0,170.18
2026-08-17T01:51:54.072279+00:00,1786931514.072279,runtime,full,6,NVIDIA H100 80GB HBM3,66730.0,81559.0,10.0,158.78
2026-08-17T01:51:54.072279+00:00,1786931514.072279,runtime,full,7,NVIDIA H100 80GB HBM3,66250.0,81559.0,97.0,163.76
2026-08-17T01:51:56.857203+00:00,1786931516.857203,runtime,full,4,NVIDIA H100 80GB HBM3,66636.0,81559.0,63.0,178.25
2026-08-17T01:51:56.857203+00:00,1786931516.857203,runtime,full,5,NVIDIA H100 80GB HBM3,66730.0,81559.0,99.0,170.56
2026-08-17T01:51:56.857203+00:00,1786931516.857203,runtime,full,6,NVIDIA H100 80GB HBM3,66730.0,81559.0,11.0,159.28
2026-08-17T01:51:56.857203+00:00,1786931516.857203,runtime,full,7,NVIDIA H100 80GB HBM3,66250.0,81559.0,98.0,163.97
2026-08-17T01:51:59.536329+00:00,1786931519.536329,runtime,full,4,NVIDIA H100 80GB HBM3,66636.0,81559.0,10.0,176.96
2026-08-17T01:51:59.536329+00:00,1786931519.536329,runtime,full,5,NVIDIA H100 80GB HBM3,66730.0,81559.0,84.0,169.97
2026-08-17T01:51:59.536329+00:00,1786931519.536329,runtime,full,6,NVIDIA H100 80GB HBM3,66730.0,81559.0,37.0,158.93
2026-08-17T01:51:59.536329+00:00,1786931519.536329,runtime,full,7,NVIDIA H100 80GB HBM3,66250.0,81559.0,63.0,163.69
2026-08-17T01:52:02.085523+00:00,1786931522.085523,runtime,full,4,NVIDIA H100 80GB HBM3,66636.0,81559.0,34.0,177.88
2026-08-17T01:52:02.085523+00:00,1786931522.085523,runtime,full,5,NVIDIA H100 80GB HBM3,66730.0,81559.0,93.0,170.26
2026-08-17T01:52:02.085523+00:00,1786931522.085523,runtime,full,6,NVIDIA H100 80GB HBM3,66730.0,81559.0,11.0,158.88
2026-08-17T01:52:02.085523+00:00,1786931522.085523,runtime,full,7,NVIDIA H100 80GB HBM3,66250.0,81559.0,88.0,164.13
2026-08-17T01:52:04.597120+00:00,1786931524.59712,runtime,full,4,NVIDIA H100 80GB HBM3,66636.0,81559.0,42.0,177.18
2026-08-17T01:52:04.597120+00:00,1786931524.59712,runtime,full,5,NVIDIA H100 80GB HBM3,66730.0,81559.0,10.0,169.11
2026-08-17T01:52:04.597120+00:00,1786931524.59712,runtime,full,6,NVIDIA H100 80GB HBM3,66730.0,81559.0,100.0,159.31
2026-08-17T01:52:04.597120+00:00,1786931524.59712,runtime,full,7,NVIDIA H100 80GB HBM3,66250.0,81559.0,72.0,163.4
2026-08-17T01:52:07.157357+00:00,1786931527.157357,runtime,full,4,NVIDIA H100 80GB HBM3,66636.0,81559.0,36.0,176.81
2026-08-17T01:52:07.157357+00:00,1786931527.157357,runtime,full,5,NVIDIA H100 80GB HBM3,66730.0,81559.0,25.0,169.52
2026-08-17T01:52:07.157357+00:00,1786931527.157357,runtime,full,6,NVIDIA H100 80GB HBM3,66730.0,81559.0,30.0,158.99
2026-08-17T01:52:07.157357+00:00,1786931527.157357,runtime,full,7,NVIDIA H100 80GB HBM3,66250.0,81559.0,69.0,163.16
2026-08-17T01:52:09.675388+00:00,1786931529.675388,runtime,full,4,NVIDIA H100 80GB HBM3,66636.0,81559.0,12.0,177.34
2026-08-17T01:52:09.675388+00:00,1786931529.675388,runtime,full,5,NVIDIA H100 80GB HBM3,66730.0,81559.0,36.0,169.21
2026-08-17T01:52:09.675388+00:00,1786931529.675388,runtime,full,6,NVIDIA H100 80GB HBM3,66730.0,81559.0,17.0,159.3
2026-08-17T01:52:09.675388+00:00,1786931529.675388,runtime,full,7,NVIDIA H100 80GB HBM3,66250.0,81559.0,64.0,163.49
2026-08-17T01:52:12.177103+00:00,1786931532.177103,runtime,full,4,NVIDIA H100 80GB HBM3,66636.0,81559.0,13.0,177.88
2026-08-17T01:52:12.177103+00:00,1786931532.177103,runtime,full,5,NVIDIA H100 80GB HBM3,66730.0,81559.0,41.0,169.96
2026-08-17T01:52:12.177103+00:00,1786931532.177103,runtime,full,6,NVIDIA H100 80GB HBM3,66730.0,81559.0,25.0,159.19
2026-08-17T01:52:12.177103+00:00,1786931532.177103,runtime,full,7,NVIDIA H100 80GB HBM3,66250.0,81559.0,60.0,164.05
2026-08-17T01:52:15.061291+00:00,1786931535.061291,runtime,full,4,NVIDIA H100 80GB HBM3,66636.0,81559.0,42.0,178.45
2026-08-17T01:52:15.061291+00:00,1786931535.061291,runtime,full,5,NVIDIA H100 80GB HBM3,66730.0,81559.0,46.0,170.24
2026-08-17T01:52:15.061291+00:00,1786931535.061291,runtime,full,6,NVIDIA H100 80GB HBM3,66730.0,81559.0,43.0,159.33
2026-08-17T01:52:15.061291+00:00,1786931535.061291,runtime,full,7,NVIDIA H100 80GB HBM3,66250.0,81559.0,90.0,163.98
2026-08-17T01:52:17.940090+00:00,1786931537.94009,runtime,full,4,NVIDIA H100 80GB HBM3,66636.0,81559.0,27.0,177.83
2026-08-17T01:52:17.940090+00:00,1786931537.94009,runtime,full,5,NVIDIA H100 80GB HBM3,66730.0,81559.0,61.0,169.46
2026-08-17T01:52:17.940090+00:00,1786931537.94009,runtime,full,6,NVIDIA H100 80GB HBM3,66730.0,81559.0,11.0,159.26
2026-08-17T01:52:17.940090+00:00,1786931537.94009,runtime,full,7,NVIDIA H100 80GB HBM3,66250.0,81559.0,65.0,163.46
2026-08-17T01:52:20.422688+00:00,1786931540.422688,runtime,full,4,NVIDIA H100 80GB HBM3,66636.0,81559.0,94.0,178.63
2026-08-17T01:52:20.422688+00:00,1786931540.422688,runtime,full,5,NVIDIA H100 80GB HBM3,66730.0,81559.0,9.0,169.0
2026-08-17T01:52:20.422688+00:00,1786931540.422688,runtime,full,6,NVIDIA H100 80GB HBM3,66730.0,81559.0,100.0,159.46
2026-08-17T01:52:20.422688+00:00,1786931540.422688,runtime,full,7,NVIDIA H100 80GB HBM3,66250.0,81559.0,70.0,163.95
2026-08-17T01:52:22.869299+00:00,1786931542.869299,runtime,full,4,NVIDIA H100 80GB HBM3,66636.0,81559.0,53.0,178.71
2026-08-17T01:52:22.869299+00:00,1786931542.869299,runtime,full,5,NVIDIA H100 80GB HBM3,66730.0,81559.0,100.0,170.5
2026-08-17T01:52:22.869299+00:00,1786931542.869299,runtime,full,6,NVIDIA H100 80GB HBM3,66730.0,81559.0,10.0,158.74
2026-08-17T01:52:22.869299+00:00,1786931542.869299,runtime,full,7,NVIDIA H100 80GB HBM3,66250.0,81559.0,99.0,164.59
2026-08-17T01:52:25.336735+00:00,1786931545.336735,runtime,full,4,NVIDIA H100 80GB HBM3,66636.0,81559.0,33.0,178.65
2026-08-17T01:52:25.336735+00:00,1786931545.336735,runtime,full,5,NVIDIA H100 80GB HBM3,66730.0,81559.0,99.0,170.05
2026-08-17T01:52:25.336735+00:00,1786931545.336735,runtime,full,6,NVIDIA H100 80GB HBM3,66730.0,81559.0,11.0,158.8
2026-08-17T01:52:25.336735+00:00,1786931545.336735,runtime,full,7,NVIDIA H100 80GB HBM3,66250.0,81559.0,97.0,164.25
2026-08-17T01:52:27.983079+00:00,1786931547.983079,runtime,full,4,NVIDIA H100 80GB HBM3,66636.0,81559.0,34.0,178.24
2026-08-17T01:52:27.983079+00:00,1786931547.983079,runtime,full,5,NVIDIA H100 80GB HBM3,66730.0,81559.0,86.0,170.48
2026-08-17T01:52:27.983079+00:00,1786931547.983079,runtime,full,6,NVIDIA H100 80GB HBM3,66730.0,81559.0,10.0,158.95
2026-08-17T01:52:27.983079+00:00,1786931547.983079,runtime,full,7,NVIDIA H100 80GB HBM3,66250.0,81559.0,84.0,163.59
2026-08-17T01:52:30.511077+00:00,1786931550.511077,runtime,full,4,NVIDIA H100 80GB HBM3,66636.0,81559.0,22.0,178.15
2026-08-17T01:52:30.511077+00:00,1786931550.511077,runtime,full,5,NVIDIA H100 80GB HBM3,66730.0,81559.0,89.0,169.46
2026-08-17T01:52:30.511077+00:00,1786931550.511077,runtime,full,6,NVIDIA H100 80GB HBM3,66730.0,81559.0,10.0,159.07
2026-08-17T01:52:30.511077+00:00,1786931550.511077,runtime,full,7,NVIDIA H100 80GB HBM3,66250.0,81559.0,67.0,163.68
2026-08-17T01:52:32.966938+00:00,1786931552.966938,runtime,full,4,NVIDIA H100 80GB HBM3,66636.0,81559.0,35.0,178.23
2026-08-17T01:52:32.966938+00:00,1786931552.966938,runtime,full,5,NVIDIA H100 80GB HBM3,66730.0,81559.0,97.0,170.36
2026-08-17T01:52:32.966938+00:00,1786931552.966938,runtime,full,6,NVIDIA H100 80GB HBM3,66730.0,81559.0,11.0,158.95
2026-08-17T01:52:32.966938+00:00,1786931552.966938,runtime,full,7,NVIDIA H100 80GB HBM3,66250.0,81559.0,88.0,163.84
2026-08-17T01:52:35.589973+00:00,1786931555.589973,runtime,full,4,NVIDIA H100 80GB HBM3,66636.0,81559.0,18.0,177.57
2026-08-17T01:52:35.589973+00:00,1786931555.589973,runtime,full,5,NVIDIA H100 80GB HBM3,66730.0,81559.0,86.0,170.36
2026-08-17T01:52:35.589973+00:00,1786931555.589973,runtime,full,6,NVIDIA H100 80GB HBM3,66730.0,81559.0,10.0,159.14
2026-08-17T01:52:35.589973+00:00,1786931555.589973,runtime,full,7,NVIDIA H100 80GB HBM3,66250.0,81559.0,69.0,163.73
2026-08-17T01:52:38.199724+00:00,1786931558.199724,runtime,full,4,NVIDIA H100 80GB HBM3,66636.0,81559.0,10.0,176.79
2026-08-17T01:52:38.199724+00:00,1786931558.199724,runtime,full,5,NVIDIA H100 80GB HBM3,66730.0,81559.0,87.0,170.77
2026-08-17T01:52:38.199724+00:00,1786931558.199724,runtime,full,6,NVIDIA H100 80GB HBM3,66730.0,81559.0,15.0,159.64
2026-08-17T01:52:38.199724+00:00,1786931558.199724,runtime,full,7,NVIDIA H100 80GB HBM3,66250.0,81559.0,62.0,164.24
2026-08-17T01:52:40.749855+00:00,1786931560.749855,runtime,full,4,NVIDIA H100 80GB HBM3,66636.0,81559.0,15.0,178.56
2026-08-17T01:52:40.749855+00:00,1786931560.749855,runtime,full,5,NVIDIA H100 80GB HBM3,66730.0,81559.0,81.0,170.14
2026-08-17T01:52:40.749855+00:00,1786931560.749855,runtime,full,6,NVIDIA H100 80GB HBM3,66730.0,81559.0,19.0,159.28
2026-08-17T01:52:40.749855+00:00,1786931560.749855,runtime,full,7,NVIDIA H100 80GB HBM3,66250.0,81559.0,81.0,163.54
2026-08-17T01:52:43.389220+00:00,1786931563.38922,runtime,full,4,NVIDIA H100 80GB HBM3,66636.0,81559.0,11.0,177.4
2026-08-17T01:52:43.389220+00:00,1786931563.38922,runtime,full,5,NVIDIA H100 80GB HBM3,66730.0,81559.0,79.0,170.2
2026-08-17T01:52:43.389220+00:00,1786931563.38922,runtime,full,6,NVIDIA H100 80GB HBM3,66730.0,81559.0,21.0,158.93
2026-08-17T01:52:43.389220+00:00,1786931563.38922,runtime,full,7,NVIDIA H100 80GB HBM3,66250.0,81559.0,59.0,163.78
2026-08-17T01:52:45.802167+00:00,1786931565.802167,runtime,full,4,NVIDIA H100 80GB HBM3,66636.0,81559.0,14.0,177.78
2026-08-17T01:52:45.802167+00:00,1786931565.802167,runtime,full,5,NVIDIA H100 80GB HBM3,66730.0,81559.0,95.0,170.4
2026-08-17T01:52:45.802167+00:00,1786931565.802167,runtime,full,6,NVIDIA H100 80GB HBM3,66730.0,81559.0,19.0,159.07
2026-08-17T01:52:45.802167+00:00,1786931565.802167,runtime,full,7,NVIDIA H100 80GB HBM3,66250.0,81559.0,74.0,163.84
2026-08-17T01:52:48.194827+00:00,1786931568.194827,runtime,full,4,NVIDIA H100 80GB HBM3,66636.0,81559.0,11.0,176.95
2026-08-17T01:52:48.194827+00:00,1786931568.194827,runtime,full,5,NVIDIA H100 80GB HBM3,66730.0,81559.0,80.0,170.18
2026-08-17T01:52:48.194827+00:00,1786931568.194827,runtime,full,6,NVIDIA H100 80GB HBM3,66730.0,81559.0,14.0,158.91
2026-08-17T01:52:48.194827+00:00,1786931568.194827,runtime,full,7,NVIDIA H100 80GB HBM3,66250.0,81559.0,55.0,163.5
2026-08-17T01:52:50.622767+00:00,1786931570.622767,runtime,full,4,NVIDIA H100 80GB HBM3,66636.0,81559.0,12.0,178.03
2026-08-17T01:52:50.622767+00:00,1786931570.622767,runtime,full,5,NVIDIA H100 80GB HBM3,66730.0,81559.0,80.0,170.15
2026-08-17T01:52:50.622767+00:00,1786931570.622767,runtime,full,6,NVIDIA H100 80GB HBM3,66730.0,81559.0,10.0,159.12
2026-08-17T01:52:50.622767+00:00,1786931570.622767,runtime,full,7,NVIDIA H100 80GB HBM3,66250.0,81559.0,70.0,164.52
2026-08-17T01:52:53.204823+00:00,1786931573.204823,runtime,full,4,NVIDIA H100 80GB HBM3,66636.0,81559.0,18.0,177.96
2026-08-17T01:52:53.204823+00:00,1786931573.204823,runtime,full,5,NVIDIA H100 80GB HBM3,66730.0,81559.0,87.0,170.21
2026-08-17T01:52:53.204823+00:00,1786931573.204823,runtime,full,6,NVIDIA H100 80GB HBM3,66730.0,81559.0,11.0,159.21
2026-08-17T01:52:53.204823+00:00,1786931573.204823,runtime,full,7,NVIDIA H100 80GB HBM3,66250.0,81559.0,71.0,163.99
2026-08-17T01:52:55.684993+00:00,1786931575.684993,runtime,full,4,NVIDIA H100 80GB HBM3,66636.0,81559.0,60.0,177.9
2026-08-17T01:52:55.684993+00:00,1786931575.684993,runtime,full,5,NVIDIA H100 80GB HBM3,66730.0,81559.0,99.0,169.72
2026-08-17T01:52:55.684993+00:00,1786931575.684993,runtime,full,6,NVIDIA H100 80GB HBM3,66730.0,81559.0,10.0,158.97
2026-08-17T01:52:55.684993+00:00,1786931575.684993,runtime,full,7,NVIDIA H100 80GB HBM3,66250.0,81559.0,99.0,164.05
2026-08-17T01:52:58.325229+00:00,1786931578.325229,runtime,full,4,NVIDIA H100 80GB HBM3,66636.0,81559.0,15.0,176.99
2026-08-17T01:52:58.325229+00:00,1786931578.325229,runtime,full,5,NVIDIA H100 80GB HBM3,66730.0,81559.0,83.0,170.14
2026-08-17T01:52:58.325229+00:00,1786931578.325229,runtime,full,6,NVIDIA H100 80GB HBM3,66730.0,81559.0,11.0,159.09
2026-08-17T01:52:58.325229+00:00,1786931578.325229,runtime,full,7,NVIDIA H100 80GB HBM3,66250.0,81559.0,54.0,163.74
2026-08-17T01:53:00.971213+00:00,1786931580.971213,runtime,full,4,NVIDIA H100 80GB HBM3,66636.0,81559.0,96.0,178.02
2026-08-17T01:53:00.971213+00:00,1786931580.971213,runtime,full,5,NVIDIA H100 80GB HBM3,66730.0,81559.0,100.0,169.1
2026-08-17T01:53:00.971213+00:00,1786931580.971213,runtime,full,6,NVIDIA H100 80GB HBM3,66730.0,81559.0,9.0,158.3
2026-08-17T01:53:00.971213+00:00,1786931580.971213,runtime,full,7,NVIDIA H100 80GB HBM3,66250.0,81559.0,100.0,163.45
2026-08-17T01:53:03.555487+00:00,1786931583.555487,runtime,full,4,NVIDIA H100 80GB HBM3,66636.0,81559.0,22.0,177.68
2026-08-17T01:53:03.555487+00:00,1786931583.555487,runtime,full,5,NVIDIA H100 80GB HBM3,66730.0,81559.0,56.0,170.23
2026-08-17T01:53:03.555487+00:00,1786931583.555487,runtime,full,6,NVIDIA H100 80GB HBM3,66730.0,81559.0,12.0,159.16
2026-08-17T01:53:03.555487+00:00,1786931583.555487,runtime,full,7,NVIDIA H100 80GB HBM3,66250.0,81559.0,61.0,164.2
2026-08-17T01:53:06.200621+00:00,1786931586.200621,runtime,full,4,NVIDIA H100 80GB HBM3,66636.0,81559.0,67.0,178.1
2026-08-17T01:53:06.200621+00:00,1786931586.200621,runtime,full,5,NVIDIA H100 80GB HBM3,66730.0,81559.0,100.0,170.52
2026-08-17T01:53:06.200621+00:00,1786931586.200621,runtime,full,6,NVIDIA H100 80GB HBM3,66730.0,81559.0,10.0,158.99
2026-08-17T01:53:06.200621+00:00,1786931586.200621,runtime,full,7,NVIDIA H100 80GB HBM3,66250.0,81559.0,100.0,164.11
2026-08-17T01:53:08.808223+00:00,1786931588.808223,runtime,full,4,NVIDIA H100 80GB HBM3,66636.0,81559.0,82.0,178.25
2026-08-17T01:53:08.808223+00:00,1786931588.808223,runtime,full,5,NVIDIA H100 80GB HBM3,66730.0,81559.0,10.0,169.5
2026-08-17T01:53:08.808223+00:00,1786931588.808223,runtime,full,6,NVIDIA H100 80GB HBM3,66730.0,81559.0,100.0,158.98
2026-08-17T01:53:08.808223+00:00,1786931588.808223,runtime,full,7,NVIDIA H100 80GB HBM3,66250.0,81559.0,81.0,163.66
2026-08-17T01:53:11.434487+00:00,1786931591.434487,runtime,full,4,NVIDIA H100 80GB HBM3,66636.0,81559.0,19.0,177.3
2026-08-17T01:53:11.434487+00:00,1786931591.434487,runtime,full,5,NVIDIA H100 80GB HBM3,66730.0,81559.0,11.0,169.58
2026-08-17T01:53:11.434487+00:00,1786931591.434487,runtime,full,6,NVIDIA H100 80GB HBM3,66730.0,81559.0,23.0,159.11
2026-08-17T01:53:11.434487+00:00,1786931591.434487,runtime,full,7,NVIDIA H100 80GB HBM3,66250.0,81559.0,78.0,163.85
2026-08-17T01:53:13.984106+00:00,1786931593.984106,runtime,full,4,NVIDIA H100 80GB HBM3,66636.0,81559.0,68.0,177.33
2026-08-17T01:53:13.984106+00:00,1786931593.984106,runtime,full,5,NVIDIA H100 80GB HBM3,66730.0,81559.0,100.0,169.74
2026-08-17T01:53:13.984106+00:00,1786931593.984106,runtime,full,6,NVIDIA H100 80GB HBM3,66730.0,81559.0,10.0,158.52
2026-08-17T01:53:13.984106+00:00,1786931593.984106,runtime,full,7,NVIDIA H100 80GB HBM3,66250.0,81559.0,100.0,164.26
2026-08-17T01:53:16.460394+00:00,1786931596.460394,runtime,full,4,NVIDIA H100 80GB HBM3,66636.0,81559.0,85.0,178.25
2026-08-17T01:53:16.460394+00:00,1786931596.460394,runtime,full,5,NVIDIA H100 80GB HBM3,66730.0,81559.0,100.0,170.2
2026-08-17T01:53:16.460394+00:00,1786931596.460394,runtime,full,6,NVIDIA H100 80GB HBM3,66730.0,81559.0,10.0,158.98
2026-08-17T01:53:16.460394+00:00,1786931596.460394,runtime,full,7,NVIDIA H100 80GB HBM3,66250.0,81559.0,100.0,163.73
2026-08-17T01:53:19.002529+00:00,1786931599.002529,runtime,full,4,NVIDIA H100 80GB HBM3,66636.0,81559.0,44.0,177.18
2026-08-17T01:53:19.002529+00:00,1786931599.002529,runtime,full,5,NVIDIA H100 80GB HBM3,66730.0,81559.0,82.0,169.93
2026-08-17T01:53:19.002529+00:00,1786931599.002529,runtime,full,6,NVIDIA H100 80GB HBM3,66730.0,81559.0,10.0,159.09
2026-08-17T01:53:19.002529+00:00,1786931599.002529,runtime,full,7,NVIDIA H100 80GB HBM3,66250.0,81559.0,95.0,163.94
2026-08-17T01:53:21.467078+00:00,1786931601.467078,runtime,full,4,NVIDIA H100 80GB HBM3,66636.0,81559.0,19.0,177.0
2026-08-17T01:53:21.467078+00:00,1786931601.467078,runtime,full,5,NVIDIA H100 80GB HBM3,66730.0,81559.0,17.0,169.46
2026-08-17T01:53:21.467078+00:00,1786931601.467078,runtime,full,6,NVIDIA H100 80GB HBM3,66730.0,81559.0,20.0,159.21
2026-08-17T01:53:21.467078+00:00,1786931601.467078,runtime,full,7,NVIDIA H100 80GB HBM3,66250.0,81559.0,80.0,163.65
2026-08-17T01:53:23.862534+00:00,1786931603.862534,runtime,full,4,NVIDIA H100 80GB HBM3,66636.0,81559.0,74.0,178.52
2026-08-17T01:53:23.862534+00:00,1786931603.862534,runtime,full,5,NVIDIA H100 80GB HBM3,66730.0,81559.0,100.0,170.08
2026-08-17T01:53:23.862534+00:00,1786931603.862534,runtime,full,6,NVIDIA H100 80GB HBM3,66730.0,81559.0,10.0,159.16
2026-08-17T01:53:23.862534+00:00,1786931603.862534,runtime,full,7,NVIDIA H100 80GB HBM3,66250.0,81559.0,100.0,164.34
2026-08-17T01:53:26.406159+00:00,1786931606.406159,runtime,full,4,NVIDIA H100 80GB HBM3,66636.0,81559.0,56.0,177.95
2026-08-17T01:53:26.406159+00:00,1786931606.406159,runtime,full,5,NVIDIA H100 80GB HBM3,66730.0,81559.0,100.0,169.9
2026-08-17T01:53:26.406159+00:00,1786931606.406159,runtime,full,6,NVIDIA H100 80GB HBM3,66730.0,81559.0,10.0,159.12
2026-08-17T01:53:26.406159+00:00,1786931606.406159,runtime,full,7,NVIDIA H100 80GB HBM3,66250.0,81559.0,100.0,164.5
2026-08-17T01:53:28.868737+00:00,1786931608.868737,runtime,full,4,NVIDIA H100 80GB HBM3,66636.0,81559.0,64.0,178.46
2026-08-17T01:53:28.868737+00:00,1786931608.868737,runtime,full,5,NVIDIA H100 80GB HBM3,66730.0,81559.0,100.0,170.22
2026-08-17T01:53:28.868737+00:00,1786931608.868737,runtime,full,6,NVIDIA H100 80GB HBM3,66730.0,81559.0,10.0,159.48
2026-08-17T01:53:28.868737+00:00,1786931608.868737,runtime,full,7,NVIDIA H100 80GB HBM3,66250.0,81559.0,100.0,163.86
2026-08-17T01:53:31.493629+00:00,1786931611.493629,runtime,full,4,NVIDIA H100 80GB HBM3,66636.0,81559.0,86.0,177.95
2026-08-17T01:53:31.493629+00:00,1786931611.493629,runtime,full,5,NVIDIA H100 80GB HBM3,66730.0,81559.0,100.0,170.41
2026-08-17T01:53:31.493629+00:00,1786931611.493629,runtime,full,6,NVIDIA H100 80GB HBM3,66730.0,81559.0,10.0,158.64
2026-08-17T01:53:31.493629+00:00,1786931611.493629,runtime,full,7,NVIDIA H100 80GB HBM3,66250.0,81559.0,100.0,163.96
2026-08-17T01:53:34.152104+00:00,1786931614.152104,runtime,full,4,NVIDIA H100 80GB HBM3,66636.0,81559.0,52.0,177.91
2026-08-17T01:53:34.152104+00:00,1786931614.152104,runtime,full,5,NVIDIA H100 80GB HBM3,66730.0,81559.0,100.0,170.45
2026-08-17T01:53:34.152104+00:00,1786931614.152104,runtime,full,6,NVIDIA H100 80GB HBM3,66730.0,81559.0,10.0,158.5
2026-08-17T01:53:34.152104+00:00,1786931614.152104,runtime,full,7,NVIDIA H100 80GB HBM3,66250.0,81559.0,99.0,163.76
2026-08-17T01:53:36.770394+00:00,1786931616.770394,runtime,full,4,NVIDIA H100 80GB HBM3,66636.0,81559.0,59.0,177.92
2026-08-17T01:53:36.770394+00:00,1786931616.770394,runtime,full,5,NVIDIA H100 80GB HBM3,66730.0,81559.0,100.0,169.94
2026-08-17T01:53:36.770394+00:00,1786931616.770394,runtime,full,6,NVIDIA H100 80GB HBM3,66730.0,81559.0,10.0,159.11
2026-08-17T01:53:36.770394+00:00,1786931616.770394,runtime,full,7,NVIDIA H100 80GB HBM3,66250.0,81559.0,99.0,164.05
2026-08-17T01:53:39.414769+00:00,1786931619.414769,runtime,full,4,NVIDIA H100 80GB HBM3,66636.0,81559.0,91.0,178.03
2026-08-17T01:53:39.414769+00:00,1786931619.414769,runtime,full,5,NVIDIA H100 80GB HBM3,66730.0,81559.0,9.0,168.04
2026-08-17T01:53:39.414769+00:00,1786931619.414769,runtime,full,6,NVIDIA H100 80GB HBM3,66730.0,81559.0,100.0,159.27
2026-08-17T01:53:39.414769+00:00,1786931619.414769,runtime,full,7,NVIDIA H100 80GB HBM3,66250.0,81559.0,69.0,163.7
2026-08-17T01:53:42.050081+00:00,1786931622.050081,runtime,full,4,NVIDIA H100 80GB HBM3,66636.0,81559.0,71.0,177.71
2026-08-17T01:53:42.050081+00:00,1786931622.050081,runtime,full,5,NVIDIA H100 80GB HBM3,66730.0,81559.0,84.0,170.28
2026-08-17T01:53:42.050081+00:00,1786931622.050081,runtime,full,6,NVIDIA H100 80GB HBM3,66730.0,81559.0,10.0,158.89
2026-08-17T01:53:42.050081+00:00,1786931622.050081,runtime,full,7,NVIDIA H100 80GB HBM3,66250.0,81559.0,74.0,163.76
2026-08-17T01:53:44.623735+00:00,1786931624.623735,runtime,full,4,NVIDIA H100 80GB HBM3,66636.0,81559.0,58.0,177.22
2026-08-17T01:53:44.623735+00:00,1786931624.623735,runtime,full,5,NVIDIA H100 80GB HBM3,66730.0,81559.0,100.0,170.42
2026-08-17T01:53:44.623735+00:00,1786931624.623735,runtime,full,6,NVIDIA H100 80GB HBM3,66730.0,81559.0,10.0,158.7
2026-08-17T01:53:44.623735+00:00,1786931624.623735,runtime,full,7,NVIDIA H100 80GB HBM3,66250.0,81559.0,100.0,163.85
2026-08-17T01:53:47.248957+00:00,1786931627.248957,runtime,full,4,NVIDIA H100 80GB HBM3,66636.0,81559.0,70.0,178.41
2026-08-17T01:53:47.248957+00:00,1786931627.248957,runtime,full,5,NVIDIA H100 80GB HBM3,66730.0,81559.0,100.0,170.4
2026-08-17T01:53:47.248957+00:00,1786931627.248957,runtime,full,6,NVIDIA H100 80GB HBM3,66730.0,81559.0,10.0,158.9
2026-08-17T01:53:47.248957+00:00,1786931627.248957,runtime,full,7,NVIDIA H100 80GB HBM3,66250.0,81559.0,100.0,163.97
2026-08-17T01:53:49.810415+00:00,1786931629.810415,runtime,full,4,NVIDIA H100 80GB HBM3,66636.0,81559.0,68.0,177.57
2026-08-17T01:53:49.810415+00:00,1786931629.810415,runtime,full,5,NVIDIA H100 80GB HBM3,66730.0,81559.0,99.0,170.39
2026-08-17T01:53:49.810415+00:00,1786931629.810415,runtime,full,6,NVIDIA H100 80GB HBM3,66730.0,81559.0,10.0,159.32
2026-08-17T01:53:49.810415+00:00,1786931629.810415,runtime,full,7,NVIDIA H100 80GB HBM3,66250.0,81559.0,99.0,164.05
2026-08-17T01:53:52.396182+00:00,1786931632.396182,runtime,full,4,NVIDIA H100 80GB HBM3,66636.0,81559.0,42.0,178.23
2026-08-17T01:53:52.396182+00:00,1786931632.396182,runtime,full,5,NVIDIA H100 80GB HBM3,66730.0,81559.0,99.0,170.44
2026-08-17T01:53:52.396182+00:00,1786931632.396182,runtime,full,6,NVIDIA H100 80GB HBM3,66730.0,81559.0,10.0,158.97
2026-08-17T01:53:52.396182+00:00,1786931632.396182,runtime,full,7,NVIDIA H100 80GB HBM3,66250.0,81559.0,96.0,164.16
2026-08-17T01:53:55.058434+00:00,1786931635.058434,runtime,full,4,NVIDIA H100 80GB HBM3,66636.0,81559.0,34.0,177.61
2026-08-17T01:53:55.058434+00:00,1786931635.058434,runtime,full,5,NVIDIA H100 80GB HBM3,66730.0,81559.0,99.0,170.49
2026-08-17T01:53:55.058434+00:00,1786931635.058434,runtime,full,6,NVIDIA H100 80GB HBM3,66730.0,81559.0,10.0,158.94
2026-08-17T01:53:55.058434+00:00,1786931635.058434,runtime,full,7,NVIDIA H100 80GB HBM3,66250.0,81559.0,84.0,164.35
2026-08-17T01:53:57.792369+00:00,1786931637.792369,runtime,full,4,NVIDIA H100 80GB HBM3,66636.0,81559.0,22.0,178.07
2026-08-17T01:53:57.792369+00:00,1786931637.792369,runtime,full,5,NVIDIA H100 80GB HBM3,66730.0,81559.0,80.0,170.22
2026-08-17T01:53:57.792369+00:00,1786931637.792369,runtime,full,6,NVIDIA H100 80GB HBM3,66730.0,81559.0,10.0,159.09
2026-08-17T01:53:57.792369+00:00,1786931637.792369,runtime,full,7,NVIDIA H100 80GB HBM3,66250.0,81559.0,80.0,164.03
2026-08-17T01:54:00.554190+00:00,1786931640.55419,runtime,full,4,NVIDIA H100 80GB HBM3,66636.0,81559.0,14.0,177.49
2026-08-17T01:54:00.554190+00:00,1786931640.55419,runtime,full,5,NVIDIA H100 80GB HBM3,66730.0,81559.0,82.0,170.0
2026-08-17T01:54:00.554190+00:00,1786931640.55419,runtime,full,6,NVIDIA H100 80GB HBM3,66730.0,81559.0,11.0,159.3
2026-08-17T01:54:00.554190+00:00,1786931640.55419,runtime,full,7,NVIDIA H100 80GB HBM3,66250.0,81559.0,85.0,163.32
2026-08-17T01:54:03.106708+00:00,1786931643.106708,runtime,full,4,NVIDIA H100 80GB HBM3,66636.0,81559.0,53.0,177.91
2026-08-17T01:54:03.106708+00:00,1786931643.106708,runtime,full,5,NVIDIA H100 80GB HBM3,66730.0,81559.0,91.0,170.11
2026-08-17T01:54:03.106708+00:00,1786931643.106708,runtime,full,6,NVIDIA H100 80GB HBM3,66730.0,81559.0,32.0,159.24
2026-08-17T01:54:03.106708+00:00,1786931643.106708,runtime,full,7,NVIDIA H100 80GB HBM3,66250.0,81559.0,95.0,163.83
2026-08-17T01:54:05.486363+00:00,1786931645.486363,runtime,full,4,NVIDIA H100 80GB HBM3,66636.0,81559.0,54.0,178.07
2026-08-17T01:54:05.486363+00:00,1786931645.486363,runtime,full,5,NVIDIA H100 80GB HBM3,66730.0,81559.0,100.0,170.2
2026-08-17T01:54:05.486363+00:00,1786931645.486363,runtime,full,6,NVIDIA H100 80GB HBM3,66730.0,81559.0,10.0,159.1
2026-08-17T01:54:05.486363+00:00,1786931645.486363,runtime,full,7,NVIDIA H100 80GB HBM3,66250.0,81559.0,100.0,163.9
2026-08-17T01:54:07.996683+00:00,1786931647.996683,runtime,full,4,NVIDIA H100 80GB HBM3,66636.0,81559.0,61.0,178.41
2026-08-17T01:54:07.996683+00:00,1786931647.996683,runtime,full,5,NVIDIA H100 80GB HBM3,66730.0,81559.0,100.0,170.51
2026-08-17T01:54:07.996683+00:00,1786931647.996683,runtime,full,6,NVIDIA H100 80GB HBM3,66730.0,81559.0,10.0,159.09
2026-08-17T01:54:07.996683+00:00,1786931647.996683,runtime,full,7,NVIDIA H100 80GB HBM3,66250.0,81559.0,99.0,164.23
2026-08-17T01:54:10.664562+00:00,1786931650.664562,runtime,full,4,NVIDIA H100 80GB HBM3,66636.0,81559.0,32.0,177.37
2026-08-17T01:54:10.664562+00:00,1786931650.664562,runtime,full,5,NVIDIA H100 80GB HBM3,66730.0,81559.0,90.0,169.76
2026-08-17T01:54:10.664562+00:00,1786931650.664562,runtime,full,6,NVIDIA H100 80GB HBM3,66730.0,81559.0,10.0,158.73
2026-08-17T01:54:10.664562+00:00,1786931650.664562,runtime,full,7,NVIDIA H100 80GB HBM3,66250.0,81559.0,81.0,163.57
2026-08-17T01:54:13.311564+00:00,1786931653.311564,runtime,full,4,NVIDIA H100 80GB HBM3,66636.0,81559.0,47.0,177.95
2026-08-17T01:54:13.311564+00:00,1786931653.311564,runtime,full,5,NVIDIA H100 80GB HBM3,66730.0,81559.0,99.0,170.42
2026-08-17T01:54:13.311564+00:00,1786931653.311564,runtime,full,6,NVIDIA H100 80GB HBM3,66730.0,81559.0,10.0,159.17
2026-08-17T01:54:13.311564+00:00,1786931653.311564,runtime,full,7,NVIDIA H100 80GB HBM3,66250.0,81559.0,97.0,163.87
2026-08-17T01:54:15.907496+00:00,1786931655.907496,runtime,full,4,NVIDIA H100 80GB HBM3,66636.0,81559.0,46.0,178.06
2026-08-17T01:54:15.907496+00:00,1786931655.907496,runtime,full,5,NVIDIA H100 80GB HBM3,66730.0,81559.0,100.0,170.18
2026-08-17T01:54:15.907496+00:00,1786931655.907496,runtime,full,6,NVIDIA H100 80GB HBM3,66730.0,81559.0,10.0,159.07
2026-08-17T01:54:15.907496+00:00,1786931655.907496,runtime,full,7,NVIDIA H100 80GB HBM3,66250.0,81559.0,100.0,163.84
2026-08-17T01:54:18.639820+00:00,1786931658.63982,runtime,full,4,NVIDIA H100 80GB HBM3,66636.0,81559.0,80.0,179.35
2026-08-17T01:54:18.639820+00:00,1786931658.63982,runtime,full,5,NVIDIA H100 80GB HBM3,66730.0,81559.0,100.0,170.42
2026-08-17T01:54:18.639820+00:00,1786931658.63982,runtime,full,6,NVIDIA H100 80GB HBM3,66730.0,81559.0,10.0,158.6
2026-08-17T01:54:18.639820+00:00,1786931658.63982,runtime,full,7,NVIDIA H100 80GB HBM3,66250.0,81559.0,100.0,164.15
2026-08-17T01:54:21.216547+00:00,1786931661.216547,runtime,full,4,NVIDIA H100 80GB HBM3,66636.0,81559.0,79.0,179.08
2026-08-17T01:54:21.216547+00:00,1786931661.216547,runtime,full,5,NVIDIA H100 80GB HBM3,66730.0,81559.0,100.0,170.51
2026-08-17T01:54:21.216547+00:00,1786931661.216547,runtime,full,6,NVIDIA H100 80GB HBM3,66730.0,81559.0,10.0,159.14
2026-08-17T01:54:21.216547+00:00,1786931661.216547,runtime,full,7,NVIDIA H100 80GB HBM3,66250.0,81559.0,100.0,163.89
2026-08-17T01:54:23.936354+00:00,1786931663.936354,runtime,full,4,NVIDIA H100 80GB HBM3,66636.0,81559.0,80.0,178.09
2026-08-17T01:54:23.936354+00:00,1786931663.936354,runtime,full,5,NVIDIA H100 80GB HBM3,66730.0,81559.0,100.0,170.18
2026-08-17T01:54:23.936354+00:00,1786931663.936354,runtime,full,6,NVIDIA H100 80GB HBM3,66730.0,81559.0,10.0,158.6
2026-08-17T01:54:23.936354+00:00,1786931663.936354,runtime,full,7,NVIDIA H100 80GB HBM3,66250.0,81559.0,100.0,164.02
2026-08-17T01:54:26.435301+00:00,1786931666.435301,runtime,full,4,NVIDIA H100 80GB HBM3,66636.0,81559.0,41.0,178.22
2026-08-17T01:54:26.435301+00:00,1786931666.435301,runtime,full,5,NVIDIA H100 80GB HBM3,66730.0,81559.0,98.0,170.17
2026-08-17T01:54:26.435301+00:00,1786931666.435301,runtime,full,6,NVIDIA H100 80GB HBM3,66730.0,81559.0,11.0,158.95
2026-08-17T01:54:26.435301+00:00,1786931666.435301,runtime,full,7,NVIDIA H100 80GB HBM3,66250.0,81559.0,76.0,163.75
2026-08-17T01:54:29.153724+00:00,1786931669.153724,runtime,full,4,NVIDIA H100 80GB HBM3,66636.0,81559.0,63.0,179.14
2026-08-17T01:54:29.153724+00:00,1786931669.153724,runtime,full,5,NVIDIA H100 80GB HBM3,66730.0,81559.0,100.0,170.4
2026-08-17T01:54:29.153724+00:00,1786931669.153724,runtime,full,6,NVIDIA H100 80GB HBM3,66730.0,81559.0,10.0,159.26
2026-08-17T01:54:29.153724+00:00,1786931669.153724,runtime,full,7,NVIDIA H100 80GB HBM3,66250.0,81559.0,99.0,164.35
2026-08-17T01:54:31.654331+00:00,1786931671.654331,runtime,full,4,NVIDIA H100 80GB HBM3,66636.0,81559.0,36.0,178.12
2026-08-17T01:54:31.654331+00:00,1786931671.654331,runtime,full,5,NVIDIA H100 80GB HBM3,66730.0,81559.0,98.0,170.02
2026-08-17T01:54:31.654331+00:00,1786931671.654331,runtime,full,6,NVIDIA H100 80GB HBM3,66730.0,81559.0,10.0,159.12
2026-08-17T01:54:31.654331+00:00,1786931671.654331,runtime,full,7,NVIDIA H100 80GB HBM3,66250.0,81559.0,93.0,163.88
2026-08-17T01:54:34.159777+00:00,1786931674.159777,runtime,full,4,NVIDIA H100 80GB HBM3,66636.0,81559.0,75.0,177.68
2026-08-17T01:54:34.159777+00:00,1786931674.159777,runtime,full,5,NVIDIA H100 80GB HBM3,66730.0,81559.0,100.0,170.47
2026-08-17T01:54:34.159777+00:00,1786931674.159777,runtime,full,6,NVIDIA H100 80GB HBM3,66730.0,81559.0,10.0,159.07
2026-08-17T01:54:34.159777+00:00,1786931674.159777,runtime,full,7,NVIDIA H100 80GB HBM3,66250.0,81559.0,100.0,163.9
2026-08-17T01:54:36.804381+00:00,1786931676.804381,runtime,full,4,NVIDIA H100 80GB HBM3,66636.0,81559.0,61.0,178.27
2026-08-17T01:54:36.804381+00:00,1786931676.804381,runtime,full,5,NVIDIA H100 80GB HBM3,66730.0,81559.0,100.0,170.29
2026-08-17T01:54:36.804381+00:00,1786931676.804381,runtime,full,6,NVIDIA H100 80GB HBM3,66730.0,81559.0,10.0,158.74
2026-08-17T01:54:36.804381+00:00,1786931676.804381,runtime,full,7,NVIDIA H100 80GB HBM3,66250.0,81559.0,100.0,163.99
2026-08-17T01:54:39.551590+00:00,1786931679.55159,runtime,full,4,NVIDIA H100 80GB HBM3,66636.0,81559.0,77.0,178.23
2026-08-17T01:54:39.551590+00:00,1786931679.55159,runtime,full,5,NVIDIA H100 80GB HBM3,66730.0,81559.0,100.0,170.19
2026-08-17T01:54:39.551590+00:00,1786931679.55159,runtime,full,6,NVIDIA H100 80GB HBM3,66730.0,81559.0,10.0,159.2
2026-08-17T01:54:39.551590+00:00,1786931679.55159,runtime,full,7,NVIDIA H100 80GB HBM3,66250.0,81559.0,100.0,164.19
2026-08-17T01:54:42.078879+00:00,1786931682.078879,runtime,full,4,NVIDIA H100 80GB HBM3,66636.0,81559.0,58.0,177.8
2026-08-17T01:54:42.078879+00:00,1786931682.078879,runtime,full,5,NVIDIA H100 80GB HBM3,66730.0,81559.0,100.0,170.22
2026-08-17T01:54:42.078879+00:00,1786931682.078879,runtime,full,6,NVIDIA H100 80GB HBM3,66730.0,81559.0,10.0,158.69
2026-08-17T01:54:42.078879+00:00,1786931682.078879,runtime,full,7,NVIDIA H100 80GB HBM3,66250.0,81559.0,97.0,164.25
2026-08-17T01:54:44.871726+00:00,1786931684.871726,runtime,full,4,NVIDIA H100 80GB HBM3,66636.0,81559.0,80.0,177.88
2026-08-17T01:54:44.871726+00:00,1786931684.871726,runtime,full,5,NVIDIA H100 80GB HBM3,66730.0,81559.0,100.0,170.43
2026-08-17T01:54:44.871726+00:00,1786931684.871726,runtime,full,6,NVIDIA H100 80GB HBM3,66730.0,81559.0,10.0,159.05
2026-08-17T01:54:44.871726+00:00,1786931684.871726,runtime,full,7,NVIDIA H100 80GB HBM3,66250.0,81559.0,100.0,164.11
2026-08-17T01:54:47.556229+00:00,1786931687.556229,runtime,full,4,NVIDIA H100 80GB HBM3,66636.0,81559.0,52.0,177.66
2026-08-17T01:54:47.556229+00:00,1786931687.556229,runtime,full,5,NVIDIA H100 80GB HBM3,66730.0,81559.0,97.0,170.06
2026-08-17T01:54:47.556229+00:00,1786931687.556229,runtime,full,6,NVIDIA H100 80GB HBM3,66730.0,81559.0,10.0,158.77
2026-08-17T01:54:47.556229+00:00,1786931687.556229,runtime,full,7,NVIDIA H100 80GB HBM3,66250.0,81559.0,90.0,164.62
2026-08-17T01:54:50.165454+00:00,1786931690.165454,runtime,full,4,NVIDIA H100 80GB HBM3,66636.0,81559.0,55.0,177.71
2026-08-17T01:54:50.165454+00:00,1786931690.165454,runtime,full,5,NVIDIA H100 80GB HBM3,66730.0,81559.0,99.0,170.6
2026-08-17T01:54:50.165454+00:00,1786931690.165454,runtime,full,6,NVIDIA H100 80GB HBM3,66730.0,81559.0,10.0,158.86
2026-08-17T01:54:50.165454+00:00,1786931690.165454,runtime,full,7,NVIDIA H100 80GB HBM3,66250.0,81559.0,99.0,163.95
2026-08-17T01:54:52.862314+00:00,1786931692.862314,runtime,full,4,NVIDIA H100 80GB HBM3,66636.0,81559.0,46.0,177.78
2026-08-17T01:54:52.862314+00:00,1786931692.862314,runtime,full,5,NVIDIA H100 80GB HBM3,66730.0,81559.0,98.0,170.46
2026-08-17T01:54:52.862314+00:00,1786931692.862314,runtime,full,6,NVIDIA H100 80GB HBM3,66730.0,81559.0,10.0,159.36
2026-08-17T01:54:52.862314+00:00,1786931692.862314,runtime,full,7,NVIDIA H100 80GB HBM3,66250.0,81559.0,96.0,163.88
2026-08-17T01:54:55.533893+00:00,1786931695.533893,runtime,full,4,NVIDIA H100 80GB HBM3,66636.0,81559.0,24.0,177.88
2026-08-17T01:54:55.533893+00:00,1786931695.533893,runtime,full,5,NVIDIA H100 80GB HBM3,66730.0,81559.0,83.0,169.93
2026-08-17T01:54:55.533893+00:00,1786931695.533893,runtime,full,6,NVIDIA H100 80GB HBM3,66730.0,81559.0,11.0,159.07
2026-08-17T01:54:55.533893+00:00,1786931695.533893,runtime,full,7,NVIDIA H100 80GB HBM3,66250.0,81559.0,58.0,163.77
2026-08-17T01:54:58.154303+00:00,1786931698.154303,runtime,full,4,NVIDIA H100 80GB HBM3,66636.0,81559.0,22.0,177.28
2026-08-17T01:54:58.154303+00:00,1786931698.154303,runtime,full,5,NVIDIA H100 80GB HBM3,66730.0,81559.0,89.0,170.53
2026-08-17T01:54:58.154303+00:00,1786931698.154303,runtime,full,6,NVIDIA H100 80GB HBM3,66730.0,81559.0,11.0,158.98
2026-08-17T01:54:58.154303+00:00,1786931698.154303,runtime,full,7,NVIDIA H100 80GB HBM3,66250.0,81559.0,65.0,163.89
2026-08-17T01:55:00.798333+00:00,1786931700.798333,runtime,full,4,NVIDIA H100 80GB HBM3,66636.0,81559.0,24.0,177.75
2026-08-17T01:55:00.798333+00:00,1786931700.798333,runtime,full,5,NVIDIA H100 80GB HBM3,66730.0,81559.0,89.0,169.89
2026-08-17T01:55:00.798333+00:00,1786931700.798333,runtime,full,6,NVIDIA H100 80GB HBM3,66730.0,81559.0,10.0,158.99
2026-08-17T01:55:00.798333+00:00,1786931700.798333,runtime,full,7,NVIDIA H100 80GB HBM3,66250.0,81559.0,79.0,164.27
2026-08-17T01:55:03.500566+00:00,1786931703.500566,runtime,full,4,NVIDIA H100 80GB HBM3,66636.0,81559.0,60.0,178.12
2026-08-17T01:55:03.500566+00:00,1786931703.500566,runtime,full,5,NVIDIA H100 80GB HBM3,66730.0,81559.0,99.0,170.58
2026-08-17T01:55:03.500566+00:00,1786931703.500566,runtime,full,6,NVIDIA H100 80GB HBM3,66730.0,81559.0,10.0,158.94
2026-08-17T01:55:03.500566+00:00,1786931703.500566,runtime,full,7,NVIDIA H100 80GB HBM3,66250.0,81559.0,91.0,163.89
2026-08-17T01:55:06.182705+00:00,1786931706.182705,runtime,full,4,NVIDIA H100 80GB HBM3,66636.0,81559.0,76.0,177.66
2026-08-17T01:55:06.182705+00:00,1786931706.182705,runtime,full,5,NVIDIA H100 80GB HBM3,66730.0,81559.0,100.0,170.44
2026-08-17T01:55:06.182705+00:00,1786931706.182705,runtime,full,6,NVIDIA H100 80GB HBM3,66730.0,81559.0,10.0,158.84
2026-08-17T01:55:06.182705+00:00,1786931706.182705,runtime,full,7,NVIDIA H100 80GB HBM3,66250.0,81559.0,99.0,163.94
2026-08-17T01:55:08.862979+00:00,1786931708.862979,runtime,full,4,NVIDIA H100 80GB HBM3,66636.0,81559.0,43.0,177.57
2026-08-17T01:55:08.862979+00:00,1786931708.862979,runtime,full,5,NVIDIA H100 80GB HBM3,66730.0,81559.0,100.0,170.4
2026-08-17T01:55:08.862979+00:00,1786931708.862979,runtime,full,6,NVIDIA H100 80GB HBM3,66730.0,81559.0,100.0,159.04
2026-08-17T01:55:08.862979+00:00,1786931708.862979,runtime,full,7,NVIDIA H100 80GB HBM3,66250.0,81559.0,95.0,163.28
2026-08-17T01:55:11.368107+00:00,1786931711.368107,runtime,full,4,NVIDIA H100 80GB HBM3,66636.0,81559.0,12.0,176.93
2026-08-17T01:55:11.368107+00:00,1786931711.368107,runtime,full,5,NVIDIA H100 80GB HBM3,66730.0,81559.0,77.0,170.3
2026-08-17T01:55:11.368107+00:00,1786931711.368107,runtime,full,6,NVIDIA H100 80GB HBM3,66730.0,81559.0,15.0,159.31
2026-08-17T01:55:11.368107+00:00,1786931711.368107,runtime,full,7,NVIDIA H100 80GB HBM3,66250.0,81559.0,69.0,163.59
2026-08-17T01:55:13.968443+00:00,1786931713.968443,runtime,full,4,NVIDIA H100 80GB HBM3,66636.0,81559.0,29.0,178.07
2026-08-17T01:55:13.968443+00:00,1786931713.968443,runtime,full,5,NVIDIA H100 80GB HBM3,66730.0,81559.0,91.0,170.33
2026-08-17T01:55:13.968443+00:00,1786931713.968443,runtime,full,6,NVIDIA H100 80GB HBM3,66730.0,81559.0,34.0,158.91
2026-08-17T01:55:13.968443+00:00,1786931713.968443,runtime,full,7,NVIDIA H100 80GB HBM3,66250.0,81559.0,70.0,163.88
2026-08-17T01:55:16.575847+00:00,1786931716.575847,runtime,full,4,NVIDIA H100 80GB HBM3,66636.0,81559.0,22.0,177.47
2026-08-17T01:55:16.575847+00:00,1786931716.575847,runtime,full,5,NVIDIA H100 80GB HBM3,66730.0,81559.0,98.0,169.76
2026-08-17T01:55:16.575847+00:00,1786931716.575847,runtime,full,6,NVIDIA H100 80GB HBM3,66730.0,81559.0,74.0,159.1
2026-08-17T01:55:16.575847+00:00,1786931716.575847,runtime,full,7,NVIDIA H100 80GB HBM3,66250.0,81559.0,97.0,164.38
2026-08-17T01:55:19.201620+00:00,1786931719.20162,runtime,full,4,NVIDIA H100 80GB HBM3,66636.0,81559.0,26.0,178.46
2026-08-17T01:55:19.201620+00:00,1786931719.20162,runtime,full,5,NVIDIA H100 80GB HBM3,66730.0,81559.0,81.0,170.32
2026-08-17T01:55:19.201620+00:00,1786931719.20162,runtime,full,6,NVIDIA H100 80GB HBM3,66730.0,81559.0,10.0,158.93
2026-08-17T01:55:19.201620+00:00,1786931719.20162,runtime,full,7,NVIDIA H100 80GB HBM3,66250.0,81559.0,92.0,163.9
2026-08-17T01:55:21.873931+00:00,1786931721.873931,runtime,full,4,NVIDIA H100 80GB HBM3,66636.0,81559.0,41.0,178.07
2026-08-17T01:55:21.873931+00:00,1786931721.873931,runtime,full,5,NVIDIA H100 80GB HBM3,66730.0,81559.0,100.0,170.46
2026-08-17T01:55:21.873931+00:00,1786931721.873931,runtime,full,6,NVIDIA H100 80GB HBM3,66730.0,81559.0,10.0,159.0
2026-08-17T01:55:21.873931+00:00,1786931721.873931,runtime,full,7,NVIDIA H100 80GB HBM3,66250.0,81559.0,100.0,163.86
2026-08-17T01:55:24.461873+00:00,1786931724.461873,runtime,full,4,NVIDIA H100 80GB HBM3,66636.0,81559.0,11.0,178.79
2026-08-17T01:55:24.461873+00:00,1786931724.461873,runtime,full,5,NVIDIA H100 80GB HBM3,66730.0,81559.0,91.0,170.27
2026-08-17T01:55:24.461873+00:00,1786931724.461873,runtime,full,6,NVIDIA H100 80GB HBM3,66730.0,81559.0,11.0,159.02
2026-08-17T01:55:24.461873+00:00,1786931724.461873,runtime,full,7,NVIDIA H100 80GB HBM3,66250.0,81559.0,81.0,164.09
2026-08-17T01:55:27.084036+00:00,1786931727.084036,runtime,full,4,NVIDIA H100 80GB HBM3,66636.0,81559.0,12.0,177.98
2026-08-17T01:55:27.084036+00:00,1786931727.084036,runtime,full,5,NVIDIA H100 80GB HBM3,66730.0,81559.0,77.0,170.09
2026-08-17T01:55:27.084036+00:00,1786931727.084036,runtime,full,6,NVIDIA H100 80GB HBM3,66730.0,81559.0,21.0,159.23
2026-08-17T01:55:27.084036+00:00,1786931727.084036,runtime,full,7,NVIDIA H100 80GB HBM3,66250.0,81559.0,52.0,163.85
2026-08-17T01:55:29.853537+00:00,1786931729.853537,runtime,full,4,NVIDIA H100 80GB HBM3,66636.0,81559.0,12.0,176.98
2026-08-17T01:55:29.853537+00:00,1786931729.853537,runtime,full,5,NVIDIA H100 80GB HBM3,66730.0,81559.0,73.0,169.91
2026-08-17T01:55:29.853537+00:00,1786931729.853537,runtime,full,6,NVIDIA H100 80GB HBM3,66730.0,81559.0,20.0,159.16
2026-08-17T01:55:29.853537+00:00,1786931729.853537,runtime,full,7,NVIDIA H100 80GB HBM3,66250.0,81559.0,56.0,163.84
2026-08-17T01:55:32.433176+00:00,1786931732.433176,runtime,full,4,NVIDIA H100 80GB HBM3,66636.0,81559.0,10.0,177.31
2026-08-17T01:55:32.433176+00:00,1786931732.433176,runtime,full,5,NVIDIA H100 80GB HBM3,66730.0,81559.0,76.0,170.57
2026-08-17T01:55:32.433176+00:00,1786931732.433176,runtime,full,6,NVIDIA H100 80GB HBM3,66730.0,81559.0,14.0,159.07
2026-08-17T01:55:32.433176+00:00,1786931732.433176,runtime,full,7,NVIDIA H100 80GB HBM3,66250.0,81559.0,73.0,163.54
2026-08-17T01:55:35.093136+00:00,1786931735.093136,runtime,full,4,NVIDIA H100 80GB HBM3,66636.0,81559.0,40.0,177.92
2026-08-17T01:55:35.093136+00:00,1786931735.093136,runtime,full,5,NVIDIA H100 80GB HBM3,66730.0,81559.0,99.0,170.83
2026-08-17T01:55:35.093136+00:00,1786931735.093136,runtime,full,6,NVIDIA H100 80GB HBM3,66730.0,81559.0,10.0,159.02
2026-08-17T01:55:35.093136+00:00,1786931735.093136,runtime,full,7,NVIDIA H100 80GB HBM3,66250.0,81559.0,97.0,164.47
2026-08-17T01:55:37.734777+00:00,1786931737.734777,runtime,full,4,NVIDIA H100 80GB HBM3,66636.0,81559.0,33.0,177.72
2026-08-17T01:55:37.734777+00:00,1786931737.734777,runtime,full,5,NVIDIA H100 80GB HBM3,66730.0,81559.0,91.0,170.8
2026-08-17T01:55:37.734777+00:00,1786931737.734777,runtime,full,6,NVIDIA H100 80GB HBM3,66730.0,81559.0,11.0,159.16
2026-08-17T01:55:37.734777+00:00,1786931737.734777,runtime,full,7,NVIDIA H100 80GB HBM3,66250.0,81559.0,82.0,164.14
2026-08-17T01:55:40.410539+00:00,1786931740.410539,runtime,full,4,NVIDIA H100 80GB HBM3,66636.0,81559.0,36.0,178.18
2026-08-17T01:55:40.410539+00:00,1786931740.410539,runtime,full,5,NVIDIA H100 80GB HBM3,66730.0,81559.0,86.0,170.32
2026-08-17T01:55:40.410539+00:00,1786931740.410539,runtime,full,6,NVIDIA H100 80GB HBM3,66730.0,81559.0,12.0,159.14
2026-08-17T01:55:40.410539+00:00,1786931740.410539,runtime,full,7,NVIDIA H100 80GB HBM3,66250.0,81559.0,89.0,164.39
2026-08-17T01:55:42.935626+00:00,1786931742.935626,runtime,full,4,NVIDIA H100 80GB HBM3,66636.0,81559.0,20.0,177.26
2026-08-17T01:55:42.935626+00:00,1786931742.935626,runtime,full,5,NVIDIA H100 80GB HBM3,66730.0,81559.0,90.0,169.96
2026-08-17T01:55:42.935626+00:00,1786931742.935626,runtime,full,6,NVIDIA H100 80GB HBM3,66730.0,81559.0,12.0,159.74
2026-08-17T01:55:42.935626+00:00,1786931742.935626,runtime,full,7,NVIDIA H100 80GB HBM3,66250.0,81559.0,70.0,163.64
2026-08-17T01:55:45.574341+00:00,1786931745.574341,runtime,full,4,NVIDIA H100 80GB HBM3,66636.0,81559.0,22.0,177.76
2026-08-17T01:55:45.574341+00:00,1786931745.574341,runtime,full,5,NVIDIA H100 80GB HBM3,66730.0,81559.0,94.0,170.12
2026-08-17T01:55:45.574341+00:00,1786931745.574341,runtime,full,6,NVIDIA H100 80GB HBM3,66730.0,81559.0,10.0,158.8
2026-08-17T01:55:45.574341+00:00,1786931745.574341,runtime,full,7,NVIDIA H100 80GB HBM3,66250.0,81559.0,91.0,163.91
2026-08-17T01:55:48.220044+00:00,1786931748.220044,runtime,full,4,NVIDIA H100 80GB HBM3,66636.0,81559.0,24.0,177.34
2026-08-17T01:55:48.220044+00:00,1786931748.220044,runtime,full,5,NVIDIA H100 80GB HBM3,66730.0,81559.0,92.0,169.89
2026-08-17T01:55:48.220044+00:00,1786931748.220044,runtime,full,6,NVIDIA H100 80GB HBM3,66730.0,81559.0,10.0,158.92
2026-08-17T01:55:48.220044+00:00,1786931748.220044,runtime,full,7,NVIDIA H100 80GB HBM3,66250.0,81559.0,85.0,164.22
2026-08-17T01:55:50.850952+00:00,1786931750.850952,runtime,full,4,NVIDIA H100 80GB HBM3,66636.0,81559.0,39.0,177.94
2026-08-17T01:55:50.850952+00:00,1786931750.850952,runtime,full,5,NVIDIA H100 80GB HBM3,66730.0,81559.0,93.0,170.18
2026-08-17T01:55:50.850952+00:00,1786931750.850952,runtime,full,6,NVIDIA H100 80GB HBM3,66730.0,81559.0,10.0,159.03
2026-08-17T01:55:50.850952+00:00,1786931750.850952,runtime,full,7,NVIDIA H100 80GB HBM3,66250.0,81559.0,99.0,163.84
2026-08-17T01:55:53.564537+00:00,1786931753.564537,runtime,full,4,NVIDIA H100 80GB HBM3,66636.0,81559.0,10.0,177.4
2026-08-17T01:55:53.564537+00:00,1786931753.564537,runtime,full,5,NVIDIA H100 80GB HBM3,66730.0,81559.0,100.0,170.2
2026-08-17T01:55:53.564537+00:00,1786931753.564537,runtime,full,6,NVIDIA H100 80GB HBM3,66730.0,81559.0,26.0,159.07
2026-08-17T01:55:53.564537+00:00,1786931753.564537,runtime,full,7,NVIDIA H100 80GB HBM3,66250.0,81559.0,92.0,164.27
2026-08-17T01:55:56.202250+00:00,1786931756.20225,runtime,full,4,NVIDIA H100 80GB HBM3,66636.0,81559.0,34.0,177.5
2026-08-17T01:55:56.202250+00:00,1786931756.20225,runtime,full,5,NVIDIA H100 80GB HBM3,66730.0,81559.0,97.0,170.04
2026-08-17T01:55:56.202250+00:00,1786931756.20225,runtime,full,6,NVIDIA H100 80GB HBM3,66730.0,81559.0,10.0,159.49
2026-08-17T01:55:56.202250+00:00,1786931756.20225,runtime,full,7,NVIDIA H100 80GB HBM3,66250.0,81559.0,92.0,164.12
2026-08-17T01:55:58.909862+00:00,1786931758.909862,runtime,full,4,NVIDIA H100 80GB HBM3,66636.0,81559.0,25.0,177.14
2026-08-17T01:55:58.909862+00:00,1786931758.909862,runtime,full,5,NVIDIA H100 80GB HBM3,66730.0,81559.0,90.0,170.17
2026-08-17T01:55:58.909862+00:00,1786931758.909862,runtime,full,6,NVIDIA H100 80GB HBM3,66730.0,81559.0,10.0,158.82
2026-08-17T01:55:58.909862+00:00,1786931758.909862,runtime,full,7,NVIDIA H100 80GB HBM3,66250.0,81559.0,84.0,163.95
2026-08-17T01:56:01.633779+00:00,1786931761.633779,runtime,full,4,NVIDIA H100 80GB HBM3,66636.0,81559.0,38.0,177.9
2026-08-17T01:56:01.633779+00:00,1786931761.633779,runtime,full,5,NVIDIA H100 80GB HBM3,66730.0,81559.0,94.0,170.22
2026-08-17T01:56:01.633779+00:00,1786931761.633779,runtime,full,6,NVIDIA H100 80GB HBM3,66730.0,81559.0,10.0,158.81
2026-08-17T01:56:01.633779+00:00,1786931761.633779,runtime,full,7,NVIDIA H100 80GB HBM3,66250.0,81559.0,97.0,163.9
2026-08-17T01:56:04.306401+00:00,1786931764.306401,runtime,full,4,NVIDIA H100 80GB HBM3,66636.0,81559.0,37.0,177.75
2026-08-17T01:56:04.306401+00:00,1786931764.306401,runtime,full,5,NVIDIA H100 80GB HBM3,66730.0,81559.0,97.0,170.5
2026-08-17T01:56:04.306401+00:00,1786931764.306401,runtime,full,6,NVIDIA H100 80GB HBM3,66730.0,81559.0,10.0,158.96
2026-08-17T01:56:04.306401+00:00,1786931764.306401,runtime,full,7,NVIDIA H100 80GB HBM3,66250.0,81559.0,97.0,164.09
2026-08-17T01:56:06.878905+00:00,1786931766.878905,runtime,full,4,NVIDIA H100 80GB HBM3,66636.0,81559.0,35.0,177.88
2026-08-17T01:56:06.878905+00:00,1786931766.878905,runtime,full,5,NVIDIA H100 80GB HBM3,66730.0,81559.0,94.0,170.35
2026-08-17T01:56:06.878905+00:00,1786931766.878905,runtime,full,6,NVIDIA H100 80GB HBM3,66730.0,81559.0,10.0,158.78
2026-08-17T01:56:06.878905+00:00,1786931766.878905,runtime,full,7,NVIDIA H100 80GB HBM3,66250.0,81559.0,94.0,164.31
2026-08-17T01:56:09.603179+00:00,1786931769.603179,runtime,full,4,NVIDIA H100 80GB HBM3,66636.0,81559.0,36.0,177.28
2026-08-17T01:56:09.603179+00:00,1786931769.603179,runtime,full,5,NVIDIA H100 80GB HBM3,66730.0,81559.0,97.0,170.43
2026-08-17T01:56:09.603179+00:00,1786931769.603179,runtime,full,6,NVIDIA H100 80GB HBM3,66730.0,81559.0,10.0,159.52
2026-08-17T01:56:09.603179+00:00,1786931769.603179,runtime,full,7,NVIDIA H100 80GB HBM3,66250.0,81559.0,87.0,163.63
2026-08-17T01:56:12.164822+00:00,1786931772.164822,runtime,full,4,NVIDIA H100 80GB HBM3,66636.0,81559.0,44.0,177.57
2026-08-17T01:56:12.164822+00:00,1786931772.164822,runtime,full,5,NVIDIA H100 80GB HBM3,66730.0,81559.0,96.0,170.35
2026-08-17T01:56:12.164822+00:00,1786931772.164822,runtime,full,6,NVIDIA H100 80GB HBM3,66730.0,81559.0,10.0,158.89
2026-08-17T01:56:12.164822+00:00,1786931772.164822,runtime,full,7,NVIDIA H100 80GB HBM3,66250.0,81559.0,98.0,163.66
2026-08-17T01:56:14.763670+00:00,1786931774.76367,runtime,full,4,NVIDIA H100 80GB HBM3,66636.0,81559.0,13.0,178.31
2026-08-17T01:56:14.763670+00:00,1786931774.76367,runtime,full,5,NVIDIA H100 80GB HBM3,66730.0,81559.0,97.0,170.55
2026-08-17T01:56:14.763670+00:00,1786931774.76367,runtime,full,6,NVIDIA H100 80GB HBM3,66730.0,81559.0,10.0,158.71
2026-08-17T01:56:14.763670+00:00,1786931774.76367,runtime,full,7,NVIDIA H100 80GB HBM3,66250.0,81559.0,62.0,163.91
2026-08-17T01:56:17.386739+00:00,1786931777.386739,runtime,full,4,NVIDIA H100 80GB HBM3,66636.0,81559.0,27.0,178.38
2026-08-17T01:56:17.386739+00:00,1786931777.386739,runtime,full,5,NVIDIA H100 80GB HBM3,66730.0,81559.0,89.0,170.44
2026-08-17T01:56:17.386739+00:00,1786931777.386739,runtime,full,6,NVIDIA H100 80GB HBM3,66730.0,81559.0,10.0,159.1
2026-08-17T01:56:17.386739+00:00,1786931777.386739,runtime,full,7,NVIDIA H100 80GB HBM3,66250.0,81559.0,88.0,163.93
2026-08-17T01:56:20.032971+00:00,1786931780.032971,runtime,full,4,NVIDIA H100 80GB HBM3,66636.0,81559.0,45.0,177.92
2026-08-17T01:56:20.032971+00:00,1786931780.032971,runtime,full,5,NVIDIA H100 80GB HBM3,66730.0,81559.0,90.0,170.6
2026-08-17T01:56:20.032971+00:00,1786931780.032971,runtime,full,6,NVIDIA H100 80GB HBM3,66730.0,81559.0,10.0,158.6
2026-08-17T01:56:20.032971+00:00,1786931780.032971,runtime,full,7,NVIDIA H100 80GB HBM3,66250.0,81559.0,96.0,163.79
2026-08-17T01:56:22.661110+00:00,1786931782.66111,runtime,full,4,NVIDIA H100 80GB HBM3,66636.0,81559.0,60.0,177.73
2026-08-17T01:56:22.661110+00:00,1786931782.66111,runtime,full,5,NVIDIA H100 80GB HBM3,66730.0,81559.0,98.0,170.27
2026-08-17T01:56:22.661110+00:00,1786931782.66111,runtime,full,6,NVIDIA H100 80GB HBM3,66730.0,81559.0,10.0,158.82
2026-08-17T01:56:22.661110+00:00,1786931782.66111,runtime,full,7,NVIDIA H100 80GB HBM3,66250.0,81559.0,98.0,163.59
2026-08-17T01:56:25.174812+00:00,1786931785.174812,runtime,full,4,NVIDIA H100 80GB HBM3,66636.0,81559.0,46.0,177.59
2026-08-17T01:56:25.174812+00:00,1786931785.174812,runtime,full,5,NVIDIA H100 80GB HBM3,66730.0,81559.0,98.0,169.99
2026-08-17T01:56:25.174812+00:00,1786931785.174812,runtime,full,6,NVIDIA H100 80GB HBM3,66730.0,81559.0,10.0,159.08
2026-08-17T01:56:25.174812+00:00,1786931785.174812,runtime,full,7,NVIDIA H100 80GB HBM3,66250.0,81559.0,94.0,164.11
2026-08-17T01:56:27.727361+00:00,1786931787.727361,runtime,full,4,NVIDIA H100 80GB HBM3,66636.0,81559.0,25.0,177.4
2026-08-17T01:56:27.727361+00:00,1786931787.727361,runtime,full,5,NVIDIA H100 80GB HBM3,66730.0,81559.0,98.0,170.25
2026-08-17T01:56:27.727361+00:00,1786931787.727361,runtime,full,6,NVIDIA H100 80GB HBM3,66730.0,81559.0,80.0,159.25
2026-08-17T01:56:27.727361+00:00,1786931787.727361,runtime,full,7,NVIDIA H100 80GB HBM3,66250.0,81559.0,75.0,163.89
2026-08-17T01:56:30.316196+00:00,1786931790.316196,runtime,full,4,NVIDIA H100 80GB HBM3,66636.0,81559.0,17.0,177.1
2026-08-17T01:56:30.316196+00:00,1786931790.316196,runtime,full,5,NVIDIA H100 80GB HBM3,66730.0,81559.0,93.0,170.43
2026-08-17T01:56:30.316196+00:00,1786931790.316196,runtime,full,6,NVIDIA H100 80GB HBM3,66730.0,81559.0,10.0,159.03
2026-08-17T01:56:30.316196+00:00,1786931790.316196,runtime,full,7,NVIDIA H100 80GB HBM3,66250.0,81559.0,89.0,164.04
2026-08-17T01:56:32.788276+00:00,1786931792.788276,runtime,full,4,NVIDIA H100 80GB HBM3,66636.0,81559.0,21.0,177.46
2026-08-17T01:56:32.788276+00:00,1786931792.788276,runtime,full,5,NVIDIA H100 80GB HBM3,66730.0,81559.0,85.0,169.92
2026-08-17T01:56:32.788276+00:00,1786931792.788276,runtime,full,6,NVIDIA H100 80GB HBM3,66730.0,81559.0,11.0,159.55
2026-08-17T01:56:32.788276+00:00,1786931792.788276,runtime,full,7,NVIDIA H100 80GB HBM3,66250.0,81559.0,60.0,163.26
2026-08-17T01:56:35.376820+00:00,1786931795.37682,runtime,full,4,NVIDIA H100 80GB HBM3,66636.0,81559.0,10.0,177.24
2026-08-17T01:56:35.376820+00:00,1786931795.37682,runtime,full,5,NVIDIA H100 80GB HBM3,66730.0,81559.0,74.0,170.16
2026-08-17T01:56:35.376820+00:00,1786931795.37682,runtime,full,6,NVIDIA H100 80GB HBM3,66730.0,81559.0,19.0,159.29
2026-08-17T01:56:35.376820+00:00,1786931795.37682,runtime,full,7,NVIDIA H100 80GB HBM3,66250.0,81559.0,61.0,163.87
2026-08-17T01:56:38.313280+00:00,1786931798.31328,runtime,full,4,NVIDIA H100 80GB HBM3,66636.0,81559.0,36.0,177.54
2026-08-17T01:56:38.313280+00:00,1786931798.31328,runtime,full,5,NVIDIA H100 80GB HBM3,66730.0,81559.0,95.0,169.92
2026-08-17T01:56:38.313280+00:00,1786931798.31328,runtime,full,6,NVIDIA H100 80GB HBM3,66730.0,81559.0,10.0,158.9
2026-08-17T01:56:38.313280+00:00,1786931798.31328,runtime,full,7,NVIDIA H100 80GB HBM3,66250.0,81559.0,97.0,164.22
2026-08-17T01:56:40.901822+00:00,1786931800.901822,runtime,full,4,NVIDIA H100 80GB HBM3,66636.0,81559.0,10.0,177.22
2026-08-17T01:56:40.901822+00:00,1786931800.901822,runtime,full,5,NVIDIA H100 80GB HBM3,66730.0,81559.0,99.0,170.68
2026-08-17T01:56:40.901822+00:00,1786931800.901822,runtime,full,6,NVIDIA H100 80GB HBM3,66730.0,81559.0,23.0,158.6
2026-08-17T01:56:40.901822+00:00,1786931800.901822,runtime,full,7,NVIDIA H100 80GB HBM3,66250.0,81559.0,94.0,164.16
2026-08-17T01:56:43.415248+00:00,1786931803.415248,runtime,full,4,NVIDIA H100 80GB HBM3,66636.0,81559.0,25.0,177.54
2026-08-17T01:56:43.415248+00:00,1786931803.415248,runtime,full,5,NVIDIA H100 80GB HBM3,66730.0,81559.0,99.0,170.61
2026-08-17T01:56:43.415248+00:00,1786931803.415248,runtime,full,6,NVIDIA H100 80GB HBM3,66730.0,81559.0,10.0,159.26
2026-08-17T01:56:43.415248+00:00,1786931803.415248,runtime,full,7,NVIDIA H100 80GB HBM3,66250.0,81559.0,81.0,163.5
2026-08-17T01:56:45.910443+00:00,1786931805.910443,runtime,full,4,NVIDIA H100 80GB HBM3,66636.0,81559.0,24.0,177.27
2026-08-17T01:56:45.910443+00:00,1786931805.910443,runtime,full,5,NVIDIA H100 80GB HBM3,66730.0,81559.0,100.0,170.04
2026-08-17T01:56:45.910443+00:00,1786931805.910443,runtime,full,6,NVIDIA H100 80GB HBM3,66730.0,81559.0,10.0,158.83
2026-08-17T01:56:45.910443+00:00,1786931805.910443,runtime,full,7,NVIDIA H100 80GB HBM3,66250.0,81559.0,67.0,163.68
2026-08-17T01:56:48.557057+00:00,1786931808.557057,runtime,full,4,NVIDIA H100 80GB HBM3,66636.0,81559.0,20.0,177.8
2026-08-17T01:56:48.557057+00:00,1786931808.557057,runtime,full,5,NVIDIA H100 80GB HBM3,66730.0,81559.0,93.0,170.53
2026-08-17T01:56:48.557057+00:00,1786931808.557057,runtime,full,6,NVIDIA H100 80GB HBM3,66730.0,81559.0,10.0,159.17
2026-08-17T01:56:48.557057+00:00,1786931808.557057,runtime,full,7,NVIDIA H100 80GB HBM3,66250.0,81559.0,73.0,163.59
2026-08-17T01:56:50.987446+00:00,1786931810.987446,runtime,full,4,NVIDIA H100 80GB HBM3,66636.0,81559.0,44.0,177.55
2026-08-17T01:56:50.987446+00:00,1786931810.987446,runtime,full,5,NVIDIA H100 80GB HBM3,66730.0,81559.0,94.0,170.54
2026-08-17T01:56:50.987446+00:00,1786931810.987446,runtime,full,6,NVIDIA H100 80GB HBM3,66730.0,81559.0,11.0,158.62
2026-08-17T01:56:50.987446+00:00,1786931810.987446,runtime,full,7,NVIDIA H100 80GB HBM3,66250.0,81559.0,69.0,163.82
2026-08-17T01:56:53.454065+00:00,1786931813.454065,runtime,full,4,NVIDIA H100 80GB HBM3,66636.0,81559.0,54.0,178.57
2026-08-17T01:56:53.454065+00:00,1786931813.454065,runtime,full,5,NVIDIA H100 80GB HBM3,66730.0,81559.0,100.0,169.85
2026-08-17T01:56:53.454065+00:00,1786931813.454065,runtime,full,6,NVIDIA H100 80GB HBM3,66730.0,81559.0,10.0,158.83
2026-08-17T01:56:53.454065+00:00,1786931813.454065,runtime,full,7,NVIDIA H100 80GB HBM3,66250.0,81559.0,90.0,164.53
2026-08-17T01:56:55.880291+00:00,1786931815.880291,runtime,full,4,NVIDIA H100 80GB HBM3,66636.0,81559.0,38.0,178.31
2026-08-17T01:56:55.880291+00:00,1786931815.880291,runtime,full,5,NVIDIA H100 80GB HBM3,66730.0,81559.0,99.0,170.42
2026-08-17T01:56:55.880291+00:00,1786931815.880291,runtime,full,6,NVIDIA H100 80GB HBM3,66730.0,81559.0,10.0,159.09
2026-08-17T01:56:55.880291+00:00,1786931815.880291,runtime,full,7,NVIDIA H100 80GB HBM3,66250.0,81559.0,96.0,164.22
2026-08-17T01:56:58.596740+00:00,1786931818.59674,runtime,full,4,NVIDIA H100 80GB HBM3,66636.0,81559.0,19.0,177.98
2026-08-17T01:56:58.596740+00:00,1786931818.59674,runtime,full,5,NVIDIA H100 80GB HBM3,66730.0,81559.0,92.0,170.25
2026-08-17T01:56:58.596740+00:00,1786931818.59674,runtime,full,6,NVIDIA H100 80GB HBM3,66730.0,81559.0,10.0,158.66
2026-08-17T01:56:58.596740+00:00,1786931818.59674,runtime,full,7,NVIDIA H100 80GB HBM3,66250.0,81559.0,62.0,163.75
2026-08-17T01:57:01.249624+00:00,1786931821.249624,runtime,full,4,NVIDIA H100 80GB HBM3,66636.0,81559.0,31.0,177.93
2026-08-17T01:57:01.249624+00:00,1786931821.249624,runtime,full,5,NVIDIA H100 80GB HBM3,66730.0,81559.0,93.0,170.57
2026-08-17T01:57:01.249624+00:00,1786931821.249624,runtime,full,6,NVIDIA H100 80GB HBM3,66730.0,81559.0,10.0,159.4
2026-08-17T01:57:01.249624+00:00,1786931821.249624,runtime,full,7,NVIDIA H100 80GB HBM3,66250.0,81559.0,87.0,164.06
2026-08-17T01:57:03.706301+00:00,1786931823.706301,runtime,full,4,NVIDIA H100 80GB HBM3,66636.0,81559.0,43.0,178.46
2026-08-17T01:57:03.706301+00:00,1786931823.706301,runtime,full,5,NVIDIA H100 80GB HBM3,66730.0,81559.0,91.0,170.47
2026-08-17T01:57:03.706301+00:00,1786931823.706301,runtime,full,6,NVIDIA H100 80GB HBM3,66730.0,81559.0,11.0,158.74
2026-08-17T01:57:03.706301+00:00,1786931823.706301,runtime,full,7,NVIDIA H100 80GB HBM3,66250.0,81559.0,94.0,163.84
2026-08-17T01:57:06.179899+00:00,1786931826.179899,runtime,full,4,NVIDIA H100 80GB HBM3,66636.0,81559.0,70.0,178.31
2026-08-17T01:57:06.179899+00:00,1786931826.179899,runtime,full,5,NVIDIA H100 80GB HBM3,66730.0,81559.0,100.0,170.51
2026-08-17T01:57:06.179899+00:00,1786931826.179899,runtime,full,6,NVIDIA H100 80GB HBM3,66730.0,81559.0,10.0,159.11
2026-08-17T01:57:06.179899+00:00,1786931826.179899,runtime,full,7,NVIDIA H100 80GB HBM3,66250.0,81559.0,100.0,163.94
2026-08-17T01:57:08.717098+00:00,1786931828.717098,runtime,full,4,NVIDIA H100 80GB HBM3,66636.0,81559.0,64.0,177.98
2026-08-17T01:57:08.717098+00:00,1786931828.717098,runtime,full,5,NVIDIA H100 80GB HBM3,66730.0,81559.0,100.0,170.16
2026-08-17T01:57:08.717098+00:00,1786931828.717098,runtime,full,6,NVIDIA H100 80GB HBM3,66730.0,81559.0,10.0,158.82
2026-08-17T01:57:08.717098+00:00,1786931828.717098,runtime,full,7,NVIDIA H100 80GB HBM3,66250.0,81559.0,100.0,164.41
2026-08-17T01:57:11.270422+00:00,1786931831.270422,runtime,full,4,NVIDIA H100 80GB HBM3,66636.0,81559.0,25.0,178.12
2026-08-17T01:57:11.270422+00:00,1786931831.270422,runtime,full,5,NVIDIA H100 80GB HBM3,66730.0,81559.0,88.0,170.5
2026-08-17T01:57:11.270422+00:00,1786931831.270422,runtime,full,6,NVIDIA H100 80GB HBM3,66730.0,81559.0,10.0,158.76
2026-08-17T01:57:11.270422+00:00,1786931831.270422,runtime,full,7,NVIDIA H100 80GB HBM3,66250.0,81559.0,81.0,163.66
2026-08-17T01:57:14.004657+00:00,1786931834.004657,runtime,full,4,NVIDIA H100 80GB HBM3,66636.0,81559.0,45.0,178.61
2026-08-17T01:57:14.004657+00:00,1786931834.004657,runtime,full,5,NVIDIA H100 80GB HBM3,66730.0,81559.0,99.0,170.66
2026-08-17T01:57:14.004657+00:00,1786931834.004657,runtime,full,6,NVIDIA H100 80GB HBM3,66730.0,81559.0,10.0,158.77
2026-08-17T01:57:14.004657+00:00,1786931834.004657,runtime,full,7,NVIDIA H100 80GB HBM3,66250.0,81559.0,98.0,164.22
2026-08-17T01:57:16.747929+00:00,1786931836.747929,runtime,full,4,NVIDIA H100 80GB HBM3,66636.0,81559.0,31.0,177.19
2026-08-17T01:57:16.747929+00:00,1786931836.747929,runtime,full,5,NVIDIA H100 80GB HBM3,66730.0,81559.0,95.0,169.92
2026-08-17T01:57:16.747929+00:00,1786931836.747929,runtime,full,6,NVIDIA H100 80GB HBM3,66730.0,81559.0,10.0,159.14
2026-08-17T01:57:16.747929+00:00,1786931836.747929,runtime,full,7,NVIDIA H100 80GB HBM3,66250.0,81559.0,78.0,164.37
2026-08-17T01:57:19.364407+00:00,1786931839.364407,runtime,full,4,NVIDIA H100 80GB HBM3,66636.0,81559.0,10.0,177.14
2026-08-17T01:57:19.364407+00:00,1786931839.364407,runtime,full,5,NVIDIA H100 80GB HBM3,66730.0,81559.0,80.0,170.21
2026-08-17T01:57:19.364407+00:00,1786931839.364407,runtime,full,6,NVIDIA H100 80GB HBM3,66730.0,81559.0,20.0,159.27
2026-08-17T01:57:19.364407+00:00,1786931839.364407,runtime,full,7,NVIDIA H100 80GB HBM3,66250.0,81559.0,68.0,163.92
2026-08-17T01:57:21.851313+00:00,1786931841.851313,runtime,full,4,NVIDIA H100 80GB HBM3,66636.0,81559.0,11.0,176.86
2026-08-17T01:57:21.851313+00:00,1786931841.851313,runtime,full,5,NVIDIA H100 80GB HBM3,66730.0,81559.0,97.0,170.25
2026-08-17T01:57:21.851313+00:00,1786931841.851313,runtime,full,6,NVIDIA H100 80GB HBM3,66730.0,81559.0,10.0,159.34
2026-08-17T01:57:21.851313+00:00,1786931841.851313,runtime,full,7,NVIDIA H100 80GB HBM3,66250.0,81559.0,88.0,163.32
2026-08-17T01:57:24.279424+00:00,1786931844.279424,runtime,full,4,NVIDIA H100 80GB HBM3,66636.0,81559.0,33.0,177.17
2026-08-17T01:57:24.279424+00:00,1786931844.279424,runtime,full,5,NVIDIA H100 80GB HBM3,66730.0,81559.0,92.0,170.23
2026-08-17T01:57:24.279424+00:00,1786931844.279424,runtime,full,6,NVIDIA H100 80GB HBM3,66730.0,81559.0,11.0,158.5
2026-08-17T01:57:24.279424+00:00,1786931844.279424,runtime,full,7,NVIDIA H100 80GB HBM3,66250.0,81559.0,87.0,163.71
2026-08-17T01:57:26.848345+00:00,1786931846.848345,runtime,full,4,NVIDIA H100 80GB HBM3,66636.0,81559.0,34.0,177.31
2026-08-17T01:57:26.848345+00:00,1786931846.848345,runtime,full,5,NVIDIA H100 80GB HBM3,66730.0,81559.0,95.0,170.54
2026-08-17T01:57:26.848345+00:00,1786931846.848345,runtime,full,6,NVIDIA H100 80GB HBM3,66730.0,81559.0,10.0,158.91
2026-08-17T01:57:26.848345+00:00,1786931846.848345,runtime,full,7,NVIDIA H100 80GB HBM3,66250.0,81559.0,100.0,163.7
2026-08-17T01:57:29.353323+00:00,1786931849.353323,runtime,full,4,NVIDIA H100 80GB HBM3,66636.0,81559.0,11.0,177.85
2026-08-17T01:57:29.353323+00:00,1786931849.353323,runtime,full,5,NVIDIA H100 80GB HBM3,66730.0,81559.0,75.0,170.22
2026-08-17T01:57:29.353323+00:00,1786931849.353323,runtime,full,6,NVIDIA H100 80GB HBM3,66730.0,81559.0,17.0,159.09
2026-08-17T01:57:29.353323+00:00,1786931849.353323,runtime,full,7,NVIDIA H100 80GB HBM3,66250.0,81559.0,62.0,163.36
2026-08-17T01:57:31.849453+00:00,1786931851.849453,runtime,full,4,NVIDIA H100 80GB HBM3,66636.0,81559.0,23.0,177.59
2026-08-17T01:57:31.849453+00:00,1786931851.849453,runtime,full,5,NVIDIA H100 80GB HBM3,66730.0,81559.0,87.0,170.34
2026-08-17T01:57:31.849453+00:00,1786931851.849453,runtime,full,6,NVIDIA H100 80GB HBM3,66730.0,81559.0,10.0,159.58
2026-08-17T01:57:31.849453+00:00,1786931851.849453,runtime,full,7,NVIDIA H100 80GB HBM3,66250.0,81559.0,80.0,163.74
2026-08-17T01:57:34.398353+00:00,1786931854.398353,runtime,full,4,NVIDIA H100 80GB HBM3,66636.0,81559.0,21.0,177.72
2026-08-17T01:57:34.398353+00:00,1786931854.398353,runtime,full,5,NVIDIA H100 80GB HBM3,66730.0,81559.0,89.0,170.25
2026-08-17T01:57:34.398353+00:00,1786931854.398353,runtime,full,6,NVIDIA H100 80GB HBM3,66730.0,81559.0,10.0,158.82
2026-08-17T01:57:34.398353+00:00,1786931854.398353,runtime,full,7,NVIDIA H100 80GB HBM3,66250.0,81559.0,86.0,164.04
2026-08-17T01:57:36.939165+00:00,1786931856.939165,runtime,full,4,NVIDIA H100 80GB HBM3,66636.0,81559.0,44.0,177.09
2026-08-17T01:57:36.939165+00:00,1786931856.939165,runtime,full,5,NVIDIA H100 80GB HBM3,66730.0,81559.0,99.0,170.46
2026-08-17T01:57:36.939165+00:00,1786931856.939165,runtime,full,6,NVIDIA H100 80GB HBM3,66730.0,81559.0,10.0,159.24
2026-08-17T01:57:36.939165+00:00,1786931856.939165,runtime,full,7,NVIDIA H100 80GB HBM3,66250.0,81559.0,91.0,164.37
2026-08-17T01:57:39.504640+00:00,1786931859.50464,runtime,full,4,NVIDIA H100 80GB HBM3,66636.0,81559.0,89.0,178.17
2026-08-17T01:57:39.504640+00:00,1786931859.50464,runtime,full,5,NVIDIA H100 80GB HBM3,66730.0,81559.0,9.0,168.92
2026-08-17T01:57:39.504640+00:00,1786931859.50464,runtime,full,6,NVIDIA H100 80GB HBM3,66730.0,81559.0,100.0,159.37
2026-08-17T01:57:39.504640+00:00,1786931859.50464,runtime,full,7,NVIDIA H100 80GB HBM3,66250.0,81559.0,97.0,164.0
2026-08-17T01:57:42.058393+00:00,1786931862.058393,runtime,full,4,NVIDIA H100 80GB HBM3,66636.0,81559.0,11.0,177.8
2026-08-17T01:57:42.058393+00:00,1786931862.058393,runtime,full,5,NVIDIA H100 80GB HBM3,66730.0,81559.0,61.0,169.46
2026-08-17T01:57:42.058393+00:00,1786931862.058393,runtime,full,6,NVIDIA H100 80GB HBM3,66730.0,81559.0,23.0,159.41
2026-08-17T01:57:42.058393+00:00,1786931862.058393,runtime,full,7,NVIDIA H100 80GB HBM3,66250.0,81559.0,75.0,163.33
2026-08-17T01:57:44.525153+00:00,1786931864.525153,runtime,full,4,NVIDIA H100 80GB HBM3,66636.0,81559.0,13.0,177.35
2026-08-17T01:57:44.525153+00:00,1786931864.525153,runtime,full,5,NVIDIA H100 80GB HBM3,66730.0,81559.0,59.0,169.64
2026-08-17T01:57:44.525153+00:00,1786931864.525153,runtime,full,6,NVIDIA H100 80GB HBM3,66730.0,81559.0,29.0,158.69
2026-08-17T01:57:44.525153+00:00,1786931864.525153,runtime,full,7,NVIDIA H100 80GB HBM3,66250.0,81559.0,62.0,163.63
2026-08-17T01:57:46.893705+00:00,1786931866.893705,runtime,full,4,NVIDIA H100 80GB HBM3,66636.0,81559.0,10.0,176.86
2026-08-17T01:57:46.893705+00:00,1786931866.893705,runtime,full,5,NVIDIA H100 80GB HBM3,66730.0,81559.0,69.0,169.71
2026-08-17T01:57:46.893705+00:00,1786931866.893705,runtime,full,6,NVIDIA H100 80GB HBM3,66730.0,81559.0,51.0,160.04
2026-08-17T01:57:46.893705+00:00,1786931866.893705,runtime,full,7,NVIDIA H100 80GB HBM3,66250.0,81559.0,74.0,163.8
2026-08-17T01:57:49.394303+00:00,1786931869.394303,runtime,full,4,NVIDIA H100 80GB HBM3,66636.0,81559.0,33.0,177.66
2026-08-17T01:57:49.394303+00:00,1786931869.394303,runtime,full,5,NVIDIA H100 80GB HBM3,66730.0,81559.0,76.0,169.46
2026-08-17T01:57:49.394303+00:00,1786931869.394303,runtime,full,6,NVIDIA H100 80GB HBM3,66730.0,81559.0,10.0,158.95
2026-08-17T01:57:49.394303+00:00,1786931869.394303,runtime,full,7,NVIDIA H100 80GB HBM3,66250.0,81559.0,95.0,163.77
2026-08-17T01:57:51.989079+00:00,1786931871.989079,runtime,full,4,NVIDIA H100 80GB HBM3,66636.0,81559.0,100.0,177.62
2026-08-17T01:57:51.989079+00:00,1786931871.989079,runtime,full,5,NVIDIA H100 80GB HBM3,66730.0,81559.0,11.0,169.29
2026-08-17T01:57:51.989079+00:00,1786931871.989079,runtime,full,6,NVIDIA H100 80GB HBM3,66730.0,81559.0,100.0,159.43
2026-08-17T01:57:51.989079+00:00,1786931871.989079,runtime,full,7,NVIDIA H100 80GB HBM3,66250.0,81559.0,34.0,163.18
2026-08-17T01:57:54.853881+00:00,1786931874.853881,runtime,full,4,NVIDIA H100 80GB HBM3,66636.0,81559.0,10.0,176.85
2026-08-17T01:57:54.853881+00:00,1786931874.853881,runtime,full,5,NVIDIA H100 80GB HBM3,66730.0,81559.0,58.0,170.61
2026-08-17T01:57:54.853881+00:00,1786931874.853881,runtime,full,6,NVIDIA H100 80GB HBM3,66730.0,81559.0,28.0,158.89
2026-08-17T01:57:54.853881+00:00,1786931874.853881,runtime,full,7,NVIDIA H100 80GB HBM3,66250.0,81559.0,89.0,163.38
2026-08-17T01:57:57.736367+00:00,1786931877.736367,runtime,full,4,NVIDIA H100 80GB HBM3,66636.0,81559.0,39.0,176.95
2026-08-17T01:57:57.736367+00:00,1786931877.736367,runtime,full,5,NVIDIA H100 80GB HBM3,66730.0,81559.0,78.0,169.96
2026-08-17T01:57:57.736367+00:00,1786931877.736367,runtime,full,6,NVIDIA H100 80GB HBM3,66730.0,81559.0,65.0,159.29
2026-08-17T01:57:57.736367+00:00,1786931877.736367,runtime,full,7,NVIDIA H100 80GB HBM3,66250.0,81559.0,75.0,163.6
2026-08-17T01:58:00.554002+00:00,1786931880.554002,runtime,full,4,NVIDIA H100 80GB HBM3,66636.0,81559.0,11.0,176.84
2026-08-17T01:58:00.554002+00:00,1786931880.554002,runtime,full,5,NVIDIA H100 80GB HBM3,66730.0,81559.0,62.0,169.85
2026-08-17T01:58:00.554002+00:00,1786931880.554002,runtime,full,6,NVIDIA H100 80GB HBM3,66730.0,81559.0,33.0,158.87
2026-08-17T01:58:00.554002+00:00,1786931880.554002,runtime,full,7,NVIDIA H100 80GB HBM3,66250.0,81559.0,58.0,163.38
2026-08-17T01:58:03.295104+00:00,1786931883.295104,runtime,full,4,NVIDIA H100 80GB HBM3,66636.0,81559.0,11.0,176.85
2026-08-17T01:58:03.295104+00:00,1786931883.295104,runtime,full,5,NVIDIA H100 80GB HBM3,66730.0,81559.0,70.0,169.85
2026-08-17T01:58:03.295104+00:00,1786931883.295104,runtime,full,6,NVIDIA H100 80GB HBM3,66730.0,81559.0,29.0,159.48
2026-08-17T01:58:03.295104+00:00,1786931883.295104,runtime,full,7,NVIDIA H100 80GB HBM3,66250.0,81559.0,64.0,163.37
2026-08-17T01:58:05.994934+00:00,1786931885.994934,runtime,full,4,NVIDIA H100 80GB HBM3,66636.0,81559.0,10.0,177.81
2026-08-17T01:58:05.994934+00:00,1786931885.994934,runtime,full,5,NVIDIA H100 80GB HBM3,66730.0,81559.0,48.0,169.99
2026-08-17T01:58:05.994934+00:00,1786931885.994934,runtime,full,6,NVIDIA H100 80GB HBM3,66730.0,81559.0,40.0,159.43
2026-08-17T01:58:05.994934+00:00,1786931885.994934,runtime,full,7,NVIDIA H100 80GB HBM3,66250.0,81559.0,81.0,163.39
2026-08-17T01:58:08.721583+00:00,1786931888.721583,runtime,full,4,NVIDIA H100 80GB HBM3,66636.0,81559.0,12.0,176.94
2026-08-17T01:58:08.721583+00:00,1786931888.721583,runtime,full,5,NVIDIA H100 80GB HBM3,66730.0,81559.0,48.0,169.6
2026-08-17T01:58:08.721583+00:00,1786931888.721583,runtime,full,6,NVIDIA H100 80GB HBM3,66730.0,81559.0,25.0,159.16
2026-08-17T01:58:08.721583+00:00,1786931888.721583,runtime,full,7,NVIDIA H100 80GB HBM3,66250.0,81559.0,74.0,163.78
2026-08-17T01:58:11.269348+00:00,1786931891.269348,runtime,full,4,NVIDIA H100 80GB HBM3,66636.0,81559.0,11.0,177.29
2026-08-17T01:58:11.269348+00:00,1786931891.269348,runtime,full,5,NVIDIA H100 80GB HBM3,66730.0,81559.0,72.0,169.69
2026-08-17T01:58:11.269348+00:00,1786931891.269348,runtime,full,6,NVIDIA H100 80GB HBM3,66730.0,81559.0,16.0,159.11
2026-08-17T01:58:11.269348+00:00,1786931891.269348,runtime,full,7,NVIDIA H100 80GB HBM3,66250.0,81559.0,67.0,163.81
2026-08-17T01:58:13.840766+00:00,1786931893.840766,runtime,full,4,NVIDIA H100 80GB HBM3,66636.0,81559.0,11.0,177.33
2026-08-17T01:58:13.840766+00:00,1786931893.840766,runtime,full,5,NVIDIA H100 80GB HBM3,66730.0,81559.0,59.0,169.2
2026-08-17T01:58:13.840766+00:00,1786931893.840766,runtime,full,6,NVIDIA H100 80GB HBM3,66730.0,81559.0,31.0,158.77
2026-08-17T01:58:13.840766+00:00,1786931893.840766,runtime,full,7,NVIDIA H100 80GB HBM3,66250.0,81559.0,70.0,163.4
2026-08-17T01:58:16.558785+00:00,1786931896.558785,runtime,full,4,NVIDIA H100 80GB HBM3,66636.0,81559.0,15.0,177.48
2026-08-17T01:58:16.558785+00:00,1786931896.558785,runtime,full,5,NVIDIA H100 80GB HBM3,66730.0,81559.0,42.0,169.8
2026-08-17T01:58:16.558785+00:00,1786931896.558785,runtime,full,6,NVIDIA H100 80GB HBM3,66730.0,81559.0,69.0,159.11
2026-08-17T01:58:16.558785+00:00,1786931896.558785,runtime,full,7,NVIDIA H100 80GB HBM3,66250.0,81559.0,80.0,163.85
2026-08-17T01:58:19.020983+00:00,1786931899.020983,runtime,full,4,NVIDIA H100 80GB HBM3,66636.0,81559.0,24.0,177.5
2026-08-17T01:58:19.020983+00:00,1786931899.020983,runtime,full,5,NVIDIA H100 80GB HBM3,66730.0,81559.0,45.0,170.05
2026-08-17T01:58:19.020983+00:00,1786931899.020983,runtime,full,6,NVIDIA H100 80GB HBM3,66730.0,81559.0,10.0,159.15
2026-08-17T01:58:19.020983+00:00,1786931899.020983,runtime,full,7,NVIDIA H100 80GB HBM3,66250.0,81559.0,75.0,163.56
2026-08-17T01:58:21.707362+00:00,1786931901.707362,runtime,full,4,NVIDIA H100 80GB HBM3,66636.0,81559.0,30.0,177.49
2026-08-17T01:58:21.707362+00:00,1786931901.707362,runtime,full,5,NVIDIA H100 80GB HBM3,66730.0,81559.0,57.0,170.17
2026-08-17T01:58:21.707362+00:00,1786931901.707362,runtime,full,6,NVIDIA H100 80GB HBM3,66730.0,81559.0,11.0,159.29
2026-08-17T01:58:21.707362+00:00,1786931901.707362,runtime,full,7,NVIDIA H100 80GB HBM3,66250.0,81559.0,63.0,164.3
2026-08-17T01:58:24.377914+00:00,1786931904.377914,runtime,full,4,NVIDIA H100 80GB HBM3,66636.0,81559.0,34.0,177.93
2026-08-17T01:58:24.377914+00:00,1786931904.377914,runtime,full,5,NVIDIA H100 80GB HBM3,66730.0,81559.0,64.0,169.44
2026-08-17T01:58:24.377914+00:00,1786931904.377914,runtime,full,6,NVIDIA H100 80GB HBM3,66730.0,81559.0,10.0,159.36
2026-08-17T01:58:24.377914+00:00,1786931904.377914,runtime,full,7,NVIDIA H100 80GB HBM3,66250.0,81559.0,88.0,163.28
2026-08-17T01:58:27.003022+00:00,1786931907.003022,runtime,full,4,NVIDIA H100 80GB HBM3,66636.0,81559.0,30.0,177.39
2026-08-17T01:58:27.003022+00:00,1786931907.003022,runtime,full,5,NVIDIA H100 80GB HBM3,66730.0,81559.0,68.0,170.06
2026-08-17T01:58:27.003022+00:00,1786931907.003022,runtime,full,6,NVIDIA H100 80GB HBM3,66730.0,81559.0,10.0,159.09
2026-08-17T01:58:27.003022+00:00,1786931907.003022,runtime,full,7,NVIDIA H100 80GB HBM3,66250.0,81559.0,88.0,164.64
2026-08-17T01:58:29.575044+00:00,1786931909.575044,runtime,full,4,NVIDIA H100 80GB HBM3,66636.0,81559.0,42.0,177.85
2026-08-17T01:58:29.575044+00:00,1786931909.575044,runtime,full,5,NVIDIA H100 80GB HBM3,66730.0,81559.0,98.0,169.95
2026-08-17T01:58:29.575044+00:00,1786931909.575044,runtime,full,6,NVIDIA H100 80GB HBM3,66730.0,81559.0,10.0,158.88
2026-08-17T01:58:29.575044+00:00,1786931909.575044,runtime,full,7,NVIDIA H100 80GB HBM3,66250.0,81559.0,100.0,163.97
2026-08-17T01:58:32.261672+00:00,1786931912.261672,runtime,full,4,NVIDIA H100 80GB HBM3,66636.0,81559.0,17.0,177.62
2026-08-17T01:58:32.261672+00:00,1786931912.261672,runtime,full,5,NVIDIA H100 80GB HBM3,66730.0,81559.0,40.0,169.52
2026-08-17T01:58:32.261672+00:00,1786931912.261672,runtime,full,6,NVIDIA H100 80GB HBM3,66730.0,81559.0,12.0,158.95
2026-08-17T01:58:32.261672+00:00,1786931912.261672,runtime,full,7,NVIDIA H100 80GB HBM3,66250.0,81559.0,86.0,164.16
2026-08-17T01:58:34.819071+00:00,1786931914.819071,runtime,full,4,NVIDIA H100 80GB HBM3,66636.0,81559.0,33.0,177.25
2026-08-17T01:58:34.819071+00:00,1786931914.819071,runtime,full,5,NVIDIA H100 80GB HBM3,66730.0,81559.0,70.0,169.7
2026-08-17T01:58:34.819071+00:00,1786931914.819071,runtime,full,6,NVIDIA H100 80GB HBM3,66730.0,81559.0,10.0,159.26
2026-08-17T01:58:34.819071+00:00,1786931914.819071,runtime,full,7,NVIDIA H100 80GB HBM3,66250.0,81559.0,75.0,163.8
2026-08-17T01:58:37.334920+00:00,1786931917.33492,runtime,full,4,NVIDIA H100 80GB HBM3,66636.0,81559.0,18.0,177.23
2026-08-17T01:58:37.334920+00:00,1786931917.33492,runtime,full,5,NVIDIA H100 80GB HBM3,66730.0,81559.0,32.0,169.65
2026-08-17T01:58:37.334920+00:00,1786931917.33492,runtime,full,6,NVIDIA H100 80GB HBM3,66730.0,81559.0,10.0,158.82
2026-08-17T01:58:37.334920+00:00,1786931917.33492,runtime,full,7,NVIDIA H100 80GB HBM3,66250.0,81559.0,79.0,163.96
2026-08-17T01:58:40.068629+00:00,1786931920.068629,runtime,full,4,NVIDIA H100 80GB HBM3,66636.0,81559.0,25.0,177.46
2026-08-17T01:58:40.068629+00:00,1786931920.068629,runtime,full,5,NVIDIA H100 80GB HBM3,66730.0,81559.0,54.0,169.84
2026-08-17T01:58:40.068629+00:00,1786931920.068629,runtime,full,6,NVIDIA H100 80GB HBM3,66730.0,81559.0,10.0,159.26
2026-08-17T01:58:40.068629+00:00,1786931920.068629,runtime,full,7,NVIDIA H100 80GB HBM3,66250.0,81559.0,80.0,163.89
2026-08-17T01:58:42.645022+00:00,1786931922.645022,runtime,full,4,NVIDIA H100 80GB HBM3,66636.0,81559.0,64.0,177.73
2026-08-17T01:58:42.645022+00:00,1786931922.645022,runtime,full,5,NVIDIA H100 80GB HBM3,66730.0,81559.0,98.0,170.29
2026-08-17T01:58:42.645022+00:00,1786931922.645022,runtime,full,6,NVIDIA H100 80GB HBM3,66730.0,81559.0,10.0,158.63
2026-08-17T01:58:42.645022+00:00,1786931922.645022,runtime,full,7,NVIDIA H100 80GB HBM3,66250.0,81559.0,99.0,164.42
2026-08-17T01:58:45.211660+00:00,1786931925.21166,runtime,full,4,NVIDIA H100 80GB HBM3,66636.0,81559.0,25.0,177.68
2026-08-17T01:58:45.211660+00:00,1786931925.21166,runtime,full,5,NVIDIA H100 80GB HBM3,66730.0,81559.0,69.0,170.35
2026-08-17T01:58:45.211660+00:00,1786931925.21166,runtime,full,6,NVIDIA H100 80GB HBM3,66730.0,81559.0,10.0,158.77
2026-08-17T01:58:45.211660+00:00,1786931925.21166,runtime,full,7,NVIDIA H100 80GB HBM3,66250.0,81559.0,91.0,163.79
2026-08-17T01:58:48.006402+00:00,1786931928.006402,runtime,full,4,NVIDIA H100 80GB HBM3,66636.0,81559.0,10.0,176.87
2026-08-17T01:58:48.006402+00:00,1786931928.006402,runtime,full,5,NVIDIA H100 80GB HBM3,66730.0,81559.0,73.0,169.24
2026-08-17T01:58:48.006402+00:00,1786931928.006402,runtime,full,6,NVIDIA H100 80GB HBM3,66730.0,81559.0,18.0,159.32
2026-08-17T01:58:48.006402+00:00,1786931928.006402,runtime,full,7,NVIDIA H100 80GB HBM3,66250.0,81559.0,83.0,163.56
2026-08-17T01:58:50.753991+00:00,1786931930.753991,runtime,full,4,NVIDIA H100 80GB HBM3,66636.0,81559.0,38.0,177.48
2026-08-17T01:58:50.753991+00:00,1786931930.753991,runtime,full,5,NVIDIA H100 80GB HBM3,66730.0,81559.0,92.0,170.14
2026-08-17T01:58:50.753991+00:00,1786931930.753991,runtime,full,6,NVIDIA H100 80GB HBM3,66730.0,81559.0,10.0,158.9
2026-08-17T01:58:50.753991+00:00,1786931930.753991,runtime,full,7,NVIDIA H100 80GB HBM3,66250.0,81559.0,89.0,164.03
2026-08-17T01:58:53.396230+00:00,1786931933.39623,runtime,full,4,NVIDIA H100 80GB HBM3,66636.0,81559.0,71.0,178.61
2026-08-17T01:58:53.396230+00:00,1786931933.39623,runtime,full,5,NVIDIA H100 80GB HBM3,66730.0,81559.0,100.0,169.7
2026-08-17T01:58:53.396230+00:00,1786931933.39623,runtime,full,6,NVIDIA H100 80GB HBM3,66730.0,81559.0,10.0,158.85
2026-08-17T01:58:53.396230+00:00,1786931933.39623,runtime,full,7,NVIDIA H100 80GB HBM3,66250.0,81559.0,99.0,164.16
2026-08-17T01:58:56.050269+00:00,1786931936.050269,runtime,full,4,NVIDIA H100 80GB HBM3,66636.0,81559.0,10.0,177.98
2026-08-17T01:58:56.050269+00:00,1786931936.050269,runtime,full,5,NVIDIA H100 80GB HBM3,66730.0,81559.0,62.0,169.48
2026-08-17T01:58:56.050269+00:00,1786931936.050269,runtime,full,6,NVIDIA H100 80GB HBM3,66730.0,81559.0,37.0,159.35
2026-08-17T01:58:56.050269+00:00,1786931936.050269,runtime,full,7,NVIDIA H100 80GB HBM3,66250.0,81559.0,93.0,163.19
2026-08-17T01:58:58.813140+00:00,1786931938.81314,runtime,full,4,NVIDIA H100 80GB HBM3,66636.0,81559.0,70.0,178.04
2026-08-17T01:58:58.813140+00:00,1786931938.81314,runtime,full,5,NVIDIA H100 80GB HBM3,66730.0,81559.0,100.0,169.38
2026-08-17T01:58:58.813140+00:00,1786931938.81314,runtime,full,6,NVIDIA H100 80GB HBM3,66730.0,81559.0,10.0,158.65
2026-08-17T01:58:58.813140+00:00,1786931938.81314,runtime,full,7,NVIDIA H100 80GB HBM3,66250.0,81559.0,100.0,163.81
2026-08-17T01:59:01.342093+00:00,1786931941.342093,runtime,full,4,NVIDIA H100 80GB HBM3,66636.0,81559.0,32.0,178.09
2026-08-17T01:59:01.342093+00:00,1786931941.342093,runtime,full,5,NVIDIA H100 80GB HBM3,66730.0,81559.0,60.0,170.43
2026-08-17T01:59:01.342093+00:00,1786931941.342093,runtime,full,6,NVIDIA H100 80GB HBM3,66730.0,81559.0,11.0,158.89
2026-08-17T01:59:01.342093+00:00,1786931941.342093,runtime,full,7,NVIDIA H100 80GB HBM3,66250.0,81559.0,65.0,164.62
2026-08-17T01:59:04.155529+00:00,1786931944.155529,runtime,full,4,NVIDIA H100 80GB HBM3,66636.0,81559.0,25.0,177.82
2026-08-17T01:59:04.155529+00:00,1786931944.155529,runtime,full,5,NVIDIA H100 80GB HBM3,66730.0,81559.0,54.0,169.5
2026-08-17T01:59:04.155529+00:00,1786931944.155529,runtime,full,6,NVIDIA H100 80GB HBM3,66730.0,81559.0,10.0,159.15
2026-08-17T01:59:04.155529+00:00,1786931944.155529,runtime,full,7,NVIDIA H100 80GB HBM3,66250.0,81559.0,75.0,163.18
2026-08-17T01:59:06.662416+00:00,1786931946.662416,runtime,full,4,NVIDIA H100 80GB HBM3,66636.0,81559.0,58.0,177.84
2026-08-17T01:59:06.662416+00:00,1786931946.662416,runtime,full,5,NVIDIA H100 80GB HBM3,66730.0,81559.0,100.0,170.43
2026-08-17T01:59:06.662416+00:00,1786931946.662416,runtime,full,6,NVIDIA H100 80GB HBM3,66730.0,81559.0,10.0,159.1
2026-08-17T01:59:06.662416+00:00,1786931946.662416,runtime,full,7,NVIDIA H100 80GB HBM3,66250.0,81559.0,99.0,163.93
2026-08-17T01:59:09.221423+00:00,1786931949.221423,runtime,full,4,NVIDIA H100 80GB HBM3,66636.0,81559.0,11.0,177.69
2026-08-17T01:59:09.221423+00:00,1786931949.221423,runtime,full,5,NVIDIA H100 80GB HBM3,66730.0,81559.0,90.0,169.96
2026-08-17T01:59:09.221423+00:00,1786931949.221423,runtime,full,6,NVIDIA H100 80GB HBM3,66730.0,81559.0,66.0,159.15
2026-08-17T01:59:09.221423+00:00,1786931949.221423,runtime,full,7,NVIDIA H100 80GB HBM3,66250.0,81559.0,88.0,163.49
2026-08-17T01:59:11.858948+00:00,1786931951.858948,runtime,full,4,NVIDIA H100 80GB HBM3,66636.0,81559.0,52.0,177.54
2026-08-17T01:59:11.858948+00:00,1786931951.858948,runtime,full,5,NVIDIA H100 80GB HBM3,66730.0,81559.0,100.0,170.68
2026-08-17T01:59:11.858948+00:00,1786931951.858948,runtime,full,6,NVIDIA H100 80GB HBM3,66730.0,81559.0,10.0,159.3
2026-08-17T01:59:11.858948+00:00,1786931951.858948,runtime,full,7,NVIDIA H100 80GB HBM3,66250.0,81559.0,98.0,164.47
2026-08-17T01:59:14.403387+00:00,1786931954.403387,runtime,full,4,NVIDIA H100 80GB HBM3,66636.0,81559.0,34.0,177.9
2026-08-17T01:59:14.403387+00:00,1786931954.403387,runtime,full,5,NVIDIA H100 80GB HBM3,66730.0,81559.0,86.0,170.02
2026-08-17T01:59:14.403387+00:00,1786931954.403387,runtime,full,6,NVIDIA H100 80GB HBM3,66730.0,81559.0,10.0,159.08
2026-08-17T01:59:14.403387+00:00,1786931954.403387,runtime,full,7,NVIDIA H100 80GB HBM3,66250.0,81559.0,84.0,163.98
2026-08-17T01:59:17.051996+00:00,1786931957.051996,runtime,full,4,NVIDIA H100 80GB HBM3,66636.0,81559.0,35.0,177.89
2026-08-17T01:59:17.051996+00:00,1786931957.051996,runtime,full,5,NVIDIA H100 80GB HBM3,66730.0,81559.0,71.0,169.72
2026-08-17T01:59:17.051996+00:00,1786931957.051996,runtime,full,6,NVIDIA H100 80GB HBM3,66730.0,81559.0,10.0,158.96
2026-08-17T01:59:17.051996+00:00,1786931957.051996,runtime,full,7,NVIDIA H100 80GB HBM3,66250.0,81559.0,93.0,163.74
2026-08-17T01:59:19.709363+00:00,1786931959.709363,runtime,full,4,NVIDIA H100 80GB HBM3,66636.0,81559.0,52.0,178.42
2026-08-17T01:59:19.709363+00:00,1786931959.709363,runtime,full,5,NVIDIA H100 80GB HBM3,66730.0,81559.0,99.0,170.39
2026-08-17T01:59:19.709363+00:00,1786931959.709363,runtime,full,6,NVIDIA H100 80GB HBM3,66730.0,81559.0,10.0,158.98
2026-08-17T01:59:19.709363+00:00,1786931959.709363,runtime,full,7,NVIDIA H100 80GB HBM3,66250.0,81559.0,99.0,164.18
2026-08-17T01:59:22.204232+00:00,1786931962.204232,runtime,full,4,NVIDIA H100 80GB HBM3,66636.0,81559.0,28.0,177.58
2026-08-17T01:59:22.204232+00:00,1786931962.204232,runtime,full,5,NVIDIA H100 80GB HBM3,66730.0,81559.0,91.0,170.72
2026-08-17T01:59:22.204232+00:00,1786931962.204232,runtime,full,6,NVIDIA H100 80GB HBM3,66730.0,81559.0,10.0,158.84
2026-08-17T01:59:22.204232+00:00,1786931962.204232,runtime,full,7,NVIDIA H100 80GB HBM3,66250.0,81559.0,91.0,164.06
2026-08-17T01:59:24.799887+00:00,1786931964.799887,runtime,full,4,NVIDIA H100 80GB HBM3,66636.0,81559.0,35.0,176.95
2026-08-17T01:59:24.799887+00:00,1786931964.799887,runtime,full,5,NVIDIA H100 80GB HBM3,66730.0,81559.0,80.0,170.24
2026-08-17T01:59:24.799887+00:00,1786931964.799887,runtime,full,6,NVIDIA H100 80GB HBM3,66730.0,81559.0,10.0,159.13
2026-08-17T01:59:24.799887+00:00,1786931964.799887,runtime,full,7,NVIDIA H100 80GB HBM3,66250.0,81559.0,88.0,163.85
2026-08-17T01:59:27.362334+00:00,1786931967.362334,runtime,full,4,NVIDIA H100 80GB HBM3,66636.0,81559.0,10.0,177.37
2026-08-17T01:59:27.362334+00:00,1786931967.362334,runtime,full,5,NVIDIA H100 80GB HBM3,66730.0,81559.0,42.0,169.65
2026-08-17T01:59:27.362334+00:00,1786931967.362334,runtime,full,6,NVIDIA H100 80GB HBM3,66730.0,81559.0,13.0,159.62
2026-08-17T01:59:27.362334+00:00,1786931967.362334,runtime,full,7,NVIDIA H100 80GB HBM3,66250.0,81559.0,32.0,163.22
2026-08-17T01:59:29.993876+00:00,1786931969.993876,runtime,full,4,NVIDIA H100 80GB HBM3,66636.0,81559.0,40.0,177.19
2026-08-17T01:59:29.993876+00:00,1786931969.993876,runtime,full,5,NVIDIA H100 80GB HBM3,66730.0,81559.0,87.0,169.68
2026-08-17T01:59:29.993876+00:00,1786931969.993876,runtime,full,6,NVIDIA H100 80GB HBM3,66730.0,81559.0,10.0,159.24
2026-08-17T01:59:29.993876+00:00,1786931969.993876,runtime,full,7,NVIDIA H100 80GB HBM3,66250.0,81559.0,86.0,163.38
2026-08-17T01:59:32.539537+00:00,1786931972.539537,runtime,full,4,NVIDIA H100 80GB HBM3,66636.0,81559.0,10.0,177.15
2026-08-17T01:59:32.539537+00:00,1786931972.539537,runtime,full,5,NVIDIA H100 80GB HBM3,66730.0,81559.0,43.0,169.68
2026-08-17T01:59:32.539537+00:00,1786931972.539537,runtime,full,6,NVIDIA H100 80GB HBM3,66730.0,81559.0,15.0,158.59
2026-08-17T01:59:32.539537+00:00,1786931972.539537,runtime,full,7,NVIDIA H100 80GB HBM3,66250.0,81559.0,42.0,163.69
2026-08-17T01:59:35.162435+00:00,1786931975.162435,runtime,full,4,NVIDIA H100 80GB HBM3,66636.0,81559.0,25.0,177.73
2026-08-17T01:59:35.162435+00:00,1786931975.162435,runtime,full,5,NVIDIA H100 80GB HBM3,66730.0,81559.0,62.0,170.16
2026-08-17T01:59:35.162435+00:00,1786931975.162435,runtime,full,6,NVIDIA H100 80GB HBM3,66730.0,81559.0,10.0,159.46
2026-08-17T01:59:35.162435+00:00,1786931975.162435,runtime,full,7,NVIDIA H100 80GB HBM3,66250.0,81559.0,75.0,163.53
2026-08-17T01:59:37.788171+00:00,1786931977.788171,runtime,full,4,NVIDIA H100 80GB HBM3,66636.0,81559.0,70.0,177.85
2026-08-17T01:59:37.788171+00:00,1786931977.788171,runtime,full,5,NVIDIA H100 80GB HBM3,66730.0,81559.0,99.0,170.13
2026-08-17T01:59:37.788171+00:00,1786931977.788171,runtime,full,6,NVIDIA H100 80GB HBM3,66730.0,81559.0,10.0,159.26
2026-08-17T01:59:37.788171+00:00,1786931977.788171,runtime,full,7,NVIDIA H100 80GB HBM3,66250.0,81559.0,100.0,163.96
2026-08-17T01:59:40.375759+00:00,1786931980.375759,runtime,full,4,NVIDIA H100 80GB HBM3,66636.0,81559.0,92.0,177.76
2026-08-17T01:59:40.375759+00:00,1786931980.375759,runtime,full,5,NVIDIA H100 80GB HBM3,66730.0,81559.0,100.0,170.12
2026-08-17T01:59:40.375759+00:00,1786931980.375759,runtime,full,6,NVIDIA H100 80GB HBM3,66730.0,81559.0,10.0,158.93
2026-08-17T01:59:40.375759+00:00,1786931980.375759,runtime,full,7,NVIDIA H100 80GB HBM3,66250.0,81559.0,100.0,163.64
2026-08-17T01:59:43.129757+00:00,1786931983.129757,runtime,full,4,NVIDIA H100 80GB HBM3,66636.0,81559.0,17.0,177.5
2026-08-17T01:59:43.129757+00:00,1786931983.129757,runtime,full,5,NVIDIA H100 80GB HBM3,66730.0,81559.0,73.0,170.06
2026-08-17T01:59:43.129757+00:00,1786931983.129757,runtime,full,6,NVIDIA H100 80GB HBM3,66730.0,81559.0,10.0,158.79
2026-08-17T01:59:43.129757+00:00,1786931983.129757,runtime,full,7,NVIDIA H100 80GB HBM3,66250.0,81559.0,64.0,164.11
2026-08-17T01:59:45.693294+00:00,1786931985.693294,runtime,full,4,NVIDIA H100 80GB HBM3,66636.0,81559.0,40.0,177.57
2026-08-17T01:59:45.693294+00:00,1786931985.693294,runtime,full,5,NVIDIA H100 80GB HBM3,66730.0,81559.0,72.0,169.55
2026-08-17T01:59:45.693294+00:00,1786931985.693294,runtime,full,6,NVIDIA H100 80GB HBM3,66730.0,81559.0,10.0,159.12
2026-08-17T01:59:45.693294+00:00,1786931985.693294,runtime,full,7,NVIDIA H100 80GB HBM3,66250.0,81559.0,81.0,163.87
2026-08-17T01:59:48.324688+00:00,1786931988.324688,runtime,full,4,NVIDIA H100 80GB HBM3,66636.0,81559.0,12.0,177.65
2026-08-17T01:59:48.324688+00:00,1786931988.324688,runtime,full,5,NVIDIA H100 80GB HBM3,66730.0,81559.0,34.0,169.87
2026-08-17T01:59:48.324688+00:00,1786931988.324688,runtime,full,6,NVIDIA H100 80GB HBM3,66730.0,81559.0,11.0,159.29
2026-08-17T01:59:48.324688+00:00,1786931988.324688,runtime,full,7,NVIDIA H100 80GB HBM3,66250.0,81559.0,67.0,163.68
2026-08-17T01:59:50.848524+00:00,1786931990.848524,runtime,full,4,NVIDIA H100 80GB HBM3,66636.0,81559.0,37.0,177.85
2026-08-17T01:59:50.848524+00:00,1786931990.848524,runtime,full,5,NVIDIA H100 80GB HBM3,66730.0,81559.0,100.0,170.63
2026-08-17T01:59:50.848524+00:00,1786931990.848524,runtime,full,6,NVIDIA H100 80GB HBM3,66730.0,81559.0,11.0,159.52
2026-08-17T01:59:50.848524+00:00,1786931990.848524,runtime,full,7,NVIDIA H100 80GB HBM3,66250.0,81559.0,85.0,164.13
2026-08-17T01:59:53.298240+00:00,1786931993.29824,runtime,full,4,NVIDIA H100 80GB HBM3,66636.0,81559.0,70.0,177.49
2026-08-17T01:59:53.298240+00:00,1786931993.29824,runtime,full,5,NVIDIA H100 80GB HBM3,66730.0,81559.0,96.0,170.39
2026-08-17T01:59:53.298240+00:00,1786931993.29824,runtime,full,6,NVIDIA H100 80GB HBM3,66730.0,81559.0,10.0,158.89
2026-08-17T01:59:53.298240+00:00,1786931993.29824,runtime,full,7,NVIDIA H100 80GB HBM3,66250.0,81559.0,100.0,163.74
2026-08-17T01:59:55.884972+00:00,1786931995.884972,runtime,full,4,NVIDIA H100 80GB HBM3,66636.0,81559.0,36.0,177.55
2026-08-17T01:59:55.884972+00:00,1786931995.884972,runtime,full,5,NVIDIA H100 80GB HBM3,66730.0,81559.0,55.0,169.7
2026-08-17T01:59:55.884972+00:00,1786931995.884972,runtime,full,6,NVIDIA H100 80GB HBM3,66730.0,81559.0,10.0,158.88
2026-08-17T01:59:55.884972+00:00,1786931995.884972,runtime,full,7,NVIDIA H100 80GB HBM3,66250.0,81559.0,66.0,163.99
2026-08-17T01:59:58.442635+00:00,1786931998.442635,runtime,full,4,NVIDIA H100 80GB HBM3,66636.0,81559.0,39.0,177.87
2026-08-17T01:59:58.442635+00:00,1786931998.442635,runtime,full,5,NVIDIA H100 80GB HBM3,66730.0,81559.0,46.0,169.74
2026-08-17T01:59:58.442635+00:00,1786931998.442635,runtime,full,6,NVIDIA H100 80GB HBM3,66730.0,81559.0,10.0,159.1
2026-08-17T01:59:58.442635+00:00,1786931998.442635,runtime,full,7,NVIDIA H100 80GB HBM3,66250.0,81559.0,71.0,163.95
2026-08-17T02:00:00.990544+00:00,1786932000.990544,runtime,full,4,NVIDIA H100 80GB HBM3,66636.0,81559.0,11.0,177.15
2026-08-17T02:00:00.990544+00:00,1786932000.990544,runtime,full,5,NVIDIA H100 80GB HBM3,66730.0,81559.0,47.0,169.49
2026-08-17T02:00:00.990544+00:00,1786932000.990544,runtime,full,6,NVIDIA H100 80GB HBM3,66730.0,81559.0,10.0,159.05
2026-08-17T02:00:00.990544+00:00,1786932000.990544,runtime,full,7,NVIDIA H100 80GB HBM3,66250.0,81559.0,63.0,164.19
2026-08-17T02:00:03.490748+00:00,1786932003.490748,runtime,full,4,NVIDIA H100 80GB HBM3,66636.0,81559.0,15.0,177.53
2026-08-17T02:00:03.490748+00:00,1786932003.490748,runtime,full,5,NVIDIA H100 80GB HBM3,66730.0,81559.0,59.0,170.27
2026-08-17T02:00:03.490748+00:00,1786932003.490748,runtime,full,6,NVIDIA H100 80GB HBM3,66730.0,81559.0,12.0,159.05
2026-08-17T02:00:03.490748+00:00,1786932003.490748,runtime,full,7,NVIDIA H100 80GB HBM3,66250.0,81559.0,56.0,163.35
2026-08-17T02:00:05.987294+00:00,1786932005.987294,runtime,full,4,NVIDIA H100 80GB HBM3,66636.0,81559.0,33.0,177.79
2026-08-17T02:00:05.987294+00:00,1786932005.987294,runtime,full,5,NVIDIA H100 80GB HBM3,66730.0,81559.0,92.0,170.35
2026-08-17T02:00:05.987294+00:00,1786932005.987294,runtime,full,6,NVIDIA H100 80GB HBM3,66730.0,81559.0,10.0,159.3
2026-08-17T02:00:05.987294+00:00,1786932005.987294,runtime,full,7,NVIDIA H100 80GB HBM3,66250.0,81559.0,92.0,163.77
2026-08-17T02:00:08.449323+00:00,1786932008.449323,runtime,full,4,NVIDIA H100 80GB HBM3,66636.0,81559.0,12.0,177.61
2026-08-17T02:00:08.449323+00:00,1786932008.449323,runtime,full,5,NVIDIA H100 80GB HBM3,66730.0,81559.0,46.0,170.09
2026-08-17T02:00:08.449323+00:00,1786932008.449323,runtime,full,6,NVIDIA H100 80GB HBM3,66730.0,81559.0,11.0,159.68
2026-08-17T02:00:08.449323+00:00,1786932008.449323,runtime,full,7,NVIDIA H100 80GB HBM3,66250.0,81559.0,86.0,164.18
2026-08-17T02:00:10.943599+00:00,1786932010.943599,runtime,full,4,NVIDIA H100 80GB HBM3,66636.0,81559.0,10.0,177.49
2026-08-17T02:00:10.943599+00:00,1786932010.943599,runtime,full,5,NVIDIA H100 80GB HBM3,66730.0,81559.0,46.0,169.53
2026-08-17T02:00:10.943599+00:00,1786932010.943599,runtime,full,6,NVIDIA H100 80GB HBM3,66730.0,81559.0,12.0,159.13
2026-08-17T02:00:10.943599+00:00,1786932010.943599,runtime,full,7,NVIDIA H100 80GB HBM3,66250.0,81559.0,61.0,163.76
2026-08-17T02:00:13.394791+00:00,1786932013.394791,runtime,full,4,NVIDIA H100 80GB HBM3,66636.0,81559.0,11.0,176.88
2026-08-17T02:00:13.394791+00:00,1786932013.394791,runtime,full,5,NVIDIA H100 80GB HBM3,66730.0,81559.0,41.0,169.72
2026-08-17T02:00:13.394791+00:00,1786932013.394791,runtime,full,6,NVIDIA H100 80GB HBM3,66730.0,81559.0,12.0,159.59
2026-08-17T02:00:13.394791+00:00,1786932013.394791,runtime,full,7,NVIDIA H100 80GB HBM3,66250.0,81559.0,58.0,164.42
2026-08-17T02:00:15.952047+00:00,1786932015.952047,runtime,full,4,NVIDIA H100 80GB HBM3,66636.0,81559.0,54.0,177.96
2026-08-17T02:00:15.952047+00:00,1786932015.952047,runtime,full,5,NVIDIA H100 80GB HBM3,66730.0,81559.0,62.0,169.97
2026-08-17T02:00:15.952047+00:00,1786932015.952047,runtime,full,6,NVIDIA H100 80GB HBM3,66730.0,81559.0,10.0,159.16
2026-08-17T02:00:15.952047+00:00,1786932015.952047,runtime,full,7,NVIDIA H100 80GB HBM3,66250.0,81559.0,97.0,163.92
2026-08-17T02:00:18.571776+00:00,1786932018.571776,runtime,full,4,NVIDIA H100 80GB HBM3,66636.0,81559.0,21.0,177.16
2026-08-17T02:00:18.571776+00:00,1786932018.571776,runtime,full,5,NVIDIA H100 80GB HBM3,66730.0,81559.0,70.0,169.87
2026-08-17T02:00:18.571776+00:00,1786932018.571776,runtime,full,6,NVIDIA H100 80GB HBM3,66730.0,81559.0,10.0,159.13
2026-08-17T02:00:18.571776+00:00,1786932018.571776,runtime,full,7,NVIDIA H100 80GB HBM3,66250.0,81559.0,80.0,163.73
2026-08-17T02:00:21.306110+00:00,1786932021.30611,runtime,full,4,NVIDIA H100 80GB HBM3,66636.0,81559.0,23.0,177.11
2026-08-17T02:00:21.306110+00:00,1786932021.30611,runtime,full,5,NVIDIA H100 80GB HBM3,66730.0,81559.0,36.0,169.71
2026-08-17T02:00:21.306110+00:00,1786932021.30611,runtime,full,6,NVIDIA H100 80GB HBM3,66730.0,81559.0,10.0,159.25
2026-08-17T02:00:21.306110+00:00,1786932021.30611,runtime,full,7,NVIDIA H100 80GB HBM3,66250.0,81559.0,84.0,164.19
2026-08-17T02:00:23.950438+00:00,1786932023.950438,runtime,full,4,NVIDIA H100 80GB HBM3,66636.0,81559.0,29.0,177.19
2026-08-17T02:00:23.950438+00:00,1786932023.950438,runtime,full,5,NVIDIA H100 80GB HBM3,66730.0,81559.0,39.0,169.85
2026-08-17T02:00:23.950438+00:00,1786932023.950438,runtime,full,6,NVIDIA H100 80GB HBM3,66730.0,81559.0,10.0,158.59
2026-08-17T02:00:23.950438+00:00,1786932023.950438,runtime,full,7,NVIDIA H100 80GB HBM3,66250.0,81559.0,76.0,164.0
2026-08-17T02:00:26.622079+00:00,1786932026.622079,runtime,full,4,NVIDIA H100 80GB HBM3,66636.0,81559.0,11.0,177.02
2026-08-17T02:00:26.622079+00:00,1786932026.622079,runtime,full,5,NVIDIA H100 80GB HBM3,66730.0,81559.0,58.0,169.73
2026-08-17T02:00:26.622079+00:00,1786932026.622079,runtime,full,6,NVIDIA H100 80GB HBM3,66730.0,81559.0,14.0,158.98
2026-08-17T02:00:26.622079+00:00,1786932026.622079,runtime,full,7,NVIDIA H100 80GB HBM3,66250.0,81559.0,65.0,163.71
2026-08-17T02:00:29.321747+00:00,1786932029.321747,runtime,full,4,NVIDIA H100 80GB HBM3,66636.0,81559.0,11.0,177.23
2026-08-17T02:00:29.321747+00:00,1786932029.321747,runtime,full,5,NVIDIA H100 80GB HBM3,66730.0,81559.0,59.0,170.39
2026-08-17T02:00:29.321747+00:00,1786932029.321747,runtime,full,6,NVIDIA H100 80GB HBM3,66730.0,81559.0,26.0,159.02
2026-08-17T02:00:29.321747+00:00,1786932029.321747,runtime,full,7,NVIDIA H100 80GB HBM3,66250.0,81559.0,71.0,163.86
2026-08-17T02:00:31.995058+00:00,1786932031.995058,runtime,full,4,NVIDIA H100 80GB HBM3,66636.0,81559.0,11.0,177.15
2026-08-17T02:00:31.995058+00:00,1786932031.995058,runtime,full,5,NVIDIA H100 80GB HBM3,66730.0,81559.0,49.0,170.18
2026-08-17T02:00:31.995058+00:00,1786932031.995058,runtime,full,6,NVIDIA H100 80GB HBM3,66730.0,81559.0,20.0,159.27
2026-08-17T02:00:31.995058+00:00,1786932031.995058,runtime,full,7,NVIDIA H100 80GB HBM3,66250.0,81559.0,59.0,163.85
2026-08-17T02:00:34.598606+00:00,1786932034.598606,runtime,full,4,NVIDIA H100 80GB HBM3,66636.0,81559.0,10.0,176.93
2026-08-17T02:00:34.598606+00:00,1786932034.598606,runtime,full,5,NVIDIA H100 80GB HBM3,66730.0,81559.0,44.0,168.96
2026-08-17T02:00:34.598606+00:00,1786932034.598606,runtime,full,6,NVIDIA H100 80GB HBM3,66730.0,81559.0,17.0,159.19
2026-08-17T02:00:34.598606+00:00,1786932034.598606,runtime,full,7,NVIDIA H100 80GB HBM3,66250.0,81559.0,38.0,163.22
2026-08-17T02:00:37.257523+00:00,1786932037.257523,runtime,full,4,NVIDIA H100 80GB HBM3,66636.0,81559.0,10.0,178.17
2026-08-17T02:00:37.257523+00:00,1786932037.257523,runtime,full,5,NVIDIA H100 80GB HBM3,66730.0,81559.0,50.0,169.73
2026-08-17T02:00:37.257523+00:00,1786932037.257523,runtime,full,6,NVIDIA H100 80GB HBM3,66730.0,81559.0,13.0,159.17
2026-08-17T02:00:37.257523+00:00,1786932037.257523,runtime,full,7,NVIDIA H100 80GB HBM3,66250.0,81559.0,61.0,163.79
2026-08-17T02:00:39.867066+00:00,1786932039.867066,runtime,full,4,NVIDIA H100 80GB HBM3,66636.0,81559.0,39.0,176.96
2026-08-17T02:00:39.867066+00:00,1786932039.867066,runtime,full,5,NVIDIA H100 80GB HBM3,66730.0,81559.0,91.0,169.99
2026-08-17T02:00:39.867066+00:00,1786932039.867066,runtime,full,6,NVIDIA H100 80GB HBM3,66730.0,81559.0,10.0,159.13
2026-08-17T02:00:39.867066+00:00,1786932039.867066,runtime,full,7,NVIDIA H100 80GB HBM3,66250.0,81559.0,93.0,163.86
2026-08-17T02:00:42.367372+00:00,1786932042.367372,runtime,full,4,NVIDIA H100 80GB HBM3,66636.0,81559.0,36.0,177.3
2026-08-17T02:00:42.367372+00:00,1786932042.367372,runtime,full,5,NVIDIA H100 80GB HBM3,66730.0,81559.0,81.0,170.36
2026-08-17T02:00:42.367372+00:00,1786932042.367372,runtime,full,6,NVIDIA H100 80GB HBM3,66730.0,81559.0,10.0,159.07
2026-08-17T02:00:42.367372+00:00,1786932042.367372,runtime,full,7,NVIDIA H100 80GB HBM3,66250.0,81559.0,91.0,163.84
2026-08-17T02:00:44.982903+00:00,1786932044.982903,runtime,full,4,NVIDIA H100 80GB HBM3,66636.0,81559.0,11.0,177.36
2026-08-17T02:00:44.982903+00:00,1786932044.982903,runtime,full,5,NVIDIA H100 80GB HBM3,66730.0,81559.0,34.0,169.27
2026-08-17T02:00:44.982903+00:00,1786932044.982903,runtime,full,6,NVIDIA H100 80GB HBM3,66730.0,81559.0,10.0,158.64
2026-08-17T02:00:44.982903+00:00,1786932044.982903,runtime,full,7,NVIDIA H100 80GB HBM3,66250.0,81559.0,60.0,163.63
2026-08-17T02:00:47.610737+00:00,1786932047.610737,runtime,full,4,NVIDIA H100 80GB HBM3,66636.0,81559.0,58.0,177.87
2026-08-17T02:00:47.610737+00:00,1786932047.610737,runtime,full,5,NVIDIA H100 80GB HBM3,66730.0,81559.0,95.0,169.71
2026-08-17T02:00:47.610737+00:00,1786932047.610737,runtime,full,6,NVIDIA H100 80GB HBM3,66730.0,81559.0,10.0,159.12
2026-08-17T02:00:47.610737+00:00,1786932047.610737,runtime,full,7,NVIDIA H100 80GB HBM3,66250.0,81559.0,100.0,163.53
2026-08-17T02:00:50.231856+00:00,1786932050.231856,runtime,full,4,NVIDIA H100 80GB HBM3,66636.0,81559.0,33.0,177.22
2026-08-17T02:00:50.231856+00:00,1786932050.231856,runtime,full,5,NVIDIA H100 80GB HBM3,66730.0,81559.0,68.0,169.77
2026-08-17T02:00:50.231856+00:00,1786932050.231856,runtime,full,6,NVIDIA H100 80GB HBM3,66730.0,81559.0,10.0,159.04
2026-08-17T02:00:50.231856+00:00,1786932050.231856,runtime,full,7,NVIDIA H100 80GB HBM3,66250.0,81559.0,96.0,163.81
2026-08-17T02:00:52.771297+00:00,1786932052.771297,runtime,full,4,NVIDIA H100 80GB HBM3,66636.0,81559.0,36.0,177.97
2026-08-17T02:00:52.771297+00:00,1786932052.771297,runtime,full,5,NVIDIA H100 80GB HBM3,66730.0,81559.0,92.0,169.92
2026-08-17T02:00:52.771297+00:00,1786932052.771297,runtime,full,6,NVIDIA H100 80GB HBM3,66730.0,81559.0,10.0,159.39
2026-08-17T02:00:52.771297+00:00,1786932052.771297,runtime,full,7,NVIDIA H100 80GB HBM3,66250.0,81559.0,98.0,163.91
2026-08-17T02:00:55.590774+00:00,1786932055.590774,runtime,full,4,NVIDIA H100 80GB HBM3,66636.0,81559.0,56.0,177.47
2026-08-17T02:00:55.590774+00:00,1786932055.590774,runtime,full,5,NVIDIA H100 80GB HBM3,66730.0,81559.0,96.0,170.51
2026-08-17T02:00:55.590774+00:00,1786932055.590774,runtime,full,6,NVIDIA H100 80GB HBM3,66730.0,81559.0,10.0,159.09
2026-08-17T02:00:55.590774+00:00,1786932055.590774,runtime,full,7,NVIDIA H100 80GB HBM3,66250.0,81559.0,99.0,164.05
2026-08-17T02:00:58.566204+00:00,1786932058.566204,runtime,full,4,NVIDIA H100 80GB HBM3,66636.0,81559.0,58.0,178.03
2026-08-17T02:00:58.566204+00:00,1786932058.566204,runtime,full,5,NVIDIA H100 80GB HBM3,66730.0,81559.0,99.0,170.39
2026-08-17T02:00:58.566204+00:00,1786932058.566204,runtime,full,6,NVIDIA H100 80GB HBM3,66730.0,81559.0,10.0,159.44
2026-08-17T02:00:58.566204+00:00,1786932058.566204,runtime,full,7,NVIDIA H100 80GB HBM3,66250.0,81559.0,99.0,163.75
2026-08-17T02:01:01.571042+00:00,1786932061.571042,runtime,full,4,NVIDIA H100 80GB HBM3,66636.0,81559.0,65.0,177.79
2026-08-17T02:01:01.571042+00:00,1786932061.571042,runtime,full,5,NVIDIA H100 80GB HBM3,66730.0,81559.0,100.0,169.8
2026-08-17T02:01:01.571042+00:00,1786932061.571042,runtime,full,6,NVIDIA H100 80GB HBM3,66730.0,81559.0,10.0,159.55
2026-08-17T02:01:01.571042+00:00,1786932061.571042,runtime,full,7,NVIDIA H100 80GB HBM3,66250.0,81559.0,99.0,163.9
2026-08-17T02:01:04.293062+00:00,1786932064.293062,runtime,full,4,NVIDIA H100 80GB HBM3,66636.0,81559.0,50.0,177.6
2026-08-17T02:01:04.293062+00:00,1786932064.293062,runtime,full,5,NVIDIA H100 80GB HBM3,66730.0,81559.0,91.0,170.18
2026-08-17T02:01:04.293062+00:00,1786932064.293062,runtime,full,6,NVIDIA H100 80GB HBM3,66730.0,81559.0,10.0,158.76
2026-08-17T02:01:04.293062+00:00,1786932064.293062,runtime,full,7,NVIDIA H100 80GB HBM3,66250.0,81559.0,98.0,164.09
2026-08-17T02:01:06.949687+00:00,1786932066.949687,runtime,full,4,NVIDIA H100 80GB HBM3,66636.0,81559.0,72.0,178.43
2026-08-17T02:01:06.949687+00:00,1786932066.949687,runtime,full,5,NVIDIA H100 80GB HBM3,66730.0,81559.0,100.0,170.13
2026-08-17T02:01:06.949687+00:00,1786932066.949687,runtime,full,6,NVIDIA H100 80GB HBM3,66730.0,81559.0,10.0,158.5
2026-08-17T02:01:06.949687+00:00,1786932066.949687,runtime,full,7,NVIDIA H100 80GB HBM3,66250.0,81559.0,100.0,163.9
2026-08-17T02:01:09.550650+00:00,1786932069.55065,runtime,full,4,NVIDIA H100 80GB HBM3,66636.0,81559.0,35.0,178.04
2026-08-17T02:01:09.550650+00:00,1786932069.55065,runtime,full,5,NVIDIA H100 80GB HBM3,66730.0,81559.0,88.0,170.36
2026-08-17T02:01:09.550650+00:00,1786932069.55065,runtime,full,6,NVIDIA H100 80GB HBM3,66730.0,81559.0,10.0,158.74
2026-08-17T02:01:09.550650+00:00,1786932069.55065,runtime,full,7,NVIDIA H100 80GB HBM3,66250.0,81559.0,85.0,163.76
2026-08-17T02:01:12.068292+00:00,1786932072.068292,runtime,full,4,NVIDIA H100 80GB HBM3,66636.0,81559.0,59.0,178.3
2026-08-17T02:01:12.068292+00:00,1786932072.068292,runtime,full,5,NVIDIA H100 80GB HBM3,66730.0,81559.0,99.0,169.97
2026-08-17T02:01:12.068292+00:00,1786932072.068292,runtime,full,6,NVIDIA H100 80GB HBM3,66730.0,81559.0,10.0,158.87
2026-08-17T02:01:12.068292+00:00,1786932072.068292,runtime,full,7,NVIDIA H100 80GB HBM3,66250.0,81559.0,99.0,163.64
2026-08-17T02:01:14.657539+00:00,1786932074.657539,runtime,full,4,NVIDIA H100 80GB HBM3,66636.0,81559.0,22.0,177.84
2026-08-17T02:01:14.657539+00:00,1786932074.657539,runtime,full,5,NVIDIA H100 80GB HBM3,66730.0,81559.0,57.0,170.1
2026-08-17T02:01:14.657539+00:00,1786932074.657539,runtime,full,6,NVIDIA H100 80GB HBM3,66730.0,81559.0,10.0,158.66
2026-08-17T02:01:14.657539+00:00,1786932074.657539,runtime,full,7,NVIDIA H100 80GB HBM3,66250.0,81559.0,36.0,163.9
2026-08-17T02:01:17.249287+00:00,1786932077.249287,runtime,full,4,NVIDIA H100 80GB HBM3,66636.0,81559.0,26.0,177.43
2026-08-17T02:01:17.249287+00:00,1786932077.249287,runtime,full,5,NVIDIA H100 80GB HBM3,66730.0,81559.0,71.0,170.1
2026-08-17T02:01:17.249287+00:00,1786932077.249287,runtime,full,6,NVIDIA H100 80GB HBM3,66730.0,81559.0,11.0,159.09
2026-08-17T02:01:17.249287+00:00,1786932077.249287,runtime,full,7,NVIDIA H100 80GB HBM3,66250.0,81559.0,78.0,163.69
2026-08-17T02:01:19.695912+00:00,1786932079.695912,runtime,full,4,NVIDIA H100 80GB HBM3,66636.0,81559.0,59.0,177.72
2026-08-17T02:01:19.695912+00:00,1786932079.695912,runtime,full,5,NVIDIA H100 80GB HBM3,66730.0,81559.0,100.0,170.26
2026-08-17T02:01:19.695912+00:00,1786932079.695912,runtime,full,6,NVIDIA H100 80GB HBM3,66730.0,81559.0,10.0,158.96
2026-08-17T02:01:19.695912+00:00,1786932079.695912,runtime,full,7,NVIDIA H100 80GB HBM3,66250.0,81559.0,100.0,164.02
2026-08-17T02:01:22.204117+00:00,1786932082.204117,runtime,full,4,NVIDIA H100 80GB HBM3,66636.0,81559.0,69.0,177.29
2026-08-17T02:01:22.204117+00:00,1786932082.204117,runtime,full,5,NVIDIA H100 80GB HBM3,66730.0,81559.0,99.0,170.29
2026-08-17T02:01:22.204117+00:00,1786932082.204117,runtime,full,6,NVIDIA H100 80GB HBM3,66730.0,81559.0,10.0,159.22
2026-08-17T02:01:22.204117+00:00,1786932082.204117,runtime,full,7,NVIDIA H100 80GB HBM3,66250.0,81559.0,99.0,164.32
2026-08-17T02:01:24.695695+00:00,1786932084.695695,runtime,full,4,NVIDIA H100 80GB HBM3,66636.0,81559.0,70.0,178.59
2026-08-17T02:01:24.695695+00:00,1786932084.695695,runtime,full,5,NVIDIA H100 80GB HBM3,66730.0,81559.0,100.0,169.99
2026-08-17T02:01:24.695695+00:00,1786932084.695695,runtime,full,6,NVIDIA H100 80GB HBM3,66730.0,81559.0,10.0,158.91
2026-08-17T02:01:24.695695+00:00,1786932084.695695,runtime,full,7,NVIDIA H100 80GB HBM3,66250.0,81559.0,100.0,164.07
2026-08-17T02:01:27.195544+00:00,1786932087.195544,runtime,full,4,NVIDIA H100 80GB HBM3,66636.0,81559.0,48.0,177.37
2026-08-17T02:01:27.195544+00:00,1786932087.195544,runtime,full,5,NVIDIA H100 80GB HBM3,66730.0,81559.0,99.0,170.81
2026-08-17T02:01:27.195544+00:00,1786932087.195544,runtime,full,6,NVIDIA H100 80GB HBM3,66730.0,81559.0,10.0,158.96
2026-08-17T02:01:27.195544+00:00,1786932087.195544,runtime,full,7,NVIDIA H100 80GB HBM3,66250.0,81559.0,95.0,163.99
2026-08-17T02:01:29.777036+00:00,1786932089.777036,runtime,full,4,NVIDIA H100 80GB HBM3,66636.0,81559.0,59.0,178.15
2026-08-17T02:01:29.777036+00:00,1786932089.777036,runtime,full,5,NVIDIA H100 80GB HBM3,66730.0,81559.0,100.0,170.21
2026-08-17T02:01:29.777036+00:00,1786932089.777036,runtime,full,6,NVIDIA H100 80GB HBM3,66730.0,81559.0,10.0,158.94
2026-08-17T02:01:29.777036+00:00,1786932089.777036,runtime,full,7,NVIDIA H100 80GB HBM3,66250.0,81559.0,99.0,164.12
2026-08-17T02:01:32.212279+00:00,1786932092.212279,runtime,full,4,NVIDIA H100 80GB HBM3,66636.0,81559.0,61.0,177.58
2026-08-17T02:01:32.212279+00:00,1786932092.212279,runtime,full,5,NVIDIA H100 80GB HBM3,66730.0,81559.0,96.0,169.99
2026-08-17T02:01:32.212279+00:00,1786932092.212279,runtime,full,6,NVIDIA H100 80GB HBM3,66730.0,81559.0,10.0,159.17
2026-08-17T02:01:32.212279+00:00,1786932092.212279,runtime,full,7,NVIDIA H100 80GB HBM3,66250.0,81559.0,99.0,164.55
2026-08-17T02:01:34.697493+00:00,1786932094.697493,runtime,full,4,NVIDIA H100 80GB HBM3,66636.0,81559.0,63.0,178.1
2026-08-17T02:01:34.697493+00:00,1786932094.697493,runtime,full,5,NVIDIA H100 80GB HBM3,66730.0,81559.0,99.0,169.96
2026-08-17T02:01:34.697493+00:00,1786932094.697493,runtime,full,6,NVIDIA H100 80GB HBM3,66730.0,81559.0,10.0,158.78
2026-08-17T02:01:34.697493+00:00,1786932094.697493,runtime,full,7,NVIDIA H100 80GB HBM3,66250.0,81559.0,100.0,163.8
2026-08-17T02:01:37.349055+00:00,1786932097.349055,runtime,full,4,NVIDIA H100 80GB HBM3,66636.0,81559.0,48.0,177.53
2026-08-17T02:01:37.349055+00:00,1786932097.349055,runtime,full,5,NVIDIA H100 80GB HBM3,66730.0,81559.0,97.0,169.86
2026-08-17T02:01:37.349055+00:00,1786932097.349055,runtime,full,6,NVIDIA H100 80GB HBM3,66730.0,81559.0,10.0,158.82
2026-08-17T02:01:37.349055+00:00,1786932097.349055,runtime,full,7,NVIDIA H100 80GB HBM3,66250.0,81559.0,99.0,163.97
2026-08-17T02:01:40.001364+00:00,1786932100.001364,runtime,full,4,NVIDIA H100 80GB HBM3,66636.0,81559.0,43.0,177.7
2026-08-17T02:01:40.001364+00:00,1786932100.001364,runtime,full,5,NVIDIA H100 80GB HBM3,66730.0,81559.0,75.0,170.01
2026-08-17T02:01:40.001364+00:00,1786932100.001364,runtime,full,6,NVIDIA H100 80GB HBM3,66730.0,81559.0,11.0,158.86
2026-08-17T02:01:40.001364+00:00,1786932100.001364,runtime,full,7,NVIDIA H100 80GB HBM3,66250.0,81559.0,57.0,163.72
2026-08-17T02:01:42.557219+00:00,1786932102.557219,runtime,full,4,NVIDIA H100 80GB HBM3,66636.0,81559.0,62.0,177.96
2026-08-17T02:01:42.557219+00:00,1786932102.557219,runtime,full,5,NVIDIA H100 80GB HBM3,66730.0,81559.0,100.0,170.32
2026-08-17T02:01:42.557219+00:00,1786932102.557219,runtime,full,6,NVIDIA H100 80GB HBM3,66730.0,81559.0,10.0,159.04
2026-08-17T02:01:42.557219+00:00,1786932102.557219,runtime,full,7,NVIDIA H100 80GB HBM3,66250.0,81559.0,100.0,163.51
2026-08-17T02:01:45.121883+00:00,1786932105.121883,runtime,full,4,NVIDIA H100 80GB HBM3,66636.0,81559.0,52.0,178.09
2026-08-17T02:01:45.121883+00:00,1786932105.121883,runtime,full,5,NVIDIA H100 80GB HBM3,66730.0,81559.0,100.0,170.68
2026-08-17T02:01:45.121883+00:00,1786932105.121883,runtime,full,6,NVIDIA H100 80GB HBM3,66730.0,81559.0,10.0,158.88
2026-08-17T02:01:45.121883+00:00,1786932105.121883,runtime,full,7,NVIDIA H100 80GB HBM3,66250.0,81559.0,100.0,164.31
2026-08-17T02:01:47.614547+00:00,1786932107.614547,runtime,full,4,NVIDIA H100 80GB HBM3,66636.0,81559.0,29.0,177.39
2026-08-17T02:01:47.614547+00:00,1786932107.614547,runtime,full,5,NVIDIA H100 80GB HBM3,66730.0,81559.0,67.0,170.53
2026-08-17T02:01:47.614547+00:00,1786932107.614547,runtime,full,6,NVIDIA H100 80GB HBM3,66730.0,81559.0,10.0,159.08
2026-08-17T02:01:47.614547+00:00,1786932107.614547,runtime,full,7,NVIDIA H100 80GB HBM3,66250.0,81559.0,97.0,164.04
2026-08-17T02:01:50.252383+00:00,1786932110.252383,runtime,full,4,NVIDIA H100 80GB HBM3,66636.0,81559.0,71.0,178.14
2026-08-17T02:01:50.252383+00:00,1786932110.252383,runtime,full,5,NVIDIA H100 80GB HBM3,66730.0,81559.0,100.0,170.57
2026-08-17T02:01:50.252383+00:00,1786932110.252383,runtime,full,6,NVIDIA H100 80GB HBM3,66730.0,81559.0,10.0,159.08
2026-08-17T02:01:50.252383+00:00,1786932110.252383,runtime,full,7,NVIDIA H100 80GB HBM3,66250.0,81559.0,100.0,164.18
2026-08-17T02:01:52.624259+00:00,1786932112.624259,runtime,full,4,NVIDIA H100 80GB HBM3,66636.0,81559.0,45.0,177.29
2026-08-17T02:01:52.624259+00:00,1786932112.624259,runtime,full,5,NVIDIA H100 80GB HBM3,66730.0,81559.0,48.0,169.84
2026-08-17T02:01:52.624259+00:00,1786932112.624259,runtime,full,6,NVIDIA H100 80GB HBM3,66730.0,81559.0,10.0,159.51
2026-08-17T02:01:52.624259+00:00,1786932112.624259,runtime,full,7,NVIDIA H100 80GB HBM3,66250.0,81559.0,82.0,164.5
2026-08-17T02:01:55.195234+00:00,1786932115.195234,runtime,full,4,NVIDIA H100 80GB HBM3,66636.0,81559.0,47.0,177.5
2026-08-17T02:01:55.195234+00:00,1786932115.195234,runtime,full,5,NVIDIA H100 80GB HBM3,66730.0,81559.0,99.0,169.68
2026-08-17T02:01:55.195234+00:00,1786932115.195234,runtime,full,6,NVIDIA H100 80GB HBM3,66730.0,81559.0,10.0,159.38
2026-08-17T02:01:55.195234+00:00,1786932115.195234,runtime,full,7,NVIDIA H100 80GB HBM3,66250.0,81559.0,98.0,163.56
2026-08-17T02:01:57.945743+00:00,1786932117.945743,runtime,full,4,NVIDIA H100 80GB HBM3,66636.0,81559.0,50.0,177.38
2026-08-17T02:01:57.945743+00:00,1786932117.945743,runtime,full,5,NVIDIA H100 80GB HBM3,66730.0,81559.0,98.0,169.5
2026-08-17T02:01:57.945743+00:00,1786932117.945743,runtime,full,6,NVIDIA H100 80GB HBM3,66730.0,81559.0,10.0,159.38
2026-08-17T02:01:57.945743+00:00,1786932117.945743,runtime,full,7,NVIDIA H100 80GB HBM3,66250.0,81559.0,52.0,164.2
2026-08-17T02:02:00.598703+00:00,1786932120.598703,runtime,full,4,NVIDIA H100 80GB HBM3,66636.0,81559.0,55.0,177.6
2026-08-17T02:02:00.598703+00:00,1786932120.598703,runtime,full,5,NVIDIA H100 80GB HBM3,66730.0,81559.0,99.0,170.36
2026-08-17T02:02:00.598703+00:00,1786932120.598703,runtime,full,6,NVIDIA H100 80GB HBM3,66730.0,81559.0,10.0,158.74
2026-08-17T02:02:00.598703+00:00,1786932120.598703,runtime,full,7,NVIDIA H100 80GB HBM3,66250.0,81559.0,100.0,164.65
2026-08-17T02:02:03.295736+00:00,1786932123.295736,runtime,full,4,NVIDIA H100 80GB HBM3,66636.0,81559.0,44.0,178.07
2026-08-17T02:02:03.295736+00:00,1786932123.295736,runtime,full,5,NVIDIA H100 80GB HBM3,66730.0,81559.0,97.0,170.28
2026-08-17T02:02:03.295736+00:00,1786932123.295736,runtime,full,6,NVIDIA H100 80GB HBM3,66730.0,81559.0,10.0,159.07
2026-08-17T02:02:03.295736+00:00,1786932123.295736,runtime,full,7,NVIDIA H100 80GB HBM3,66250.0,81559.0,99.0,164.28
2026-08-17T02:02:05.859152+00:00,1786932125.859152,runtime,full,4,NVIDIA H100 80GB HBM3,66636.0,81559.0,48.0,177.56
2026-08-17T02:02:05.859152+00:00,1786932125.859152,runtime,full,5,NVIDIA H100 80GB HBM3,66730.0,81559.0,99.0,170.3
2026-08-17T02:02:05.859152+00:00,1786932125.859152,runtime,full,6,NVIDIA H100 80GB HBM3,66730.0,81559.0,10.0,159.47
2026-08-17T02:02:05.859152+00:00,1786932125.859152,runtime,full,7,NVIDIA H100 80GB HBM3,66250.0,81559.0,99.0,164.51
2026-08-17T02:02:08.491797+00:00,1786932128.491797,runtime,full,4,NVIDIA H100 80GB HBM3,66636.0,81559.0,60.0,177.88
2026-08-17T02:02:08.491797+00:00,1786932128.491797,runtime,full,5,NVIDIA H100 80GB HBM3,66730.0,81559.0,100.0,170.5
2026-08-17T02:02:08.491797+00:00,1786932128.491797,runtime,full,6,NVIDIA H100 80GB HBM3,66730.0,81559.0,10.0,159.11
2026-08-17T02:02:08.491797+00:00,1786932128.491797,runtime,full,7,NVIDIA H100 80GB HBM3,66250.0,81559.0,100.0,163.76
2026-08-17T02:02:11.215124+00:00,1786932131.215124,runtime,full,4,NVIDIA H100 80GB HBM3,66636.0,81559.0,66.0,177.71
2026-08-17T02:02:11.215124+00:00,1786932131.215124,runtime,full,5,NVIDIA H100 80GB HBM3,66730.0,81559.0,100.0,170.83
2026-08-17T02:02:11.215124+00:00,1786932131.215124,runtime,full,6,NVIDIA H100 80GB HBM3,66730.0,81559.0,10.0,159.15
2026-08-17T02:02:11.215124+00:00,1786932131.215124,runtime,full,7,NVIDIA H100 80GB HBM3,66250.0,81559.0,100.0,164.81
2026-08-17T02:02:13.767754+00:00,1786932133.767754,runtime,full,4,NVIDIA H100 80GB HBM3,66636.0,81559.0,72.0,177.7
2026-08-17T02:02:13.767754+00:00,1786932133.767754,runtime,full,5,NVIDIA H100 80GB HBM3,66730.0,81559.0,100.0,170.56
2026-08-17T02:02:13.767754+00:00,1786932133.767754,runtime,full,6,NVIDIA H100 80GB HBM3,66730.0,81559.0,10.0,158.75
2026-08-17T02:02:13.767754+00:00,1786932133.767754,runtime,full,7,NVIDIA H100 80GB HBM3,66250.0,81559.0,100.0,164.22
2026-08-17T02:02:16.377445+00:00,1786932136.377445,runtime,full,4,NVIDIA H100 80GB HBM3,66636.0,81559.0,64.0,177.5
2026-08-17T02:02:16.377445+00:00,1786932136.377445,runtime,full,5,NVIDIA H100 80GB HBM3,66730.0,81559.0,99.0,169.87
2026-08-17T02:02:16.377445+00:00,1786932136.377445,runtime,full,6,NVIDIA H100 80GB HBM3,66730.0,81559.0,10.0,158.92
2026-08-17T02:02:16.377445+00:00,1786932136.377445,runtime,full,7,NVIDIA H100 80GB HBM3,66250.0,81559.0,99.0,164.07
2026-08-17T02:02:19.080520+00:00,1786932139.08052,runtime,full,4,NVIDIA H100 80GB HBM3,66636.0,81559.0,47.0,177.38
2026-08-17T02:02:19.080520+00:00,1786932139.08052,runtime,full,5,NVIDIA H100 80GB HBM3,66730.0,81559.0,95.0,170.08
2026-08-17T02:02:19.080520+00:00,1786932139.08052,runtime,full,6,NVIDIA H100 80GB HBM3,66730.0,81559.0,11.0,158.99
2026-08-17T02:02:19.080520+00:00,1786932139.08052,runtime,full,7,NVIDIA H100 80GB HBM3,66250.0,81559.0,91.0,164.16
2026-08-17T02:02:21.657640+00:00,1786932141.65764,runtime,full,4,NVIDIA H100 80GB HBM3,66636.0,81559.0,31.0,177.75
2026-08-17T02:02:21.657640+00:00,1786932141.65764,runtime,full,5,NVIDIA H100 80GB HBM3,66730.0,81559.0,89.0,170.55
2026-08-17T02:02:21.657640+00:00,1786932141.65764,runtime,full,6,NVIDIA H100 80GB HBM3,66730.0,81559.0,10.0,159.09
2026-08-17T02:02:21.657640+00:00,1786932141.65764,runtime,full,7,NVIDIA H100 80GB HBM3,66250.0,81559.0,66.0,163.75
2026-08-17T02:02:24.355331+00:00,1786932144.355331,runtime,full,4,NVIDIA H100 80GB HBM3,66636.0,81559.0,35.0,177.71
2026-08-17T02:02:24.355331+00:00,1786932144.355331,runtime,full,5,NVIDIA H100 80GB HBM3,66730.0,81559.0,85.0,170.62
2026-08-17T02:02:24.355331+00:00,1786932144.355331,runtime,full,6,NVIDIA H100 80GB HBM3,66730.0,81559.0,10.0,159.12
2026-08-17T02:02:24.355331+00:00,1786932144.355331,runtime,full,7,NVIDIA H100 80GB HBM3,66250.0,81559.0,76.0,163.44
2026-08-17T02:02:27.002610+00:00,1786932147.00261,runtime,full,4,NVIDIA H100 80GB HBM3,66636.0,81559.0,23.0,177.44
2026-08-17T02:02:27.002610+00:00,1786932147.00261,runtime,full,5,NVIDIA H100 80GB HBM3,66730.0,81559.0,84.0,170.18
2026-08-17T02:02:27.002610+00:00,1786932147.00261,runtime,full,6,NVIDIA H100 80GB HBM3,66730.0,81559.0,10.0,159.22
2026-08-17T02:02:27.002610+00:00,1786932147.00261,runtime,full,7,NVIDIA H100 80GB HBM3,66250.0,81559.0,88.0,163.97
2026-08-17T02:02:29.576642+00:00,1786932149.576642,runtime,full,4,NVIDIA H100 80GB HBM3,66636.0,81559.0,56.0,177.95
2026-08-17T02:02:29.576642+00:00,1786932149.576642,runtime,full,5,NVIDIA H100 80GB HBM3,66730.0,81559.0,100.0,170.45
2026-08-17T02:02:29.576642+00:00,1786932149.576642,runtime,full,6,NVIDIA H100 80GB HBM3,66730.0,81559.0,10.0,158.99
2026-08-17T02:02:29.576642+00:00,1786932149.576642,runtime,full,7,NVIDIA H100 80GB HBM3,66250.0,81559.0,98.0,164.14
2026-08-17T02:02:32.164260+00:00,1786932152.16426,runtime,full,4,NVIDIA H100 80GB HBM3,66636.0,81559.0,61.0,177.74
2026-08-17T02:02:32.164260+00:00,1786932152.16426,runtime,full,5,NVIDIA H100 80GB HBM3,66730.0,81559.0,99.0,170.35
2026-08-17T02:02:32.164260+00:00,1786932152.16426,runtime,full,6,NVIDIA H100 80GB HBM3,66730.0,81559.0,10.0,159.12
2026-08-17T02:02:32.164260+00:00,1786932152.16426,runtime,full,7,NVIDIA H100 80GB HBM3,66250.0,81559.0,99.0,163.95
2026-08-17T02:02:34.856777+00:00,1786932154.856777,runtime,full,4,NVIDIA H100 80GB HBM3,66636.0,81559.0,58.0,178.01
2026-08-17T02:02:34.856777+00:00,1786932154.856777,runtime,full,5,NVIDIA H100 80GB HBM3,66730.0,81559.0,100.0,170.62
2026-08-17T02:02:34.856777+00:00,1786932154.856777,runtime,full,6,NVIDIA H100 80GB HBM3,66730.0,81559.0,10.0,159.29
2026-08-17T02:02:34.856777+00:00,1786932154.856777,runtime,full,7,NVIDIA H100 80GB HBM3,66250.0,81559.0,99.0,163.67
2026-08-17T02:02:37.369990+00:00,1786932157.36999,runtime,full,4,NVIDIA H100 80GB HBM3,66636.0,81559.0,65.0,178.26
2026-08-17T02:02:37.369990+00:00,1786932157.36999,runtime,full,5,NVIDIA H100 80GB HBM3,66730.0,81559.0,99.0,170.82
2026-08-17T02:02:37.369990+00:00,1786932157.36999,runtime,full,6,NVIDIA H100 80GB HBM3,66730.0,81559.0,10.0,158.87
2026-08-17T02:02:37.369990+00:00,1786932157.36999,runtime,full,7,NVIDIA H100 80GB HBM3,66250.0,81559.0,99.0,164.17
2026-08-17T02:02:39.963667+00:00,1786932159.963667,runtime,full,4,NVIDIA H100 80GB HBM3,66636.0,81559.0,45.0,177.45
2026-08-17T02:02:39.963667+00:00,1786932159.963667,runtime,full,5,NVIDIA H100 80GB HBM3,66730.0,81559.0,96.0,170.45
2026-08-17T02:02:39.963667+00:00,1786932159.963667,runtime,full,6,NVIDIA H100 80GB HBM3,66730.0,81559.0,12.0,159.05
2026-08-17T02:02:39.963667+00:00,1786932159.963667,runtime,full,7,NVIDIA H100 80GB HBM3,66250.0,81559.0,93.0,163.96
2026-08-17T02:02:42.602116+00:00,1786932162.602116,runtime,full,4,NVIDIA H100 80GB HBM3,66636.0,81559.0,44.0,177.89
2026-08-17T02:02:42.602116+00:00,1786932162.602116,runtime,full,5,NVIDIA H100 80GB HBM3,66730.0,81559.0,99.0,170.19
2026-08-17T02:02:42.602116+00:00,1786932162.602116,runtime,full,6,NVIDIA H100 80GB HBM3,66730.0,81559.0,10.0,158.96
2026-08-17T02:02:42.602116+00:00,1786932162.602116,runtime,full,7,NVIDIA H100 80GB HBM3,66250.0,81559.0,99.0,164.08
2026-08-17T02:02:45.196989+00:00,1786932165.196989,runtime,full,4,NVIDIA H100 80GB HBM3,66636.0,81559.0,45.0,177.78
2026-08-17T02:02:45.196989+00:00,1786932165.196989,runtime,full,5,NVIDIA H100 80GB HBM3,66730.0,81559.0,99.0,170.75
2026-08-17T02:02:45.196989+00:00,1786932165.196989,runtime,full,6,NVIDIA H100 80GB HBM3,66730.0,81559.0,10.0,158.84
2026-08-17T02:02:45.196989+00:00,1786932165.196989,runtime,full,7,NVIDIA H100 80GB HBM3,66250.0,81559.0,98.0,164.38
2026-08-17T02:02:47.928131+00:00,1786932167.928131,runtime,full,4,NVIDIA H100 80GB HBM3,66636.0,81559.0,64.0,177.91
2026-08-17T02:02:47.928131+00:00,1786932167.928131,runtime,full,5,NVIDIA H100 80GB HBM3,66730.0,81559.0,99.0,170.78
2026-08-17T02:02:47.928131+00:00,1786932167.928131,runtime,full,6,NVIDIA H100 80GB HBM3,66730.0,81559.0,10.0,158.95
2026-08-17T02:02:47.928131+00:00,1786932167.928131,runtime,full,7,NVIDIA H100 80GB HBM3,66250.0,81559.0,98.0,164.36
2026-08-17T02:02:50.498223+00:00,1786932170.498223,runtime,full,4,NVIDIA H100 80GB HBM3,66636.0,81559.0,94.0,177.26
2026-08-17T02:02:50.498223+00:00,1786932170.498223,runtime,full,5,NVIDIA H100 80GB HBM3,66730.0,81559.0,100.0,170.71
2026-08-17T02:02:50.498223+00:00,1786932170.498223,runtime,full,6,NVIDIA H100 80GB HBM3,66730.0,81559.0,10.0,158.78
2026-08-17T02:02:50.498223+00:00,1786932170.498223,runtime,full,7,NVIDIA H100 80GB HBM3,66250.0,81559.0,100.0,164.34
2026-08-17T02:02:53.154554+00:00,1786932173.154554,runtime,full,4,NVIDIA H100 80GB HBM3,66636.0,81559.0,62.0,177.92
2026-08-17T02:02:53.154554+00:00,1786932173.154554,runtime,full,5,NVIDIA H100 80GB HBM3,66730.0,81559.0,99.0,171.05
2026-08-17T02:02:53.154554+00:00,1786932173.154554,runtime,full,6,NVIDIA H100 80GB HBM3,66730.0,81559.0,11.0,158.82
2026-08-17T02:02:53.154554+00:00,1786932173.154554,runtime,full,7,NVIDIA H100 80GB HBM3,66250.0,81559.0,100.0,164.21
2026-08-17T02:02:55.704551+00:00,1786932175.704551,runtime,full,4,NVIDIA H100 80GB HBM3,66636.0,81559.0,63.0,178.09
2026-08-17T02:02:55.704551+00:00,1786932175.704551,runtime,full,5,NVIDIA H100 80GB HBM3,66730.0,81559.0,100.0,170.68
2026-08-17T02:02:55.704551+00:00,1786932175.704551,runtime,full,6,NVIDIA H100 80GB HBM3,66730.0,81559.0,10.0,158.85
2026-08-17T02:02:55.704551+00:00,1786932175.704551,runtime,full,7,NVIDIA H100 80GB HBM3,66250.0,81559.0,100.0,163.95
2026-08-17T02:02:58.565506+00:00,1786932178.565506,runtime,full,4,NVIDIA H100 80GB HBM3,66636.0,81559.0,75.0,178.21
2026-08-17T02:02:58.565506+00:00,1786932178.565506,runtime,full,5,NVIDIA H100 80GB HBM3,66730.0,81559.0,99.0,170.78
2026-08-17T02:02:58.565506+00:00,1786932178.565506,runtime,full,6,NVIDIA H100 80GB HBM3,66730.0,81559.0,10.0,158.83
2026-08-17T02:02:58.565506+00:00,1786932178.565506,runtime,full,7,NVIDIA H100 80GB HBM3,66250.0,81559.0,98.0,164.2
2026-08-17T02:03:01.326011+00:00,1786932181.326011,runtime,full,4,NVIDIA H100 80GB HBM3,66636.0,81559.0,38.0,177.66
2026-08-17T02:03:01.326011+00:00,1786932181.326011,runtime,full,5,NVIDIA H100 80GB HBM3,66730.0,81559.0,100.0,170.1
2026-08-17T02:03:01.326011+00:00,1786932181.326011,runtime,full,6,NVIDIA H100 80GB HBM3,66730.0,81559.0,11.0,158.75
2026-08-17T02:03:01.326011+00:00,1786932181.326011,runtime,full,7,NVIDIA H100 80GB HBM3,66250.0,81559.0,95.0,164.13
2026-08-17T02:03:04.299508+00:00,1786932184.299508,runtime,full,4,NVIDIA H100 80GB HBM3,66636.0,81559.0,55.0,177.94
2026-08-17T02:03:04.299508+00:00,1786932184.299508,runtime,full,5,NVIDIA H100 80GB HBM3,66730.0,81559.0,99.0,170.43
2026-08-17T02:03:04.299508+00:00,1786932184.299508,runtime,full,6,NVIDIA H100 80GB HBM3,66730.0,81559.0,10.0,159.01
2026-08-17T02:03:04.299508+00:00,1786932184.299508,runtime,full,7,NVIDIA H100 80GB HBM3,66250.0,81559.0,100.0,164.28
2026-08-17T02:03:07.259995+00:00,1786932187.259995,runtime,full,4,NVIDIA H100 80GB HBM3,66636.0,81559.0,72.0,178.31
2026-08-17T02:03:07.259995+00:00,1786932187.259995,runtime,full,5,NVIDIA H100 80GB HBM3,66730.0,81559.0,100.0,170.51
2026-08-17T02:03:07.259995+00:00,1786932187.259995,runtime,full,6,NVIDIA H100 80GB HBM3,66730.0,81559.0,11.0,159.6
2026-08-17T02:03:07.259995+00:00,1786932187.259995,runtime,full,7,NVIDIA H100 80GB HBM3,66250.0,81559.0,100.0,164.49
2026-08-17T02:03:09.900816+00:00,1786932189.900816,runtime,full,4,NVIDIA H100 80GB HBM3,66636.0,81559.0,68.0,177.78
2026-08-17T02:03:09.900816+00:00,1786932189.900816,runtime,full,5,NVIDIA H100 80GB HBM3,66730.0,81559.0,100.0,170.62
2026-08-17T02:03:09.900816+00:00,1786932189.900816,runtime,full,6,NVIDIA H100 80GB HBM3,66730.0,81559.0,10.0,158.92
2026-08-17T02:03:09.900816+00:00,1786932189.900816,runtime,full,7,NVIDIA H100 80GB HBM3,66250.0,81559.0,100.0,163.96
2026-08-17T02:03:13.059750+00:00,1786932193.05975,runtime,full,4,NVIDIA H100 80GB HBM3,66636.0,81559.0,42.0,177.55
2026-08-17T02:03:13.059750+00:00,1786932193.05975,runtime,full,5,NVIDIA H100 80GB HBM3,66730.0,81559.0,98.0,170.95
2026-08-17T02:03:13.059750+00:00,1786932193.05975,runtime,full,6,NVIDIA H100 80GB HBM3,66730.0,81559.0,10.0,159.0
2026-08-17T02:03:13.059750+00:00,1786932193.05975,runtime,full,7,NVIDIA H100 80GB HBM3,66250.0,81559.0,98.0,163.5
2026-08-17T02:03:15.768183+00:00,1786932195.768183,runtime,full,4,NVIDIA H100 80GB HBM3,66636.0,81559.0,29.0,177.55
2026-08-17T02:03:15.768183+00:00,1786932195.768183,runtime,full,5,NVIDIA H100 80GB HBM3,66730.0,81559.0,95.0,170.44
2026-08-17T02:03:15.768183+00:00,1786932195.768183,runtime,full,6,NVIDIA H100 80GB HBM3,66730.0,81559.0,10.0,159.59
2026-08-17T02:03:15.768183+00:00,1786932195.768183,runtime,full,7,NVIDIA H100 80GB HBM3,66250.0,81559.0,92.0,163.96
2026-08-17T02:03:18.435616+00:00,1786932198.435616,runtime,full,4,NVIDIA H100 80GB HBM3,66636.0,81559.0,63.0,177.86
2026-08-17T02:03:18.435616+00:00,1786932198.435616,runtime,full,5,NVIDIA H100 80GB HBM3,66730.0,81559.0,100.0,170.84
2026-08-17T02:03:18.435616+00:00,1786932198.435616,runtime,full,6,NVIDIA H100 80GB HBM3,66730.0,81559.0,10.0,159.09
2026-08-17T02:03:18.435616+00:00,1786932198.435616,runtime,full,7,NVIDIA H100 80GB HBM3,66250.0,81559.0,99.0,164.46
2026-08-17T02:03:21.113868+00:00,1786932201.113868,runtime,full,4,NVIDIA H100 80GB HBM3,66636.0,81559.0,48.0,178.46
2026-08-17T02:03:21.113868+00:00,1786932201.113868,runtime,full,5,NVIDIA H100 80GB HBM3,66730.0,81559.0,94.0,169.78
2026-08-17T02:03:21.113868+00:00,1786932201.113868,runtime,full,6,NVIDIA H100 80GB HBM3,66730.0,81559.0,11.0,159.06
2026-08-17T02:03:21.113868+00:00,1786932201.113868,runtime,full,7,NVIDIA H100 80GB HBM3,66250.0,81559.0,86.0,163.85
2026-08-17T02:03:23.616831+00:00,1786932203.616831,runtime,full,4,NVIDIA H100 80GB HBM3,66636.0,81559.0,53.0,178.24
2026-08-17T02:03:23.616831+00:00,1786932203.616831,runtime,full,5,NVIDIA H100 80GB HBM3,66730.0,81559.0,99.0,170.3
2026-08-17T02:03:23.616831+00:00,1786932203.616831,runtime,full,6,NVIDIA H100 80GB HBM3,66730.0,81559.0,10.0,159.26
2026-08-17T02:03:23.616831+00:00,1786932203.616831,runtime,full,7,NVIDIA H100 80GB HBM3,66250.0,81559.0,99.0,163.96
2026-08-17T02:03:26.296100+00:00,1786932206.2961,runtime,full,4,NVIDIA H100 80GB HBM3,66636.0,81559.0,62.0,177.81
2026-08-17T02:03:26.296100+00:00,1786932206.2961,runtime,full,5,NVIDIA H100 80GB HBM3,66730.0,81559.0,100.0,170.62
2026-08-17T02:03:26.296100+00:00,1786932206.2961,runtime,full,6,NVIDIA H100 80GB HBM3,66730.0,81559.0,10.0,158.73
2026-08-17T02:03:26.296100+00:00,1786932206.2961,runtime,full,7,NVIDIA H100 80GB HBM3,66250.0,81559.0,100.0,164.3
2026-08-17T02:03:28.982739+00:00,1786932208.982739,runtime,full,4,NVIDIA H100 80GB HBM3,66636.0,81559.0,30.0,177.92
2026-08-17T02:03:28.982739+00:00,1786932208.982739,runtime,full,5,NVIDIA H100 80GB HBM3,66730.0,81559.0,96.0,170.57
2026-08-17T02:03:28.982739+00:00,1786932208.982739,runtime,full,6,NVIDIA H100 80GB HBM3,66730.0,81559.0,10.0,159.18
2026-08-17T02:03:28.982739+00:00,1786932208.982739,runtime,full,7,NVIDIA H100 80GB HBM3,66250.0,81559.0,92.0,164.47
2026-08-17T02:03:31.708195+00:00,1786932211.708195,runtime,full,4,NVIDIA H100 80GB HBM3,66636.0,81559.0,80.0,177.84
2026-08-17T02:03:31.708195+00:00,1786932211.708195,runtime,full,5,NVIDIA H100 80GB HBM3,66730.0,81559.0,100.0,170.69
2026-08-17T02:03:31.708195+00:00,1786932211.708195,runtime,full,6,NVIDIA H100 80GB HBM3,66730.0,81559.0,10.0,158.94
2026-08-17T02:03:31.708195+00:00,1786932211.708195,runtime,full,7,NVIDIA H100 80GB HBM3,66250.0,81559.0,100.0,164.14
2026-08-17T02:03:34.279697+00:00,1786932214.279697,runtime,full,4,NVIDIA H100 80GB HBM3,66636.0,81559.0,44.0,177.95
2026-08-17T02:03:34.279697+00:00,1786932214.279697,runtime,full,5,NVIDIA H100 80GB HBM3,66730.0,81559.0,100.0,170.2
2026-08-17T02:03:34.279697+00:00,1786932214.279697,runtime,full,6,NVIDIA H100 80GB HBM3,66730.0,81559.0,88.0,159.26
2026-08-17T02:03:34.279697+00:00,1786932214.279697,runtime,full,7,NVIDIA H100 80GB HBM3,66250.0,81559.0,88.0,163.75
2026-08-17T02:03:37.004187+00:00,1786932217.004187,runtime,full,4,NVIDIA H100 80GB HBM3,66636.0,81559.0,86.0,178.7
2026-08-17T02:03:37.004187+00:00,1786932217.004187,runtime,full,5,NVIDIA H100 80GB HBM3,66730.0,81559.0,100.0,170.02
2026-08-17T02:03:37.004187+00:00,1786932217.004187,runtime,full,6,NVIDIA H100 80GB HBM3,66730.0,81559.0,10.0,158.93
2026-08-17T02:03:37.004187+00:00,1786932217.004187,runtime,full,7,NVIDIA H100 80GB HBM3,66250.0,81559.0,100.0,164.34
2026-08-17T02:03:39.660419+00:00,1786932219.660419,runtime,full,4,NVIDIA H100 80GB HBM3,66636.0,81559.0,22.0,177.48
2026-08-17T02:03:39.660419+00:00,1786932219.660419,runtime,full,5,NVIDIA H100 80GB HBM3,66730.0,81559.0,87.0,170.46
2026-08-17T02:03:39.660419+00:00,1786932219.660419,runtime,full,6,NVIDIA H100 80GB HBM3,66730.0,81559.0,10.0,158.4
2026-08-17T02:03:39.660419+00:00,1786932219.660419,runtime,full,7,NVIDIA H100 80GB HBM3,66250.0,81559.0,50.0,163.61
2026-08-17T02:03:42.277078+00:00,1786932222.277078,runtime,full,4,NVIDIA H100 80GB HBM3,66636.0,81559.0,9.0,176.31
2026-08-17T02:03:42.277078+00:00,1786932222.277078,runtime,full,5,NVIDIA H100 80GB HBM3,66730.0,81559.0,94.0,169.68
2026-08-17T02:03:42.277078+00:00,1786932222.277078,runtime,full,6,NVIDIA H100 80GB HBM3,66730.0,81559.0,92.0,160.15
2026-08-17T02:03:42.277078+00:00,1786932222.277078,runtime,full,7,NVIDIA H100 80GB HBM3,66250.0,81559.0,93.0,163.05
2026-08-17T02:03:44.867933+00:00,1786932224.867933,runtime,full,4,NVIDIA H100 80GB HBM3,66636.0,81559.0,11.0,177.51
2026-08-17T02:03:44.867933+00:00,1786932224.867933,runtime,full,5,NVIDIA H100 80GB HBM3,66730.0,81559.0,87.0,170.21
2026-08-17T02:03:44.867933+00:00,1786932224.867933,runtime,full,6,NVIDIA H100 80GB HBM3,66730.0,81559.0,13.0,158.9
2026-08-17T02:03:44.867933+00:00,1786932224.867933,runtime,full,7,NVIDIA H100 80GB HBM3,66250.0,81559.0,44.0,163.65
2026-08-17T02:03:47.506569+00:00,1786932227.506569,runtime,full,4,NVIDIA H100 80GB HBM3,66636.0,81559.0,47.0,177.87
2026-08-17T02:03:47.506569+00:00,1786932227.506569,runtime,full,5,NVIDIA H100 80GB HBM3,66730.0,81559.0,95.0,170.61
2026-08-17T02:03:47.506569+00:00,1786932227.506569,runtime,full,6,NVIDIA H100 80GB HBM3,66730.0,81559.0,10.0,159.03
2026-08-17T02:03:47.506569+00:00,1786932227.506569,runtime,full,7,NVIDIA H100 80GB HBM3,66250.0,81559.0,99.0,163.64
2026-08-17T02:03:50.009247+00:00,1786932230.009247,runtime,full,4,NVIDIA H100 80GB HBM3,66636.0,81559.0,30.0,177.41
2026-08-17T02:03:50.009247+00:00,1786932230.009247,runtime,full,5,NVIDIA H100 80GB HBM3,66730.0,81559.0,74.0,170.4
2026-08-17T02:03:50.009247+00:00,1786932230.009247,runtime,full,6,NVIDIA H100 80GB HBM3,66730.0,81559.0,10.0,159.4
2026-08-17T02:03:50.009247+00:00,1786932230.009247,runtime,full,7,NVIDIA H100 80GB HBM3,66250.0,81559.0,74.0,163.66
2026-08-17T02:03:52.802078+00:00,1786932232.802078,runtime,full,4,NVIDIA H100 80GB HBM3,66636.0,81559.0,10.0,177.14
2026-08-17T02:03:52.802078+00:00,1786932232.802078,runtime,full,5,NVIDIA H100 80GB HBM3,66730.0,81559.0,85.0,170.63
2026-08-17T02:03:52.802078+00:00,1786932232.802078,runtime,full,6,NVIDIA H100 80GB HBM3,66730.0,81559.0,60.0,159.59
2026-08-17T02:03:52.802078+00:00,1786932232.802078,runtime,full,7,NVIDIA H100 80GB HBM3,66250.0,81559.0,77.0,163.62
2026-08-17T02:03:55.345903+00:00,1786932235.345903,runtime,full,4,NVIDIA H100 80GB HBM3,66636.0,81559.0,18.0,177.77
2026-08-17T02:03:55.345903+00:00,1786932235.345903,runtime,full,5,NVIDIA H100 80GB HBM3,66730.0,81559.0,90.0,170.14
2026-08-17T02:03:55.345903+00:00,1786932235.345903,runtime,full,6,NVIDIA H100 80GB HBM3,66730.0,81559.0,10.0,159.35
2026-08-17T02:03:55.345903+00:00,1786932235.345903,runtime,full,7,NVIDIA H100 80GB HBM3,66250.0,81559.0,82.0,164.33
2026-08-17T02:03:57.865098+00:00,1786932237.865098,runtime,full,4,NVIDIA H100 80GB HBM3,66636.0,81559.0,10.0,177.1
2026-08-17T02:03:57.865098+00:00,1786932237.865098,runtime,full,5,NVIDIA H100 80GB HBM3,66730.0,81559.0,95.0,170.46
2026-08-17T02:03:57.865098+00:00,1786932237.865098,runtime,full,6,NVIDIA H100 80GB HBM3,66730.0,81559.0,39.0,159.5
2026-08-17T02:03:57.865098+00:00,1786932237.865098,runtime,full,7,NVIDIA H100 80GB HBM3,66250.0,81559.0,81.0,163.7
