DeepSeek-V4-Flash EASY-EP statistic collection
Physical GPUs: 4,5,6,7 (torchrun ranks 0..3)
Official inference: /mnt/public_data/deepseek-ai/DeepSeek-V4-Flash/inference
Converted MP=4 checkpoint: /mnt/docker_data/v4-converted
Calibration source: /home/jovyan/wangtonghan/EASYEP/dataset/aime23_full
V4 calibration: /home/jovyan/wangtonghan/EASYEP/dataset/aime23_full_v4
Statistics: /home/jovyan/wangtonghan/EASYEP/expert_statistics/token_information/aime_v4.jsonl
Samples: 25
Downloads/installers/conversion: disabled
Log: /home/jovyan/wangtonghan/EASYEP/logs/v4_easyep_statistics_20260814_114801.log
GPU exclusivity check: PASS (GPUs 4,5,6,7; each uses at most 2048 MiB)
4, 4
5, 4
6, 4
7, 4
runtime dependencies: OK
V4 calibration already exists; reusing /home/jovyan/wangtonghan/EASYEP/dataset/aime23_full_v4
Collecting/resuming paper-defined statistics...

*****************************************
Setting OMP_NUM_THREADS environment variable for each process to be 1 in default, to avoid your system being overloaded, please further tune the variable for optimal performance in your application as needed. 
*****************************************
10-72-1-171:30775:30775 [0] NCCL INFO ENV/Plugin: Could not find: libnccl-env.so
10-72-1-171:30775:30775 [0] NCCL INFO NCCL_SOCKET_IFNAME set by environment to lo
10-72-1-171:30775:30775 [0] NCCL INFO NCCL_SOCKET_IFNAME set to lo
10-72-1-171:30775:30775 [0] NCCL INFO cudaDriverVersion 13000
10-72-1-171:30775:30775 [0] NCCL INFO NCCL_CUMEM_HOST_ENABLE set by environment to 0.
10-72-1-171:30775:30775 [0] NCCL INFO NCCL version 2.28.9+cuda13.0
10-72-1-171:30775:30775 [0] NCCL INFO Comm config Blocking set to 1
10-72-1-171:30775:30775 [0] NCCL INFO NET/Plugin: Could not find: libnccl-net.so
10-72-1-171:30775:30775 [0] NCCL INFO NCCL_IB_DISABLE set by environment to 1.
10-72-1-171:30775:30775 [0] NCCL INFO transport/net_ib.cc:852 -> 3
10-72-1-171:30775:30775 [0] NCCL INFO Failed to initialize NET plugin IB
10-72-1-171:30775:30775 [0] NCCL INFO NCCL_SOCKET_IFNAME set by environment to lo
10-72-1-171:30775:30775 [0] NCCL INFO NET/Socket : Using [0]lo:127.0.0.1<0>
10-72-1-171:30775:30775 [0] NCCL INFO Initialized NET plugin Socket
10-72-1-171:30775:30775 [0] NCCL INFO Could not get speed from /sys/class/net/lo/speed. Defaulting to 10 Gbps.
10-72-1-171:30775:30775 [0] NCCL INFO Assigned NET plugin Socket to comm
10-72-1-171:30775:30775 [0] NCCL INFO Using network Socket
10-72-1-171:30775:30775 [0] NCCL INFO ncclCommInitRankConfig comm 0x614d4a620480 rank 0 nranks 4 cudaDev 0 nvmlDev 4 busId 98000 commId 0xbca7251b61b1ac73 - Init START
10-72-1-171:30777:30777 [2] NCCL INFO ENV/Plugin: Could not find: libnccl-env.so
10-72-1-171:30777:30777 [2] NCCL INFO cudaDriverVersion 13000
10-72-1-171:30777:30777 [2] NCCL INFO NCCL_CUMEM_HOST_ENABLE set by environment to 0.
10-72-1-171:30777:30777 [2] NCCL INFO NCCL_SOCKET_IFNAME set by environment to lo
10-72-1-171:30777:30777 [2] NCCL INFO NCCL_SOCKET_IFNAME set to lo
10-72-1-171:30777:30777 [2] NCCL INFO NCCL version 2.28.9+cuda13.0
10-72-1-171:30777:30777 [2] NCCL INFO Comm config Blocking set to 1
10-72-1-171:30777:30777 [2] NCCL INFO NET/Plugin: Could not find: libnccl-net.so
10-72-1-171:30777:30777 [2] NCCL INFO NCCL_IB_DISABLE set by environment to 1.
10-72-1-171:30777:30777 [2] NCCL INFO transport/net_ib.cc:852 -> 3
10-72-1-171:30777:30777 [2] NCCL INFO Failed to initialize NET plugin IB
10-72-1-171:30777:30777 [2] NCCL INFO NCCL_SOCKET_IFNAME set by environment to lo
10-72-1-171:30777:30777 [2] NCCL INFO NET/Socket : Using [0]lo:127.0.0.1<0>
10-72-1-171:30777:30777 [2] NCCL INFO Initialized NET plugin Socket
10-72-1-171:30777:30777 [2] NCCL INFO Could not get speed from /sys/class/net/lo/speed. Defaulting to 10 Gbps.
10-72-1-171:30777:30777 [2] NCCL INFO Assigned NET plugin Socket to comm
10-72-1-171:30777:30777 [2] NCCL INFO Using network Socket
10-72-1-171:30777:30777 [2] NCCL INFO ncclCommInitRankConfig comm 0x62885a730ff0 rank 2 nranks 4 cudaDev 2 nvmlDev 6 busId c8000 commId 0xbca7251b61b1ac73 - Init START
10-72-1-171:30778:30778 [3] NCCL INFO ENV/Plugin: Could not find: libnccl-env.so
10-72-1-171:30778:30778 [3] NCCL INFO cudaDriverVersion 13000
10-72-1-171:30778:30778 [3] NCCL INFO NCCL_CUMEM_HOST_ENABLE set by environment to 0.
10-72-1-171:30778:30778 [3] NCCL INFO NCCL_SOCKET_IFNAME set by environment to lo
10-72-1-171:30778:30778 [3] NCCL INFO NCCL_SOCKET_IFNAME set to lo
10-72-1-171:30778:30778 [3] NCCL INFO NCCL version 2.28.9+cuda13.0
10-72-1-171:30778:30778 [3] NCCL INFO Comm config Blocking set to 1
10-72-1-171:30776:30776 [1] NCCL INFO ENV/Plugin: Could not find: libnccl-env.so
10-72-1-171:30776:30776 [1] NCCL INFO cudaDriverVersion 13000
10-72-1-171:30776:30776 [1] NCCL INFO NCCL_CUMEM_HOST_ENABLE set by environment to 0.
10-72-1-171:30776:30776 [1] NCCL INFO NCCL_SOCKET_IFNAME set by environment to lo
10-72-1-171:30776:30776 [1] NCCL INFO NCCL_SOCKET_IFNAME set to lo
10-72-1-171:30776:30776 [1] NCCL INFO NCCL version 2.28.9+cuda13.0
10-72-1-171:30776:30776 [1] NCCL INFO Comm config Blocking set to 1
10-72-1-171:30778:30778 [3] NCCL INFO NET/Plugin: Could not find: libnccl-net.so
10-72-1-171:30778:30778 [3] NCCL INFO NCCL_IB_DISABLE set by environment to 1.
10-72-1-171:30778:30778 [3] NCCL INFO transport/net_ib.cc:852 -> 3
10-72-1-171:30778:30778 [3] NCCL INFO Failed to initialize NET plugin IB
10-72-1-171:30778:30778 [3] NCCL INFO NCCL_SOCKET_IFNAME set by environment to lo
10-72-1-171:30778:30778 [3] NCCL INFO NET/Socket : Using [0]lo:127.0.0.1<0>
10-72-1-171:30778:30778 [3] NCCL INFO Initialized NET plugin Socket
10-72-1-171:30778:30778 [3] NCCL INFO Could not get speed from /sys/class/net/lo/speed. Defaulting to 10 Gbps.
10-72-1-171:30778:30778 [3] NCCL INFO Assigned NET plugin Socket to comm
10-72-1-171:30778:30778 [3] NCCL INFO Using network Socket
10-72-1-171:30778:30778 [3] NCCL INFO ncclCommInitRankConfig comm 0x61f2d37736c0 rank 3 nranks 4 cudaDev 3 nvmlDev 7 busId d9000 commId 0xbca7251b61b1ac73 - Init START
10-72-1-171:30778:30778 [3] NCCL INFO RAS client listening socket at 127.0.0.1<28028>
10-72-1-171:30776:30776 [1] NCCL INFO NET/Plugin: Could not find: libnccl-net.so
10-72-1-171:30776:30776 [1] NCCL INFO NCCL_IB_DISABLE set by environment to 1.
10-72-1-171:30776:30776 [1] NCCL INFO transport/net_ib.cc:852 -> 3
10-72-1-171:30776:30776 [1] NCCL INFO Failed to initialize NET plugin IB
10-72-1-171:30776:30776 [1] NCCL INFO NCCL_SOCKET_IFNAME set by environment to lo
10-72-1-171:30776:30776 [1] NCCL INFO NET/Socket : Using [0]lo:127.0.0.1<0>
10-72-1-171:30776:30776 [1] NCCL INFO Initialized NET plugin Socket
10-72-1-171:30776:30776 [1] NCCL INFO Could not get speed from /sys/class/net/lo/speed. Defaulting to 10 Gbps.
10-72-1-171:30776:30776 [1] NCCL INFO Assigned NET plugin Socket to comm
10-72-1-171:30776:30776 [1] NCCL INFO Using network Socket
10-72-1-171:30776:30776 [1] NCCL INFO ncclCommInitRankConfig comm 0x5d46811e0380 rank 1 nranks 4 cudaDev 1 nvmlDev 5 busId b8000 commId 0xbca7251b61b1ac73 - Init START
10-72-1-171:30775:30775 [0] NCCL INFO RAS client listening socket at 127.0.0.1<28028>
10-72-1-171:30777:30777 [2] NCCL INFO RAS client listening socket at 127.0.0.1<28028>
10-72-1-171:30776:30776 [1] NCCL INFO RAS client listening socket at 127.0.0.1<28028>
10-72-1-171:30778:30778 [3] NCCL INFO MNNVL busId 0xd9000 fabric UUID 0.0 cliqueId 0x0 state 3 healthMask 0x0
10-72-1-171:30775:30775 [0] NCCL INFO MNNVL busId 0x98000 fabric UUID 0.0 cliqueId 0x0 state 3 healthMask 0x0
10-72-1-171:30777:30777 [2] NCCL INFO MNNVL busId 0xc8000 fabric UUID 0.0 cliqueId 0x0 state 3 healthMask 0x0
10-72-1-171:30776:30776 [1] NCCL INFO MNNVL busId 0xb8000 fabric UUID 0.0 cliqueId 0x0 state 3 healthMask 0x0
10-72-1-171:30778:30778 [3] NCCL INFO TOPO/NET : Importing network plugins to topology
10-72-1-171:30778:30778 [3] NCCL INFO Could not get speed from /sys/class/net/lo/speed. Defaulting to 10 Gbps.
10-72-1-171:30778:30778 [3] NCCL INFO NET/Socket : GPU Direct RDMA Disabled for HCA 0 'lo'
10-72-1-171:30778:30778 [3] NCCL INFO ncclTopoPopulateNics : Filled lo in topo with pciPath=(null) keep=1 coll=(null)
10-72-1-171:30777:30777 [2] NCCL INFO TOPO/NET : Importing network plugins to topology
10-72-1-171:30777:30777 [2] NCCL INFO Could not get speed from /sys/class/net/lo/speed. Defaulting to 10 Gbps.
10-72-1-171:30777:30777 [2] NCCL INFO NET/Socket : GPU Direct RDMA Disabled for HCA 0 'lo'
10-72-1-171:30777:30777 [2] NCCL INFO ncclTopoPopulateNics : Filled lo in topo with pciPath=(null) keep=1 coll=(null)
10-72-1-171:30776:30776 [1] NCCL INFO TOPO/NET : Importing network plugins to topology
10-72-1-171:30775:30775 [0] NCCL INFO TOPO/NET : Importing network plugins to topology
10-72-1-171:30776:30776 [1] NCCL INFO Could not get speed from /sys/class/net/lo/speed. Defaulting to 10 Gbps.
10-72-1-171:30775:30775 [0] NCCL INFO Could not get speed from /sys/class/net/lo/speed. Defaulting to 10 Gbps.
10-72-1-171:30776:30776 [1] NCCL INFO NET/Socket : GPU Direct RDMA Disabled for HCA 0 'lo'
10-72-1-171:30775:30775 [0] NCCL INFO NET/Socket : GPU Direct RDMA Disabled for HCA 0 'lo'
10-72-1-171:30776:30776 [1] NCCL INFO ncclTopoPopulateNics : Filled lo in topo with pciPath=(null) keep=1 coll=(null)
10-72-1-171:30775:30775 [0] NCCL INFO ncclTopoPopulateNics : Filled lo in topo with pciPath=(null) keep=1 coll=(null)
10-72-1-171:30778:30778 [3] NCCL INFO === System : maxBw 370.8 totalBw 370.8 ===
10-72-1-171:30778:30778 [3] NCCL INFO CPU/0-1 (1/1/3)
10-72-1-171:30778:30778 [3] NCCL INFO + PCI[5000.0] - NIC/0-0
10-72-1-171:30778:30778 [3] NCCL INFO                 + NET[1.2] - NET/0-0 (0/0/0/1.250000)
10-72-1-171:30778:30778 [3] NCCL INFO + PCI[48.0] - PCI/0-96000 (1000c0301000100b)
10-72-1-171:30778:30778 [3] NCCL INFO               + PCI[48.0] - GPU/0-98000 (0)
10-72-1-171:30778:30778 [3] NCCL INFO                             + NVL[370.8] - NVS/0-0
10-72-1-171:30778:30778 [3] NCCL INFO + PCI[48.0] - PCI/0-b6000 (1000c0301000100b)
10-72-1-171:30778:30778 [3] NCCL INFO               + PCI[48.0] - GPU/0-b8000 (1)
10-72-1-171:30778:30778 [3] NCCL INFO                             + NVL[370.8] - NVS/0-0
10-72-1-171:30778:30778 [3] NCCL INFO + PCI[48.0] - PCI/0-c6000 (1000c0301000100b)
10-72-1-171:30778:30778 [3] NCCL INFO               + PCI[48.0] - GPU/0-c8000 (2)
10-72-1-171:30778:30778 [3] NCCL INFO                             + NVL[370.8] - NVS/0-0
10-72-1-171:30778:30778 [3] NCCL INFO + PCI[48.0] - PCI/0-d7000 (1000c0301000100b)
10-72-1-171:30778:30778 [3] NCCL INFO               + PCI[48.0] - GPU/0-d9000 (3)
10-72-1-171:30778:30778 [3] NCCL INFO                             + NVL[370.8] - NVS/0-0
10-72-1-171:30778:30778 [3] NCCL INFO ==========================================
10-72-1-171:30778:30778 [3] NCCL INFO GPU/0-98000 :GPU/0-98000 (0/5000.0/LOC) GPU/0-b8000 (2/370.8/NVL) GPU/0-c8000 (2/370.8/NVL) GPU/0-d9000 (2/370.8/NVL) NVS/0-0 (1/370.8/NVL) CPU/0-1 (2/48.0/PHB) NET/0-0 (4/1.2/PHB) 
10-72-1-171:30778:30778 [3] NCCL INFO GPU/0-b8000 :GPU/0-98000 (2/370.8/NVL) GPU/0-b8000 (0/5000.0/LOC) GPU/0-c8000 (2/370.8/NVL) GPU/0-d9000 (2/370.8/NVL) NVS/0-0 (1/370.8/NVL) CPU/0-1 (2/48.0/PHB) NET/0-0 (4/1.2/PHB) 
10-72-1-171:30778:30778 [3] NCCL INFO GPU/0-c8000 :GPU/0-98000 (2/370.8/NVL) GPU/0-b8000 (2/370.8/NVL) GPU/0-c8000 (0/5000.0/LOC) GPU/0-d9000 (2/370.8/NVL) NVS/0-0 (1/370.8/NVL) CPU/0-1 (2/48.0/PHB) NET/0-0 (4/1.2/PHB) 
10-72-1-171:30778:30778 [3] NCCL INFO GPU/0-d9000 :GPU/0-98000 (2/370.8/NVL) GPU/0-b8000 (2/370.8/NVL) GPU/0-c8000 (2/370.8/NVL) GPU/0-d9000 (0/5000.0/LOC) NVS/0-0 (1/370.8/NVL) CPU/0-1 (2/48.0/PHB) NET/0-0 (4/1.2/PHB) 
10-72-1-171:30778:30778 [3] NCCL INFO NET/0-0 :GPU/0-98000 (4/1.2/PHB) GPU/0-b8000 (4/1.2/PHB) GPU/0-c8000 (4/1.2/PHB) GPU/0-d9000 (4/1.2/PHB) CPU/0-1 (2/1.2/PHB) NET/0-0 (0/5000.0/LOC) 
10-72-1-171:30778:30778 [3] NCCL INFO ncclTopoGetCpuAffinity: Affinity for GPU 7 is 44-87,132-175. (GPU affinity = 44-87,132-175 ; CPU affinity = 0-175).
10-72-1-171:30778:30778 [3] NCCL INFO NVLS multicast support is available on dev 3 (NVLS_NCHANNELS 16)
10-72-1-171:30776:30776 [1] NCCL INFO === System : maxBw 370.8 totalBw 370.8 ===
10-72-1-171:30776:30776 [1] NCCL INFO CPU/0-1 (1/1/3)
10-72-1-171:30776:30776 [1] NCCL INFO + PCI[5000.0] - NIC/0-0
10-72-1-171:30776:30776 [1] NCCL INFO                 + NET[1.2] - NET/0-0 (0/0/0/1.250000)
10-72-1-171:30776:30776 [1] NCCL INFO + PCI[48.0] - PCI/0-96000 (1000c0301000100b)
10-72-1-171:30776:30776 [1] NCCL INFO               + PCI[48.0] - GPU/0-98000 (0)
10-72-1-171:30776:30776 [1] NCCL INFO                             + NVL[370.8] - NVS/0-0
10-72-1-171:30776:30776 [1] NCCL INFO + PCI[48.0] - PCI/0-b6000 (1000c0301000100b)
10-72-1-171:30776:30776 [1] NCCL INFO               + PCI[48.0] - GPU/0-b8000 (1)
10-72-1-171:30776:30776 [1] NCCL INFO                             + NVL[370.8] - NVS/0-0
10-72-1-171:30776:30776 [1] NCCL INFO + PCI[48.0] - PCI/0-c6000 (1000c0301000100b)
10-72-1-171:30776:30776 [1] NCCL INFO               + PCI[48.0] - GPU/0-c8000 (2)
10-72-1-171:30776:30776 [1] NCCL INFO                             + NVL[370.8] - NVS/0-0
10-72-1-171:30776:30776 [1] NCCL INFO + PCI[48.0] - PCI/0-d7000 (1000c0301000100b)
10-72-1-171:30776:30776 [1] NCCL INFO               + PCI[48.0] - GPU/0-d9000 (3)
10-72-1-171:30776:30776 [1] NCCL INFO                             + NVL[370.8] - NVS/0-0
10-72-1-171:30776:30776 [1] NCCL INFO ==========================================
10-72-1-171:30776:30776 [1] NCCL INFO GPU/0-98000 :GPU/0-98000 (0/5000.0/LOC) GPU/0-b8000 (2/370.8/NVL) GPU/0-c8000 (2/370.8/NVL) GPU/0-d9000 (2/370.8/NVL) NVS/0-0 (1/370.8/NVL) CPU/0-1 (2/48.0/PHB) NET/0-0 (4/1.2/PHB) 
10-72-1-171:30776:30776 [1] NCCL INFO GPU/0-b8000 :GPU/0-98000 (2/370.8/NVL) GPU/0-b8000 (0/5000.0/LOC) GPU/0-c8000 (2/370.8/NVL) GPU/0-d9000 (2/370.8/NVL) NVS/0-0 (1/370.8/NVL) CPU/0-1 (2/48.0/PHB) NET/0-0 (4/1.2/PHB) 
10-72-1-171:30775:30775 [0] NCCL INFO === System : maxBw 370.8 totalBw 370.8 ===
10-72-1-171:30776:30776 [1] NCCL INFO GPU/0-c8000 :GPU/0-98000 (2/370.8/NVL) GPU/0-b8000 (2/370.8/NVL) GPU/0-c8000 (0/5000.0/LOC) GPU/0-d9000 (2/370.8/NVL) NVS/0-0 (1/370.8/NVL) CPU/0-1 (2/48.0/PHB) NET/0-0 (4/1.2/PHB) 
10-72-1-171:30775:30775 [0] NCCL INFO CPU/0-1 (1/1/3)
10-72-1-171:30775:30775 [0] NCCL INFO + PCI[5000.0] - NIC/0-0
10-72-1-171:30776:30776 [1] NCCL INFO GPU/0-d9000 :GPU/0-98000 (2/370.8/NVL) GPU/0-b8000 (2/370.8/NVL) GPU/0-c8000 (2/370.8/NVL) GPU/0-d9000 (0/5000.0/LOC) NVS/0-0 (1/370.8/NVL) CPU/0-1 (2/48.0/PHB) NET/0-0 (4/1.2/PHB) 
10-72-1-171:30775:30775 [0] NCCL INFO                 + NET[1.2] - NET/0-0 (0/0/0/1.250000)
10-72-1-171:30775:30775 [0] NCCL INFO + PCI[48.0] - PCI/0-96000 (1000c0301000100b)
10-72-1-171:30776:30776 [1] NCCL INFO NET/0-0 :GPU/0-98000 (4/1.2/PHB) GPU/0-b8000 (4/1.2/PHB) GPU/0-c8000 (4/1.2/PHB) GPU/0-d9000 (4/1.2/PHB) CPU/0-1 (2/1.2/PHB) NET/0-0 (0/5000.0/LOC) 
10-72-1-171:30775:30775 [0] NCCL INFO               + PCI[48.0] - GPU/0-98000 (0)
10-72-1-171:30775:30775 [0] NCCL INFO                             + NVL[370.8] - NVS/0-0
10-72-1-171:30775:30775 [0] NCCL INFO + PCI[48.0] - PCI/0-b6000 (1000c0301000100b)
10-72-1-171:30775:30775 [0] NCCL INFO               + PCI[48.0] - GPU/0-b8000 (1)
10-72-1-171:30775:30775 [0] NCCL INFO                             + NVL[370.8] - NVS/0-0
10-72-1-171:30775:30775 [0] NCCL INFO + PCI[48.0] - PCI/0-c6000 (1000c0301000100b)
10-72-1-171:30775:30775 [0] NCCL INFO               + PCI[48.0] - GPU/0-c8000 (2)
10-72-1-171:30776:30776 [1] NCCL INFO ncclTopoGetCpuAffinity: Affinity for GPU 5 is 44-87,132-175. (GPU affinity = 44-87,132-175 ; CPU affinity = 0-175).
10-72-1-171:30775:30775 [0] NCCL INFO                             + NVL[370.8] - NVS/0-0
10-72-1-171:30775:30775 [0] NCCL INFO + PCI[48.0] - PCI/0-d7000 (1000c0301000100b)
10-72-1-171:30775:30775 [0] NCCL INFO               + PCI[48.0] - GPU/0-d9000 (3)
10-72-1-171:30775:30775 [0] NCCL INFO                             + NVL[370.8] - NVS/0-0
10-72-1-171:30775:30775 [0] NCCL INFO ==========================================
10-72-1-171:30776:30776 [1] NCCL INFO NVLS multicast support is available on dev 1 (NVLS_NCHANNELS 16)
10-72-1-171:30775:30775 [0] NCCL INFO GPU/0-98000 :GPU/0-98000 (0/5000.0/LOC) GPU/0-b8000 (2/370.8/NVL) GPU/0-c8000 (2/370.8/NVL) GPU/0-d9000 (2/370.8/NVL) NVS/0-0 (1/370.8/NVL) CPU/0-1 (2/48.0/PHB) NET/0-0 (4/1.2/PHB) 
10-72-1-171:30775:30775 [0] NCCL INFO GPU/0-b8000 :GPU/0-98000 (2/370.8/NVL) GPU/0-b8000 (0/5000.0/LOC) GPU/0-c8000 (2/370.8/NVL) GPU/0-d9000 (2/370.8/NVL) NVS/0-0 (1/370.8/NVL) CPU/0-1 (2/48.0/PHB) NET/0-0 (4/1.2/PHB) 
10-72-1-171:30775:30775 [0] NCCL INFO GPU/0-c8000 :GPU/0-98000 (2/370.8/NVL) GPU/0-b8000 (2/370.8/NVL) GPU/0-c8000 (0/5000.0/LOC) GPU/0-d9000 (2/370.8/NVL) NVS/0-0 (1/370.8/NVL) CPU/0-1 (2/48.0/PHB) NET/0-0 (4/1.2/PHB) 
10-72-1-171:30775:30775 [0] NCCL INFO GPU/0-d9000 :GPU/0-98000 (2/370.8/NVL) GPU/0-b8000 (2/370.8/NVL) GPU/0-c8000 (2/370.8/NVL) GPU/0-d9000 (0/5000.0/LOC) NVS/0-0 (1/370.8/NVL) CPU/0-1 (2/48.0/PHB) NET/0-0 (4/1.2/PHB) 
10-72-1-171:30775:30775 [0] NCCL INFO NET/0-0 :GPU/0-98000 (4/1.2/PHB) GPU/0-b8000 (4/1.2/PHB) GPU/0-c8000 (4/1.2/PHB) GPU/0-d9000 (4/1.2/PHB) CPU/0-1 (2/1.2/PHB) NET/0-0 (0/5000.0/LOC) 
10-72-1-171:30775:30775 [0] NCCL INFO ncclTopoGetCpuAffinity: Affinity for GPU 4 is 44-87,132-175. (GPU affinity = 44-87,132-175 ; CPU affinity = 0-175).
10-72-1-171:30775:30775 [0] NCCL INFO NVLS multicast support is available on dev 0 (NVLS_NCHANNELS 16)
10-72-1-171:30777:30777 [2] NCCL INFO === System : maxBw 370.8 totalBw 370.8 ===
10-72-1-171:30777:30777 [2] NCCL INFO CPU/0-1 (1/1/3)
10-72-1-171:30777:30777 [2] NCCL INFO + PCI[5000.0] - NIC/0-0
10-72-1-171:30777:30777 [2] NCCL INFO                 + NET[1.2] - NET/0-0 (0/0/0/1.250000)
10-72-1-171:30777:30777 [2] NCCL INFO + PCI[48.0] - PCI/0-96000 (1000c0301000100b)
10-72-1-171:30777:30777 [2] NCCL INFO               + PCI[48.0] - GPU/0-98000 (0)
10-72-1-171:30777:30777 [2] NCCL INFO                             + NVL[370.8] - NVS/0-0
10-72-1-171:30777:30777 [2] NCCL INFO + PCI[48.0] - PCI/0-b6000 (1000c0301000100b)
10-72-1-171:30777:30777 [2] NCCL INFO               + PCI[48.0] - GPU/0-b8000 (1)
10-72-1-171:30777:30777 [2] NCCL INFO                             + NVL[370.8] - NVS/0-0
10-72-1-171:30777:30777 [2] NCCL INFO + PCI[48.0] - PCI/0-c6000 (1000c0301000100b)
10-72-1-171:30777:30777 [2] NCCL INFO               + PCI[48.0] - GPU/0-c8000 (2)
10-72-1-171:30777:30777 [2] NCCL INFO                             + NVL[370.8] - NVS/0-0
10-72-1-171:30777:30777 [2] NCCL INFO + PCI[48.0] - PCI/0-d7000 (1000c0301000100b)
10-72-1-171:30777:30777 [2] NCCL INFO               + PCI[48.0] - GPU/0-d9000 (3)
10-72-1-171:30777:30777 [2] NCCL INFO                             + NVL[370.8] - NVS/0-0
10-72-1-171:30777:30777 [2] NCCL INFO ==========================================
10-72-1-171:30777:30777 [2] NCCL INFO GPU/0-98000 :GPU/0-98000 (0/5000.0/LOC) GPU/0-b8000 (2/370.8/NVL) GPU/0-c8000 (2/370.8/NVL) GPU/0-d9000 (2/370.8/NVL) NVS/0-0 (1/370.8/NVL) CPU/0-1 (2/48.0/PHB) NET/0-0 (4/1.2/PHB) 
10-72-1-171:30777:30777 [2] NCCL INFO GPU/0-b8000 :GPU/0-98000 (2/370.8/NVL) GPU/0-b8000 (0/5000.0/LOC) GPU/0-c8000 (2/370.8/NVL) GPU/0-d9000 (2/370.8/NVL) NVS/0-0 (1/370.8/NVL) CPU/0-1 (2/48.0/PHB) NET/0-0 (4/1.2/PHB) 
10-72-1-171:30777:30777 [2] NCCL INFO GPU/0-c8000 :GPU/0-98000 (2/370.8/NVL) GPU/0-b8000 (2/370.8/NVL) GPU/0-c8000 (0/5000.0/LOC) GPU/0-d9000 (2/370.8/NVL) NVS/0-0 (1/370.8/NVL) CPU/0-1 (2/48.0/PHB) NET/0-0 (4/1.2/PHB) 
10-72-1-171:30777:30777 [2] NCCL INFO GPU/0-d9000 :GPU/0-98000 (2/370.8/NVL) GPU/0-b8000 (2/370.8/NVL) GPU/0-c8000 (2/370.8/NVL) GPU/0-d9000 (0/5000.0/LOC) NVS/0-0 (1/370.8/NVL) CPU/0-1 (2/48.0/PHB) NET/0-0 (4/1.2/PHB) 
10-72-1-171:30777:30777 [2] NCCL INFO NET/0-0 :GPU/0-98000 (4/1.2/PHB) GPU/0-b8000 (4/1.2/PHB) GPU/0-c8000 (4/1.2/PHB) GPU/0-d9000 (4/1.2/PHB) CPU/0-1 (2/1.2/PHB) NET/0-0 (0/5000.0/LOC) 
10-72-1-171:30777:30777 [2] NCCL INFO ncclTopoGetCpuAffinity: Affinity for GPU 6 is 44-87,132-175. (GPU affinity = 44-87,132-175 ; CPU affinity = 0-175).
10-72-1-171:30777:30777 [2] NCCL INFO NVLS multicast support is available on dev 2 (NVLS_NCHANNELS 16)
10-72-1-171:30778:30778 [3] NCCL INFO Pattern 4, crossNic 0, nChannels 12, bw 30.000000/30.000000, type NVL/PIX, sameChannels 1
10-72-1-171:30778:30778 [3] NCCL INFO  0 : GPU/0-98000 GPU/0-b8000 GPU/0-c8000 GPU/0-d9000
10-72-1-171:30778:30778 [3] NCCL INFO  1 : GPU/0-98000 GPU/0-b8000 GPU/0-c8000 GPU/0-d9000
10-72-1-171:30778:30778 [3] NCCL INFO  2 : GPU/0-98000 GPU/0-b8000 GPU/0-c8000 GPU/0-d9000
10-72-1-171:30778:30778 [3] NCCL INFO  3 : GPU/0-98000 GPU/0-b8000 GPU/0-c8000 GPU/0-d9000
10-72-1-171:30778:30778 [3] NCCL INFO  4 : GPU/0-98000 GPU/0-b8000 GPU/0-c8000 GPU/0-d9000
10-72-1-171:30778:30778 [3] NCCL INFO  5 : GPU/0-98000 GPU/0-b8000 GPU/0-c8000 GPU/0-d9000
10-72-1-171:30778:30778 [3] NCCL INFO  6 : GPU/0-98000 GPU/0-b8000 GPU/0-c8000 GPU/0-d9000
10-72-1-171:30778:30778 [3] NCCL INFO  7 : GPU/0-98000 GPU/0-b8000 GPU/0-c8000 GPU/0-d9000
10-72-1-171:30778:30778 [3] NCCL INFO  8 : GPU/0-98000 GPU/0-b8000 GPU/0-c8000 GPU/0-d9000
10-72-1-171:30778:30778 [3] NCCL INFO  9 : GPU/0-98000 GPU/0-b8000 GPU/0-c8000 GPU/0-d9000
10-72-1-171:30778:30778 [3] NCCL INFO 10 : GPU/0-98000 GPU/0-b8000 GPU/0-c8000 GPU/0-d9000
10-72-1-171:30778:30778 [3] NCCL INFO 11 : GPU/0-98000 GPU/0-b8000 GPU/0-c8000 GPU/0-d9000
10-72-1-171:30778:30778 [3] NCCL INFO Pattern 1, crossNic 0, nChannels 12, bw 30.000000/30.000000, type NVL/PIX, sameChannels 1
10-72-1-171:30778:30778 [3] NCCL INFO  0 : GPU/0-98000 GPU/0-b8000 GPU/0-c8000 GPU/0-d9000
10-72-1-171:30778:30778 [3] NCCL INFO  1 : GPU/0-98000 GPU/0-b8000 GPU/0-c8000 GPU/0-d9000
10-72-1-171:30778:30778 [3] NCCL INFO  2 : GPU/0-98000 GPU/0-b8000 GPU/0-c8000 GPU/0-d9000
10-72-1-171:30778:30778 [3] NCCL INFO  3 : GPU/0-98000 GPU/0-b8000 GPU/0-c8000 GPU/0-d9000
10-72-1-171:30778:30778 [3] NCCL INFO  4 : GPU/0-98000 GPU/0-b8000 GPU/0-c8000 GPU/0-d9000
10-72-1-171:30778:30778 [3] NCCL INFO  5 : GPU/0-98000 GPU/0-b8000 GPU/0-c8000 GPU/0-d9000
10-72-1-171:30778:30778 [3] NCCL INFO  6 : GPU/0-98000 GPU/0-b8000 GPU/0-c8000 GPU/0-d9000
10-72-1-171:30778:30778 [3] NCCL INFO  7 : GPU/0-98000 GPU/0-b8000 GPU/0-c8000 GPU/0-d9000
10-72-1-171:30778:30778 [3] NCCL INFO  8 : GPU/0-98000 GPU/0-b8000 GPU/0-c8000 GPU/0-d9000
10-72-1-171:30778:30778 [3] NCCL INFO  9 : GPU/0-98000 GPU/0-b8000 GPU/0-c8000 GPU/0-d9000
10-72-1-171:30778:30778 [3] NCCL INFO 10 : GPU/0-98000 GPU/0-b8000 GPU/0-c8000 GPU/0-d9000
10-72-1-171:30778:30778 [3] NCCL INFO 11 : GPU/0-98000 GPU/0-b8000 GPU/0-c8000 GPU/0-d9000
10-72-1-171:30778:30778 [3] NCCL INFO Pattern 5, crossNic 0, nChannels 4, bw 60.000000/60.000000, type NVL/PIX, sameChannels 0
10-72-1-171:30778:30778 [3] NCCL INFO  0 : GPU/0-98000
10-72-1-171:30778:30778 [3] NCCL INFO  1 : GPU/0-b8000
10-72-1-171:30778:30778 [3] NCCL INFO  2 : GPU/0-c8000
10-72-1-171:30778:30778 [3] NCCL INFO  3 : GPU/0-d9000
10-72-1-171:30776:30776 [1] NCCL INFO Pattern 4, crossNic 0, nChannels 12, bw 30.000000/30.000000, type NVL/PIX, sameChannels 1
10-72-1-171:30776:30776 [1] NCCL INFO  0 : GPU/0-98000 GPU/0-b8000 GPU/0-c8000 GPU/0-d9000
10-72-1-171:30776:30776 [1] NCCL INFO  1 : GPU/0-98000 GPU/0-b8000 GPU/0-c8000 GPU/0-d9000
10-72-1-171:30776:30776 [1] NCCL INFO  2 : GPU/0-98000 GPU/0-b8000 GPU/0-c8000 GPU/0-d9000
10-72-1-171:30776:30776 [1] NCCL INFO  3 : GPU/0-98000 GPU/0-b8000 GPU/0-c8000 GPU/0-d9000
10-72-1-171:30776:30776 [1] NCCL INFO  4 : GPU/0-98000 GPU/0-b8000 GPU/0-c8000 GPU/0-d9000
10-72-1-171:30776:30776 [1] NCCL INFO  5 : GPU/0-98000 GPU/0-b8000 GPU/0-c8000 GPU/0-d9000
10-72-1-171:30776:30776 [1] NCCL INFO  6 : GPU/0-98000 GPU/0-b8000 GPU/0-c8000 GPU/0-d9000
10-72-1-171:30776:30776 [1] NCCL INFO  7 : GPU/0-98000 GPU/0-b8000 GPU/0-c8000 GPU/0-d9000
10-72-1-171:30776:30776 [1] NCCL INFO  8 : GPU/0-98000 GPU/0-b8000 GPU/0-c8000 GPU/0-d9000
10-72-1-171:30776:30776 [1] NCCL INFO  9 : GPU/0-98000 GPU/0-b8000 GPU/0-c8000 GPU/0-d9000
10-72-1-171:30776:30776 [1] NCCL INFO 10 : GPU/0-98000 GPU/0-b8000 GPU/0-c8000 GPU/0-d9000
10-72-1-171:30776:30776 [1] NCCL INFO 11 : GPU/0-98000 GPU/0-b8000 GPU/0-c8000 GPU/0-d9000
10-72-1-171:30775:30775 [0] NCCL INFO Pattern 4, crossNic 0, nChannels 12, bw 30.000000/30.000000, type NVL/PIX, sameChannels 1
10-72-1-171:30775:30775 [0] NCCL INFO  0 : GPU/0-98000 GPU/0-b8000 GPU/0-c8000 GPU/0-d9000
10-72-1-171:30775:30775 [0] NCCL INFO  1 : GPU/0-98000 GPU/0-b8000 GPU/0-c8000 GPU/0-d9000
10-72-1-171:30775:30775 [0] NCCL INFO  2 : GPU/0-98000 GPU/0-b8000 GPU/0-c8000 GPU/0-d9000
10-72-1-171:30775:30775 [0] NCCL INFO  3 : GPU/0-98000 GPU/0-b8000 GPU/0-c8000 GPU/0-d9000
10-72-1-171:30775:30775 [0] NCCL INFO  4 : GPU/0-98000 GPU/0-b8000 GPU/0-c8000 GPU/0-d9000
10-72-1-171:30775:30775 [0] NCCL INFO  5 : GPU/0-98000 GPU/0-b8000 GPU/0-c8000 GPU/0-d9000
10-72-1-171:30775:30775 [0] NCCL INFO  6 : GPU/0-98000 GPU/0-b8000 GPU/0-c8000 GPU/0-d9000
10-72-1-171:30775:30775 [0] NCCL INFO  7 : GPU/0-98000 GPU/0-b8000 GPU/0-c8000 GPU/0-d9000
10-72-1-171:30775:30775 [0] NCCL INFO  8 : GPU/0-98000 GPU/0-b8000 GPU/0-c8000 GPU/0-d9000
10-72-1-171:30775:30775 [0] NCCL INFO  9 : GPU/0-98000 GPU/0-b8000 GPU/0-c8000 GPU/0-d9000
10-72-1-171:30775:30775 [0] NCCL INFO 10 : GPU/0-98000 GPU/0-b8000 GPU/0-c8000 GPU/0-d9000
10-72-1-171:30775:30775 [0] NCCL INFO 11 : GPU/0-98000 GPU/0-b8000 GPU/0-c8000 GPU/0-d9000
10-72-1-171:30777:30777 [2] NCCL INFO Pattern 4, crossNic 0, nChannels 12, bw 30.000000/30.000000, type NVL/PIX, sameChannels 1
10-72-1-171:30777:30777 [2] NCCL INFO  0 : GPU/0-98000 GPU/0-b8000 GPU/0-c8000 GPU/0-d9000
10-72-1-171:30777:30777 [2] NCCL INFO  1 : GPU/0-98000 GPU/0-b8000 GPU/0-c8000 GPU/0-d9000
10-72-1-171:30777:30777 [2] NCCL INFO  2 : GPU/0-98000 GPU/0-b8000 GPU/0-c8000 GPU/0-d9000
10-72-1-171:30777:30777 [2] NCCL INFO  3 : GPU/0-98000 GPU/0-b8000 GPU/0-c8000 GPU/0-d9000
10-72-1-171:30777:30777 [2] NCCL INFO  4 : GPU/0-98000 GPU/0-b8000 GPU/0-c8000 GPU/0-d9000
10-72-1-171:30777:30777 [2] NCCL INFO  5 : GPU/0-98000 GPU/0-b8000 GPU/0-c8000 GPU/0-d9000
10-72-1-171:30777:30777 [2] NCCL INFO  6 : GPU/0-98000 GPU/0-b8000 GPU/0-c8000 GPU/0-d9000
10-72-1-171:30777:30777 [2] NCCL INFO  7 : GPU/0-98000 GPU/0-b8000 GPU/0-c8000 GPU/0-d9000
10-72-1-171:30777:30777 [2] NCCL INFO  8 : GPU/0-98000 GPU/0-b8000 GPU/0-c8000 GPU/0-d9000
10-72-1-171:30777:30777 [2] NCCL INFO  9 : GPU/0-98000 GPU/0-b8000 GPU/0-c8000 GPU/0-d9000
10-72-1-171:30777:30777 [2] NCCL INFO 10 : GPU/0-98000 GPU/0-b8000 GPU/0-c8000 GPU/0-d9000
10-72-1-171:30777:30777 [2] NCCL INFO 11 : GPU/0-98000 GPU/0-b8000 GPU/0-c8000 GPU/0-d9000
10-72-1-171:30777:30777 [2] NCCL INFO Pattern 1, crossNic 0, nChannels 12, bw 30.000000/30.000000, type NVL/PIX, sameChannels 1
10-72-1-171:30777:30777 [2] NCCL INFO  0 : GPU/0-98000 GPU/0-b8000 GPU/0-c8000 GPU/0-d9000
10-72-1-171:30777:30777 [2] NCCL INFO  1 : GPU/0-98000 GPU/0-b8000 GPU/0-c8000 GPU/0-d9000
10-72-1-171:30777:30777 [2] NCCL INFO  2 : GPU/0-98000 GPU/0-b8000 GPU/0-c8000 GPU/0-d9000
10-72-1-171:30777:30777 [2] NCCL INFO  3 : GPU/0-98000 GPU/0-b8000 GPU/0-c8000 GPU/0-d9000
10-72-1-171:30777:30777 [2] NCCL INFO  4 : GPU/0-98000 GPU/0-b8000 GPU/0-c8000 GPU/0-d9000
10-72-1-171:30777:30777 [2] NCCL INFO  5 : GPU/0-98000 GPU/0-b8000 GPU/0-c8000 GPU/0-d9000
10-72-1-171:30777:30777 [2] NCCL INFO  6 : GPU/0-98000 GPU/0-b8000 GPU/0-c8000 GPU/0-d9000
10-72-1-171:30777:30777 [2] NCCL INFO  7 : GPU/0-98000 GPU/0-b8000 GPU/0-c8000 GPU/0-d9000
10-72-1-171:30777:30777 [2] NCCL INFO  8 : GPU/0-98000 GPU/0-b8000 GPU/0-c8000 GPU/0-d9000
10-72-1-171:30777:30777 [2] NCCL INFO  9 : GPU/0-98000 GPU/0-b8000 GPU/0-c8000 GPU/0-d9000
10-72-1-171:30777:30777 [2] NCCL INFO 10 : GPU/0-98000 GPU/0-b8000 GPU/0-c8000 GPU/0-d9000
10-72-1-171:30777:30777 [2] NCCL INFO 11 : GPU/0-98000 GPU/0-b8000 GPU/0-c8000 GPU/0-d9000
10-72-1-171:30775:30775 [0] NCCL INFO Pattern 1, crossNic 0, nChannels 12, bw 30.000000/30.000000, type NVL/PIX, sameChannels 1
10-72-1-171:30775:30775 [0] NCCL INFO  0 : GPU/0-98000 GPU/0-b8000 GPU/0-c8000 GPU/0-d9000
10-72-1-171:30775:30775 [0] NCCL INFO  1 : GPU/0-98000 GPU/0-b8000 GPU/0-c8000 GPU/0-d9000
10-72-1-171:30775:30775 [0] NCCL INFO  2 : GPU/0-98000 GPU/0-b8000 GPU/0-c8000 GPU/0-d9000
10-72-1-171:30775:30775 [0] NCCL INFO  3 : GPU/0-98000 GPU/0-b8000 GPU/0-c8000 GPU/0-d9000
10-72-1-171:30775:30775 [0] NCCL INFO  4 : GPU/0-98000 GPU/0-b8000 GPU/0-c8000 GPU/0-d9000
10-72-1-171:30775:30775 [0] NCCL INFO  5 : GPU/0-98000 GPU/0-b8000 GPU/0-c8000 GPU/0-d9000
10-72-1-171:30775:30775 [0] NCCL INFO  6 : GPU/0-98000 GPU/0-b8000 GPU/0-c8000 GPU/0-d9000
10-72-1-171:30775:30775 [0] NCCL INFO  7 : GPU/0-98000 GPU/0-b8000 GPU/0-c8000 GPU/0-d9000
10-72-1-171:30775:30775 [0] NCCL INFO  8 : GPU/0-98000 GPU/0-b8000 GPU/0-c8000 GPU/0-d9000
10-72-1-171:30775:30775 [0] NCCL INFO  9 : GPU/0-98000 GPU/0-b8000 GPU/0-c8000 GPU/0-d9000
10-72-1-171:30775:30775 [0] NCCL INFO 10 : GPU/0-98000 GPU/0-b8000 GPU/0-c8000 GPU/0-d9000
10-72-1-171:30775:30775 [0] NCCL INFO 11 : GPU/0-98000 GPU/0-b8000 GPU/0-c8000 GPU/0-d9000
10-72-1-171:30777:30777 [2] NCCL INFO Pattern 5, crossNic 0, nChannels 4, bw 60.000000/60.000000, type NVL/PIX, sameChannels 0
10-72-1-171:30777:30777 [2] NCCL INFO  0 : GPU/0-98000
10-72-1-171:30777:30777 [2] NCCL INFO  1 : GPU/0-b8000
10-72-1-171:30777:30777 [2] NCCL INFO  2 : GPU/0-c8000
10-72-1-171:30777:30777 [2] NCCL INFO  3 : GPU/0-d9000
10-72-1-171:30776:30776 [1] NCCL INFO Pattern 1, crossNic 0, nChannels 12, bw 30.000000/30.000000, type NVL/PIX, sameChannels 1
10-72-1-171:30776:30776 [1] NCCL INFO  0 : GPU/0-98000 GPU/0-b8000 GPU/0-c8000 GPU/0-d9000
10-72-1-171:30776:30776 [1] NCCL INFO  1 : GPU/0-98000 GPU/0-b8000 GPU/0-c8000 GPU/0-d9000
10-72-1-171:30776:30776 [1] NCCL INFO  2 : GPU/0-98000 GPU/0-b8000 GPU/0-c8000 GPU/0-d9000
10-72-1-171:30776:30776 [1] NCCL INFO  3 : GPU/0-98000 GPU/0-b8000 GPU/0-c8000 GPU/0-d9000
10-72-1-171:30776:30776 [1] NCCL INFO  4 : GPU/0-98000 GPU/0-b8000 GPU/0-c8000 GPU/0-d9000
10-72-1-171:30776:30776 [1] NCCL INFO  5 : GPU/0-98000 GPU/0-b8000 GPU/0-c8000 GPU/0-d9000
10-72-1-171:30776:30776 [1] NCCL INFO  6 : GPU/0-98000 GPU/0-b8000 GPU/0-c8000 GPU/0-d9000
10-72-1-171:30776:30776 [1] NCCL INFO  7 : GPU/0-98000 GPU/0-b8000 GPU/0-c8000 GPU/0-d9000
10-72-1-171:30776:30776 [1] NCCL INFO  8 : GPU/0-98000 GPU/0-b8000 GPU/0-c8000 GPU/0-d9000
10-72-1-171:30776:30776 [1] NCCL INFO  9 : GPU/0-98000 GPU/0-b8000 GPU/0-c8000 GPU/0-d9000
10-72-1-171:30776:30776 [1] NCCL INFO 10 : GPU/0-98000 GPU/0-b8000 GPU/0-c8000 GPU/0-d9000
10-72-1-171:30776:30776 [1] NCCL INFO 11 : GPU/0-98000 GPU/0-b8000 GPU/0-c8000 GPU/0-d9000
10-72-1-171:30775:30775 [0] NCCL INFO Pattern 5, crossNic 0, nChannels 4, bw 60.000000/60.000000, type NVL/PIX, sameChannels 0
10-72-1-171:30775:30775 [0] NCCL INFO  0 : GPU/0-98000
10-72-1-171:30775:30775 [0] NCCL INFO  1 : GPU/0-b8000
10-72-1-171:30775:30775 [0] NCCL INFO  2 : GPU/0-c8000
10-72-1-171:30775:30775 [0] NCCL INFO  3 : GPU/0-d9000
10-72-1-171:30776:30776 [1] NCCL INFO Pattern 5, crossNic 0, nChannels 4, bw 60.000000/60.000000, type NVL/PIX, sameChannels 0
10-72-1-171:30776:30776 [1] NCCL INFO  0 : GPU/0-98000
10-72-1-171:30776:30776 [1] NCCL INFO  1 : GPU/0-b8000
10-72-1-171:30776:30776 [1] NCCL INFO  2 : GPU/0-c8000
10-72-1-171:30776:30776 [1] NCCL INFO  3 : GPU/0-d9000
10-72-1-171:30778:30778 [3] NCCL INFO comm 0x61f2d37736c0 rank 3 nRanks 4 nNodes 1 localRanks 4 localRank 3 MNNVL 0
10-72-1-171:30777:30777 [2] NCCL INFO comm 0x62885a730ff0 rank 2 nRanks 4 nNodes 1 localRanks 4 localRank 2 MNNVL 0
10-72-1-171:30776:30776 [1] NCCL INFO comm 0x5d46811e0380 rank 1 nRanks 4 nNodes 1 localRanks 4 localRank 1 MNNVL 0
10-72-1-171:30775:30775 [0] NCCL INFO comm 0x614d4a620480 rank 0 nRanks 4 nNodes 1 localRanks 4 localRank 0 MNNVL 0
10-72-1-171:30776:30776 [1] NCCL INFO Tree 0 : 0 -> 1 -> 2/-1/-1
10-72-1-171:30775:30775 [0] NCCL INFO Tree 0 : -1 -> 0 -> 1/-1/-1
10-72-1-171:30776:30776 [1] NCCL INFO Tree 12 : 0 -> 1 -> 2/-1/-1
10-72-1-171:30775:30775 [0] NCCL INFO Tree 12 : -1 -> 0 -> 1/-1/-1
10-72-1-171:30776:30776 [1] NCCL INFO Tree 1 : 0 -> 1 -> 2/-1/-1
10-72-1-171:30775:30775 [0] NCCL INFO Tree 1 : -1 -> 0 -> 1/-1/-1
10-72-1-171:30776:30776 [1] NCCL INFO Tree 13 : 0 -> 1 -> 2/-1/-1
10-72-1-171:30775:30775 [0] NCCL INFO Tree 13 : -1 -> 0 -> 1/-1/-1
10-72-1-171:30776:30776 [1] NCCL INFO Tree 2 : 0 -> 1 -> 2/-1/-1
10-72-1-171:30778:30778 [3] NCCL INFO Ring 00 : 2 -> 3 -> 0
10-72-1-171:30775:30775 [0] NCCL INFO Tree 2 : -1 -> 0 -> 1/-1/-1
10-72-1-171:30776:30776 [1] NCCL INFO Tree 14 : 0 -> 1 -> 2/-1/-1
10-72-1-171:30778:30778 [3] NCCL INFO Ring 01 : 2 -> 3 -> 0
10-72-1-171:30776:30776 [1] NCCL INFO Tree 3 : 0 -> 1 -> 2/-1/-1
10-72-1-171:30778:30778 [3] NCCL INFO Ring 02 : 2 -> 3 -> 0
10-72-1-171:30775:30775 [0] NCCL INFO Tree 14 : -1 -> 0 -> 1/-1/-1
10-72-1-171:30777:30777 [2] NCCL INFO Ring 00 : 1 -> 2 -> 3
10-72-1-171:30778:30778 [3] NCCL INFO Ring 03 : 2 -> 3 -> 0
10-72-1-171:30776:30776 [1] NCCL INFO Tree 15 : 0 -> 1 -> 2/-1/-1
10-72-1-171:30775:30775 [0] NCCL INFO Tree 3 : -1 -> 0 -> 1/-1/-1
10-72-1-171:30777:30777 [2] NCCL INFO Ring 01 : 1 -> 2 -> 3
10-72-1-171:30778:30778 [3] NCCL INFO Ring 04 : 2 -> 3 -> 0
10-72-1-171:30775:30775 [0] NCCL INFO Tree 15 : -1 -> 0 -> 1/-1/-1
10-72-1-171:30776:30776 [1] NCCL INFO Tree 4 : 0 -> 1 -> 2/-1/-1
10-72-1-171:30778:30778 [3] NCCL INFO Ring 05 : 2 -> 3 -> 0
10-72-1-171:30776:30776 [1] NCCL INFO Tree 16 : 0 -> 1 -> 2/-1/-1
10-72-1-171:30777:30777 [2] NCCL INFO Ring 02 : 1 -> 2 -> 3
10-72-1-171:30775:30775 [0] NCCL INFO Tree 4 : -1 -> 0 -> 1/-1/-1
10-72-1-171:30778:30778 [3] NCCL INFO Ring 06 : 2 -> 3 -> 0
10-72-1-171:30776:30776 [1] NCCL INFO Tree 5 : 0 -> 1 -> 2/-1/-1
10-72-1-171:30777:30777 [2] NCCL INFO Ring 03 : 1 -> 2 -> 3
10-72-1-171:30775:30775 [0] NCCL INFO Tree 16 : -1 -> 0 -> 1/-1/-1
10-72-1-171:30778:30778 [3] NCCL INFO Ring 07 : 2 -> 3 -> 0
10-72-1-171:30776:30776 [1] NCCL INFO Tree 17 : 0 -> 1 -> 2/-1/-1
10-72-1-171:30775:30775 [0] NCCL INFO Tree 5 : -1 -> 0 -> 1/-1/-1
10-72-1-171:30777:30777 [2] NCCL INFO Ring 04 : 1 -> 2 -> 3
10-72-1-171:30776:30776 [1] NCCL INFO Tree 6 : 0 -> 1 -> 2/-1/-1
10-72-1-171:30778:30778 [3] NCCL INFO Ring 08 : 2 -> 3 -> 0
10-72-1-171:30775:30775 [0] NCCL INFO Tree 17 : -1 -> 0 -> 1/-1/-1
10-72-1-171:30777:30777 [2] NCCL INFO Ring 05 : 1 -> 2 -> 3
10-72-1-171:30776:30776 [1] NCCL INFO Tree 18 : 0 -> 1 -> 2/-1/-1
10-72-1-171:30778:30778 [3] NCCL INFO Ring 09 : 2 -> 3 -> 0
10-72-1-171:30775:30775 [0] NCCL INFO Tree 6 : -1 -> 0 -> 1/-1/-1
10-72-1-171:30777:30777 [2] NCCL INFO Ring 06 : 1 -> 2 -> 3
10-72-1-171:30776:30776 [1] NCCL INFO Tree 7 : 0 -> 1 -> 2/-1/-1
10-72-1-171:30775:30775 [0] NCCL INFO Tree 18 : -1 -> 0 -> 1/-1/-1
10-72-1-171:30778:30778 [3] NCCL INFO Ring 10 : 2 -> 3 -> 0
10-72-1-171:30777:30777 [2] NCCL INFO Ring 07 : 1 -> 2 -> 3
10-72-1-171:30776:30776 [1] NCCL INFO Tree 19 : 0 -> 1 -> 2/-1/-1
10-72-1-171:30775:30775 [0] NCCL INFO Tree 7 : -1 -> 0 -> 1/-1/-1
10-72-1-171:30778:30778 [3] NCCL INFO Ring 11 : 2 -> 3 -> 0
10-72-1-171:30777:30777 [2] NCCL INFO Ring 08 : 1 -> 2 -> 3
10-72-1-171:30776:30776 [1] NCCL INFO Tree 8 : 0 -> 1 -> 2/-1/-1
10-72-1-171:30775:30775 [0] NCCL INFO Tree 19 : -1 -> 0 -> 1/-1/-1
10-72-1-171:30778:30778 [3] NCCL INFO Ring 12 : 2 -> 3 -> 0
10-72-1-171:30777:30777 [2] NCCL INFO Ring 09 : 1 -> 2 -> 3
10-72-1-171:30776:30776 [1] NCCL INFO Tree 20 : 0 -> 1 -> 2/-1/-1
10-72-1-171:30775:30775 [0] NCCL INFO Tree 8 : -1 -> 0 -> 1/-1/-1
10-72-1-171:30776:30776 [1] NCCL INFO Tree 9 : 0 -> 1 -> 2/-1/-1
10-72-1-171:30777:30777 [2] NCCL INFO Ring 10 : 1 -> 2 -> 3
10-72-1-171:30778:30778 [3] NCCL INFO Ring 13 : 2 -> 3 -> 0
10-72-1-171:30775:30775 [0] NCCL INFO Tree 20 : -1 -> 0 -> 1/-1/-1
10-72-1-171:30776:30776 [1] NCCL INFO Tree 21 : 0 -> 1 -> 2/-1/-1
10-72-1-171:30777:30777 [2] NCCL INFO Ring 11 : 1 -> 2 -> 3
10-72-1-171:30778:30778 [3] NCCL INFO Ring 14 : 2 -> 3 -> 0
10-72-1-171:30775:30775 [0] NCCL INFO Tree 9 : -1 -> 0 -> 1/-1/-1
10-72-1-171:30776:30776 [1] NCCL INFO Tree 10 : 0 -> 1 -> 2/-1/-1
10-72-1-171:30777:30777 [2] NCCL INFO Ring 12 : 1 -> 2 -> 3
10-72-1-171:30778:30778 [3] NCCL INFO Ring 15 : 2 -> 3 -> 0
10-72-1-171:30777:30777 [2] NCCL INFO Ring 13 : 1 -> 2 -> 3
10-72-1-171:30775:30775 [0] NCCL INFO Tree 21 : -1 -> 0 -> 1/-1/-1
10-72-1-171:30776:30776 [1] NCCL INFO Tree 22 : 0 -> 1 -> 2/-1/-1
10-72-1-171:30778:30778 [3] NCCL INFO Ring 16 : 2 -> 3 -> 0
10-72-1-171:30777:30777 [2] NCCL INFO Ring 14 : 1 -> 2 -> 3
10-72-1-171:30775:30775 [0] NCCL INFO Tree 10 : -1 -> 0 -> 1/-1/-1
10-72-1-171:30778:30778 [3] NCCL INFO Ring 17 : 2 -> 3 -> 0
10-72-1-171:30776:30776 [1] NCCL INFO Tree 11 : 0 -> 1 -> 2/-1/-1
10-72-1-171:30775:30775 [0] NCCL INFO Tree 22 : -1 -> 0 -> 1/-1/-1
10-72-1-171:30777:30777 [2] NCCL INFO Ring 15 : 1 -> 2 -> 3
10-72-1-171:30778:30778 [3] NCCL INFO Ring 18 : 2 -> 3 -> 0
10-72-1-171:30777:30777 [2] NCCL INFO Ring 16 : 1 -> 2 -> 3
10-72-1-171:30775:30775 [0] NCCL INFO Tree 11 : -1 -> 0 -> 1/-1/-1
10-72-1-171:30776:30776 [1] NCCL INFO Tree 23 : 0 -> 1 -> 2/-1/-1
10-72-1-171:30778:30778 [3] NCCL INFO Ring 19 : 2 -> 3 -> 0
10-72-1-171:30777:30777 [2] NCCL INFO Ring 17 : 1 -> 2 -> 3
10-72-1-171:30775:30775 [0] NCCL INFO Tree 23 : -1 -> 0 -> 1/-1/-1
10-72-1-171:30778:30778 [3] NCCL INFO Ring 20 : 2 -> 3 -> 0
10-72-1-171:30777:30777 [2] NCCL INFO Ring 18 : 1 -> 2 -> 3
10-72-1-171:30778:30778 [3] NCCL INFO Ring 21 : 2 -> 3 -> 0
10-72-1-171:30777:30777 [2] NCCL INFO Ring 19 : 1 -> 2 -> 3
10-72-1-171:30778:30778 [3] NCCL INFO Ring 22 : 2 -> 3 -> 0
10-72-1-171:30777:30777 [2] NCCL INFO Ring 20 : 1 -> 2 -> 3
10-72-1-171:30778:30778 [3] NCCL INFO Ring 23 : 2 -> 3 -> 0
10-72-1-171:30777:30777 [2] NCCL INFO Ring 21 : 1 -> 2 -> 3
10-72-1-171:30778:30778 [3] NCCL INFO Trees [0] -1/-1/-1->3->2 [1] -1/-1/-1->3->2 [2] -1/-1/-1->3->2 [3] -1/-1/-1->3->2 [4] -1/-1/-1->3->2 [5] -1/-1/-1->3->2 [6] -1/-1/-1->3->2 [7] -1/-1/-1->3->2 [8] -1/-1/-1->3->2 [9] -1/-1/-1->3->2 [10] -1/-1/-1->3->2 [11] -1/-1/-1->3->2 [12] -1/-1/-1->3->2 [13] -1/-1/-1->3->2 [14] -1/-1/-1->3->2 [15] -1/-1/-1->3->2 [16] -1/-1/-1->3->2 [17] -1/-1/-1->3->2 [18] -1/-1/-1->3->2 [19] -1/-1/-1->3->2 [20] -1/-1/-1->3->2 [21] -1/-1/-1->3->2 [22] -1/-1/-1->3->2 [23] -1/-1/-1->3->2
10-72-1-171:30777:30777 [2] NCCL INFO Ring 22 : 1 -> 2 -> 3
10-72-1-171:30775:30775 [0] NCCL INFO Channel 00/24 : 0 1 2 3
10-72-1-171:30778:30778 [3] NCCL INFO P2P Chunksize set to 524288
10-72-1-171:30777:30777 [2] NCCL INFO Ring 23 : 1 -> 2 -> 3
10-72-1-171:30775:30775 [0] NCCL INFO Channel 01/24 : 0 1 2 3
10-72-1-171:30777:30777 [2] NCCL INFO Trees [0] 3/-1/-1->2->1 [1] 3/-1/-1->2->1 [2] 3/-1/-1->2->1 [3] 3/-1/-1->2->1 [4] 3/-1/-1->2->1 [5] 3/-1/-1->2->1 [6] 3/-1/-1->2->1 [7] 3/-1/-1->2->1 [8] 3/-1/-1->2->1 [9] 3/-1/-1->2->1 [10] 3/-1/-1->2->1 [11] 3/-1/-1->2->1 [12] 3/-1/-1->2->1 [13] 3/-1/-1->2->1 [14] 3/-1/-1->2->1 [15] 3/-1/-1->2->1 [16] 3/-1/-1->2->1 [17] 3/-1/-1->2->1 [18] 3/-1/-1->2->1 [19] 3/-1/-1->2->1 [20] 3/-1/-1->2->1 [21] 3/-1/-1->2->1 [22] 3/-1/-1->2->1 [23] 3/-1/-1->2->1
10-72-1-171:30776:30776 [1] NCCL INFO Ring 00 : 0 -> 1 -> 2
10-72-1-171:30775:30775 [0] NCCL INFO Channel 02/24 : 0 1 2 3
10-72-1-171:30777:30777 [2] NCCL INFO P2P Chunksize set to 524288
10-72-1-171:30775:30775 [0] NCCL INFO Channel 03/24 : 0 1 2 3
10-72-1-171:30776:30776 [1] NCCL INFO Ring 01 : 0 -> 1 -> 2
10-72-1-171:30776:30776 [1] NCCL INFO Ring 02 : 0 -> 1 -> 2
10-72-1-171:30775:30775 [0] NCCL INFO Channel 04/24 : 0 1 2 3
10-72-1-171:30776:30776 [1] NCCL INFO Ring 03 : 0 -> 1 -> 2
10-72-1-171:30775:30775 [0] NCCL INFO Channel 05/24 : 0 1 2 3
10-72-1-171:30776:30776 [1] NCCL INFO Ring 04 : 0 -> 1 -> 2
10-72-1-171:30775:30775 [0] NCCL INFO Channel 06/24 : 0 1 2 3
10-72-1-171:30776:30776 [1] NCCL INFO Ring 05 : 0 -> 1 -> 2
10-72-1-171:30775:30775 [0] NCCL INFO Channel 07/24 : 0 1 2 3
10-72-1-171:30776:30776 [1] NCCL INFO Ring 06 : 0 -> 1 -> 2
10-72-1-171:30775:30775 [0] NCCL INFO Channel 08/24 : 0 1 2 3
10-72-1-171:30776:30776 [1] NCCL INFO Ring 07 : 0 -> 1 -> 2
10-72-1-171:30775:30775 [0] NCCL INFO Channel 09/24 : 0 1 2 3
10-72-1-171:30776:30776 [1] NCCL INFO Ring 08 : 0 -> 1 -> 2
10-72-1-171:30776:30776 [1] NCCL INFO Ring 09 : 0 -> 1 -> 2
10-72-1-171:30775:30775 [0] NCCL INFO Channel 10/24 : 0 1 2 3
10-72-1-171:30776:30776 [1] NCCL INFO Ring 10 : 0 -> 1 -> 2
10-72-1-171:30775:30775 [0] NCCL INFO Channel 11/24 : 0 1 2 3
10-72-1-171:30776:30776 [1] NCCL INFO Ring 11 : 0 -> 1 -> 2
10-72-1-171:30775:30775 [0] NCCL INFO Channel 12/24 : 0 1 2 3
10-72-1-171:30776:30776 [1] NCCL INFO Ring 12 : 0 -> 1 -> 2
10-72-1-171:30775:30775 [0] NCCL INFO Channel 13/24 : 0 1 2 3
10-72-1-171:30776:30776 [1] NCCL INFO Ring 13 : 0 -> 1 -> 2
10-72-1-171:30775:30775 [0] NCCL INFO Channel 14/24 : 0 1 2 3
10-72-1-171:30776:30776 [1] NCCL INFO Ring 14 : 0 -> 1 -> 2
10-72-1-171:30775:30775 [0] NCCL INFO Channel 15/24 : 0 1 2 3
10-72-1-171:30776:30776 [1] NCCL INFO Ring 15 : 0 -> 1 -> 2
10-72-1-171:30775:30775 [0] NCCL INFO Channel 16/24 : 0 1 2 3
10-72-1-171:30776:30776 [1] NCCL INFO Ring 16 : 0 -> 1 -> 2
10-72-1-171:30775:30775 [0] NCCL INFO Channel 17/24 : 0 1 2 3
10-72-1-171:30776:30776 [1] NCCL INFO Ring 17 : 0 -> 1 -> 2
10-72-1-171:30775:30775 [0] NCCL INFO Channel 18/24 : 0 1 2 3
10-72-1-171:30776:30776 [1] NCCL INFO Ring 18 : 0 -> 1 -> 2
10-72-1-171:30775:30775 [0] NCCL INFO Channel 19/24 : 0 1 2 3
10-72-1-171:30776:30776 [1] NCCL INFO Ring 19 : 0 -> 1 -> 2
10-72-1-171:30775:30775 [0] NCCL INFO Channel 20/24 : 0 1 2 3
10-72-1-171:30776:30776 [1] NCCL INFO Ring 20 : 0 -> 1 -> 2
10-72-1-171:30776:30776 [1] NCCL INFO Ring 21 : 0 -> 1 -> 2
10-72-1-171:30775:30775 [0] NCCL INFO Channel 21/24 : 0 1 2 3
10-72-1-171:30776:30776 [1] NCCL INFO Ring 22 : 0 -> 1 -> 2
10-72-1-171:30775:30775 [0] NCCL INFO Channel 22/24 : 0 1 2 3
10-72-1-171:30776:30776 [1] NCCL INFO Ring 23 : 0 -> 1 -> 2
10-72-1-171:30775:30775 [0] NCCL INFO Channel 23/24 : 0 1 2 3
10-72-1-171:30776:30776 [1] NCCL INFO Trees [0] 2/-1/-1->1->0 [1] 2/-1/-1->1->0 [2] 2/-1/-1->1->0 [3] 2/-1/-1->1->0 [4] 2/-1/-1->1->0 [5] 2/-1/-1->1->0 [6] 2/-1/-1->1->0 [7] 2/-1/-1->1->0 [8] 2/-1/-1->1->0 [9] 2/-1/-1->1->0 [10] 2/-1/-1->1->0 [11] 2/-1/-1->1->0 [12] 2/-1/-1->1->0 [13] 2/-1/-1->1->0 [14] 2/-1/-1->1->0 [15] 2/-1/-1->1->0 [16] 2/-1/-1->1->0 [17] 2/-1/-1->1->0 [18] 2/-1/-1->1->0 [19] 2/-1/-1->1->0 [20] 2/-1/-1->1->0 [21] 2/-1/-1->1->0 [22] 2/-1/-1->1->0 [23] 2/-1/-1->1->0
10-72-1-171:30775:30775 [0] NCCL INFO Ring 00 : 3 -> 0 -> 1
10-72-1-171:30776:30776 [1] NCCL INFO P2P Chunksize set to 524288
10-72-1-171:30775:30775 [0] NCCL INFO Ring 01 : 3 -> 0 -> 1
10-72-1-171:30775:30775 [0] NCCL INFO Ring 02 : 3 -> 0 -> 1
10-72-1-171:30775:30775 [0] NCCL INFO Ring 03 : 3 -> 0 -> 1
10-72-1-171:30775:30775 [0] NCCL INFO Ring 04 : 3 -> 0 -> 1
10-72-1-171:30775:30775 [0] NCCL INFO Ring 05 : 3 -> 0 -> 1
10-72-1-171:30775:30775 [0] NCCL INFO Ring 06 : 3 -> 0 -> 1
10-72-1-171:30775:30775 [0] NCCL INFO Ring 07 : 3 -> 0 -> 1
10-72-1-171:30775:30775 [0] NCCL INFO Ring 08 : 3 -> 0 -> 1
10-72-1-171:30775:30775 [0] NCCL INFO Ring 09 : 3 -> 0 -> 1
10-72-1-171:30775:30775 [0] NCCL INFO Ring 10 : 3 -> 0 -> 1
10-72-1-171:30775:30775 [0] NCCL INFO Ring 11 : 3 -> 0 -> 1
10-72-1-171:30775:30775 [0] NCCL INFO Ring 12 : 3 -> 0 -> 1
10-72-1-171:30775:30775 [0] NCCL INFO Ring 13 : 3 -> 0 -> 1
10-72-1-171:30775:30775 [0] NCCL INFO Ring 14 : 3 -> 0 -> 1
10-72-1-171:30775:30775 [0] NCCL INFO Ring 15 : 3 -> 0 -> 1
10-72-1-171:30775:30775 [0] NCCL INFO Ring 16 : 3 -> 0 -> 1
10-72-1-171:30775:30775 [0] NCCL INFO Ring 17 : 3 -> 0 -> 1
10-72-1-171:30775:30775 [0] NCCL INFO Ring 18 : 3 -> 0 -> 1
10-72-1-171:30775:30775 [0] NCCL INFO Ring 19 : 3 -> 0 -> 1
10-72-1-171:30775:30775 [0] NCCL INFO Ring 20 : 3 -> 0 -> 1
10-72-1-171:30775:30775 [0] NCCL INFO Ring 21 : 3 -> 0 -> 1
10-72-1-171:30775:30775 [0] NCCL INFO Ring 22 : 3 -> 0 -> 1
10-72-1-171:30775:30775 [0] NCCL INFO Ring 23 : 3 -> 0 -> 1
10-72-1-171:30775:30775 [0] NCCL INFO Trees [0] 1/-1/-1->0->-1 [1] 1/-1/-1->0->-1 [2] 1/-1/-1->0->-1 [3] 1/-1/-1->0->-1 [4] 1/-1/-1->0->-1 [5] 1/-1/-1->0->-1 [6] 1/-1/-1->0->-1 [7] 1/-1/-1->0->-1 [8] 1/-1/-1->0->-1 [9] 1/-1/-1->0->-1 [10] 1/-1/-1->0->-1 [11] 1/-1/-1->0->-1 [12] 1/-1/-1->0->-1 [13] 1/-1/-1->0->-1 [14] 1/-1/-1->0->-1 [15] 1/-1/-1->0->-1 [16] 1/-1/-1->0->-1 [17] 1/-1/-1->0->-1 [18] 1/-1/-1->0->-1 [19] 1/-1/-1->0->-1 [20] 1/-1/-1->0->-1 [21] 1/-1/-1->0->-1 [22] 1/-1/-1->0->-1 [23] 1/-1/-1->0->-1
10-72-1-171:30775:30775 [0] NCCL INFO P2P Chunksize set to 524288
10-72-1-171:30778:30778 [3] NCCL INFO PROFILER/Plugin: Could not find: libnccl-profiler.so
10-72-1-171:30778:30778 [3] NCCL INFO Check P2P Type isAllDirectP2p 1 directMode 0 isAllCudaP2p 1
10-72-1-171:30778:30778 [3] NCCL INFO ncclP2pSchedule: group size used is 4
10-72-1-171:30778:30868 [0] NCCL INFO [Proxy Service] Device 3 CPU core 51
10-72-1-171:30778:30869 [0] NCCL INFO [Proxy Service UDS] Device 3 CPU core 61
10-72-1-171:30777:30777 [2] NCCL INFO PROFILER/Plugin: Could not find: libnccl-profiler.so
10-72-1-171:30777:30777 [2] NCCL INFO Check P2P Type isAllDirectP2p 1 directMode 0 isAllCudaP2p 1
10-72-1-171:30777:30777 [2] NCCL INFO ncclP2pSchedule: group size used is 4
10-72-1-171:30777:30870 [0] NCCL INFO [Proxy Service] Device 2 CPU core 53
10-72-1-171:30776:30776 [1] NCCL INFO PROFILER/Plugin: Could not find: libnccl-profiler.so
10-72-1-171:30776:30776 [1] NCCL INFO Check P2P Type isAllDirectP2p 1 directMode 0 isAllCudaP2p 1
10-72-1-171:30777:30871 [0] NCCL INFO [Proxy Service UDS] Device 2 CPU core 85
10-72-1-171:30776:30776 [1] NCCL INFO ncclP2pSchedule: group size used is 4
10-72-1-171:30776:30872 [0] NCCL INFO [Proxy Service] Device 1 CPU core 144
10-72-1-171:30776:30873 [0] NCCL INFO [Proxy Service UDS] Device 1 CPU core 58
10-72-1-171:30775:30775 [0] NCCL INFO PROFILER/Plugin: Could not find: libnccl-profiler.so
10-72-1-171:30775:30775 [0] NCCL INFO Check P2P Type isAllDirectP2p 1 directMode 0 isAllCudaP2p 1
10-72-1-171:30775:30775 [0] NCCL INFO ncclP2pSchedule: group size used is 4
10-72-1-171:30775:30874 [0] NCCL INFO [Proxy Service] Device 0 CPU core 70
10-72-1-171:30775:30875 [0] NCCL INFO [Proxy Service UDS] Device 0 CPU core 140
10-72-1-171:30775:30874 [0] NCCL INFO New proxy send connection 0 from local rank 2, transport 0
10-72-1-171:30777:30777 [2] NCCL INFO Connected to proxy localRank 0 -> connection 0x74e304004f70
10-72-1-171:30775:30874 [0] NCCL INFO New proxy send connection 1 from local rank 3, transport 0
10-72-1-171:30778:30778 [3] NCCL INFO Connected to proxy localRank 0 -> connection 0x74e304004fe8
10-72-1-171:30775:30874 [0] NCCL INFO New proxy send connection 2 from local rank 1, transport 0
10-72-1-171:30776:30776 [1] NCCL INFO Connected to proxy localRank 0 -> connection 0x74e304005060
10-72-1-171:30778:30778 [3] NCCL INFO Failed to bind NVLink SHARP (NVLS) Multicast memory of size 2097152 : CUDA error 401 'the operation cannot be performed in the present state'. Proceeding without NVLS support.
10-72-1-171:30775:30775 [0] NCCL INFO Failed to bind NVLink SHARP (NVLS) Multicast memory of size 2097152 : CUDA error 401 'the operation cannot be performed in the present state'. Proceeding without NVLS support.
10-72-1-171:30777:30777 [2] NCCL INFO Failed to bind NVLink SHARP (NVLS) Multicast memory of size 2097152 : CUDA error 401 'the operation cannot be performed in the present state'. Proceeding without NVLS support.
10-72-1-171:30776:30776 [1] NCCL INFO Failed to bind NVLink SHARP (NVLS) Multicast memory of size 2097152 : CUDA error 401 'the operation cannot be performed in the present state'. Proceeding without NVLS support.
10-72-1-171:30775:30775 [0] NCCL INFO TUNER/Plugin: Could not find: libnccl-tuner.so
10-72-1-171:30777:30777 [2] NCCL INFO TUNER/Plugin: Could not find: libnccl-tuner.so
10-72-1-171:30777:30777 [2] NCCL INFO threadThresholds 8/8/64 | 32/8/64 | 512 | 512
10-72-1-171:30777:30777 [2] NCCL INFO 24 coll channels, 24 collnet channels, 0 nvls channels, 32 p2p channels, 32 p2p channels per peer
10-72-1-171:30778:30778 [3] NCCL INFO TUNER/Plugin: Could not find: libnccl-tuner.so
10-72-1-171:30778:30778 [3] NCCL INFO threadThresholds 8/8/64 | 32/8/64 | 512 | 512
10-72-1-171:30778:30778 [3] NCCL INFO 24 coll channels, 24 collnet channels, 0 nvls channels, 32 p2p channels, 32 p2p channels per peer
10-72-1-171:30776:30776 [1] NCCL INFO TUNER/Plugin: Could not find: libnccl-tuner.so
10-72-1-171:30775:30775 [0] NCCL INFO threadThresholds 8/8/64 | 32/8/64 | 512 | 512
10-72-1-171:30775:30775 [0] NCCL INFO 24 coll channels, 24 collnet channels, 0 nvls channels, 32 p2p channels, 32 p2p channels per peer
10-72-1-171:30776:30776 [1] NCCL INFO threadThresholds 8/8/64 | 32/8/64 | 512 | 512
10-72-1-171:30776:30776 [1] NCCL INFO 24 coll channels, 24 collnet channels, 0 nvls channels, 32 p2p channels, 32 p2p channels per peer
10-72-1-171:30775:30775 [0] NCCL INFO CC Off, workFifoBytes 1048576
10-72-1-171:30775:30775 [0] NCCL INFO ncclCommInitRankConfig comm 0x614d4a620480 rank 0 nranks 4 cudaDev 0 nvmlDev 4 busId 98000 commId 0xbca7251b61b1ac73 - Init COMPLETE
10-72-1-171:30777:30777 [2] NCCL INFO ncclCommInitRankConfig comm 0x62885a730ff0 rank 2 nranks 4 cudaDev 2 nvmlDev 6 busId c8000 commId 0xbca7251b61b1ac73 - Init COMPLETE
10-72-1-171:30775:30775 [0] NCCL INFO Init timings - ncclCommInitRankConfig: rank 0 nranks 4 total 16.83 (kernels 1.90, alloc 0.61, bootstrap 13.47, allgathers 0.01, topo 0.23, graphs 0.02, connections 0.42, rest 0.17)
10-72-1-171:30777:30777 [2] NCCL INFO Init timings - ncclCommInitRankConfig: rank 2 nranks 4 total 6.01 (kernels 1.14, alloc 0.56, bootstrap 3.46, allgathers 0.01, topo 0.23, graphs 0.02, connections 0.42, rest 0.17)
10-72-1-171:30778:30778 [3] NCCL INFO ncclCommInitRankConfig comm 0x61f2d37736c0 rank 3 nranks 4 cudaDev 3 nvmlDev 7 busId d9000 commId 0xbca7251b61b1ac73 - Init COMPLETE
10-72-1-171:30778:30778 [3] NCCL INFO Init timings - ncclCommInitRankConfig: rank 3 nranks 4 total 3.75 (kernels 1.22, alloc 0.48, bootstrap 1.20, allgathers 0.03, topo 0.23, graphs 0.01, connections 0.42, rest 0.17)
10-72-1-171:30776:30776 [1] NCCL INFO ncclCommInitRankConfig comm 0x5d46811e0380 rank 1 nranks 4 cudaDev 1 nvmlDev 5 busId b8000 commId 0xbca7251b61b1ac73 - Init COMPLETE
10-72-1-171:30776:30776 [1] NCCL INFO Init timings - ncclCommInitRankConfig: rank 1 nranks 4 total 2.63 (kernels 0.98, alloc 0.79, bootstrap 0.00, allgathers 0.01, topo 0.23, graphs 0.02, connections 0.42, rest 0.17)
10-72-1-171:30778:30868 [3] NCCL INFO New proxy recv connection 0 from local rank 3, transport 0
10-72-1-171:30778:30778 [3] NCCL INFO Connected to proxy localRank 3 -> connection 0x7af4d4004f70
10-72-1-171:30778:30868 [3] NCCL INFO Allocated shareable buffer 0x7af577600000 size 10485760 ipcDesc 0x7af4d4008bb0
10-72-1-171:30778:30868 [3] NCCL INFO New proxy recv connection 1 from local rank 3, transport 0
10-72-1-171:30778:30778 [3] NCCL INFO Connected to proxy localRank 3 -> connection 0x7af4d4004fe8
10-72-1-171:30777:30870 [2] NCCL INFO New proxy recv connection 0 from local rank 2, transport 0
10-72-1-171:30777:30777 [2] NCCL INFO Connected to proxy localRank 2 -> connection 0x78a6e4004f70
10-72-1-171:30778:30868 [3] NCCL INFO Allocated shareable buffer 0x7af579400000 size 10485760 ipcDesc 0x7af4d400a490
10-72-1-171:30778:30868 [3] NCCL INFO New proxy recv connection 2 from local rank 3, transport 0
10-72-1-171:30778:30778 [3] NCCL INFO Connected to proxy localRank 3 -> connection 0x7af4d4005060
10-72-1-171:30775:30874 [0] NCCL INFO New proxy recv connection 3 from local rank 0, transport 0
10-72-1-171:30775:30775 [0] NCCL INFO Connected to proxy localRank 0 -> connection 0x74e3040050d8
10-72-1-171:30777:30870 [2] NCCL INFO Allocated shareable buffer 0x78a76d600000 size 10485760 ipcDesc 0x78a6e4008bb0
10-72-1-171:30777:30870 [2] NCCL INFO New proxy recv connection 1 from local rank 2, transport 0
10-72-1-171:30777:30777 [2] NCCL INFO Connected to proxy localRank 2 -> connection 0x78a6e4004fe8
10-72-1-171:30775:30874 [0] NCCL INFO Allocated shareable buffer 0x74e3a5600000 size 10485760 ipcDesc 0x74e304008c50
10-72-1-171:30778:30868 [3] NCCL INFO Allocated shareable buffer 0x7af57b600000 size 10485760 ipcDesc 0x7af4d400be30
10-72-1-171:30778:30868 [3] NCCL INFO New proxy recv connection 3 from local rank 3, transport 0
10-72-1-171:30778:30778 [3] NCCL INFO Connected to proxy localRank 3 -> connection 0x7af4d40050d8
10-72-1-171:30775:30874 [0] NCCL INFO New proxy recv connection 4 from local rank 0, transport 0
10-72-1-171:30777:30870 [2] NCCL INFO Allocated shareable buffer 0x78a76f400000 size 10485760 ipcDesc 0x78a6e400a490
10-72-1-171:30775:30775 [0] NCCL INFO Connected to proxy localRank 0 -> connection 0x74e304005150
10-72-1-171:30777:30870 [2] NCCL INFO New proxy recv connection 2 from local rank 2, transport 0
10-72-1-171:30777:30777 [2] NCCL INFO Connected to proxy localRank 2 -> connection 0x78a6e4005060
10-72-1-171:30778:30868 [3] NCCL INFO Allocated shareable buffer 0x7af57d600000 size 10485760 ipcDesc 0x7af4d400d670
10-72-1-171:30778:30868 [3] NCCL INFO New proxy recv connection 4 from local rank 3, transport 0
10-72-1-171:30778:30778 [3] NCCL INFO Connected to proxy localRank 3 -> connection 0x7af4d4005150
10-72-1-171:30775:30874 [0] NCCL INFO Allocated shareable buffer 0x74e3a7400000 size 10485760 ipcDesc 0x74e30400a4f0
10-72-1-171:30775:30874 [0] NCCL INFO New proxy recv connection 5 from local rank 0, transport 0
10-72-1-171:30775:30775 [0] NCCL INFO Connected to proxy localRank 0 -> connection 0x74e3040051c8
10-72-1-171:30778:30868 [3] NCCL INFO Allocated shareable buffer 0x7af57f400000 size 10485760 ipcDesc 0x7af4d400ee90
10-72-1-171:30778:30868 [3] NCCL INFO New proxy recv connection 5 from local rank 3, transport 0
10-72-1-171:30778:30778 [3] NCCL INFO Connected to proxy localRank 3 -> connection 0x7af4d40051c8
10-72-1-171:30777:30870 [2] NCCL INFO Allocated shareable buffer 0x78a771600000 size 10485760 ipcDesc 0x78a6e400be30
10-72-1-171:30777:30870 [2] NCCL INFO New proxy recv connection 3 from local rank 2, transport 0
10-72-1-171:30777:30777 [2] NCCL INFO Connected to proxy localRank 2 -> connection 0x78a6e40050d8
10-72-1-171:30776:30872 [1] NCCL INFO New proxy recv connection 0 from local rank 1, transport 0
10-72-1-171:30776:30776 [1] NCCL INFO Connected to proxy localRank 1 -> connection 0x7f37fc004f70
10-72-1-171:30778:30868 [3] NCCL INFO Allocated shareable buffer 0x7af5a3400000 size 10485760 ipcDesc 0x7af4d40107f0
10-72-1-171:30778:30868 [3] NCCL INFO New proxy recv connection 6 from local rank 3, transport 0
10-72-1-171:30778:30778 [3] NCCL INFO Connected to proxy localRank 3 -> connection 0x7af4d4005240
10-72-1-171:30775:30874 [0] NCCL INFO Allocated shareable buffer 0x74e3a9600000 size 10485760 ipcDesc 0x74e30400be50
10-72-1-171:30775:30874 [0] NCCL INFO New proxy recv connection 6 from local rank 0, transport 0
10-72-1-171:30775:30775 [0] NCCL INFO Connected to proxy localRank 0 -> connection 0x74e304005240
10-72-1-171:30778:30868 [3] NCCL INFO Allocated shareable buffer 0x7af5a5400000 size 10485760 ipcDesc 0x7af4d4012150
10-72-1-171:30778:30868 [3] NCCL INFO New proxy recv connection 7 from local rank 3, transport 0
10-72-1-171:30778:30778 [3] NCCL INFO Connected to proxy localRank 3 -> connection 0x7af4d40052b8
10-72-1-171:30777:30870 [2] NCCL INFO Allocated shareable buffer 0x78a773600000 size 10485760 ipcDesc 0x78a6e400d670
10-72-1-171:30777:30870 [2] NCCL INFO New proxy recv connection 4 from local rank 2, transport 0
10-72-1-171:30777:30777 [2] NCCL INFO Connected to proxy localRank 2 -> connection 0x78a6e4005150
10-72-1-171:30776:30872 [1] NCCL INFO Allocated shareable buffer 0x7f389b600000 size 10485760 ipcDesc 0x7f37fc008bb0
10-72-1-171:30776:30872 [1] NCCL INFO New proxy recv connection 1 from local rank 1, transport 0
10-72-1-171:30776:30776 [1] NCCL INFO Connected to proxy localRank 1 -> connection 0x7f37fc004fe8
10-72-1-171:30777:30870 [2] NCCL INFO Allocated shareable buffer 0x78a775400000 size 10485760 ipcDesc 0x78a6e400ee90
10-72-1-171:30777:30870 [2] NCCL INFO New proxy recv connection 5 from local rank 2, transport 0
10-72-1-171:30777:30777 [2] NCCL INFO Connected to proxy localRank 2 -> connection 0x78a6e40051c8
10-72-1-171:30778:30868 [3] NCCL INFO Allocated shareable buffer 0x7af5a7600000 size 10485760 ipcDesc 0x7af4d4013ab0
10-72-1-171:30778:30868 [3] NCCL INFO New proxy recv connection 8 from local rank 3, transport 0
10-72-1-171:30775:30874 [0] NCCL INFO Allocated shareable buffer 0x74e3ab600000 size 10485760 ipcDesc 0x74e30400d670
10-72-1-171:30778:30778 [3] NCCL INFO Connected to proxy localRank 3 -> connection 0x7af4d4005330
10-72-1-171:30775:30874 [0] NCCL INFO New proxy recv connection 7 from local rank 0, transport 0
10-72-1-171:30775:30775 [0] NCCL INFO Connected to proxy localRank 0 -> connection 0x74e3040052b8
10-72-1-171:30777:30870 [2] NCCL INFO Allocated shareable buffer 0x78a799400000 size 10485760 ipcDesc 0x78a6e40107f0
10-72-1-171:30777:30870 [2] NCCL INFO New proxy recv connection 6 from local rank 2, transport 0
10-72-1-171:30777:30777 [2] NCCL INFO Connected to proxy localRank 2 -> connection 0x78a6e4005240
10-72-1-171:30776:30872 [1] NCCL INFO Allocated shareable buffer 0x7f389d400000 size 10485760 ipcDesc 0x7f37fc00a490
10-72-1-171:30777:30870 [2] NCCL INFO Allocated shareable buffer 0x78a79b400000 size 10485760 ipcDesc 0x78a6e4012150
10-72-1-171:30776:30872 [1] NCCL INFO New proxy recv connection 2 from local rank 1, transport 0
10-72-1-171:30777:30870 [2] NCCL INFO New proxy recv connection 7 from local rank 2, transport 0
10-72-1-171:30776:30776 [1] NCCL INFO Connected to proxy localRank 1 -> connection 0x7f37fc005060
10-72-1-171:30777:30777 [2] NCCL INFO Connected to proxy localRank 2 -> connection 0x78a6e40052b8
10-72-1-171:30778:30868 [3] NCCL INFO Allocated shareable buffer 0x7af5a9400000 size 10485760 ipcDesc 0x7af4d40152d0
10-72-1-171:30778:30868 [3] NCCL INFO New proxy recv connection 9 from local rank 3, transport 0
10-72-1-171:30778:30778 [3] NCCL INFO Connected to proxy localRank 3 -> connection 0x7af4d40053a8
10-72-1-171:30777:30870 [2] NCCL INFO Allocated shareable buffer 0x78a79d600000 size 10485760 ipcDesc 0x78a6e4013ab0
10-72-1-171:30777:30870 [2] NCCL INFO New proxy recv connection 8 from local rank 2, transport 0
10-72-1-171:30777:30777 [2] NCCL INFO Connected to proxy localRank 2 -> connection 0x78a6e4005330
10-72-1-171:30775:30874 [0] NCCL INFO Allocated shareable buffer 0x74e3ad400000 size 10485760 ipcDesc 0x74e30400ee90
10-72-1-171:30775:30874 [0] NCCL INFO New proxy recv connection 8 from local rank 0, transport 0
10-72-1-171:30775:30775 [0] NCCL INFO Connected to proxy localRank 0 -> connection 0x74e304005330
10-72-1-171:30778:30868 [3] NCCL INFO Allocated shareable buffer 0x7af5ab600000 size 10485760 ipcDesc 0x7af4d4016c30
10-72-1-171:30778:30868 [3] NCCL INFO New proxy recv connection 10 from local rank 3, transport 0
10-72-1-171:30778:30778 [3] NCCL INFO Connected to proxy localRank 3 -> connection 0x7af4d4005420
10-72-1-171:30777:30870 [2] NCCL INFO Allocated shareable buffer 0x78a79f400000 size 10485760 ipcDesc 0x78a6e40152d0
10-72-1-171:30777:30870 [2] NCCL INFO New proxy recv connection 9 from local rank 2, transport 0
10-72-1-171:30776:30872 [1] NCCL INFO Allocated shareable buffer 0x7f389f600000 size 10485760 ipcDesc 0x7f37fc00be30
10-72-1-171:30777:30777 [2] NCCL INFO Connected to proxy localRank 2 -> connection 0x78a6e40053a8
10-72-1-171:30776:30872 [1] NCCL INFO New proxy recv connection 3 from local rank 1, transport 0
10-72-1-171:30776:30776 [1] NCCL INFO Connected to proxy localRank 1 -> connection 0x7f37fc0050d8
10-72-1-171:30777:30870 [2] NCCL INFO Allocated shareable buffer 0x78a7a1600000 size 10485760 ipcDesc 0x78a6e4016c30
10-72-1-171:30777:30870 [2] NCCL INFO New proxy recv connection 10 from local rank 2, transport 0
10-72-1-171:30777:30777 [2] NCCL INFO Connected to proxy localRank 2 -> connection 0x78a6e4005420
10-72-1-171:30775:30874 [0] NCCL INFO Allocated shareable buffer 0x74e3d1400000 size 10485760 ipcDesc 0x74e3040107f0
10-72-1-171:30776:30872 [1] NCCL INFO Allocated shareable buffer 0x7f38a1600000 size 10485760 ipcDesc 0x7f37fc00d670
10-72-1-171:30775:30874 [0] NCCL INFO New proxy recv connection 9 from local rank 0, transport 0
10-72-1-171:30775:30775 [0] NCCL INFO Connected to proxy localRank 0 -> connection 0x74e3040053a8
10-72-1-171:30776:30872 [1] NCCL INFO New proxy recv connection 4 from local rank 1, transport 0
10-72-1-171:30776:30776 [1] NCCL INFO Connected to proxy localRank 1 -> connection 0x7f37fc005150
10-72-1-171:30778:30868 [3] NCCL INFO Allocated shareable buffer 0x7af5ad400000 size 10485760 ipcDesc 0x7af4d4018450
10-72-1-171:30778:30868 [3] NCCL INFO New proxy recv connection 11 from local rank 3, transport 0
10-72-1-171:30778:30778 [3] NCCL INFO Connected to proxy localRank 3 -> connection 0x7af4d4005498
10-72-1-171:30778:30868 [3] NCCL INFO Allocated shareable buffer 0x7af5af600000 size 10485760 ipcDesc 0x7af4d4019db0
10-72-1-171:30778:30868 [3] NCCL INFO New proxy recv connection 12 from local rank 3, transport 0
10-72-1-171:30778:30778 [3] NCCL INFO Connected to proxy localRank 3 -> connection 0x7af4d4005510
10-72-1-171:30777:30870 [2] NCCL INFO Allocated shareable buffer 0x78a7a3400000 size 10485760 ipcDesc 0x78a6e4018450
10-72-1-171:30777:30870 [2] NCCL INFO New proxy recv connection 11 from local rank 2, transport 0
10-72-1-171:30777:30777 [2] NCCL INFO Connected to proxy localRank 2 -> connection 0x78a6e4005498
10-72-1-171:30775:30874 [0] NCCL INFO Allocated shareable buffer 0x74e3d3400000 size 10485760 ipcDesc 0x74e304012150
10-72-1-171:30776:30872 [1] NCCL INFO Allocated shareable buffer 0x7f38a3400000 size 10485760 ipcDesc 0x7f37fc00ee90
10-72-1-171:30775:30874 [0] NCCL INFO New proxy recv connection 10 from local rank 0, transport 0
10-72-1-171:30775:30775 [0] NCCL INFO Connected to proxy localRank 0 -> connection 0x74e304005420
10-72-1-171:30776:30872 [1] NCCL INFO New proxy recv connection 5 from local rank 1, transport 0
10-72-1-171:30776:30776 [1] NCCL INFO Connected to proxy localRank 1 -> connection 0x7f37fc0051c8
10-72-1-171:30778:30868 [3] NCCL INFO Allocated shareable buffer 0x7af5b1600000 size 10485760 ipcDesc 0x7af4d401b5d0
10-72-1-171:30778:30868 [3] NCCL INFO New proxy recv connection 13 from local rank 3, transport 0
10-72-1-171:30778:30778 [3] NCCL INFO Connected to proxy localRank 3 -> connection 0x7af4d4005588
10-72-1-171:30777:30870 [2] NCCL INFO Allocated shareable buffer 0x78a7a5600000 size 10485760 ipcDesc 0x78a6e4019db0
10-72-1-171:30777:30870 [2] NCCL INFO New proxy recv connection 12 from local rank 2, transport 0
10-72-1-171:30775:30874 [0] NCCL INFO Allocated shareable buffer 0x74e3d5600000 size 10485760 ipcDesc 0x74e304013ab0
10-72-1-171:30777:30777 [2] NCCL INFO Connected to proxy localRank 2 -> connection 0x78a6e4005510
10-72-1-171:30776:30872 [1] NCCL INFO Allocated shareable buffer 0x7f38c7400000 size 10485760 ipcDesc 0x7f37fc0107f0
10-72-1-171:30775:30874 [0] NCCL INFO New proxy recv connection 11 from local rank 0, transport 0
10-72-1-171:30775:30775 [0] NCCL INFO Connected to proxy localRank 0 -> connection 0x74e304005498
10-72-1-171:30776:30872 [1] NCCL INFO New proxy recv connection 6 from local rank 1, transport 0
10-72-1-171:30776:30776 [1] NCCL INFO Connected to proxy localRank 1 -> connection 0x7f37fc005240
10-72-1-171:30777:30870 [2] NCCL INFO Allocated shareable buffer 0x78a7a7600000 size 10485760 ipcDesc 0x78a6e401b5d0
10-72-1-171:30777:30870 [2] NCCL INFO New proxy recv connection 13 from local rank 2, transport 0
10-72-1-171:30777:30777 [2] NCCL INFO Connected to proxy localRank 2 -> connection 0x78a6e4005588
10-72-1-171:30775:30874 [0] NCCL INFO Allocated shareable buffer 0x74e3d7400000 size 10485760 ipcDesc 0x74e3040152d0
10-72-1-171:30775:30874 [0] NCCL INFO New proxy recv connection 12 from local rank 0, transport 0
10-72-1-171:30776:30872 [1] NCCL INFO Allocated shareable buffer 0x7f38c9400000 size 10485760 ipcDesc 0x7f37fc012150
10-72-1-171:30775:30775 [0] NCCL INFO Connected to proxy localRank 0 -> connection 0x74e304005510
10-72-1-171:30776:30872 [1] NCCL INFO New proxy recv connection 7 from local rank 1, transport 0
10-72-1-171:30776:30776 [1] NCCL INFO Connected to proxy localRank 1 -> connection 0x7f37fc0052b8
10-72-1-171:30778:30868 [3] NCCL INFO Allocated shareable buffer 0x7af5b3400000 size 10485760 ipcDesc 0x7af4d401cdf0
10-72-1-171:30778:30868 [3] NCCL INFO New proxy recv connection 14 from local rank 3, transport 0
10-72-1-171:30778:30778 [3] NCCL INFO Connected to proxy localRank 3 -> connection 0x7af4d4005600
10-72-1-171:30778:30868 [3] NCCL INFO Allocated shareable buffer 0x7af5b5600000 size 10485760 ipcDesc 0x7af4d401e750
10-72-1-171:30778:30868 [3] NCCL INFO New proxy recv connection 15 from local rank 3, transport 0
10-72-1-171:30778:30778 [3] NCCL INFO Connected to proxy localRank 3 -> connection 0x7af4d4005678
10-72-1-171:30777:30870 [2] NCCL INFO Allocated shareable buffer 0x78a7a9400000 size 10485760 ipcDesc 0x78a6e401cdf0
10-72-1-171:30777:30870 [2] NCCL INFO New proxy recv connection 14 from local rank 2, transport 0
10-72-1-171:30777:30777 [2] NCCL INFO Connected to proxy localRank 2 -> connection 0x78a6e4005600
10-72-1-171:30776:30872 [1] NCCL INFO Allocated shareable buffer 0x7f38cb600000 size 10485760 ipcDesc 0x7f37fc013ab0
10-72-1-171:30776:30872 [1] NCCL INFO New proxy recv connection 8 from local rank 1, transport 0
10-72-1-171:30776:30776 [1] NCCL INFO Connected to proxy localRank 1 -> connection 0x7f37fc005330
10-72-1-171:30778:30868 [3] NCCL INFO Allocated shareable buffer 0x7af5b7600000 size 10485760 ipcDesc 0x7af4d401ff70
10-72-1-171:30778:30868 [3] NCCL INFO New proxy recv connection 16 from local rank 3, transport 0
10-72-1-171:30778:30778 [3] NCCL INFO Connected to proxy localRank 3 -> connection 0x7af4d40056f0
10-72-1-171:30775:30874 [0] NCCL INFO Allocated shareable buffer 0x74e3d9600000 size 10485760 ipcDesc 0x74e304016c30
10-72-1-171:30775:30874 [0] NCCL INFO New proxy recv connection 13 from local rank 0, transport 0
10-72-1-171:30775:30775 [0] NCCL INFO Connected to proxy localRank 0 -> connection 0x74e304005588
10-72-1-171:30778:30868 [3] NCCL INFO Allocated shareable buffer 0x7af5b9400000 size 10485760 ipcDesc 0x7af4d4021790
10-72-1-171:30778:30868 [3] NCCL INFO New proxy recv connection 17 from local rank 3, transport 0
10-72-1-171:30778:30778 [3] NCCL INFO Connected to proxy localRank 3 -> connection 0x7af4d4005768
10-72-1-171:30777:30870 [2] NCCL INFO Allocated shareable buffer 0x78a7ab600000 size 10485760 ipcDesc 0x78a6e401e750
10-72-1-171:30777:30870 [2] NCCL INFO New proxy recv connection 15 from local rank 2, transport 0
10-72-1-171:30777:30777 [2] NCCL INFO Connected to proxy localRank 2 -> connection 0x78a6e4005678
10-72-1-171:30776:30872 [1] NCCL INFO Allocated shareable buffer 0x7f38cd400000 size 10485760 ipcDesc 0x7f37fc0152d0
10-72-1-171:30775:30874 [0] NCCL INFO Allocated shareable buffer 0x74e3db400000 size 10485760 ipcDesc 0x74e304018450
10-72-1-171:30778:30868 [3] NCCL INFO Allocated shareable buffer 0x7af5bb600000 size 10485760 ipcDesc 0x7af4d40230f0
10-72-1-171:30775:30874 [0] NCCL INFO New proxy recv connection 14 from local rank 0, transport 0
10-72-1-171:30778:30868 [3] NCCL INFO New proxy recv connection 18 from local rank 3, transport 0
10-72-1-171:30778:30778 [3] NCCL INFO Connected to proxy localRank 3 -> connection 0x7af4d40057e0
10-72-1-171:30775:30775 [0] NCCL INFO Connected to proxy localRank 0 -> connection 0x74e304005600
10-72-1-171:30776:30872 [1] NCCL INFO New proxy recv connection 9 from local rank 1, transport 0
10-72-1-171:30776:30776 [1] NCCL INFO Connected to proxy localRank 1 -> connection 0x7f37fc0053a8
10-72-1-171:30778:30868 [3] NCCL INFO Allocated shareable buffer 0x7af5bd400000 size 10485760 ipcDesc 0x7af4d4024910
10-72-1-171:30778:30868 [3] NCCL INFO New proxy recv connection 19 from local rank 3, transport 0
10-72-1-171:30778:30778 [3] NCCL INFO Connected to proxy localRank 3 -> connection 0x7af4d4005858
10-72-1-171:30776:30872 [1] NCCL INFO Allocated shareable buffer 0x7f38cf600000 size 10485760 ipcDesc 0x7f37fc016c30
10-72-1-171:30775:30874 [0] NCCL INFO Allocated shareable buffer 0x74e3dd600000 size 10485760 ipcDesc 0x74e304019db0
10-72-1-171:30775:30874 [0] NCCL INFO New proxy recv connection 15 from local rank 0, transport 0
10-72-1-171:30775:30775 [0] NCCL INFO Connected to proxy localRank 0 -> connection 0x74e304005678
10-72-1-171:30776:30872 [1] NCCL INFO New proxy recv connection 10 from local rank 1, transport 0
10-72-1-171:30776:30776 [1] NCCL INFO Connected to proxy localRank 1 -> connection 0x7f37fc005420
10-72-1-171:30777:30870 [2] NCCL INFO Allocated shareable buffer 0x78a7ad600000 size 10485760 ipcDesc 0x78a6e401ff70
10-72-1-171:30777:30870 [2] NCCL INFO New proxy recv connection 16 from local rank 2, transport 0
10-72-1-171:30777:30777 [2] NCCL INFO Connected to proxy localRank 2 -> connection 0x78a6e40056f0
10-72-1-171:30775:30874 [0] NCCL INFO Allocated shareable buffer 0x74e3df600000 size 10485760 ipcDesc 0x74e30401b5d0
10-72-1-171:30775:30874 [0] NCCL INFO New proxy recv connection 16 from local rank 0, transport 0
10-72-1-171:30775:30775 [0] NCCL INFO Connected to proxy localRank 0 -> connection 0x74e3040056f0
10-72-1-171:30777:30870 [2] NCCL INFO Allocated shareable buffer 0x78a7af400000 size 10485760 ipcDesc 0x78a6e4021790
10-72-1-171:30777:30870 [2] NCCL INFO New proxy recv connection 17 from local rank 2, transport 0
10-72-1-171:30777:30777 [2] NCCL INFO Connected to proxy localRank 2 -> connection 0x78a6e4005768
10-72-1-171:30776:30872 [1] NCCL INFO Allocated shareable buffer 0x7f38d1400000 size 10485760 ipcDesc 0x7f37fc018450
10-72-1-171:30775:30874 [0] NCCL INFO Allocated shareable buffer 0x74e3e1400000 size 10485760 ipcDesc 0x74e30401cdf0
10-72-1-171:30778:30868 [3] NCCL INFO Allocated shareable buffer 0x7af5bf600000 size 10485760 ipcDesc 0x7af4d4026270
10-72-1-171:30775:30874 [0] NCCL INFO New proxy recv connection 17 from local rank 0, transport 0
10-72-1-171:30776:30872 [1] NCCL INFO New proxy recv connection 11 from local rank 1, transport 0
10-72-1-171:30778:30868 [3] NCCL INFO New proxy recv connection 20 from local rank 3, transport 0
10-72-1-171:30775:30775 [0] NCCL INFO Connected to proxy localRank 0 -> connection 0x74e304005768
10-72-1-171:30778:30778 [3] NCCL INFO Connected to proxy localRank 3 -> connection 0x7af4d40058d0
10-72-1-171:30776:30776 [1] NCCL INFO Connected to proxy localRank 1 -> connection 0x7f37fc005498
10-72-1-171:30778:30868 [3] NCCL INFO Allocated shareable buffer 0x7af5c1600000 size 10485760 ipcDesc 0x7af4d4027a90
10-72-1-171:30778:30868 [3] NCCL INFO New proxy recv connection 21 from local rank 3, transport 0
10-72-1-171:30778:30778 [3] NCCL INFO Connected to proxy localRank 3 -> connection 0x7af4d4005948
10-72-1-171:30776:30872 [1] NCCL INFO Allocated shareable buffer 0x7f38d3600000 size 10485760 ipcDesc 0x7f37fc019db0
10-72-1-171:30775:30874 [0] NCCL INFO Allocated shareable buffer 0x74e3e3600000 size 10485760 ipcDesc 0x74e30401e750
10-72-1-171:30775:30874 [0] NCCL INFO New proxy recv connection 18 from local rank 0, transport 0
10-72-1-171:30776:30872 [1] NCCL INFO New proxy recv connection 12 from local rank 1, transport 0
10-72-1-171:30775:30775 [0] NCCL INFO Connected to proxy localRank 0 -> connection 0x74e3040057e0
10-72-1-171:30776:30776 [1] NCCL INFO Connected to proxy localRank 1 -> connection 0x7f37fc005510
10-72-1-171:30777:30870 [2] NCCL INFO Allocated shareable buffer 0x78a7b1600000 size 10485760 ipcDesc 0x78a6e40230f0
10-72-1-171:30777:30870 [2] NCCL INFO New proxy recv connection 18 from local rank 2, transport 0
10-72-1-171:30777:30777 [2] NCCL INFO Connected to proxy localRank 2 -> connection 0x78a6e40057e0
10-72-1-171:30778:30868 [3] NCCL INFO Allocated shareable buffer 0x7af5c3400000 size 10485760 ipcDesc 0x7af4d40292b0
10-72-1-171:30778:30868 [3] NCCL INFO New proxy recv connection 22 from local rank 3, transport 0
10-72-1-171:30778:30778 [3] NCCL INFO Connected to proxy localRank 3 -> connection 0x7af4d40059c0
10-72-1-171:30778:30868 [3] NCCL INFO Allocated shareable buffer 0x7af5c5600000 size 10485760 ipcDesc 0x7af4d402ac10
10-72-1-171:30778:30868 [3] NCCL INFO New proxy recv connection 23 from local rank 3, transport 0
10-72-1-171:30778:30778 [3] NCCL INFO Connected to proxy localRank 3 -> connection 0x7af4d4005a38
10-72-1-171:30776:30872 [1] NCCL INFO Allocated shareable buffer 0x7f38d5600000 size 10485760 ipcDesc 0x7f37fc01b5d0
10-72-1-171:30776:30872 [1] NCCL INFO New proxy recv connection 13 from local rank 1, transport 0
10-72-1-171:30776:30776 [1] NCCL INFO Connected to proxy localRank 1 -> connection 0x7f37fc005588
10-72-1-171:30775:30874 [0] NCCL INFO Allocated shareable buffer 0x74e3e5600000 size 10485760 ipcDesc 0x74e30401ff70
10-72-1-171:30775:30874 [0] NCCL INFO New proxy recv connection 19 from local rank 0, transport 0
10-72-1-171:30775:30775 [0] NCCL INFO Connected to proxy localRank 0 -> connection 0x74e304005858
10-72-1-171:30778:30868 [3] NCCL INFO Allocated shareable buffer 0x7af5c7600000 size 10485760 ipcDesc 0x7af4d402c430
10-72-1-171:30778:30778 [3] NCCL INFO Channel 00/0 : 3[7] -> 0[4] via P2P/CUMEM
10-72-1-171:30778:30868 [3] NCCL INFO New proxy send connection 24 from local rank 3, transport 0
10-72-1-171:30778:30778 [3] NCCL INFO Connected to proxy localRank 3 -> connection 0x7af4d4005ab0
10-72-1-171:30777:30870 [2] NCCL INFO Allocated shareable buffer 0x78a7b3400000 size 10485760 ipcDesc 0x78a6e4024910
10-72-1-171:30777:30870 [2] NCCL INFO New proxy recv connection 19 from local rank 2, transport 0
10-72-1-171:30777:30777 [2] NCCL INFO Connected to proxy localRank 2 -> connection 0x78a6e4005858
10-72-1-171:30776:30872 [1] NCCL INFO Allocated shareable buffer 0x7f38d7400000 size 10485760 ipcDesc 0x7f37fc01cdf0
10-72-1-171:30776:30872 [1] NCCL INFO New proxy recv connection 14 from local rank 1, transport 0
10-72-1-171:30776:30776 [1] NCCL INFO Connected to proxy localRank 1 -> connection 0x7f37fc005600
10-72-1-171:30777:30870 [2] NCCL INFO Allocated shareable buffer 0x78a7b5600000 size 10485760 ipcDesc 0x78a6e4026270
10-72-1-171:30777:30870 [2] NCCL INFO New proxy recv connection 20 from local rank 2, transport 0
10-72-1-171:30777:30777 [2] NCCL INFO Connected to proxy localRank 2 -> connection 0x78a6e40058d0
10-72-1-171:30778:30868 [3] NCCL INFO Allocated shareable buffer 0x7af575a00000 size 2097152 ipcDesc 0x7af4d402dc50
10-72-1-171:30778:30778 [3] NCCL INFO Channel 01/0 : 3[7] -> 0[4] via P2P/CUMEM
10-72-1-171:30778:30868 [3] NCCL INFO New proxy send connection 25 from local rank 3, transport 0
10-72-1-171:30778:30778 [3] NCCL INFO Connected to proxy localRank 3 -> connection 0x7af4d4005b28
10-72-1-171:30775:30874 [0] NCCL INFO Allocated shareable buffer 0x74e3e7400000 size 10485760 ipcDesc 0x74e304021790
10-72-1-171:30775:30874 [0] NCCL INFO New proxy recv connection 20 from local rank 0, transport 0
10-72-1-171:30775:30775 [0] NCCL INFO Connected to proxy localRank 0 -> connection 0x74e3040058d0
10-72-1-171:30778:30868 [3] NCCL INFO Allocated shareable buffer 0x7af575c00000 size 2097152 ipcDesc 0x7af4d402f5b0
10-72-1-171:30778:30778 [3] NCCL INFO Channel 02/0 : 3[7] -> 0[4] via P2P/CUMEM
10-72-1-171:30778:30868 [3] NCCL INFO New proxy send connection 26 from local rank 3, transport 0
10-72-1-171:30778:30778 [3] NCCL INFO Connected to proxy localRank 3 -> connection 0x7af4d4005ba0
10-72-1-171:30776:30872 [1] NCCL INFO Allocated shareable buffer 0x7f38d9600000 size 10485760 ipcDesc 0x7f37fc01e750
10-72-1-171:30776:30872 [1] NCCL INFO New proxy recv connection 15 from local rank 1, transport 0
10-72-1-171:30776:30776 [1] NCCL INFO Connected to proxy localRank 1 -> connection 0x7f37fc005678
10-72-1-171:30777:30870 [2] NCCL INFO Allocated shareable buffer 0x78a7b7600000 size 10485760 ipcDesc 0x78a6e4027a90
10-72-1-171:30777:30870 [2] NCCL INFO New proxy recv connection 21 from local rank 2, transport 0
10-72-1-171:30777:30777 [2] NCCL INFO Connected to proxy localRank 2 -> connection 0x78a6e4005948
10-72-1-171:30777:30870 [2] NCCL INFO Allocated shareable buffer 0x78a7b9400000 size 10485760 ipcDesc 0x78a6e40292b0
10-72-1-171:30777:30870 [2] NCCL INFO New proxy recv connection 22 from local rank 2, transport 0
10-72-1-171:30777:30777 [2] NCCL INFO Connected to proxy localRank 2 -> connection 0x78a6e40059c0
10-72-1-171:30778:30868 [3] NCCL INFO Allocated shareable buffer 0x7af575e00000 size 2097152 ipcDesc 0x7af4d4030d30
10-72-1-171:30778:30778 [3] NCCL INFO Channel 03/0 : 3[7] -> 0[4] via P2P/CUMEM
10-72-1-171:30778:30868 [3] NCCL INFO New proxy send connection 27 from local rank 3, transport 0
10-72-1-171:30776:30872 [1] NCCL INFO Allocated shareable buffer 0x7f38db600000 size 10485760 ipcDesc 0x7f37fc01ff70
10-72-1-171:30778:30778 [3] NCCL INFO Connected to proxy localRank 3 -> connection 0x7af4d4005c18
10-72-1-171:30776:30872 [1] NCCL INFO New proxy recv connection 16 from local rank 1, transport 0
10-72-1-171:30776:30776 [1] NCCL INFO Connected to proxy localRank 1 -> connection 0x7f37fc0056f0
10-72-1-171:30775:30874 [0] NCCL INFO Allocated shareable buffer 0x74e3e9600000 size 10485760 ipcDesc 0x74e3040230f0
10-72-1-171:30775:30874 [0] NCCL INFO New proxy recv connection 21 from local rank 0, transport 0
10-72-1-171:30775:30775 [0] NCCL INFO Connected to proxy localRank 0 -> connection 0x74e304005948
10-72-1-171:30778:30868 [3] NCCL INFO Allocated shareable buffer 0x7af579e00000 size 2097152 ipcDesc 0x7af4d4032370
10-72-1-171:30778:30778 [3] NCCL INFO Channel 04/0 : 3[7] -> 0[4] via P2P/CUMEM
10-72-1-171:30778:30868 [3] NCCL INFO New proxy send connection 28 from local rank 3, transport 0
10-72-1-171:30778:30778 [3] NCCL INFO Connected to proxy localRank 3 -> connection 0x7af4d4005c90
10-72-1-171:30777:30870 [2] NCCL INFO Allocated shareable buffer 0x78a7bb600000 size 10485760 ipcDesc 0x78a6e402ac10
10-72-1-171:30777:30870 [2] NCCL INFO New proxy recv connection 23 from local rank 2, transport 0
10-72-1-171:30777:30777 [2] NCCL INFO Connected to proxy localRank 2 -> connection 0x78a6e4005a38
10-72-1-171:30777:30870 [2] NCCL INFO Allocated shareable buffer 0x78a7bd600000 size 10485760 ipcDesc 0x78a6e402c430
10-72-1-171:30777:30777 [2] NCCL INFO Channel 00/0 : 2[6] -> 3[7] via P2P/CUMEM
10-72-1-171:30777:30870 [2] NCCL INFO New proxy send connection 24 from local rank 2, transport 0
10-72-1-171:30777:30777 [2] NCCL INFO Connected to proxy localRank 2 -> connection 0x78a6e4005ab0
10-72-1-171:30778:30868 [3] NCCL INFO Allocated shareable buffer 0x7af57fe00000 size 2097152 ipcDesc 0x7af4d40339b0
10-72-1-171:30778:30778 [3] NCCL INFO Channel 05/0 : 3[7] -> 0[4] via P2P/CUMEM
10-72-1-171:30778:30868 [3] NCCL INFO New proxy send connection 29 from local rank 3, transport 0
10-72-1-171:30778:30778 [3] NCCL INFO Connected to proxy localRank 3 -> connection 0x7af4d4005d08
10-72-1-171:30775:30874 [0] NCCL INFO Allocated shareable buffer 0x74e3eb400000 size 10485760 ipcDesc 0x74e304024910
10-72-1-171:30776:30872 [1] NCCL INFO Allocated shareable buffer 0x7f38dd400000 size 10485760 ipcDesc 0x7f37fc021790
10-72-1-171:30775:30874 [0] NCCL INFO New proxy recv connection 22 from local rank 0, transport 0
10-72-1-171:30777:30870 [2] NCCL INFO Allocated shareable buffer 0x78a76ba00000 size 2097152 ipcDesc 0x78a6e402dc50
10-72-1-171:30776:30872 [1] NCCL INFO New proxy recv connection 17 from local rank 1, transport 0
10-72-1-171:30775:30775 [0] NCCL INFO Connected to proxy localRank 0 -> connection 0x74e3040059c0
10-72-1-171:30777:30777 [2] NCCL INFO Channel 01/0 : 2[6] -> 3[7] via P2P/CUMEM
10-72-1-171:30776:30776 [1] NCCL INFO Connected to proxy localRank 1 -> connection 0x7f37fc005768
10-72-1-171:30777:30870 [2] NCCL INFO New proxy send connection 25 from local rank 2, transport 0
10-72-1-171:30777:30777 [2] NCCL INFO Connected to proxy localRank 2 -> connection 0x78a6e4005b28
10-72-1-171:30778:30868 [3] NCCL INFO Allocated shareable buffer 0x7af5a1a00000 size 2097152 ipcDesc 0x7af4d4034ff0
10-72-1-171:30778:30778 [3] NCCL INFO Channel 06/0 : 3[7] -> 0[4] via P2P/CUMEM
10-72-1-171:30778:30868 [3] NCCL INFO New proxy send connection 30 from local rank 3, transport 0
10-72-1-171:30776:30872 [1] NCCL INFO Allocated shareable buffer 0x7f38df600000 size 10485760 ipcDesc 0x7f37fc0230f0
10-72-1-171:30778:30778 [3] NCCL INFO Connected to proxy localRank 3 -> connection 0x7af4d4005d80
10-72-1-171:30775:30874 [0] NCCL INFO Allocated shareable buffer 0x74e3ed600000 size 10485760 ipcDesc 0x74e304026270
10-72-1-171:30776:30872 [1] NCCL INFO New proxy recv connection 18 from local rank 1, transport 0
10-72-1-171:30776:30776 [1] NCCL INFO Connected to proxy localRank 1 -> connection 0x7f37fc0057e0
10-72-1-171:30777:30870 [2] NCCL INFO Allocated shareable buffer 0x78a76bc00000 size 2097152 ipcDesc 0x78a6e402f5b0
10-72-1-171:30775:30874 [0] NCCL INFO New proxy recv connection 23 from local rank 0, transport 0
10-72-1-171:30777:30777 [2] NCCL INFO Channel 02/0 : 2[6] -> 3[7] via P2P/CUMEM
10-72-1-171:30775:30775 [0] NCCL INFO Connected to proxy localRank 0 -> connection 0x74e304005a38
10-72-1-171:30777:30870 [2] NCCL INFO New proxy send connection 26 from local rank 2, transport 0
10-72-1-171:30777:30777 [2] NCCL INFO Connected to proxy localRank 2 -> connection 0x78a6e4005ba0
10-72-1-171:30778:30868 [3] NCCL INFO Allocated shareable buffer 0x7af5a1c00000 size 2097152 ipcDesc 0x7af4d4036950
10-72-1-171:30778:30778 [3] NCCL INFO Channel 07/0 : 3[7] -> 0[4] via P2P/CUMEM
10-72-1-171:30778:30868 [3] NCCL INFO New proxy send connection 31 from local rank 3, transport 0
10-72-1-171:30778:30778 [3] NCCL INFO Connected to proxy localRank 3 -> connection 0x7af4d4005df8
10-72-1-171:30778:30868 [3] NCCL INFO Allocated shareable buffer 0x7af5a1e00000 size 2097152 ipcDesc 0x7af4d40380d0
10-72-1-171:30778:30778 [3] NCCL INFO Channel 08/0 : 3[7] -> 0[4] via P2P/CUMEM
10-72-1-171:30778:30868 [3] NCCL INFO New proxy send connection 32 from local rank 3, transport 0
10-72-1-171:30778:30778 [3] NCCL INFO Connected to proxy localRank 3 -> connection 0x7af4d4005e70
10-72-1-171:30777:30870 [2] NCCL INFO Allocated shareable buffer 0x78a76be00000 size 2097152 ipcDesc 0x78a6e4030d30
10-72-1-171:30777:30777 [2] NCCL INFO Channel 03/0 : 2[6] -> 3[7] via P2P/CUMEM
10-72-1-171:30777:30870 [2] NCCL INFO New proxy send connection 27 from local rank 2, transport 0
10-72-1-171:30776:30872 [1] NCCL INFO Allocated shareable buffer 0x7f38e1400000 size 10485760 ipcDesc 0x7f37fc024910
10-72-1-171:30777:30777 [2] NCCL INFO Connected to proxy localRank 2 -> connection 0x78a6e4005c18
10-72-1-171:30775:30874 [0] NCCL INFO Allocated shareable buffer 0x74e3ef600000 size 10485760 ipcDesc 0x74e304027a90
10-72-1-171:30776:30872 [1] NCCL INFO New proxy recv connection 19 from local rank 1, transport 0
10-72-1-171:30776:30776 [1] NCCL INFO Connected to proxy localRank 1 -> connection 0x7f37fc005858
10-72-1-171:30775:30874 [0] NCCL INFO New proxy recv connection 24 from local rank 0, transport 0
10-72-1-171:30775:30775 [0] NCCL INFO Connected to proxy localRank 0 -> connection 0x74e304005ab0
10-72-1-171:30778:30868 [3] NCCL INFO Allocated shareable buffer 0x7af5a3e00000 size 2097152 ipcDesc 0x7af4d4039710
10-72-1-171:30778:30778 [3] NCCL INFO Channel 09/0 : 3[7] -> 0[4] via P2P/CUMEM
10-72-1-171:30778:30868 [3] NCCL INFO New proxy send connection 33 from local rank 3, transport 0
10-72-1-171:30778:30778 [3] NCCL INFO Connected to proxy localRank 3 -> connection 0x7af4d4005ee8
10-72-1-171:30777:30870 [2] NCCL INFO Allocated shareable buffer 0x78a76fe00000 size 2097152 ipcDesc 0x78a6e4032370
10-72-1-171:30777:30777 [2] NCCL INFO Channel 04/0 : 2[6] -> 3[7] via P2P/CUMEM
10-72-1-171:30776:30872 [1] NCCL INFO Allocated shareable buffer 0x7f38e3600000 size 10485760 ipcDesc 0x7f37fc026270
10-72-1-171:30777:30870 [2] NCCL INFO New proxy send connection 28 from local rank 2, transport 0
10-72-1-171:30777:30777 [2] NCCL INFO Connected to proxy localRank 2 -> connection 0x78a6e4005c90
10-72-1-171:30775:30874 [0] NCCL INFO Allocated shareable buffer 0x74e3f1400000 size 10485760 ipcDesc 0x74e3040292b0
10-72-1-171:30776:30872 [1] NCCL INFO New proxy recv connection 20 from local rank 1, transport 0
10-72-1-171:30776:30776 [1] NCCL INFO Connected to proxy localRank 1 -> connection 0x7f37fc0058d0
10-72-1-171:30775:30874 [0] NCCL INFO New proxy recv connection 25 from local rank 0, transport 0
10-72-1-171:30775:30775 [0] NCCL INFO Connected to proxy localRank 0 -> connection 0x74e304005b28
10-72-1-171:30778:30868 [3] NCCL INFO Allocated shareable buffer 0x7af5a5e00000 size 2097152 ipcDesc 0x7af4d403ad50
10-72-1-171:30778:30778 [3] NCCL INFO Channel 10/0 : 3[7] -> 0[4] via P2P/CUMEM
10-72-1-171:30778:30868 [3] NCCL INFO New proxy send connection 34 from local rank 3, transport 0
10-72-1-171:30778:30778 [3] NCCL INFO Connected to proxy localRank 3 -> connection 0x7af4d4005f60
10-72-1-171:30777:30870 [2] NCCL INFO Allocated shareable buffer 0x78a775e00000 size 2097152 ipcDesc 0x78a6e40339b0
10-72-1-171:30777:30777 [2] NCCL INFO Channel 05/0 : 2[6] -> 3[7] via P2P/CUMEM
10-72-1-171:30777:30870 [2] NCCL INFO New proxy send connection 29 from local rank 2, transport 0
10-72-1-171:30777:30777 [2] NCCL INFO Connected to proxy localRank 2 -> connection 0x78a6e4005d08
10-72-1-171:30776:30872 [1] NCCL INFO Allocated shareable buffer 0x7f38e5600000 size 10485760 ipcDesc 0x7f37fc027a90
10-72-1-171:30776:30872 [1] NCCL INFO New proxy recv connection 21 from local rank 1, transport 0
10-72-1-171:30776:30776 [1] NCCL INFO Connected to proxy localRank 1 -> connection 0x7f37fc005948
10-72-1-171:30777:30870 [2] NCCL INFO Allocated shareable buffer 0x78a797a00000 size 2097152 ipcDesc 0x78a6e4034ff0
10-72-1-171:30777:30777 [2] NCCL INFO Channel 06/0 : 2[6] -> 3[7] via P2P/CUMEM
10-72-1-171:30778:30868 [3] NCCL INFO Allocated shareable buffer 0x7af5a9e00000 size 2097152 ipcDesc 0x7af4d403c390
10-72-1-171:30777:30870 [2] NCCL INFO New proxy send connection 30 from local rank 2, transport 0
10-72-1-171:30778:30778 [3] NCCL INFO Channel 11/0 : 3[7] -> 0[4] via P2P/CUMEM
10-72-1-171:30777:30777 [2] NCCL INFO Connected to proxy localRank 2 -> connection 0x78a6e4005d80
10-72-1-171:30778:30868 [3] NCCL INFO New proxy send connection 35 from local rank 3, transport 0
10-72-1-171:30775:30874 [0] NCCL INFO Allocated shareable buffer 0x74e3f3600000 size 10485760 ipcDesc 0x74e30402ac10
10-72-1-171:30778:30778 [3] NCCL INFO Connected to proxy localRank 3 -> connection 0x7af4d4005fd8
10-72-1-171:30775:30874 [0] NCCL INFO New proxy recv connection 26 from local rank 0, transport 0
10-72-1-171:30775:30775 [0] NCCL INFO Connected to proxy localRank 0 -> connection 0x74e304005ba0
10-72-1-171:30776:30872 [1] NCCL INFO Allocated shareable buffer 0x7f38e7400000 size 10485760 ipcDesc 0x7f37fc0292b0
10-72-1-171:30776:30872 [1] NCCL INFO New proxy recv connection 22 from local rank 1, transport 0
10-72-1-171:30776:30776 [1] NCCL INFO Connected to proxy localRank 1 -> connection 0x7f37fc0059c0
10-72-1-171:30778:30868 [3] NCCL INFO Allocated shareable buffer 0x7af5ade00000 size 2097152 ipcDesc 0x7af4d403d9d0
10-72-1-171:30778:30778 [3] NCCL INFO Channel 12/0 : 3[7] -> 0[4] via P2P/CUMEM
10-72-1-171:30778:30868 [3] NCCL INFO New proxy send connection 36 from local rank 3, transport 0
10-72-1-171:30777:30870 [2] NCCL INFO Allocated shareable buffer 0x78a797c00000 size 2097152 ipcDesc 0x78a6e4036950
10-72-1-171:30778:30778 [3] NCCL INFO Connected to proxy localRank 3 -> connection 0x7af4d4006050
10-72-1-171:30777:30777 [2] NCCL INFO Channel 07/0 : 2[6] -> 3[7] via P2P/CUMEM
10-72-1-171:30777:30870 [2] NCCL INFO New proxy send connection 31 from local rank 2, transport 0
10-72-1-171:30777:30777 [2] NCCL INFO Connected to proxy localRank 2 -> connection 0x78a6e4005df8
10-72-1-171:30778:30868 [3] NCCL INFO Allocated shareable buffer 0x7af5b3e00000 size 2097152 ipcDesc 0x7af4d403f010
10-72-1-171:30778:30778 [3] NCCL INFO Channel 13/0 : 3[7] -> 0[4] via P2P/CUMEM
10-72-1-171:30776:30872 [1] NCCL INFO Allocated shareable buffer 0x7f38e9600000 size 10485760 ipcDesc 0x7f37fc02ac10
10-72-1-171:30778:30868 [3] NCCL INFO New proxy send connection 37 from local rank 3, transport 0
10-72-1-171:30778:30778 [3] NCCL INFO Connected to proxy localRank 3 -> connection 0x7af4d40060c8
10-72-1-171:30775:30874 [0] NCCL INFO Allocated shareable buffer 0x74e3f5600000 size 10485760 ipcDesc 0x74e30402c430
10-72-1-171:30776:30872 [1] NCCL INFO New proxy recv connection 23 from local rank 1, transport 0
10-72-1-171:30775:30775 [0] NCCL INFO Channel 00/0 : 0[4] -> 1[5] via P2P/CUMEM
10-72-1-171:30777:30870 [2] NCCL INFO Allocated shareable buffer 0x78a797e00000 size 2097152 ipcDesc 0x78a6e40380d0
10-72-1-171:30776:30776 [1] NCCL INFO Connected to proxy localRank 1 -> connection 0x7f37fc005a38
10-72-1-171:30777:30777 [2] NCCL INFO Channel 08/0 : 2[6] -> 3[7] via P2P/CUMEM
10-72-1-171:30775:30874 [0] NCCL INFO New proxy send connection 27 from local rank 0, transport 0
10-72-1-171:30777:30870 [2] NCCL INFO New proxy send connection 32 from local rank 2, transport 0
10-72-1-171:30775:30775 [0] NCCL INFO Connected to proxy localRank 0 -> connection 0x74e304005c18
10-72-1-171:30777:30777 [2] NCCL INFO Connected to proxy localRank 2 -> connection 0x78a6e4005e70
10-72-1-171:30777:30870 [2] NCCL INFO Allocated shareable buffer 0x78a799e00000 size 2097152 ipcDesc 0x78a6e4039710
10-72-1-171:30777:30777 [2] NCCL INFO Channel 09/0 : 2[6] -> 3[7] via P2P/CUMEM
10-72-1-171:30776:30872 [1] NCCL INFO Allocated shareable buffer 0x7f38eb600000 size 10485760 ipcDesc 0x7f37fc02c430
10-72-1-171:30777:30870 [2] NCCL INFO New proxy send connection 33 from local rank 2, transport 0
10-72-1-171:30777:30777 [2] NCCL INFO Connected to proxy localRank 2 -> connection 0x78a6e4005ee8
10-72-1-171:30776:30776 [1] NCCL INFO Channel 00/0 : 1[5] -> 2[6] via P2P/CUMEM
10-72-1-171:30775:30874 [0] NCCL INFO Allocated shareable buffer 0x74e3a3a00000 size 2097152 ipcDesc 0x74e30402dc50
10-72-1-171:30776:30872 [1] NCCL INFO New proxy send connection 24 from local rank 1, transport 0
10-72-1-171:30776:30776 [1] NCCL INFO Connected to proxy localRank 1 -> connection 0x7f37fc005ab0
10-72-1-171:30775:30775 [0] NCCL INFO Channel 01/0 : 0[4] -> 1[5] via P2P/CUMEM
10-72-1-171:30775:30874 [0] NCCL INFO New proxy send connection 28 from local rank 0, transport 0
10-72-1-171:30775:30775 [0] NCCL INFO Connected to proxy localRank 0 -> connection 0x74e304005c90
10-72-1-171:30778:30868 [3] NCCL INFO Allocated shareable buffer 0x7af5b9e00000 size 2097152 ipcDesc 0x7af4d4040650
10-72-1-171:30778:30778 [3] NCCL INFO Channel 14/0 : 3[7] -> 0[4] via P2P/CUMEM
10-72-1-171:30778:30868 [3] NCCL INFO New proxy send connection 38 from local rank 3, transport 0
10-72-1-171:30778:30778 [3] NCCL INFO Connected to proxy localRank 3 -> connection 0x7af4d4006140
10-72-1-171:30777:30870 [2] NCCL INFO Allocated shareable buffer 0x78a79be00000 size 2097152 ipcDesc 0x78a6e403ad50
10-72-1-171:30777:30777 [2] NCCL INFO Channel 10/0 : 2[6] -> 3[7] via P2P/CUMEM
10-72-1-171:30777:30870 [2] NCCL INFO New proxy send connection 34 from local rank 2, transport 0
10-72-1-171:30777:30777 [2] NCCL INFO Connected to proxy localRank 2 -> connection 0x78a6e4005f60
10-72-1-171:30776:30872 [1] NCCL INFO Allocated shareable buffer 0x7f3899a00000 size 2097152 ipcDesc 0x7f37fc02dc50
10-72-1-171:30775:30874 [0] NCCL INFO Allocated shareable buffer 0x74e3a3c00000 size 2097152 ipcDesc 0x74e30402f5b0
10-72-1-171:30778:30868 [3] NCCL INFO Allocated shareable buffer 0x7af5bde00000 size 2097152 ipcDesc 0x7af4d4041c90
10-72-1-171:30776:30776 [1] NCCL INFO Channel 01/0 : 1[5] -> 2[6] via P2P/CUMEM
10-72-1-171:30778:30778 [3] NCCL INFO Channel 15/0 : 3[7] -> 0[4] via P2P/CUMEM
10-72-1-171:30776:30872 [1] NCCL INFO New proxy send connection 25 from local rank 1, transport 0
10-72-1-171:30775:30775 [0] NCCL INFO Channel 02/0 : 0[4] -> 1[5] via P2P/CUMEM
10-72-1-171:30778:30868 [3] NCCL INFO New proxy send connection 39 from local rank 3, transport 0
10-72-1-171:30778:30778 [3] NCCL INFO Connected to proxy localRank 3 -> connection 0x7af4d40061b8
10-72-1-171:30776:30776 [1] NCCL INFO Connected to proxy localRank 1 -> connection 0x7f37fc005b28
10-72-1-171:30775:30874 [0] NCCL INFO New proxy send connection 29 from local rank 0, transport 0
10-72-1-171:30775:30775 [0] NCCL INFO Connected to proxy localRank 0 -> connection 0x74e304005d08
10-72-1-171:30778:30868 [3] NCCL INFO Allocated shareable buffer 0x7af5c3e00000 size 2097152 ipcDesc 0x7af4d40432d0
10-72-1-171:30778:30778 [3] NCCL INFO Channel 16/0 : 3[7] -> 0[4] via P2P/CUMEM
10-72-1-171:30778:30868 [3] NCCL INFO New proxy send connection 40 from local rank 3, transport 0
10-72-1-171:30778:30778 [3] NCCL INFO Connected to proxy localRank 3 -> connection 0x7af4d4006230
10-72-1-171:30777:30870 [2] NCCL INFO Allocated shareable buffer 0x78a79fe00000 size 2097152 ipcDesc 0x78a6e403c390
10-72-1-171:30777:30777 [2] NCCL INFO Channel 11/0 : 2[6] -> 3[7] via P2P/CUMEM
10-72-1-171:30777:30870 [2] NCCL INFO New proxy send connection 35 from local rank 2, transport 0
10-72-1-171:30776:30872 [1] NCCL INFO Allocated shareable buffer 0x7f3899c00000 size 2097152 ipcDesc 0x7f37fc02f5b0
10-72-1-171:30777:30777 [2] NCCL INFO Connected to proxy localRank 2 -> connection 0x78a6e4005fd8
10-72-1-171:30776:30776 [1] NCCL INFO Channel 02/0 : 1[5] -> 2[6] via P2P/CUMEM
10-72-1-171:30776:30872 [1] NCCL INFO New proxy send connection 26 from local rank 1, transport 0
10-72-1-171:30776:30776 [1] NCCL INFO Connected to proxy localRank 1 -> connection 0x7f37fc005ba0
10-72-1-171:30778:30868 [3] NCCL INFO Allocated shareable buffer 0x7af5c9400000 size 2097152 ipcDesc 0x7af4d4044910
10-72-1-171:30778:30778 [3] NCCL INFO Channel 17/0 : 3[7] -> 0[4] via P2P/CUMEM
10-72-1-171:30778:30868 [3] NCCL INFO New proxy send connection 41 from local rank 3, transport 0
10-72-1-171:30778:30778 [3] NCCL INFO Connected to proxy localRank 3 -> connection 0x7af4d40062a8
10-72-1-171:30775:30874 [0] NCCL INFO Allocated shareable buffer 0x74e3a3e00000 size 2097152 ipcDesc 0x74e304030d30
10-72-1-171:30777:30870 [2] NCCL INFO Allocated shareable buffer 0x78a7a3e00000 size 2097152 ipcDesc 0x78a6e403d9d0
10-72-1-171:30775:30775 [0] NCCL INFO Channel 03/0 : 0[4] -> 1[5] via P2P/CUMEM
10-72-1-171:30777:30777 [2] NCCL INFO Channel 12/0 : 2[6] -> 3[7] via P2P/CUMEM
10-72-1-171:30777:30870 [2] NCCL INFO New proxy send connection 36 from local rank 2, transport 0
10-72-1-171:30777:30777 [2] NCCL INFO Connected to proxy localRank 2 -> connection 0x78a6e4006050
10-72-1-171:30775:30874 [0] NCCL INFO New proxy send connection 30 from local rank 0, transport 0
10-72-1-171:30775:30775 [0] NCCL INFO Connected to proxy localRank 0 -> connection 0x74e304005d80
10-72-1-171:30778:30868 [3] NCCL INFO Allocated shareable buffer 0x7af5c9600000 size 2097152 ipcDesc 0x7af4d4046270
10-72-1-171:30778:30778 [3] NCCL INFO Channel 18/0 : 3[7] -> 0[4] via P2P/CUMEM
10-72-1-171:30778:30868 [3] NCCL INFO New proxy send connection 42 from local rank 3, transport 0
10-72-1-171:30778:30778 [3] NCCL INFO Connected to proxy localRank 3 -> connection 0x7af4d4006320
10-72-1-171:30777:30870 [2] NCCL INFO Allocated shareable buffer 0x78a7a9e00000 size 2097152 ipcDesc 0x78a6e403f010
10-72-1-171:30777:30777 [2] NCCL INFO Channel 13/0 : 2[6] -> 3[7] via P2P/CUMEM
10-72-1-171:30777:30870 [2] NCCL INFO New proxy send connection 37 from local rank 2, transport 0
10-72-1-171:30777:30777 [2] NCCL INFO Connected to proxy localRank 2 -> connection 0x78a6e40060c8
10-72-1-171:30778:30868 [3] NCCL INFO Allocated shareable buffer 0x7af5c9800000 size 2097152 ipcDesc 0x7af4d40479f0
10-72-1-171:30778:30778 [3] NCCL INFO Channel 19/0 : 3[7] -> 0[4] via P2P/CUMEM
10-72-1-171:30778:30868 [3] NCCL INFO New proxy send connection 43 from local rank 3, transport 0
10-72-1-171:30776:30872 [1] NCCL INFO Allocated shareable buffer 0x7f3899e00000 size 2097152 ipcDesc 0x7f37fc030d30
10-72-1-171:30778:30778 [3] NCCL INFO Connected to proxy localRank 3 -> connection 0x7af4d4006398
10-72-1-171:30776:30776 [1] NCCL INFO Channel 03/0 : 1[5] -> 2[6] via P2P/CUMEM
10-72-1-171:30776:30872 [1] NCCL INFO New proxy send connection 27 from local rank 1, transport 0
10-72-1-171:30777:30870 [2] NCCL INFO Allocated shareable buffer 0x78a7afe00000 size 2097152 ipcDesc 0x78a6e4040650
10-72-1-171:30777:30777 [2] NCCL INFO Channel 14/0 : 2[6] -> 3[7] via P2P/CUMEM
10-72-1-171:30776:30776 [1] NCCL INFO Connected to proxy localRank 1 -> connection 0x7f37fc005c18
10-72-1-171:30777:30870 [2] NCCL INFO New proxy send connection 38 from local rank 2, transport 0
10-72-1-171:30777:30777 [2] NCCL INFO Connected to proxy localRank 2 -> connection 0x78a6e4006140
10-72-1-171:30775:30874 [0] NCCL INFO Allocated shareable buffer 0x74e3a7e00000 size 2097152 ipcDesc 0x74e304032370
10-72-1-171:30775:30775 [0] NCCL INFO Channel 04/0 : 0[4] -> 1[5] via P2P/CUMEM
10-72-1-171:30775:30874 [0] NCCL INFO New proxy send connection 31 from local rank 0, transport 0
10-72-1-171:30775:30775 [0] NCCL INFO Connected to proxy localRank 0 -> connection 0x74e304005df8
10-72-1-171:30778:30868 [3] NCCL INFO Allocated shareable buffer 0x7af5c9a00000 size 2097152 ipcDesc 0x7af4d4049170
10-72-1-171:30778:30778 [3] NCCL INFO Channel 20/0 : 3[7] -> 0[4] via P2P/CUMEM
10-72-1-171:30777:30870 [2] NCCL INFO Allocated shareable buffer 0x78a7b3e00000 size 2097152 ipcDesc 0x78a6e4041c90
10-72-1-171:30778:30868 [3] NCCL INFO New proxy send connection 44 from local rank 3, transport 0
10-72-1-171:30777:30777 [2] NCCL INFO Channel 15/0 : 2[6] -> 3[7] via P2P/CUMEM
10-72-1-171:30778:30778 [3] NCCL INFO Connected to proxy localRank 3 -> connection 0x7af4d4006410
10-72-1-171:30776:30872 [1] NCCL INFO Allocated shareable buffer 0x7f389de00000 size 2097152 ipcDesc 0x7f37fc032370
10-72-1-171:30777:30870 [2] NCCL INFO New proxy send connection 39 from local rank 2, transport 0
10-72-1-171:30777:30777 [2] NCCL INFO Connected to proxy localRank 2 -> connection 0x78a6e40061b8
10-72-1-171:30776:30776 [1] NCCL INFO Channel 04/0 : 1[5] -> 2[6] via P2P/CUMEM
10-72-1-171:30776:30872 [1] NCCL INFO New proxy send connection 28 from local rank 1, transport 0
10-72-1-171:30776:30776 [1] NCCL INFO Connected to proxy localRank 1 -> connection 0x7f37fc005c90
10-72-1-171:30778:30868 [3] NCCL INFO Allocated shareable buffer 0x7af5c9c00000 size 2097152 ipcDesc 0x7af4d404a8f0
10-72-1-171:30778:30778 [3] NCCL INFO Channel 21/0 : 3[7] -> 0[4] via P2P/CUMEM
10-72-1-171:30777:30870 [2] NCCL INFO Allocated shareable buffer 0x78a7b9e00000 size 2097152 ipcDesc 0x78a6e40432d0
10-72-1-171:30778:30868 [3] NCCL INFO New proxy send connection 45 from local rank 3, transport 0
10-72-1-171:30777:30777 [2] NCCL INFO Channel 16/0 : 2[6] -> 3[7] via P2P/CUMEM
10-72-1-171:30778:30778 [3] NCCL INFO Connected to proxy localRank 3 -> connection 0x7af4d4006488
10-72-1-171:30777:30870 [2] NCCL INFO New proxy send connection 40 from local rank 2, transport 0
10-72-1-171:30777:30777 [2] NCCL INFO Connected to proxy localRank 2 -> connection 0x78a6e4006230
10-72-1-171:30775:30874 [0] NCCL INFO Allocated shareable buffer 0x74e3ade00000 size 2097152 ipcDesc 0x74e3040339b0
10-72-1-171:30776:30872 [1] NCCL INFO Allocated shareable buffer 0x7f38a3e00000 size 2097152 ipcDesc 0x7f37fc0339b0
10-72-1-171:30775:30775 [0] NCCL INFO Channel 05/0 : 0[4] -> 1[5] via P2P/CUMEM
10-72-1-171:30776:30776 [1] NCCL INFO Channel 05/0 : 1[5] -> 2[6] via P2P/CUMEM
10-72-1-171:30775:30874 [0] NCCL INFO New proxy send connection 32 from local rank 0, transport 0
10-72-1-171:30776:30872 [1] NCCL INFO New proxy send connection 29 from local rank 1, transport 0
10-72-1-171:30775:30775 [0] NCCL INFO Connected to proxy localRank 0 -> connection 0x74e304005e70
10-72-1-171:30776:30776 [1] NCCL INFO Connected to proxy localRank 1 -> connection 0x7f37fc005d08
10-72-1-171:30778:30868 [3] NCCL INFO Allocated shareable buffer 0x7af5c9e00000 size 2097152 ipcDesc 0x7af4d404c070
10-72-1-171:30778:30778 [3] NCCL INFO Channel 22/0 : 3[7] -> 0[4] via P2P/CUMEM
10-72-1-171:30778:30868 [3] NCCL INFO New proxy send connection 46 from local rank 3, transport 0
10-72-1-171:30778:30778 [3] NCCL INFO Connected to proxy localRank 3 -> connection 0x7af4d4006500
10-72-1-171:30778:30868 [3] NCCL INFO Allocated shareable buffer 0x7af5cb600000 size 2097152 ipcDesc 0x7af4d404d6b0
10-72-1-171:30778:30778 [3] NCCL INFO Channel 23/0 : 3[7] -> 0[4] via P2P/CUMEM
10-72-1-171:30776:30872 [1] NCCL INFO Allocated shareable buffer 0x7f38c5a00000 size 2097152 ipcDesc 0x7f37fc034ff0
10-72-1-171:30778:30868 [3] NCCL INFO New proxy send connection 47 from local rank 3, transport 0
10-72-1-171:30778:30778 [3] NCCL INFO Connected to proxy localRank 3 -> connection 0x7af4d4006578
10-72-1-171:30776:30776 [1] NCCL INFO Channel 06/0 : 1[5] -> 2[6] via P2P/CUMEM
10-72-1-171:30775:30874 [0] NCCL INFO Allocated shareable buffer 0x74e3cfa00000 size 2097152 ipcDesc 0x74e304034ff0
10-72-1-171:30776:30872 [1] NCCL INFO New proxy send connection 30 from local rank 1, transport 0
10-72-1-171:30775:30775 [0] NCCL INFO Channel 06/0 : 0[4] -> 1[5] via P2P/CUMEM
10-72-1-171:30776:30776 [1] NCCL INFO Connected to proxy localRank 1 -> connection 0x7f37fc005d80
10-72-1-171:30775:30874 [0] NCCL INFO New proxy send connection 33 from local rank 0, transport 0
10-72-1-171:30775:30775 [0] NCCL INFO Connected to proxy localRank 0 -> connection 0x74e304005ee8
10-72-1-171:30777:30870 [2] NCCL INFO Allocated shareable buffer 0x78a7bf400000 size 2097152 ipcDesc 0x78a6e4044910
10-72-1-171:30777:30777 [2] NCCL INFO Channel 17/0 : 2[6] -> 3[7] via P2P/CUMEM
10-72-1-171:30777:30870 [2] NCCL INFO New proxy send connection 41 from local rank 2, transport 0
10-72-1-171:30777:30777 [2] NCCL INFO Connected to proxy localRank 2 -> connection 0x78a6e40062a8
10-72-1-171:30777:30870 [2] NCCL INFO Allocated shareable buffer 0x78a7bf600000 size 2097152 ipcDesc 0x78a6e4046270
10-72-1-171:30777:30777 [2] NCCL INFO Channel 18/0 : 2[6] -> 3[7] via P2P/CUMEM
10-72-1-171:30777:30870 [2] NCCL INFO New proxy send connection 42 from local rank 2, transport 0
10-72-1-171:30778:30868 [3] NCCL INFO Allocated shareable buffer 0x7af5cb800000 size 2097152 ipcDesc 0x7af4d404f010
10-72-1-171:30777:30777 [2] NCCL INFO Connected to proxy localRank 2 -> connection 0x78a6e4006320
10-72-1-171:30776:30872 [1] NCCL INFO Allocated shareable buffer 0x7f38c5c00000 size 2097152 ipcDesc 0x7f37fc036950
10-72-1-171:30776:30776 [1] NCCL INFO Channel 07/0 : 1[5] -> 2[6] via P2P/CUMEM
10-72-1-171:30776:30872 [1] NCCL INFO New proxy send connection 31 from local rank 1, transport 0
10-72-1-171:30776:30776 [1] NCCL INFO Connected to proxy localRank 1 -> connection 0x7f37fc005df8
10-72-1-171:30775:30874 [0] NCCL INFO Allocated shareable buffer 0x74e3cfc00000 size 2097152 ipcDesc 0x74e304036950
10-72-1-171:30775:30775 [0] NCCL INFO Channel 07/0 : 0[4] -> 1[5] via P2P/CUMEM
10-72-1-171:30775:30874 [0] NCCL INFO New proxy send connection 34 from local rank 0, transport 0
10-72-1-171:30777:30870 [2] NCCL INFO Allocated shareable buffer 0x78a7bf800000 size 2097152 ipcDesc 0x78a6e40479f0
10-72-1-171:30775:30775 [0] NCCL INFO Connected to proxy localRank 0 -> connection 0x74e304005f60
10-72-1-171:30777:30777 [2] NCCL INFO Channel 19/0 : 2[6] -> 3[7] via P2P/CUMEM
10-72-1-171:30777:30870 [2] NCCL INFO New proxy send connection 43 from local rank 2, transport 0
10-72-1-171:30777:30777 [2] NCCL INFO Connected to proxy localRank 2 -> connection 0x78a6e4006398
10-72-1-171:30776:30872 [1] NCCL INFO Allocated shareable buffer 0x7f38c5e00000 size 2097152 ipcDesc 0x7f37fc0380d0
10-72-1-171:30776:30776 [1] NCCL INFO Channel 08/0 : 1[5] -> 2[6] via P2P/CUMEM
10-72-1-171:30776:30872 [1] NCCL INFO New proxy send connection 32 from local rank 1, transport 0
10-72-1-171:30776:30776 [1] NCCL INFO Connected to proxy localRank 1 -> connection 0x7f37fc005e70
10-72-1-171:30777:30870 [2] NCCL INFO Allocated shareable buffer 0x78a7bfa00000 size 2097152 ipcDesc 0x78a6e4049170
10-72-1-171:30777:30777 [2] NCCL INFO Channel 20/0 : 2[6] -> 3[7] via P2P/CUMEM
10-72-1-171:30777:30870 [2] NCCL INFO New proxy send connection 44 from local rank 2, transport 0
10-72-1-171:30777:30777 [2] NCCL INFO Connected to proxy localRank 2 -> connection 0x78a6e4006410
10-72-1-171:30775:30874 [0] NCCL INFO Allocated shareable buffer 0x74e3cfe00000 size 2097152 ipcDesc 0x74e3040380d0
10-72-1-171:30775:30775 [0] NCCL INFO Channel 08/0 : 0[4] -> 1[5] via P2P/CUMEM
10-72-1-171:30775:30874 [0] NCCL INFO New proxy send connection 35 from local rank 0, transport 0
10-72-1-171:30775:30775 [0] NCCL INFO Connected to proxy localRank 0 -> connection 0x74e304005fd8
10-72-1-171:30776:30872 [1] NCCL INFO Allocated shareable buffer 0x7f38c7e00000 size 2097152 ipcDesc 0x7f37fc039710
10-72-1-171:30776:30776 [1] NCCL INFO Channel 09/0 : 1[5] -> 2[6] via P2P/CUMEM
10-72-1-171:30776:30872 [1] NCCL INFO New proxy send connection 33 from local rank 1, transport 0
10-72-1-171:30776:30776 [1] NCCL INFO Connected to proxy localRank 1 -> connection 0x7f37fc005ee8
10-72-1-171:30777:30870 [2] NCCL INFO Allocated shareable buffer 0x78a7bfc00000 size 2097152 ipcDesc 0x78a6e404a8f0
10-72-1-171:30777:30777 [2] NCCL INFO Channel 21/0 : 2[6] -> 3[7] via P2P/CUMEM
10-72-1-171:30777:30870 [2] NCCL INFO New proxy send connection 45 from local rank 2, transport 0
10-72-1-171:30777:30777 [2] NCCL INFO Connected to proxy localRank 2 -> connection 0x78a6e4006488
10-72-1-171:30775:30874 [0] NCCL INFO Allocated shareable buffer 0x74e3d1e00000 size 2097152 ipcDesc 0x74e304039710
10-72-1-171:30775:30775 [0] NCCL INFO Channel 09/0 : 0[4] -> 1[5] via P2P/CUMEM
10-72-1-171:30776:30872 [1] NCCL INFO Allocated shareable buffer 0x7f38c9e00000 size 2097152 ipcDesc 0x7f37fc03ad50
10-72-1-171:30775:30874 [0] NCCL INFO New proxy send connection 36 from local rank 0, transport 0
10-72-1-171:30776:30776 [1] NCCL INFO Channel 10/0 : 1[5] -> 2[6] via P2P/CUMEM
10-72-1-171:30775:30775 [0] NCCL INFO Connected to proxy localRank 0 -> connection 0x74e304006050
10-72-1-171:30776:30872 [1] NCCL INFO New proxy send connection 34 from local rank 1, transport 0
10-72-1-171:30776:30776 [1] NCCL INFO Connected to proxy localRank 1 -> connection 0x7f37fc005f60
10-72-1-171:30777:30870 [2] NCCL INFO Allocated shareable buffer 0x78a7bfe00000 size 2097152 ipcDesc 0x78a6e404c070
10-72-1-171:30777:30777 [2] NCCL INFO Channel 22/0 : 2[6] -> 3[7] via P2P/CUMEM
10-72-1-171:30777:30870 [2] NCCL INFO New proxy send connection 46 from local rank 2, transport 0
10-72-1-171:30777:30777 [2] NCCL INFO Connected to proxy localRank 2 -> connection 0x78a6e4006500
10-72-1-171:30776:30872 [1] NCCL INFO Allocated shareable buffer 0x7f38cde00000 size 2097152 ipcDesc 0x7f37fc03c390
10-72-1-171:30776:30776 [1] NCCL INFO Channel 11/0 : 1[5] -> 2[6] via P2P/CUMEM
10-72-1-171:30775:30874 [0] NCCL INFO Allocated shareable buffer 0x74e3d3e00000 size 2097152 ipcDesc 0x74e30403ad50
10-72-1-171:30776:30872 [1] NCCL INFO New proxy send connection 35 from local rank 1, transport 0
10-72-1-171:30776:30776 [1] NCCL INFO Connected to proxy localRank 1 -> connection 0x7f37fc005fd8
10-72-1-171:30775:30775 [0] NCCL INFO Channel 10/0 : 0[4] -> 1[5] via P2P/CUMEM
10-72-1-171:30775:30874 [0] NCCL INFO New proxy send connection 37 from local rank 0, transport 0
10-72-1-171:30775:30775 [0] NCCL INFO Connected to proxy localRank 0 -> connection 0x74e3040060c8
10-72-1-171:30777:30870 [2] NCCL INFO Allocated shareable buffer 0x78a7c1600000 size 2097152 ipcDesc 0x78a6e404d6b0
10-72-1-171:30777:30777 [2] NCCL INFO Channel 23/0 : 2[6] -> 3[7] via P2P/CUMEM
10-72-1-171:30777:30870 [2] NCCL INFO New proxy send connection 47 from local rank 2, transport 0
10-72-1-171:30777:30777 [2] NCCL INFO Connected to proxy localRank 2 -> connection 0x78a6e4006578
10-72-1-171:30776:30872 [1] NCCL INFO Allocated shareable buffer 0x7f38d1e00000 size 2097152 ipcDesc 0x7f37fc03d9d0
10-72-1-171:30776:30776 [1] NCCL INFO Channel 12/0 : 1[5] -> 2[6] via P2P/CUMEM
10-72-1-171:30776:30872 [1] NCCL INFO New proxy send connection 36 from local rank 1, transport 0
10-72-1-171:30776:30776 [1] NCCL INFO Connected to proxy localRank 1 -> connection 0x7f37fc006050
10-72-1-171:30775:30874 [0] NCCL INFO Allocated shareable buffer 0x74e3d7e00000 size 2097152 ipcDesc 0x74e30403c390
10-72-1-171:30775:30775 [0] NCCL INFO Channel 11/0 : 0[4] -> 1[5] via P2P/CUMEM
10-72-1-171:30775:30874 [0] NCCL INFO New proxy send connection 38 from local rank 0, transport 0
10-72-1-171:30775:30775 [0] NCCL INFO Connected to proxy localRank 0 -> connection 0x74e304006140
10-72-1-171:30777:30870 [2] NCCL INFO Allocated shareable buffer 0x78a7c1800000 size 2097152 ipcDesc 0x78a6e404f010
10-72-1-171:30776:30872 [1] NCCL INFO Allocated shareable buffer 0x7f38d7e00000 size 2097152 ipcDesc 0x7f37fc03f010
10-72-1-171:30776:30776 [1] NCCL INFO Channel 13/0 : 1[5] -> 2[6] via P2P/CUMEM
10-72-1-171:30776:30872 [1] NCCL INFO New proxy send connection 37 from local rank 1, transport 0
10-72-1-171:30775:30874 [0] NCCL INFO Allocated shareable buffer 0x74e3dbe00000 size 2097152 ipcDesc 0x74e30403d9d0
10-72-1-171:30776:30776 [1] NCCL INFO Connected to proxy localRank 1 -> connection 0x7f37fc0060c8
10-72-1-171:30775:30775 [0] NCCL INFO Channel 12/0 : 0[4] -> 1[5] via P2P/CUMEM
10-72-1-171:30775:30874 [0] NCCL INFO New proxy send connection 39 from local rank 0, transport 0
10-72-1-171:30775:30775 [0] NCCL INFO Connected to proxy localRank 0 -> connection 0x74e3040061b8
10-72-1-171:30776:30872 [1] NCCL INFO Allocated shareable buffer 0x7f38dde00000 size 2097152 ipcDesc 0x7f37fc040650
10-72-1-171:30776:30776 [1] NCCL INFO Channel 14/0 : 1[5] -> 2[6] via P2P/CUMEM
10-72-1-171:30776:30872 [1] NCCL INFO New proxy send connection 38 from local rank 1, transport 0
10-72-1-171:30776:30776 [1] NCCL INFO Connected to proxy localRank 1 -> connection 0x7f37fc006140
10-72-1-171:30775:30874 [0] NCCL INFO Allocated shareable buffer 0x74e3e1e00000 size 2097152 ipcDesc 0x74e30403f010
10-72-1-171:30775:30775 [0] NCCL INFO Channel 13/0 : 0[4] -> 1[5] via P2P/CUMEM
10-72-1-171:30775:30874 [0] NCCL INFO New proxy send connection 40 from local rank 0, transport 0
10-72-1-171:30775:30775 [0] NCCL INFO Connected to proxy localRank 0 -> connection 0x74e304006230
10-72-1-171:30776:30872 [1] NCCL INFO Allocated shareable buffer 0x7f38e1e00000 size 2097152 ipcDesc 0x7f37fc041c90
10-72-1-171:30776:30776 [1] NCCL INFO Channel 15/0 : 1[5] -> 2[6] via P2P/CUMEM
10-72-1-171:30776:30872 [1] NCCL INFO New proxy send connection 39 from local rank 1, transport 0
10-72-1-171:30776:30776 [1] NCCL INFO Connected to proxy localRank 1 -> connection 0x7f37fc0061b8
10-72-1-171:30775:30874 [0] NCCL INFO Allocated shareable buffer 0x74e3e7e00000 size 2097152 ipcDesc 0x74e304040650
10-72-1-171:30775:30775 [0] NCCL INFO Channel 14/0 : 0[4] -> 1[5] via P2P/CUMEM
10-72-1-171:30775:30874 [0] NCCL INFO New proxy send connection 41 from local rank 0, transport 0
10-72-1-171:30775:30775 [0] NCCL INFO Connected to proxy localRank 0 -> connection 0x74e3040062a8
10-72-1-171:30776:30872 [1] NCCL INFO Allocated shareable buffer 0x7f38e7e00000 size 2097152 ipcDesc 0x7f37fc0432d0
10-72-1-171:30776:30776 [1] NCCL INFO Channel 16/0 : 1[5] -> 2[6] via P2P/CUMEM
10-72-1-171:30776:30872 [1] NCCL INFO New proxy send connection 40 from local rank 1, transport 0
10-72-1-171:30776:30776 [1] NCCL INFO Connected to proxy localRank 1 -> connection 0x7f37fc006230
10-72-1-171:30775:30874 [0] NCCL INFO Allocated shareable buffer 0x74e3ebe00000 size 2097152 ipcDesc 0x74e304041c90
10-72-1-171:30775:30775 [0] NCCL INFO Channel 15/0 : 0[4] -> 1[5] via P2P/CUMEM
10-72-1-171:30775:30874 [0] NCCL INFO New proxy send connection 42 from local rank 0, transport 0
10-72-1-171:30775:30775 [0] NCCL INFO Connected to proxy localRank 0 -> connection 0x74e304006320
10-72-1-171:30776:30872 [1] NCCL INFO Allocated shareable buffer 0x7f38ed400000 size 2097152 ipcDesc 0x7f37fc044910
10-72-1-171:30776:30776 [1] NCCL INFO Channel 17/0 : 1[5] -> 2[6] via P2P/CUMEM
10-72-1-171:30776:30872 [1] NCCL INFO New proxy send connection 41 from local rank 1, transport 0
10-72-1-171:30776:30776 [1] NCCL INFO Connected to proxy localRank 1 -> connection 0x7f37fc0062a8
10-72-1-171:30775:30874 [0] NCCL INFO Allocated shareable buffer 0x74e3f1e00000 size 2097152 ipcDesc 0x74e3040432d0
10-72-1-171:30775:30775 [0] NCCL INFO Channel 16/0 : 0[4] -> 1[5] via P2P/CUMEM
10-72-1-171:30775:30874 [0] NCCL INFO New proxy send connection 43 from local rank 0, transport 0
10-72-1-171:30775:30775 [0] NCCL INFO Connected to proxy localRank 0 -> connection 0x74e304006398
10-72-1-171:30776:30872 [1] NCCL INFO Allocated shareable buffer 0x7f38ed600000 size 2097152 ipcDesc 0x7f37fc046270
10-72-1-171:30776:30776 [1] NCCL INFO Channel 18/0 : 1[5] -> 2[6] via P2P/CUMEM
10-72-1-171:30776:30872 [1] NCCL INFO New proxy send connection 42 from local rank 1, transport 0
10-72-1-171:30776:30776 [1] NCCL INFO Connected to proxy localRank 1 -> connection 0x7f37fc006320
10-72-1-171:30775:30874 [0] NCCL INFO Allocated shareable buffer 0x74e3f7400000 size 2097152 ipcDesc 0x74e304044910
10-72-1-171:30776:30872 [1] NCCL INFO Allocated shareable buffer 0x7f38ed800000 size 2097152 ipcDesc 0x7f37fc0479f0
10-72-1-171:30775:30775 [0] NCCL INFO Channel 17/0 : 0[4] -> 1[5] via P2P/CUMEM
10-72-1-171:30776:30776 [1] NCCL INFO Channel 19/0 : 1[5] -> 2[6] via P2P/CUMEM
10-72-1-171:30775:30874 [0] NCCL INFO New proxy send connection 44 from local rank 0, transport 0
10-72-1-171:30776:30872 [1] NCCL INFO New proxy send connection 43 from local rank 1, transport 0
10-72-1-171:30775:30775 [0] NCCL INFO Connected to proxy localRank 0 -> connection 0x74e304006410
10-72-1-171:30776:30776 [1] NCCL INFO Connected to proxy localRank 1 -> connection 0x7f37fc006398
10-72-1-171:30776:30872 [1] NCCL INFO Allocated shareable buffer 0x7f38eda00000 size 2097152 ipcDesc 0x7f37fc049170
10-72-1-171:30776:30776 [1] NCCL INFO Channel 20/0 : 1[5] -> 2[6] via P2P/CUMEM
10-72-1-171:30776:30872 [1] NCCL INFO New proxy send connection 44 from local rank 1, transport 0
10-72-1-171:30776:30776 [1] NCCL INFO Connected to proxy localRank 1 -> connection 0x7f37fc006410
10-72-1-171:30775:30874 [0] NCCL INFO Allocated shareable buffer 0x74e3f7600000 size 2097152 ipcDesc 0x74e304046270
10-72-1-171:30775:30775 [0] NCCL INFO Channel 18/0 : 0[4] -> 1[5] via P2P/CUMEM
10-72-1-171:30775:30874 [0] NCCL INFO New proxy send connection 45 from local rank 0, transport 0
10-72-1-171:30775:30775 [0] NCCL INFO Connected to proxy localRank 0 -> connection 0x74e304006488
10-72-1-171:30776:30872 [1] NCCL INFO Allocated shareable buffer 0x7f38edc00000 size 2097152 ipcDesc 0x7f37fc04a8f0
10-72-1-171:30776:30776 [1] NCCL INFO Channel 21/0 : 1[5] -> 2[6] via P2P/CUMEM
10-72-1-171:30776:30872 [1] NCCL INFO New proxy send connection 45 from local rank 1, transport 0
10-72-1-171:30776:30776 [1] NCCL INFO Connected to proxy localRank 1 -> connection 0x7f37fc006488
10-72-1-171:30775:30874 [0] NCCL INFO Allocated shareable buffer 0x74e3f7800000 size 2097152 ipcDesc 0x74e3040479f0
10-72-1-171:30775:30775 [0] NCCL INFO Channel 19/0 : 0[4] -> 1[5] via P2P/CUMEM
10-72-1-171:30775:30874 [0] NCCL INFO New proxy send connection 46 from local rank 0, transport 0
10-72-1-171:30775:30775 [0] NCCL INFO Connected to proxy localRank 0 -> connection 0x74e304006500
10-72-1-171:30776:30872 [1] NCCL INFO Allocated shareable buffer 0x7f38ede00000 size 2097152 ipcDesc 0x7f37fc04c070
10-72-1-171:30776:30776 [1] NCCL INFO Channel 22/0 : 1[5] -> 2[6] via P2P/CUMEM
10-72-1-171:30776:30872 [1] NCCL INFO New proxy send connection 46 from local rank 1, transport 0
10-72-1-171:30776:30776 [1] NCCL INFO Connected to proxy localRank 1 -> connection 0x7f37fc006500
10-72-1-171:30775:30874 [0] NCCL INFO Allocated shareable buffer 0x74e3f7a00000 size 2097152 ipcDesc 0x74e304049170
10-72-1-171:30775:30775 [0] NCCL INFO Channel 20/0 : 0[4] -> 1[5] via P2P/CUMEM
10-72-1-171:30775:30874 [0] NCCL INFO New proxy send connection 47 from local rank 0, transport 0
10-72-1-171:30775:30775 [0] NCCL INFO Connected to proxy localRank 0 -> connection 0x74e304006578
10-72-1-171:30776:30872 [1] NCCL INFO Allocated shareable buffer 0x7f38ef600000 size 2097152 ipcDesc 0x7f37fc04d6b0
10-72-1-171:30776:30776 [1] NCCL INFO Channel 23/0 : 1[5] -> 2[6] via P2P/CUMEM
10-72-1-171:30776:30872 [1] NCCL INFO New proxy send connection 47 from local rank 1, transport 0
10-72-1-171:30776:30776 [1] NCCL INFO Connected to proxy localRank 1 -> connection 0x7f37fc006578
10-72-1-171:30775:30874 [0] NCCL INFO Allocated shareable buffer 0x74e3f7c00000 size 2097152 ipcDesc 0x74e30404a8f0
10-72-1-171:30775:30775 [0] NCCL INFO Channel 21/0 : 0[4] -> 1[5] via P2P/CUMEM
10-72-1-171:30775:30874 [0] NCCL INFO New proxy send connection 48 from local rank 0, transport 0
10-72-1-171:30775:30775 [0] NCCL INFO Connected to proxy localRank 0 -> connection 0x74e3040065f0
10-72-1-171:30776:30872 [1] NCCL INFO Allocated shareable buffer 0x7f38ef800000 size 2097152 ipcDesc 0x7f37fc04f010
10-72-1-171:30778:30868 [3] NCCL INFO New proxy send connection 48 from local rank 2, transport 0
10-72-1-171:30777:30777 [2] NCCL INFO Connected to proxy localRank 3 -> connection 0x7af4d40065f0
10-72-1-171:30775:30874 [0] NCCL INFO Allocated shareable buffer 0x74e3f7e00000 size 2097152 ipcDesc 0x74e30404c070
10-72-1-171:30775:30775 [0] NCCL INFO Channel 22/0 : 0[4] -> 1[5] via P2P/CUMEM
10-72-1-171:30775:30874 [0] NCCL INFO New proxy send connection 49 from local rank 0, transport 0
10-72-1-171:30775:30775 [0] NCCL INFO Connected to proxy localRank 0 -> connection 0x74e304006668
10-72-1-171:30777:30777 [2] NCCL INFO UDS converted handle 0x7af4d4008c00 to fd 93 on remote peer 3
10-72-1-171:30775:30874 [0] NCCL INFO Allocated shareable buffer 0x74e3f9600000 size 2097152 ipcDesc 0x74e30404d6b0
10-72-1-171:30775:30775 [0] NCCL INFO Channel 23/0 : 0[4] -> 1[5] via P2P/CUMEM
10-72-1-171:30775:30874 [0] NCCL INFO New proxy send connection 50 from local rank 0, transport 0
10-72-1-171:30775:30775 [0] NCCL INFO Connected to proxy localRank 0 -> connection 0x74e3040066e0
10-72-1-171:30777:30777 [2] NCCL INFO Imported shareable buffer device 2 size 10485760 ptr 0x78a7c3400000
10-72-1-171:30775:30874 [0] NCCL INFO Allocated shareable buffer 0x74e3f9800000 size 2097152 ipcDesc 0x74e30404f010
10-72-1-171:30776:30872 [1] NCCL INFO New proxy send connection 48 from local rank 2, transport 0
10-72-1-171:30777:30777 [2] NCCL INFO Connected to proxy localRank 1 -> connection 0x7f37fc0065f0
10-72-1-171:30777:30870 [2] NCCL INFO New proxy send connection 48 from local rank 1, transport 0
10-72-1-171:30776:30872 [1] NCCL INFO New proxy send connection 49 from local rank 0, transport 0
10-72-1-171:30776:30776 [1] NCCL INFO Connected to proxy localRank 2 -> connection 0x78a6e40065f0
10-72-1-171:30775:30775 [0] NCCL INFO Connected to proxy localRank 1 -> connection 0x7f37fc006668
10-72-1-171:30777:30777 [2] NCCL INFO UDS converted handle 0x7f37fc02dca0 to fd 95 on remote peer 1
10-72-1-171:30776:30776 [1] NCCL INFO UDS converted handle 0x78a6e4008c00 to fd 95 on remote peer 2
10-72-1-171:30776:30776 [1] NCCL INFO Imported shareable buffer device 1 size 10485760 ptr 0x7f38f1400000
10-72-1-171:30778:30778 [3] NCCL INFO UDS converted handle 0x74e304008ca0 to fd 92 on remote peer 0
10-72-1-171:30777:30777 [2] NCCL INFO Imported shareable buffer device 2 size 2097152 ptr 0x78a7c1a00000
10-72-1-171:30775:30775 [0] NCCL INFO UDS converted handle 0x7f37fc008c00 to fd 95 on remote peer 1
10-72-1-171:30778:30778 [3] NCCL INFO Imported shareable buffer device 3 size 10485760 ptr 0x7af5cd400000
10-72-1-171:30777:30870 [2] NCCL INFO New proxy send connection 49 from local rank 3, transport 0
10-72-1-171:30778:30778 [3] NCCL INFO Connected to proxy localRank 2 -> connection 0x78a6e4006668
10-72-1-171:30775:30775 [0] NCCL INFO Imported shareable buffer device 0 size 10485760 ptr 0x74e3fb400000
10-72-1-171:30778:30868 [3] NCCL INFO New proxy send connection 49 from local rank 0, transport 0
10-72-1-171:30775:30775 [0] NCCL INFO Connected to proxy localRank 3 -> connection 0x7af4d4006668
10-72-1-171:30776:30776 [1] NCCL INFO UDS converted handle 0x74e30402dca0 to fd 95 on remote peer 0
10-72-1-171:30777:30777 [2] NCCL INFO UDS converted handle 0x7af4d400a4e0 to fd 96 on remote peer 3
10-72-1-171:30778:30778 [3] NCCL INFO UDS converted handle 0x78a6e402dca0 to fd 95 on remote peer 2
10-72-1-171:30777:30777 [2] NCCL INFO Imported shareable buffer device 2 size 10485760 ptr 0x78a7c5600000
10-72-1-171:30776:30776 [1] NCCL INFO Imported shareable buffer device 1 size 2097152 ptr 0x7f38efa00000
10-72-1-171:30775:30775 [0] NCCL INFO UDS converted handle 0x7af4d402dca0 to fd 95 on remote peer 3
10-72-1-171:30778:30778 [3] NCCL INFO Imported shareable buffer device 3 size 2097152 ptr 0x7af5cba00000
10-72-1-171:30775:30775 [0] NCCL INFO Imported shareable buffer device 0 size 2097152 ptr 0x74e3f9a00000
10-72-1-171:30776:30776 [1] NCCL INFO UDS converted handle 0x78a6e400a4e0 to fd 96 on remote peer 2
10-72-1-171:30777:30777 [2] NCCL INFO UDS converted handle 0x7f37fc02f600 to fd 96 on remote peer 1
10-72-1-171:30778:30778 [3] NCCL INFO UDS converted handle 0x74e30400a540 to fd 95 on remote peer 0
10-72-1-171:30777:30777 [2] NCCL INFO Imported shareable buffer device 2 size 2097152 ptr 0x78a7c1c00000
10-72-1-171:30778:30778 [3] NCCL INFO Imported shareable buffer device 3 size 10485760 ptr 0x7af5cf600000
10-72-1-171:30776:30776 [1] NCCL INFO Imported shareable buffer device 1 size 10485760 ptr 0x7f38f3600000
10-72-1-171:30778:30778 [3] NCCL INFO UDS converted handle 0x78a6e402f600 to fd 95 on remote peer 2
10-72-1-171:30775:30775 [0] NCCL INFO UDS converted handle 0x7f37fc00a4e0 to fd 95 on remote peer 1
10-72-1-171:30777:30777 [2] NCCL INFO UDS converted handle 0x7af4d400be80 to fd 96 on remote peer 3
10-72-1-171:30778:30778 [3] NCCL INFO Imported shareable buffer device 3 size 2097152 ptr 0x7af5cbc00000
10-72-1-171:30775:30775 [0] NCCL INFO Imported shareable buffer device 0 size 10485760 ptr 0x74e3fd600000
10-72-1-171:30777:30777 [2] NCCL INFO Imported shareable buffer device 2 size 10485760 ptr 0x78a7c7600000
10-72-1-171:30776:30776 [1] NCCL INFO UDS converted handle 0x74e30402f600 to fd 96 on remote peer 0
10-72-1-171:30775:30775 [0] NCCL INFO UDS converted handle 0x7af4d402f600 to fd 96 on remote peer 3
10-72-1-171:30777:30777 [2] NCCL INFO UDS converted handle 0x7f37fc030d80 to fd 96 on remote peer 1
10-72-1-171:30777:30777 [2] NCCL INFO Imported shareable buffer device 2 size 2097152 ptr 0x78a7c1e00000
10-72-1-171:30776:30776 [1] NCCL INFO Imported shareable buffer device 1 size 2097152 ptr 0x7f38efc00000
10-72-1-171:30775:30775 [0] NCCL INFO Imported shareable buffer device 0 size 2097152 ptr 0x74e3f9c00000
10-72-1-171:30777:30777 [2] NCCL INFO UDS converted handle 0x7af4d400d6c0 to fd 97 on remote peer 3
10-72-1-171:30776:30776 [1] NCCL INFO UDS converted handle 0x78a6e400be80 to fd 95 on remote peer 2
10-72-1-171:30778:30778 [3] NCCL INFO UDS converted handle 0x74e30400bea0 to fd 95 on remote peer 0
10-72-1-171:30777:30777 [2] NCCL INFO Imported shareable buffer device 2 size 10485760 ptr 0x78a7c9400000
10-72-1-171:30776:30776 [1] NCCL INFO Imported shareable buffer device 1 size 10485760 ptr 0x7f38f5600000
10-72-1-171:30778:30778 [3] NCCL INFO Imported shareable buffer device 3 size 10485760 ptr 0x7af5d1600000
10-72-1-171:30775:30775 [0] NCCL INFO UDS converted handle 0x7f37fc00be80 to fd 96 on remote peer 1
10-72-1-171:30778:30778 [3] NCCL INFO UDS converted handle 0x78a6e4030d80 to fd 95 on remote peer 2
10-72-1-171:30776:30776 [1] NCCL INFO UDS converted handle 0x74e304030d80 to fd 96 on remote peer 0
10-72-1-171:30775:30775 [0] NCCL INFO Imported shareable buffer device 0 size 10485760 ptr 0x74e3ff600000
10-72-1-171:30777:30777 [2] NCCL INFO UDS converted handle 0x7f37fc0323c0 to fd 96 on remote peer 1
10-72-1-171:30778:30778 [3] NCCL INFO Imported shareable buffer device 3 size 2097152 ptr 0x7af5cbe00000
10-72-1-171:30776:30776 [1] NCCL INFO Imported shareable buffer device 1 size 2097152 ptr 0x7f38efe00000
10-72-1-171:30777:30777 [2] NCCL INFO Imported shareable buffer device 2 size 2097152 ptr 0x78a7c3e00000
10-72-1-171:30775:30775 [0] NCCL INFO UDS converted handle 0x7af4d4030d80 to fd 96 on remote peer 3
10-72-1-171:30776:30776 [1] NCCL INFO UDS converted handle 0x78a6e400d6c0 to fd 95 on remote peer 2
10-72-1-171:30778:30778 [3] NCCL INFO UDS converted handle 0x74e30400d6c0 to fd 95 on remote peer 0
10-72-1-171:30775:30775 [0] NCCL INFO Imported shareable buffer device 0 size 2097152 ptr 0x74e3f9e00000
10-72-1-171:30776:30776 [1] NCCL INFO Imported shareable buffer device 1 size 10485760 ptr 0x7f38f7400000
10-72-1-171:30777:30777 [2] NCCL INFO UDS converted handle 0x7af4d400eee0 to fd 96 on remote peer 3
10-72-1-171:30778:30778 [3] NCCL INFO Imported shareable buffer device 3 size 10485760 ptr 0x7af5d3400000
10-72-1-171:30777:30777 [2] NCCL INFO Imported shareable buffer device 2 size 10485760 ptr 0x78a7cb600000
10-72-1-171:30775:30775 [0] NCCL INFO UDS converted handle 0x7f37fc00d6c0 to fd 96 on remote peer 1
10-72-1-171:30776:30776 [1] NCCL INFO UDS converted handle 0x74e3040323c0 to fd 95 on remote peer 0
10-72-1-171:30778:30778 [3] NCCL INFO UDS converted handle 0x78a6e40323c0 to fd 95 on remote peer 2
10-72-1-171:30775:30775 [0] NCCL INFO Imported shareable buffer device 0 size 10485760 ptr 0x74e401400000
10-72-1-171:30778:30778 [3] NCCL INFO Imported shareable buffer device 3 size 2097152 ptr 0x7af5cde00000
10-72-1-171:30776:30776 [1] NCCL INFO Imported shareable buffer device 1 size 2097152 ptr 0x7f38f1e00000
10-72-1-171:30777:30777 [2] NCCL INFO UDS converted handle 0x7f37fc033a00 to fd 96 on remote peer 1
10-72-1-171:30775:30775 [0] NCCL INFO UDS converted handle 0x7af4d40323c0 to fd 96 on remote peer 3
10-72-1-171:30777:30777 [2] NCCL INFO Imported shareable buffer device 2 size 2097152 ptr 0x78a7c9e00000
10-72-1-171:30775:30775 [0] NCCL INFO Imported shareable buffer device 0 size 2097152 ptr 0x74e3fbe00000
10-72-1-171:30776:30776 [1] NCCL INFO UDS converted handle 0x78a6e400eee0 to fd 94 on remote peer 2
10-72-1-171:30777:30777 [2] NCCL INFO UDS converted handle 0x7af4d4010840 to fd 96 on remote peer 3
10-72-1-171:30778:30778 [3] NCCL INFO UDS converted handle 0x74e30400eee0 to fd 95 on remote peer 0
10-72-1-171:30777:30777 [2] NCCL INFO Imported shareable buffer device 2 size 10485760 ptr 0x78a7cd600000
10-72-1-171:30776:30776 [1] NCCL INFO Imported shareable buffer device 1 size 10485760 ptr 0x7f38f9600000
10-72-1-171:30778:30778 [3] NCCL INFO Imported shareable buffer device 3 size 10485760 ptr 0x7af5d5600000
10-72-1-171:30775:30775 [0] NCCL INFO UDS converted handle 0x7f37fc00eee0 to fd 95 on remote peer 1
10-72-1-171:30775:30775 [0] NCCL INFO Imported shareable buffer device 0 size 10485760 ptr 0x74e403600000
10-72-1-171:30776:30776 [1] NCCL INFO UDS converted handle 0x74e304033a00 to fd 95 on remote peer 0
10-72-1-171:30778:30778 [3] NCCL INFO UDS converted handle 0x78a6e4033a00 to fd 95 on remote peer 2
10-72-1-171:30777:30777 [2] NCCL INFO UDS converted handle 0x7f37fc035040 to fd 96 on remote peer 1
10-72-1-171:30776:30776 [1] NCCL INFO Imported shareable buffer device 1 size 2097152 ptr 0x7f38f7e00000
10-72-1-171:30778:30778 [3] NCCL INFO Imported shareable buffer device 3 size 2097152 ptr 0x7af5d3e00000
10-72-1-171:30775:30775 [0] NCCL INFO UDS converted handle 0x7af4d4033a00 to fd 96 on remote peer 3
10-72-1-171:30777:30777 [2] NCCL INFO Imported shareable buffer device 2 size 2097152 ptr 0x78a7cf400000
10-72-1-171:30775:30775 [0] NCCL INFO Imported shareable buffer device 0 size 2097152 ptr 0x74e401e00000
10-72-1-171:30777:30777 [2] NCCL INFO UDS converted handle 0x7af4d40121a0 to fd 96 on remote peer 3
10-72-1-171:30778:30778 [3] NCCL INFO UDS converted handle 0x74e304010840 to fd 92 on remote peer 0
10-72-1-171:30776:30776 [1] NCCL INFO UDS converted handle 0x78a6e4010840 to fd 95 on remote peer 2
10-72-1-171:30777:30777 [2] NCCL INFO Imported shareable buffer device 2 size 10485760 ptr 0x78a7cf600000
10-72-1-171:30776:30776 [1] NCCL INFO Imported shareable buffer device 1 size 10485760 ptr 0x7f38fb600000
10-72-1-171:30775:30775 [0] NCCL INFO UDS converted handle 0x7f37fc010840 to fd 96 on remote peer 1
10-72-1-171:30778:30778 [3] NCCL INFO Imported shareable buffer device 3 size 10485760 ptr 0x7af5d7600000
10-72-1-171:30775:30775 [0] NCCL INFO Imported shareable buffer device 0 size 10485760 ptr 0x74e405600000
10-72-1-171:30777:30777 [2] NCCL INFO UDS converted handle 0x7f37fc0369a0 to fd 96 on remote peer 1
10-72-1-171:30776:30776 [1] NCCL INFO UDS converted handle 0x74e304035040 to fd 94 on remote peer 0
10-72-1-171:30778:30778 [3] NCCL INFO UDS converted handle 0x78a6e4035040 to fd 95 on remote peer 2
10-72-1-171:30777:30777 [2] NCCL INFO Imported shareable buffer device 2 size 2097152 ptr 0x78a7d1600000
10-72-1-171:30776:30776 [1] NCCL INFO Imported shareable buffer device 1 size 2097152 ptr 0x7f38fd400000
10-72-1-171:30775:30775 [0] NCCL INFO UDS converted handle 0x7af4d4035040 to fd 95 on remote peer 3
10-72-1-171:30778:30778 [3] NCCL INFO Imported shareable buffer device 3 size 2097152 ptr 0x7af5d9400000
10-72-1-171:30775:30775 [0] NCCL INFO Imported shareable buffer device 0 size 2097152 ptr 0x74e407400000
10-72-1-171:30777:30777 [2] NCCL INFO UDS converted handle 0x7af4d4013b00 to fd 96 on remote peer 3
10-72-1-171:30776:30776 [1] NCCL INFO UDS converted handle 0x78a6e40121a0 to fd 95 on remote peer 2
10-72-1-171:30778:30778 [3] NCCL INFO UDS converted handle 0x74e3040121a0 to fd 95 on remote peer 0
10-72-1-171:30775:30775 [0] NCCL INFO UDS converted handle 0x7f37fc0121a0 to fd 96 on remote peer 1
10-72-1-171:30778:30778 [3] NCCL INFO Imported shareable buffer device 3 size 10485760 ptr 0x7af5d9600000
10-72-1-171:30776:30776 [1] NCCL INFO Imported shareable buffer device 1 size 10485760 ptr 0x7f38fd600000
10-72-1-171:30777:30777 [2] NCCL INFO Imported shareable buffer device 2 size 10485760 ptr 0x78a7d3400000
10-72-1-171:30775:30775 [0] NCCL INFO Imported shareable buffer device 0 size 10485760 ptr 0x74e407600000
10-72-1-171:30778:30778 [3] NCCL INFO UDS converted handle 0x78a6e40369a0 to fd 95 on remote peer 2
10-72-1-171:30776:30776 [1] NCCL INFO UDS converted handle 0x74e3040369a0 to fd 95 on remote peer 0
10-72-1-171:30775:30775 [0] NCCL INFO UDS converted handle 0x7af4d40369a0 to fd 96 on remote peer 3
10-72-1-171:30777:30777 [2] NCCL INFO UDS converted handle 0x7f37fc038120 to fd 96 on remote peer 1
10-72-1-171:30775:30775 [0] NCCL INFO Imported shareable buffer device 0 size 2097152 ptr 0x74e409600000
10-72-1-171:30778:30778 [3] NCCL INFO Imported shareable buffer device 3 size 2097152 ptr 0x7af5db600000
10-72-1-171:30776:30776 [1] NCCL INFO Imported shareable buffer device 1 size 2097152 ptr 0x7f38ff600000
10-72-1-171:30777:30777 [2] NCCL INFO Imported shareable buffer device 2 size 2097152 ptr 0x78a7d1800000
10-72-1-171:30775:30775 [0] NCCL INFO UDS converted handle 0x7f37fc013b00 to fd 97 on remote peer 1
10-72-1-171:30776:30776 [1] NCCL INFO UDS converted handle 0x78a6e4013b00 to fd 95 on remote peer 2
10-72-1-171:30778:30778 [3] NCCL INFO UDS converted handle 0x74e304013b00 to fd 95 on remote peer 0
10-72-1-171:30775:30775 [0] NCCL INFO Imported shareable buffer device 0 size 10485760 ptr 0x74e40b400000
10-72-1-171:30776:30776 [1] NCCL INFO Imported shareable buffer device 1 size 10485760 ptr 0x7f3901400000
10-72-1-171:30778:30778 [3] NCCL INFO Imported shareable buffer device 3 size 10485760 ptr 0x7af5dd400000
10-72-1-171:30777:30777 [2] NCCL INFO UDS converted handle 0x7af4d4015320 to fd 93 on remote peer 3
10-72-1-171:30776:30776 [1] NCCL INFO UDS converted handle 0x74e304038120 to fd 95 on remote peer 0
10-72-1-171:30778:30778 [3] NCCL INFO UDS converted handle 0x78a6e4038120 to fd 95 on remote peer 2
10-72-1-171:30777:30777 [2] NCCL INFO Imported shareable buffer device 2 size 10485760 ptr 0x78a7d5600000
10-72-1-171:30776:30776 [1] NCCL INFO Imported shareable buffer device 1 size 2097152 ptr 0x7f38ff800000
10-72-1-171:30778:30778 [3] NCCL INFO Imported shareable buffer device 3 size 2097152 ptr 0x7af5db800000
10-72-1-171:30775:30775 [0] NCCL INFO UDS converted handle 0x7af4d4038120 to fd 96 on remote peer 3
10-72-1-171:30777:30777 [2] NCCL INFO UDS converted handle 0x7f37fc039760 to fd 96 on remote peer 1
10-72-1-171:30775:30775 [0] NCCL INFO Imported shareable buffer device 0 size 2097152 ptr 0x74e409800000
10-72-1-171:30776:30776 [1] NCCL INFO UDS converted handle 0x78a6e4015320 to fd 95 on remote peer 2
10-72-1-171:30778:30778 [3] NCCL INFO UDS converted handle 0x74e304015320 to fd 95 on remote peer 0
10-72-1-171:30777:30777 [2] NCCL INFO Imported shareable buffer device 2 size 2097152 ptr 0x78a7d1a00000
10-72-1-171:30778:30778 [3] NCCL INFO Imported shareable buffer device 3 size 10485760 ptr 0x7af5df600000
10-72-1-171:30776:30776 [1] NCCL INFO Imported shareable buffer device 1 size 10485760 ptr 0x7f3903600000
10-72-1-171:30775:30775 [0] NCCL INFO UDS converted handle 0x7f37fc015320 to fd 96 on remote peer 1
10-72-1-171:30777:30777 [2] NCCL INFO UDS converted handle 0x7af4d4016c80 to fd 96 on remote peer 3
10-72-1-171:30775:30775 [0] NCCL INFO Imported shareable buffer device 0 size 10485760 ptr 0x74e40d600000
10-72-1-171:30778:30778 [3] NCCL INFO UDS converted handle 0x78a6e4039760 to fd 95 on remote peer 2
10-72-1-171:30777:30777 [2] NCCL INFO Imported shareable buffer device 2 size 10485760 ptr 0x78a7d7600000
10-72-1-171:30776:30776 [1] NCCL INFO UDS converted handle 0x74e304039760 to fd 94 on remote peer 0
10-72-1-171:30778:30778 [3] NCCL INFO Imported shareable buffer device 3 size 2097152 ptr 0x7af5dba00000
10-72-1-171:30776:30776 [1] NCCL INFO Imported shareable buffer device 1 size 2097152 ptr 0x7f38ffa00000
10-72-1-171:30775:30775 [0] NCCL INFO UDS converted handle 0x7af4d4039760 to fd 96 on remote peer 3
10-72-1-171:30777:30777 [2] NCCL INFO UDS converted handle 0x7f37fc03ada0 to fd 96 on remote peer 1
10-72-1-171:30778:30778 [3] NCCL INFO UDS converted handle 0x74e304016c80 to fd 95 on remote peer 0
10-72-1-171:30775:30775 [0] NCCL INFO Imported shareable buffer device 0 size 2097152 ptr 0x74e409a00000
10-72-1-171:30777:30777 [2] NCCL INFO Imported shareable buffer device 2 size 2097152 ptr 0x78a7d1c00000
10-72-1-171:30776:30776 [1] NCCL INFO UDS converted handle 0x78a6e4016c80 to fd 95 on remote peer 2
10-72-1-171:30778:30778 [3] NCCL INFO Imported shareable buffer device 3 size 10485760 ptr 0x7af5e1600000
10-72-1-171:30775:30775 [0] NCCL INFO UDS converted handle 0x7f37fc016c80 to fd 96 on remote peer 1
10-72-1-171:30776:30776 [1] NCCL INFO Imported shareable buffer device 1 size 10485760 ptr 0x7f3905600000
10-72-1-171:30777:30777 [2] NCCL INFO UDS converted handle 0x7af4d40184a0 to fd 93 on remote peer 3
10-72-1-171:30775:30775 [0] NCCL INFO Imported shareable buffer device 0 size 10485760 ptr 0x74e40f600000
10-72-1-171:30778:30778 [3] NCCL INFO UDS converted handle 0x78a6e403ada0 to fd 95 on remote peer 2
10-72-1-171:30777:30777 [2] NCCL INFO Imported shareable buffer device 2 size 10485760 ptr 0x78a7d9400000
10-72-1-171:30778:30778 [3] NCCL INFO Imported shareable buffer device 3 size 2097152 ptr 0x7af5dbc00000
10-72-1-171:30776:30776 [1] NCCL INFO UDS converted handle 0x74e30403ada0 to fd 95 on remote peer 0
10-72-1-171:30775:30775 [0] NCCL INFO UDS converted handle 0x7af4d403ada0 to fd 96 on remote peer 3
10-72-1-171:30776:30776 [1] NCCL INFO Imported shareable buffer device 1 size 2097152 ptr 0x7f38ffc00000
10-72-1-171:30775:30775 [0] NCCL INFO Imported shareable buffer device 0 size 2097152 ptr 0x74e409c00000
10-72-1-171:30777:30777 [2] NCCL INFO UDS converted handle 0x7f37fc03c3e0 to fd 96 on remote peer 1
10-72-1-171:30778:30778 [3] NCCL INFO UDS converted handle 0x74e3040184a0 to fd 95 on remote peer 0
10-72-1-171:30777:30777 [2] NCCL INFO Imported shareable buffer device 2 size 2097152 ptr 0x78a7d1e00000
10-72-1-171:30778:30778 [3] NCCL INFO Imported shareable buffer device 3 size 10485760 ptr 0x7af5e3400000
10-72-1-171:30777:30777 [2] NCCL INFO UDS converted handle 0x7af4d4019e00 to fd 97 on remote peer 3
10-72-1-171:30776:30776 [1] NCCL INFO UDS converted handle 0x78a6e40184a0 to fd 96 on remote peer 2
10-72-1-171:30775:30775 [0] NCCL INFO UDS converted handle 0x7f37fc0184a0 to fd 95 on remote peer 1
10-72-1-171:30776:30776 [1] NCCL INFO Imported shareable buffer device 1 size 10485760 ptr 0x7f3907400000
10-72-1-171:30777:30777 [2] NCCL INFO Imported shareable buffer device 2 size 10485760 ptr 0x78a7db600000
10-72-1-171:30775:30775 [0] NCCL INFO Imported shareable buffer device 0 size 10485760 ptr 0x74e411400000
10-72-1-171:30775:30775 [0] NCCL INFO UDS converted handle 0x7af4d403c3e0 to fd 96 on remote peer 3
10-72-1-171:30778:30778 [3] NCCL INFO UDS converted handle 0x78a6e403c3e0 to fd 95 on remote peer 2
10-72-1-171:30776:30776 [1] NCCL INFO UDS converted handle 0x74e30403c3e0 to fd 96 on remote peer 0
10-72-1-171:30777:30777 [2] NCCL INFO UDS converted handle 0x7f37fc03da20 to fd 96 on remote peer 1
10-72-1-171:30775:30775 [0] NCCL INFO Imported shareable buffer device 0 size 2097152 ptr 0x74e409e00000
10-72-1-171:30778:30778 [3] NCCL INFO Imported shareable buffer device 3 size 2097152 ptr 0x7af5dbe00000
10-72-1-171:30776:30776 [1] NCCL INFO Imported shareable buffer device 1 size 2097152 ptr 0x7f38ffe00000
10-72-1-171:30777:30777 [2] NCCL INFO Imported shareable buffer device 2 size 2097152 ptr 0x78a7d3e00000
10-72-1-171:30775:30775 [0] NCCL INFO UDS converted handle 0x7f37fc019e00 to fd 96 on remote peer 1
10-72-1-171:30778:30778 [3] NCCL INFO UDS converted handle 0x74e304019e00 to fd 95 on remote peer 0
10-72-1-171:30776:30776 [1] NCCL INFO UDS converted handle 0x78a6e4019e00 to fd 95 on remote peer 2
10-72-1-171:30777:30777 [2] NCCL INFO UDS converted handle 0x7af4d401b620 to fd 96 on remote peer 3
10-72-1-171:30775:30775 [0] NCCL INFO Imported shareable buffer device 0 size 10485760 ptr 0x74e413600000
10-72-1-171:30778:30778 [3] NCCL INFO Imported shareable buffer device 3 size 10485760 ptr 0x7af5e5600000
10-72-1-171:30776:30776 [1] NCCL INFO Imported shareable buffer device 1 size 10485760 ptr 0x7f3909600000
10-72-1-171:30777:30777 [2] NCCL INFO Imported shareable buffer device 2 size 10485760 ptr 0x78a7dd600000
10-72-1-171:30778:30778 [3] NCCL INFO UDS converted handle 0x78a6e403da20 to fd 95 on remote peer 2
10-72-1-171:30775:30775 [0] NCCL INFO UDS converted handle 0x7af4d403da20 to fd 96 on remote peer 3
10-72-1-171:30777:30777 [2] NCCL INFO UDS converted handle 0x7f37fc03f060 to fd 96 on remote peer 1
10-72-1-171:30776:30776 [1] NCCL INFO UDS converted handle 0x74e30403da20 to fd 95 on remote peer 0
10-72-1-171:30777:30777 [2] NCCL INFO Imported shareable buffer device 2 size 2097152 ptr 0x78a7d9e00000
10-72-1-171:30775:30775 [0] NCCL INFO Imported shareable buffer device 0 size 2097152 ptr 0x74e40be00000
10-72-1-171:30778:30778 [3] NCCL INFO Imported shareable buffer device 3 size 2097152 ptr 0x7af5dde00000
10-72-1-171:30776:30776 [1] NCCL INFO Imported shareable buffer device 1 size 2097152 ptr 0x7f3901e00000
10-72-1-171:30777:30777 [2] NCCL INFO UDS converted handle 0x7af4d401ce40 to fd 96 on remote peer 3
10-72-1-171:30775:30775 [0] NCCL INFO UDS converted handle 0x7f37fc01b620 to fd 97 on remote peer 1
10-72-1-171:30778:30778 [3] NCCL INFO UDS converted handle 0x74e30401b620 to fd 95 on remote peer 0
10-72-1-171:30776:30776 [1] NCCL INFO UDS converted handle 0x78a6e401b620 to fd 95 on remote peer 2
10-72-1-171:30777:30777 [2] NCCL INFO Imported shareable buffer device 2 size 10485760 ptr 0x78a7df400000
10-72-1-171:30775:30775 [0] NCCL INFO Imported shareable buffer device 0 size 10485760 ptr 0x74e415600000
10-72-1-171:30778:30778 [3] NCCL INFO Imported shareable buffer device 3 size 10485760 ptr 0x7af5e7600000
10-72-1-171:30776:30776 [1] NCCL INFO Imported shareable buffer device 1 size 10485760 ptr 0x7f390b600000
10-72-1-171:30775:30775 [0] NCCL INFO UDS converted handle 0x7af4d403f060 to fd 96 on remote peer 3
10-72-1-171:30777:30777 [2] NCCL INFO UDS converted handle 0x7f37fc0406a0 to fd 97 on remote peer 1
10-72-1-171:30778:30778 [3] NCCL INFO UDS converted handle 0x78a6e403f060 to fd 95 on remote peer 2
10-72-1-171:30776:30776 [1] NCCL INFO UDS converted handle 0x74e30403f060 to fd 95 on remote peer 0
10-72-1-171:30777:30777 [2] NCCL INFO Imported shareable buffer device 2 size 2097152 ptr 0x78a7dfe00000
10-72-1-171:30778:30778 [3] NCCL INFO Imported shareable buffer device 3 size 2097152 ptr 0x7af5e3e00000
10-72-1-171:30775:30775 [0] NCCL INFO Imported shareable buffer device 0 size 2097152 ptr 0x74e411e00000
10-72-1-171:30776:30776 [1] NCCL INFO Imported shareable buffer device 1 size 2097152 ptr 0x7f3907e00000
10-72-1-171:30777:30777 [2] NCCL INFO UDS converted handle 0x7af4d401e7a0 to fd 96 on remote peer 3
10-72-1-171:30775:30775 [0] NCCL INFO UDS converted handle 0x7f37fc01ce40 to fd 97 on remote peer 1
10-72-1-171:30778:30778 [3] NCCL INFO UDS converted handle 0x74e30401ce40 to fd 95 on remote peer 0
10-72-1-171:30777:30777 [2] NCCL INFO Imported shareable buffer device 2 size 10485760 ptr 0x78a7e1600000
10-72-1-171:30776:30776 [1] NCCL INFO UDS converted handle 0x78a6e401ce40 to fd 95 on remote peer 2
10-72-1-171:30775:30775 [0] NCCL INFO Imported shareable buffer device 0 size 10485760 ptr 0x74e417400000
10-72-1-171:30778:30778 [3] NCCL INFO Imported shareable buffer device 3 size 10485760 ptr 0x7af5e9400000
10-72-1-171:30776:30776 [1] NCCL INFO Imported shareable buffer device 1 size 10485760 ptr 0x7f390d400000
10-72-1-171:30777:30777 [2] NCCL INFO UDS converted handle 0x7f37fc041ce0 to fd 93 on remote peer 1
10-72-1-171:30775:30775 [0] NCCL INFO UDS converted handle 0x7af4d40406a0 to fd 96 on remote peer 3
10-72-1-171:30778:30778 [3] NCCL INFO UDS converted handle 0x78a6e40406a0 to fd 95 on remote peer 2
10-72-1-171:30778:30778 [3] NCCL INFO Imported shareable buffer device 3 size 2097152 ptr 0x7af5e9e00000
10-72-1-171:30777:30777 [2] NCCL INFO Imported shareable buffer device 2 size 2097152 ptr 0x78a7e3400000
10-72-1-171:30776:30776 [1] NCCL INFO UDS converted handle 0x74e3040406a0 to fd 94 on remote peer 0
10-72-1-171:30775:30775 [0] NCCL INFO Imported shareable buffer device 0 size 2097152 ptr 0x74e417e00000
10-72-1-171:30776:30776 [1] NCCL INFO Imported shareable buffer device 1 size 2097152 ptr 0x7f390de00000
10-72-1-171:30777:30777 [2] NCCL INFO UDS converted handle 0x7af4d401ffc0 to fd 96 on remote peer 3
10-72-1-171:30775:30775 [0] NCCL INFO UDS converted handle 0x7f37fc01e7a0 to fd 97 on remote peer 1
10-72-1-171:30778:30778 [3] NCCL INFO UDS converted handle 0x74e30401e7a0 to fd 95 on remote peer 0
10-72-1-171:30778:30778 [3] NCCL INFO Imported shareable buffer device 3 size 10485760 ptr 0x7af5eb600000
10-72-1-171:30775:30775 [0] NCCL INFO Imported shareable buffer device 0 size 10485760 ptr 0x74e419600000
10-72-1-171:30776:30776 [1] NCCL INFO UDS converted handle 0x78a6e401e7a0 to fd 95 on remote peer 2
10-72-1-171:30777:30777 [2] NCCL INFO Imported shareable buffer device 2 size 10485760 ptr 0x78a7e3600000
10-72-1-171:30776:30776 [1] NCCL INFO Imported shareable buffer device 1 size 10485760 ptr 0x7f390f600000
10-72-1-171:30775:30775 [0] NCCL INFO UDS converted handle 0x7af4d4041ce0 to fd 96 on remote peer 3
10-72-1-171:30777:30777 [2] NCCL INFO UDS converted handle 0x7f37fc043320 to fd 97 on remote peer 1
10-72-1-171:30778:30778 [3] NCCL INFO UDS converted handle 0x78a6e4041ce0 to fd 95 on remote peer 2
10-72-1-171:30776:30776 [1] NCCL INFO UDS converted handle 0x74e304041ce0 to fd 95 on remote peer 0
10-72-1-171:30778:30778 [3] NCCL INFO Imported shareable buffer device 3 size 2097152 ptr 0x7af5ed400000
10-72-1-171:30777:30777 [2] NCCL INFO Imported shareable buffer device 2 size 2097152 ptr 0x78a7e5600000
10-72-1-171:30775:30775 [0] NCCL INFO Imported shareable buffer device 0 size 2097152 ptr 0x74e41b400000
10-72-1-171:30776:30776 [1] NCCL INFO Imported shareable buffer device 1 size 2097152 ptr 0x7f3911400000
10-72-1-171:30778:30778 [3] NCCL INFO UDS converted handle 0x74e30401ffc0 to fd 95 on remote peer 0
10-72-1-171:30777:30777 [2] NCCL INFO UDS converted handle 0x7af4d40217e0 to fd 96 on remote peer 3
10-72-1-171:30778:30778 [3] NCCL INFO Imported shareable buffer device 3 size 10485760 ptr 0x7af5ed600000
10-72-1-171:30776:30776 [1] NCCL INFO UDS converted handle 0x78a6e401ffc0 to fd 96 on remote peer 2
10-72-1-171:30775:30775 [0] NCCL INFO UDS converted handle 0x7f37fc01ffc0 to fd 96 on remote peer 1
10-72-1-171:30777:30777 [2] NCCL INFO Imported shareable buffer device 2 size 10485760 ptr 0x78a7e7600000
10-72-1-171:30776:30776 [1] NCCL INFO Imported shareable buffer device 1 size 10485760 ptr 0x7f3911600000
10-72-1-171:30775:30775 [0] NCCL INFO Imported shareable buffer device 0 size 10485760 ptr 0x74e41b600000
10-72-1-171:30778:30778 [3] NCCL INFO UDS converted handle 0x78a6e4043320 to fd 95 on remote peer 2
10-72-1-171:30777:30777 [2] NCCL INFO UDS converted handle 0x7f37fc044960 to fd 96 on remote peer 1
10-72-1-171:30778:30778 [3] NCCL INFO Imported shareable buffer device 3 size 2097152 ptr 0x7af5ef600000
10-72-1-171:30776:30776 [1] NCCL INFO UDS converted handle 0x74e304043320 to fd 95 on remote peer 0
10-72-1-171:30775:30775 [0] NCCL INFO UDS converted handle 0x7af4d4043320 to fd 96 on remote peer 3
10-72-1-171:30777:30777 [2] NCCL INFO Imported shareable buffer device 2 size 2097152 ptr 0x78a7e5800000
10-72-1-171:30775:30775 [0] NCCL INFO Imported shareable buffer device 0 size 2097152 ptr 0x74e41d600000
10-72-1-171:30776:30776 [1] NCCL INFO Imported shareable buffer device 1 size 2097152 ptr 0x7f3913600000
10-72-1-171:30778:30778 [3] NCCL INFO UDS converted handle 0x74e3040217e0 to fd 92 on remote peer 0
10-72-1-171:30777:30777 [2] NCCL INFO UDS converted handle 0x7af4d4023140 to fd 96 on remote peer 3
10-72-1-171:30775:30775 [0] NCCL INFO UDS converted handle 0x7f37fc0217e0 to fd 96 on remote peer 1
10-72-1-171:30777:30777 [2] NCCL INFO Imported shareable buffer device 2 size 10485760 ptr 0x78a7e9400000
10-72-1-171:30778:30778 [3] NCCL INFO Imported shareable buffer device 3 size 10485760 ptr 0x7af5f1600000
10-72-1-171:30776:30776 [1] NCCL INFO UDS converted handle 0x78a6e40217e0 to fd 95 on remote peer 2
10-72-1-171:30775:30775 [0] NCCL INFO Imported shareable buffer device 0 size 10485760 ptr 0x74e41f600000
10-72-1-171:30776:30776 [1] NCCL INFO Imported shareable buffer device 1 size 10485760 ptr 0x7f3915600000
10-72-1-171:30777:30777 [2] NCCL INFO UDS converted handle 0x7f37fc0462c0 to fd 97 on remote peer 1
10-72-1-171:30778:30778 [3] NCCL INFO UDS converted handle 0x78a6e4044960 to fd 95 on remote peer 2
10-72-1-171:30775:30775 [0] NCCL INFO UDS converted handle 0x7af4d4044960 to fd 96 on remote peer 3
10-72-1-171:30777:30777 [2] NCCL INFO Imported shareable buffer device 2 size 2097152 ptr 0x78a7e5a00000
10-72-1-171:30778:30778 [3] NCCL INFO Imported shareable buffer device 3 size 2097152 ptr 0x7af5ef800000
10-72-1-171:30775:30775 [0] NCCL INFO Imported shareable buffer device 0 size 2097152 ptr 0x74e41d800000
10-72-1-171:30776:30776 [1] NCCL INFO UDS converted handle 0x74e304044960 to fd 95 on remote peer 0
10-72-1-171:30777:30777 [2] NCCL INFO UDS converted handle 0x7af4d4024960 to fd 96 on remote peer 3
10-72-1-171:30776:30776 [1] NCCL INFO Imported shareable buffer device 1 size 2097152 ptr 0x7f3913800000
10-72-1-171:30777:30777 [2] NCCL INFO Imported shareable buffer device 2 size 10485760 ptr 0x78a7ed600000
10-72-1-171:30778:30778 [3] NCCL INFO UDS converted handle 0x74e304023140 to fd 95 on remote peer 0
10-72-1-171:30776:30776 [1] NCCL INFO UDS converted handle 0x78a6e4023140 to fd 96 on remote peer 2
10-72-1-171:30775:30775 [0] NCCL INFO UDS converted handle 0x7f37fc023140 to fd 95 on remote peer 1
10-72-1-171:30778:30778 [3] NCCL INFO Imported shareable buffer device 3 size 10485760 ptr 0x7af5f3400000
10-72-1-171:30776:30776 [1] NCCL INFO Imported shareable buffer device 1 size 10485760 ptr 0x7f3917400000
10-72-1-171:30775:30775 [0] NCCL INFO Imported shareable buffer device 0 size 10485760 ptr 0x74e421400000
10-72-1-171:30777:30777 [2] NCCL INFO UDS converted handle 0x7f37fc047a40 to fd 93 on remote peer 1
10-72-1-171:30776:30776 [1] NCCL INFO UDS converted handle 0x74e3040462c0 to fd 95 on remote peer 0
10-72-1-171:30778:30778 [3] NCCL INFO UDS converted handle 0x78a6e40462c0 to fd 95 on remote peer 2
10-72-1-171:30777:30777 [2] NCCL INFO Imported shareable buffer device 2 size 2097152 ptr 0x78a7e5c00000
10-72-1-171:30776:30776 [1] NCCL INFO Imported shareable buffer device 1 size 2097152 ptr 0x7f3913a00000
10-72-1-171:30775:30775 [0] NCCL INFO UDS converted handle 0x7af4d40462c0 to fd 96 on remote peer 3
10-72-1-171:30778:30778 [3] NCCL INFO Imported shareable buffer device 3 size 2097152 ptr 0x7af5efa00000
10-72-1-171:30775:30775 [0] NCCL INFO Imported shareable buffer device 0 size 2097152 ptr 0x74e41da00000
10-72-1-171:30776:30776 [1] NCCL INFO UDS converted handle 0x78a6e4024960 to fd 95 on remote peer 2
10-72-1-171:30778:30778 [3] NCCL INFO UDS converted handle 0x74e304024960 to fd 96 on remote peer 0
10-72-1-171:30777:30777 [2] NCCL INFO UDS converted handle 0x7af4d40262c0 to fd 96 on remote peer 3
10-72-1-171:30776:30776 [1] NCCL INFO Imported shareable buffer device 1 size 10485760 ptr 0x7f391b600000
10-72-1-171:30778:30778 [3] NCCL INFO Imported shareable buffer device 3 size 10485760 ptr 0x7af5f7600000
10-72-1-171:30777:30777 [2] NCCL INFO Imported shareable buffer device 2 size 10485760 ptr 0x78a7ef400000
10-72-1-171:30775:30775 [0] NCCL INFO UDS converted handle 0x7f37fc024960 to fd 95 on remote peer 1
10-72-1-171:30776:30776 [1] NCCL INFO UDS converted handle 0x74e304047a40 to fd 95 on remote peer 0
10-72-1-171:30778:30778 [3] NCCL INFO UDS converted handle 0x78a6e4047a40 to fd 95 on remote peer 2
10-72-1-171:30775:30775 [0] NCCL INFO Imported shareable buffer device 0 size 10485760 ptr 0x74e425600000
10-72-1-171:30776:30776 [1] NCCL INFO Imported shareable buffer device 1 size 2097152 ptr 0x7f3913c00000
10-72-1-171:30778:30778 [3] NCCL INFO Imported shareable buffer device 3 size 2097152 ptr 0x7af5efc00000
10-72-1-171:30777:30777 [2] NCCL INFO UDS converted handle 0x7f37fc0491c0 to fd 96 on remote peer 1
10-72-1-171:30775:30775 [0] NCCL INFO UDS converted handle 0x7af4d4047a40 to fd 96 on remote peer 3
10-72-1-171:30776:30776 [1] NCCL INFO UDS converted handle 0x78a6e40262c0 to fd 95 on remote peer 2
10-72-1-171:30775:30775 [0] NCCL INFO Imported shareable buffer device 0 size 2097152 ptr 0x74e41dc00000
10-72-1-171:30776:30776 [1] NCCL INFO Imported shareable buffer device 1 size 10485760 ptr 0x7f391d400000
10-72-1-171:30777:30777 [2] NCCL INFO Imported shareable buffer device 2 size 2097152 ptr 0x78a7e5e00000
10-72-1-171:30778:30778 [3] NCCL INFO UDS converted handle 0x74e3040262c0 to fd 92 on remote peer 0
10-72-1-171:30775:30775 [0] NCCL INFO UDS converted handle 0x7f37fc0262c0 to fd 96 on remote peer 1
10-72-1-171:30777:30777 [2] NCCL INFO UDS converted handle 0x7af4d4027ae0 to fd 96 on remote peer 3
10-72-1-171:30778:30778 [3] NCCL INFO Imported shareable buffer device 3 size 10485760 ptr 0x7af5f9400000
10-72-1-171:30775:30775 [0] NCCL INFO Imported shareable buffer device 0 size 10485760 ptr 0x74e427400000
10-72-1-171:30777:30777 [2] NCCL INFO Imported shareable buffer device 2 size 10485760 ptr 0x78a7f1400000
10-72-1-171:30776:30776 [1] NCCL INFO UDS converted handle 0x74e3040491c0 to fd 95 on remote peer 0
10-72-1-171:30775:30775 [0] NCCL INFO UDS converted handle 0x7af4d40491c0 to fd 96 on remote peer 3
10-72-1-171:30776:30776 [1] NCCL INFO Imported shareable buffer device 1 size 2097152 ptr 0x7f3913e00000
10-72-1-171:30778:30778 [3] NCCL INFO UDS converted handle 0x78a6e40491c0 to fd 95 on remote peer 2
10-72-1-171:30775:30775 [0] NCCL INFO Imported shareable buffer device 0 size 2097152 ptr 0x74e41de00000
10-72-1-171:30778:30778 [3] NCCL INFO Imported shareable buffer device 3 size 2097152 ptr 0x7af5efe00000
10-72-1-171:30777:30777 [2] NCCL INFO UDS converted handle 0x7f37fc04a940 to fd 97 on remote peer 1
10-72-1-171:30776:30776 [1] NCCL INFO UDS converted handle 0x78a6e4027ae0 to fd 95 on remote peer 2
10-72-1-171:30778:30778 [3] NCCL INFO UDS converted handle 0x74e304027ae0 to fd 95 on remote peer 0
10-72-1-171:30777:30777 [2] NCCL INFO Imported shareable buffer device 2 size 2097152 ptr 0x78a7e9e00000
10-72-1-171:30776:30776 [1] NCCL INFO Imported shareable buffer device 1 size 10485760 ptr 0x7f391f400000
10-72-1-171:30778:30778 [3] NCCL INFO Imported shareable buffer device 3 size 10485760 ptr 0x7af5fb400000
10-72-1-171:30775:30775 [0] NCCL INFO UDS converted handle 0x7f37fc027ae0 to fd 96 on remote peer 1
10-72-1-171:30777:30777 [2] NCCL INFO UDS converted handle 0x7af4d4029300 to fd 96 on remote peer 3
10-72-1-171:30776:30776 [1] NCCL INFO UDS converted handle 0x74e30404a940 to fd 95 on remote peer 0
10-72-1-171:30778:30778 [3] NCCL INFO UDS converted handle 0x78a6e404a940 to fd 95 on remote peer 2
10-72-1-171:30775:30775 [0] NCCL INFO Imported shareable buffer device 0 size 10485760 ptr 0x74e429400000
10-72-1-171:30777:30777 [2] NCCL INFO Imported shareable buffer device 2 size 10485760 ptr 0x78a7f3400000
10-72-1-171:30776:30776 [1] NCCL INFO Imported shareable buffer device 1 size 2097152 ptr 0x7f3917e00000
10-72-1-171:30778:30778 [3] NCCL INFO Imported shareable buffer device 3 size 2097152 ptr 0x7af5f3e00000
10-72-1-171:30775:30775 [0] NCCL INFO UDS converted handle 0x7af4d404a940 to fd 96 on remote peer 3
10-72-1-171:30777:30777 [2] NCCL INFO UDS converted handle 0x7f37fc04c0c0 to fd 97 on remote peer 1
10-72-1-171:30776:30776 [1] NCCL INFO UDS converted handle 0x78a6e4029300 to fd 95 on remote peer 2
10-72-1-171:30778:30778 [3] NCCL INFO UDS converted handle 0x74e304029300 to fd 95 on remote peer 0
10-72-1-171:30776:30776 [1] NCCL INFO Imported shareable buffer device 1 size 10485760 ptr 0x7f3921400000
10-72-1-171:30777:30777 [2] NCCL INFO Imported shareable buffer device 2 size 2097152 ptr 0x78a7efe00000
10-72-1-171:30775:30775 [0] NCCL INFO Imported shareable buffer device 0 size 2097152 ptr 0x74e421e00000
10-72-1-171:30778:30778 [3] NCCL INFO Imported shareable buffer device 3 size 10485760 ptr 0x7af5fd400000
10-72-1-171:30777:30777 [2] NCCL INFO UDS converted handle 0x7af4d402ac60 to fd 96 on remote peer 3
10-72-1-171:30776:30776 [1] NCCL INFO UDS converted handle 0x74e30404c0c0 to fd 96 on remote peer 0
10-72-1-171:30775:30775 [0] NCCL INFO UDS converted handle 0x7f37fc029300 to fd 96 on remote peer 1
10-72-1-171:30777:30777 [2] NCCL INFO Imported shareable buffer device 2 size 10485760 ptr 0x78a7f5600000
10-72-1-171:30776:30776 [1] NCCL INFO Imported shareable buffer device 1 size 2097152 ptr 0x7f391de00000
10-72-1-171:30778:30778 [3] NCCL INFO UDS converted handle 0x78a6e404c0c0 to fd 95 on remote peer 2
10-72-1-171:30777:30777 [2] NCCL INFO UDS converted handle 0x7f37fc04d700 to fd 93 on remote peer 1
10-72-1-171:30775:30775 [0] NCCL INFO Imported shareable buffer device 0 size 10485760 ptr 0x74e42b400000
10-72-1-171:30778:30778 [3] NCCL INFO Imported shareable buffer device 3 size 2097152 ptr 0x7af5f9e00000
10-72-1-171:30777:30777 [2] NCCL INFO Imported shareable buffer device 2 size 2097152 ptr 0x78a7f1e00000
10-72-1-171:30776:30776 [1] NCCL INFO UDS converted handle 0x78a6e402ac60 to fd 95 on remote peer 2
10-72-1-171:30775:30775 [0] NCCL INFO UDS converted handle 0x7af4d404c0c0 to fd 96 on remote peer 3
10-72-1-171:30776:30776 [1] NCCL INFO Imported shareable buffer device 1 size 10485760 ptr 0x7f3923600000
10-72-1-171:30778:30778 [3] NCCL INFO UDS converted handle 0x74e30402ac60 to fd 95 on remote peer 0
10-72-1-171:30775:30775 [0] NCCL INFO Imported shareable buffer device 0 size 2097152 ptr 0x74e427e00000
10-72-1-171:30778:30778 [3] NCCL INFO Imported shareable buffer device 3 size 10485760 ptr 0x7af5ff600000
10-72-1-171:30777:30777 [2] NCCL INFO UDS converted handle 0x7af4d402c480 to fd 96 on remote peer 3
10-72-1-171:30776:30776 [1] NCCL INFO UDS converted handle 0x74e30404d700 to fd 95 on remote peer 0
10-72-1-171:30777:30777 [2] NCCL INFO Imported shareable buffer device 2 size 10485760 ptr 0x78a7f7600000
10-72-1-171:30775:30775 [0] NCCL INFO UDS converted handle 0x7f37fc02ac60 to fd 96 on remote peer 1
10-72-1-171:30776:30776 [1] NCCL INFO Imported shareable buffer device 1 size 2097152 ptr 0x7f391fe00000
10-72-1-171:30778:30778 [3] NCCL INFO UDS converted handle 0x78a6e404d700 to fd 92 on remote peer 2
10-72-1-171:30775:30775 [0] NCCL INFO Imported shareable buffer device 0 size 10485760 ptr 0x74e42d600000
10-72-1-171:30778:30778 [3] NCCL INFO Imported shareable buffer device 3 size 2097152 ptr 0x7af5fbe00000
10-72-1-171:30777:30777 [2] NCCL INFO UDS converted handle 0x7f37fc04f060 to fd 96 on remote peer 1
10-72-1-171:30775:30775 [0] NCCL INFO UDS converted handle 0x7af4d404d700 to fd 96 on remote peer 3
10-72-1-171:30776:30776 [1] NCCL INFO UDS converted handle 0x78a6e402c480 to fd 95 on remote peer 2
10-72-1-171:30777:30777 [2] NCCL INFO Imported shareable buffer device 2 size 2097152 ptr 0x78a7f3e00000
10-72-1-171:30775:30775 [0] NCCL INFO Imported shareable buffer device 0 size 2097152 ptr 0x74e429e00000
10-72-1-171:30776:30776 [1] NCCL INFO Imported shareable buffer device 1 size 10485760 ptr 0x7f3925600000
10-72-1-171:30778:30778 [3] NCCL INFO UDS converted handle 0x74e30402c480 to fd 95 on remote peer 0
10-72-1-171:30778:30778 [3] NCCL INFO Imported shareable buffer device 3 size 10485760 ptr 0x7af601600000
10-72-1-171:30776:30776 [1] NCCL INFO UDS converted handle 0x74e30404f060 to fd 96 on remote peer 0
10-72-1-171:30775:30775 [0] NCCL INFO UDS converted handle 0x7f37fc02c480 to fd 95 on remote peer 1
10-72-1-171:30776:30776 [1] NCCL INFO Imported shareable buffer device 1 size 2097152 ptr 0x7f3921e00000
10-72-1-171:30775:30775 [0] NCCL INFO Imported shareable buffer device 0 size 10485760 ptr 0x74e42f600000
10-72-1-171:30778:30778 [3] NCCL INFO UDS converted handle 0x78a6e404f060 to fd 95 on remote peer 2
10-72-1-171:30778:30778 [3] NCCL INFO Imported shareable buffer device 3 size 2097152 ptr 0x7af5fde00000
10-72-1-171:30775:30775 [0] NCCL INFO UDS converted handle 0x7af4d404f060 to fd 96 on remote peer 3
10-72-1-171:30775:30775 [0] NCCL INFO Imported shareable buffer device 0 size 2097152 ptr 0x74e42be00000
10-72-1-171:30775:30775 [0] NCCL INFO Connected all rings, use ring PXN 0 GDR 1
10-72-1-171:30776:30776 [1] NCCL INFO Connected all rings, use ring PXN 0 GDR 1
10-72-1-171:30778:30778 [3] NCCL INFO Connected all rings, use ring PXN 0 GDR 1
10-72-1-171:30777:30777 [2] NCCL INFO Connected all rings, use ring PXN 0 GDR 1
V4 probe: samples=25, resume=0, mp=4, expert_dtype=fp4, max_input_tokens=13000
V4 EASY-EP probe:   0%|          | 0/25 [00:00<?, ?it/s][v4-probe] layer=00 stage=attention:start
[v4-probe] layer=00 stage=attention:end
[v4-probe] layer=00 stage=moe:start
[v4-probe] layer=00 stage=moe:end
[v4-probe] layer=00 stage=block:end
[v4-probe] layer=01 stage=attention:start
[v4-probe] layer=01 stage=attention:end
[v4-probe] layer=01 stage=moe:start
[v4-probe] layer=01 stage=moe:end
[v4-probe] layer=01 stage=block:end
[v4-probe] layer=02 stage=attention:start
[v4-probe] layer=02 stage=attention:end
[v4-probe] layer=02 stage=moe:start
[v4-probe] layer=02 stage=moe:end
[v4-probe] layer=02 stage=block:end
[v4-probe] layer=03 stage=attention:start
[v4-probe] layer=03 stage=attention:end
[v4-probe] layer=03 stage=moe:start
[v4-probe] layer=03 stage=moe:end
[v4-probe] layer=03 stage=block:end
[v4-probe] layer=04 stage=attention:start
[v4-probe] layer=04 stage=attention:end
[v4-probe] layer=04 stage=moe:start
[v4-probe] layer=04 stage=moe:end
[v4-probe] layer=04 stage=block:end
[v4-probe] layer=05 stage=attention:start
[v4-probe] layer=05 stage=attention:end
[v4-probe] layer=05 stage=moe:start
[v4-probe] layer=05 stage=moe:end
[v4-probe] layer=05 stage=block:end
[v4-probe] layer=06 stage=attention:start
[v4-probe] layer=06 stage=attention:end
[v4-probe] layer=06 stage=moe:start
[v4-probe] layer=06 stage=moe:end
[v4-probe] layer=06 stage=block:end
[v4-probe] layer=07 stage=attention:start
[v4-probe] layer=07 stage=attention:end
[v4-probe] layer=07 stage=moe:start
[v4-probe] layer=07 stage=moe:end
[v4-probe] layer=07 stage=block:end
[v4-probe] layer=08 stage=attention:start
[v4-probe] layer=08 stage=attention:end
[v4-probe] layer=08 stage=moe:start
[v4-probe] layer=08 stage=moe:end
[v4-probe] layer=08 stage=block:end
[v4-probe] layer=09 stage=attention:start
[v4-probe] layer=09 stage=attention:end
[v4-probe] layer=09 stage=moe:start
[v4-probe] layer=09 stage=moe:end
[v4-probe] layer=09 stage=block:end
[v4-probe] layer=10 stage=attention:start
[v4-probe] layer=10 stage=attention:end
[v4-probe] layer=10 stage=moe:start
[v4-probe] layer=10 stage=moe:end
[v4-probe] layer=10 stage=block:end
[v4-probe] layer=11 stage=attention:start
[v4-probe] layer=11 stage=attention:end
[v4-probe] layer=11 stage=moe:start
[v4-probe] layer=11 stage=moe:end
[v4-probe] layer=11 stage=block:end
[v4-probe] layer=12 stage=attention:start
[v4-probe] layer=12 stage=attention:end
[v4-probe] layer=12 stage=moe:start
[v4-probe] layer=12 stage=moe:end
[v4-probe] layer=12 stage=block:end
[v4-probe] layer=13 stage=attention:start
[v4-probe] layer=13 stage=attention:end
[v4-probe] layer=13 stage=moe:start
[v4-probe] layer=13 stage=moe:end
[v4-probe] layer=13 stage=block:end
[v4-probe] layer=14 stage=attention:start
[v4-probe] layer=14 stage=attention:end
[v4-probe] layer=14 stage=moe:start
[v4-probe] layer=14 stage=moe:end
[v4-probe] layer=14 stage=block:end
[v4-probe] layer=15 stage=attention:start
[v4-probe] layer=15 stage=attention:end
[v4-probe] layer=15 stage=moe:start
[v4-probe] layer=15 stage=moe:end
[v4-probe] layer=15 stage=block:end
[v4-probe] layer=16 stage=attention:start
[v4-probe] layer=16 stage=attention:end
[v4-probe] layer=16 stage=moe:start
[v4-probe] layer=16 stage=moe:end
[v4-probe] layer=16 stage=block:end
[v4-probe] layer=17 stage=attention:start
[v4-probe] layer=17 stage=attention:end
[v4-probe] layer=17 stage=moe:start
[v4-probe] layer=17 stage=moe:end
[v4-probe] layer=17 stage=block:end
[v4-probe] layer=18 stage=attention:start
[v4-probe] layer=18 stage=attention:end
[v4-probe] layer=18 stage=moe:start
[v4-probe] layer=18 stage=moe:end
[v4-probe] layer=18 stage=block:end
[v4-probe] layer=19 stage=attention:start
[v4-probe] layer=19 stage=attention:end
[v4-probe] layer=19 stage=moe:start
[v4-probe] layer=19 stage=moe:end
[v4-probe] layer=19 stage=block:end
[v4-probe] layer=20 stage=attention:start
[v4-probe] layer=20 stage=attention:end
[v4-probe] layer=20 stage=moe:start
[v4-probe] layer=20 stage=moe:end
[v4-probe] layer=20 stage=block:end
[v4-probe] layer=21 stage=attention:start
[v4-probe] layer=21 stage=attention:end
[v4-probe] layer=21 stage=moe:start
[v4-probe] layer=21 stage=moe:end
[v4-probe] layer=21 stage=block:end
[v4-probe] layer=22 stage=attention:start
[v4-probe] layer=22 stage=attention:end
[v4-probe] layer=22 stage=moe:start
[v4-probe] layer=22 stage=moe:end
[v4-probe] layer=22 stage=block:end
[v4-probe] layer=23 stage=attention:start
[v4-probe] layer=23 stage=attention:end
[v4-probe] layer=23 stage=moe:start
[v4-probe] layer=23 stage=moe:end
[v4-probe] layer=23 stage=block:end
[v4-probe] layer=24 stage=attention:start
[v4-probe] layer=24 stage=attention:end
[v4-probe] layer=24 stage=moe:start
[v4-probe] layer=24 stage=moe:end
[v4-probe] layer=24 stage=block:end
[v4-probe] layer=25 stage=attention:start
[v4-probe] layer=25 stage=attention:end
[v4-probe] layer=25 stage=moe:start
[v4-probe] layer=25 stage=moe:end
[v4-probe] layer=25 stage=block:end
[v4-probe] layer=26 stage=attention:start
[v4-probe] layer=26 stage=attention:end
[v4-probe] layer=26 stage=moe:start
[v4-probe] layer=26 stage=moe:end
[v4-probe] layer=26 stage=block:end
[v4-probe] layer=27 stage=attention:start
[v4-probe] layer=27 stage=attention:end
[v4-probe] layer=27 stage=moe:start
[v4-probe] layer=27 stage=moe:end
[v4-probe] layer=27 stage=block:end
[v4-probe] layer=28 stage=attention:start
[v4-probe] layer=28 stage=attention:end
[v4-probe] layer=28 stage=moe:start
[v4-probe] layer=28 stage=moe:end
[v4-probe] layer=28 stage=block:end
[v4-probe] layer=29 stage=attention:start
[v4-probe] layer=29 stage=attention:end
[v4-probe] layer=29 stage=moe:start
[v4-probe] layer=29 stage=moe:end
[v4-probe] layer=29 stage=block:end
[v4-probe] layer=30 stage=attention:start
[v4-probe] layer=30 stage=attention:end
[v4-probe] layer=30 stage=moe:start
[v4-probe] layer=30 stage=moe:end
[v4-probe] layer=30 stage=block:end
[v4-probe] layer=31 stage=attention:start
[v4-probe] layer=31 stage=attention:end
[v4-probe] layer=31 stage=moe:start
[v4-probe] layer=31 stage=moe:end
[v4-probe] layer=31 stage=block:end
[v4-probe] layer=32 stage=attention:start
[v4-probe] layer=32 stage=attention:end
[v4-probe] layer=32 stage=moe:start
[v4-probe] layer=32 stage=moe:end
[v4-probe] layer=32 stage=block:end
[v4-probe] layer=33 stage=attention:start
[v4-probe] layer=33 stage=attention:end
[v4-probe] layer=33 stage=moe:start
[v4-probe] layer=33 stage=moe:end
[v4-probe] layer=33 stage=block:end
[v4-probe] layer=34 stage=attention:start
[v4-probe] layer=34 stage=attention:end
[v4-probe] layer=34 stage=moe:start
[v4-probe] layer=34 stage=moe:end
[v4-probe] layer=34 stage=block:end
[v4-probe] layer=35 stage=attention:start
[v4-probe] layer=35 stage=attention:end
[v4-probe] layer=35 stage=moe:start
[v4-probe] layer=35 stage=moe:end
[v4-probe] layer=35 stage=block:end
[v4-probe] layer=36 stage=attention:start
[v4-probe] layer=36 stage=attention:end
[v4-probe] layer=36 stage=moe:start
[v4-probe] layer=36 stage=moe:end
[v4-probe] layer=36 stage=block:end
[v4-probe] layer=37 stage=attention:start
[v4-probe] layer=37 stage=attention:end
[v4-probe] layer=37 stage=moe:start
[v4-probe] layer=37 stage=moe:end
[v4-probe] layer=37 stage=block:end
[v4-probe] layer=38 stage=attention:start
[v4-probe] layer=38 stage=attention:end
[v4-probe] layer=38 stage=moe:start
[v4-probe] layer=38 stage=moe:end
[v4-probe] layer=38 stage=block:end
[v4-probe] layer=39 stage=attention:start
[v4-probe] layer=39 stage=attention:end
[v4-probe] layer=39 stage=moe:start
[v4-probe] layer=39 stage=moe:end
[v4-probe] layer=39 stage=block:end
[v4-probe] layer=40 stage=attention:start
[v4-probe] layer=40 stage=attention:end
[v4-probe] layer=40 stage=moe:start
[v4-probe] layer=40 stage=moe:end
[v4-probe] layer=40 stage=block:end
[v4-probe] layer=41 stage=attention:start
[v4-probe] layer=41 stage=attention:end
[v4-probe] layer=41 stage=moe:start
[v4-probe] layer=41 stage=moe:end
[v4-probe] layer=41 stage=block:end
[v4-probe] layer=42 stage=attention:start
[v4-probe] layer=42 stage=attention:end
[v4-probe] layer=42 stage=moe:start
[v4-probe] layer=42 stage=moe:end
[v4-probe] layer=42 stage=block:end
V4 EASY-EP probe:   4%|▍         | 1/25 [00:10<04:08, 10.37s/it]V4 EASY-EP probe:   8%|▊         | 2/25 [00:13<02:22,  6.18s/it]V4 EASY-EP probe:  12%|█▏        | 3/25 [00:18<02:03,  5.60s/it]V4 EASY-EP probe:  16%|█▌        | 4/25 [00:21<01:38,  4.68s/it]V4 EASY-EP probe:  20%|██        | 5/25 [00:25<01:23,  4.19s/it]V4 EASY-EP probe:  24%|██▍       | 6/25 [00:29<01:17,  4.10s/it]V4 EASY-EP probe:  28%|██▊       | 7/25 [00:34<01:23,  4.64s/it]V4 EASY-EP probe:  32%|███▏      | 8/25 [00:38<01:12,  4.24s/it]V4 EASY-EP probe:  36%|███▌      | 9/25 [00:42<01:09,  4.34s/it]V4 EASY-EP probe:  40%|████      | 10/25 [00:46<01:04,  4.31s/it]V4 EASY-EP probe:  44%|████▍     | 11/25 [00:51<00:59,  4.28s/it]V4 EASY-EP probe:  48%|████▊     | 12/25 [00:55<00:57,  4.43s/it]V4 EASY-EP probe:  52%|█████▏    | 13/25 [00:59<00:48,  4.07s/it]V4 EASY-EP probe:  56%|█████▌    | 14/25 [01:02<00:41,  3.82s/it]V4 EASY-EP probe:  60%|██████    | 15/25 [01:05<00:36,  3.62s/it]V4 EASY-EP probe:  64%|██████▍   | 16/25 [01:08<00:31,  3.45s/it]V4 EASY-EP probe:  68%|██████▊   | 17/25 [01:11<00:27,  3.39s/it]V4 EASY-EP probe:  72%|███████▏  | 18/25 [01:15<00:24,  3.49s/it]V4 EASY-EP probe:  76%|███████▌  | 19/25 [01:18<00:20,  3.39s/it]V4 EASY-EP probe:  80%|████████  | 20/25 [01:22<00:16,  3.37s/it]V4 EASY-EP probe:  84%|████████▍ | 21/25 [01:25<00:13,  3.32s/it]V4 EASY-EP probe:  88%|████████▊ | 22/25 [01:31<00:12,  4.12s/it]V4 EASY-EP probe:  92%|█████████▏| 23/25 [01:34<00:07,  3.72s/it]V4 EASY-EP probe:  96%|█████████▌| 24/25 [01:37<00:03,  3.48s/it]V4 EASY-EP probe: 100%|██████████| 25/25 [01:40<00:00,  3.37s/it]V4 EASY-EP probe: 100%|██████████| 25/25 [01:40<00:00,  4.01s/it]
10-72-1-171:30775:30775 [0] NCCL INFO comm 0x614d4a620480 rank 0 nranks 4 cudaDev 0 busId 98000 - Destroy COMPLETE
10-72-1-171:30778:30778 [3] NCCL INFO comm 0x61f2d37736c0 rank 3 nranks 4 cudaDev 3 busId d9000 - Destroy COMPLETE
10-72-1-171:30777:30777 [2] NCCL INFO comm 0x62885a730ff0 rank 2 nranks 4 cudaDev 2 busId c8000 - Destroy COMPLETE
10-72-1-171:30776:30776 [1] NCCL INFO comm 0x5d46811e0380 rank 1 nranks 4 cudaDev 1 busId b8000 - Destroy COMPLETE
10-72-1-171:30775:30775 [0] NCCL INFO ENV/Plugin: Closing env plugin ncclEnvDefault
10-72-1-171:30778:30778 [3] NCCL INFO ENV/Plugin: Closing env plugin ncclEnvDefault
10-72-1-171:30777:30777 [2] NCCL INFO ENV/Plugin: Closing env plugin ncclEnvDefault
10-72-1-171:30776:30776 [1] NCCL INFO ENV/Plugin: Closing env plugin ncclEnvDefault
PASS: 25 V4 EASY-EP calibration records are ready.
Next: bash scripts/prepare_v4_pruned_checkpoints.sh
Statistics log: /home/jovyan/wangtonghan/EASYEP/logs/v4_easyep_statistics_20260814_114801.log
