DeepSeek-V4-Flash dependency repair and full-pipeline resume
Python: /opt/sglang-v4/bin/python
CUDA_HOME: /usr/local/cuda-13.0
Physical GPUs: 4,5,6,7
Target dependency: fast-hadamard-transform==1.1.0
Vendored source: /home/jovyan/wangtonghan/EASYEP/third_party/fast-hadamard-transform
CUDA/PyTorch/SGLang reinstall: disabled
Log: /home/jovyan/wangtonghan/EASYEP/logs/v4_fht_repair_and_resume_20260814_105435.log
fast_hadamard_transform is missing or its CUDA extension is unusable.
AUTHORS: OK
LICENSE: OK
README.md: OK
setup.py: OK
fast_hadamard_transform/__init__.py: OK
fast_hadamard_transform/fast_hadamard_transform_interface.py: OK
csrc/code_gen.py: OK
csrc/fast_hadamard_transform.cpp: OK
csrc/fast_hadamard_transform.h: OK
csrc/fast_hadamard_transform_common.h: OK
csrc/fast_hadamard_transform_cuda.cu: OK
csrc/fast_hadamard_transform_special.h: OK
csrc/static_switch.h: OK
Installing only fast-hadamard-transform==1.1.0 into /opt/sglang-v4/bin/python...
Network package lookup: disabled; building /home/jovyan/wangtonghan/EASYEP/third_party/fast-hadamard-transform with CUDA /usr/local/cuda-13.0.
Using Python 3.11.15 environment at: /opt/sglang-v4
Resolved 1 package in 4.89s
   Building fast-hadamard-transform @ file:///home/jovyan/wangtonghan/EASYEP/third_party/fast-hadamard-transform
  × Failed to build `fast-hadamard-transform @ file:///home/jovyan/wangtonghan/EASYEP/third_party/fast-hadamard-transform`
  ├─▶ The build backend returned an error
  ╰─▶ Call to `setuptools.build_meta:__legacy__.build_wheel` failed (exit status: 1)

      [stdout]


      torch.__version__  = 2.11.0+cu130


      running bdist_wheel
      running build
      running build_py
      creating build/lib.linux-x86_64-cpython-311/fast_hadamard_transform
      copying fast_hadamard_transform/__init__.py -> build/lib.linux-x86_64-cpython-311/fast_hadamard_transform
      copying fast_hadamard_transform/fast_hadamard_transform_interface.py -> build/lib.linux-x86_64-cpython-311/fast_hadamard_transform
      running build_ext
      building 'fast_hadamard_transform_cuda' extension
      creating /home/jovyan/wangtonghan/EASYEP/third_party/fast-hadamard-transform/build/temp.linux-x86_64-cpython-311/csrc
      [1/2] c++ -MMD -MF /home/jovyan/wangtonghan/EASYEP/third_party/fast-hadamard-transform/build/temp.linux-x86_64-cpython-311/csrc/fast_hadamard_transform.o.d
      -pthread -Wsign-compare -Wunreachable-code -DNDEBUG -g -fwrapv -O3 -Wall -O3 -fstack-protector -fstack-clash-protection -U_FORTIFY_SOURCE
      -D_FORTIFY_SOURCE=2 -fno-omit-frame-pointer -mno-omit-leaf-frame-pointer -fPIC -fPIC -I/home/jovyan/wangtonghan/EASYEP/third_party/fast-hadamard-transform
      -I/opt/sglang-v4/lib/python3.11/site-packages/torch/include -I/opt/sglang-v4/lib/python3.11/site-packages/torch/include/torch/csrc/api/include
      -I/usr/local/cuda-13.0/include -I/opt/sglang-v4/include -I/opt/uv-python/cpython-3.11.15-linux-x86_64-gnu/include/python3.11
      -c -c /home/jovyan/wangtonghan/EASYEP/third_party/fast-hadamard-transform/csrc/fast_hadamard_transform.cpp -o
      /home/jovyan/wangtonghan/EASYEP/third_party/fast-hadamard-transform/build/temp.linux-x86_64-cpython-311/csrc/fast_hadamard_transform.o -O3
      -DTORCH_API_INCLUDE_EXTENSION_H -DTORCH_EXTENSION_NAME=fast_hadamard_transform_cuda -std=c++17
      FAILED: [code=1] /home/jovyan/wangtonghan/EASYEP/third_party/fast-hadamard-transform/build/temp.linux-x86_64-cpython-311/csrc/fast_hadamard_transform.o
      c++ -MMD -MF /home/jovyan/wangtonghan/EASYEP/third_party/fast-hadamard-transform/build/temp.linux-x86_64-cpython-311/csrc/fast_hadamard_transform.o.d
      -pthread -Wsign-compare -Wunreachable-code -DNDEBUG -g -fwrapv -O3 -Wall -O3 -fstack-protector -fstack-clash-protection -U_FORTIFY_SOURCE
      -D_FORTIFY_SOURCE=2 -fno-omit-frame-pointer -mno-omit-leaf-frame-pointer -fPIC -fPIC -I/home/jovyan/wangtonghan/EASYEP/third_party/fast-hadamard-transform
      -I/opt/sglang-v4/lib/python3.11/site-packages/torch/include -I/opt/sglang-v4/lib/python3.11/site-packages/torch/include/torch/csrc/api/include
      -I/usr/local/cuda-13.0/include -I/opt/sglang-v4/include -I/opt/uv-python/cpython-3.11.15-linux-x86_64-gnu/include/python3.11
      -c -c /home/jovyan/wangtonghan/EASYEP/third_party/fast-hadamard-transform/csrc/fast_hadamard_transform.cpp -o
      /home/jovyan/wangtonghan/EASYEP/third_party/fast-hadamard-transform/build/temp.linux-x86_64-cpython-311/csrc/fast_hadamard_transform.o -O3
      -DTORCH_API_INCLUDE_EXTENSION_H -DTORCH_EXTENSION_NAME=fast_hadamard_transform_cuda -std=c++17
      In file included from /opt/sglang-v4/lib/python3.11/site-packages/torch/include/ATen/cuda/CUDAContext.h:4,
                       from /home/jovyan/wangtonghan/EASYEP/third_party/fast-hadamard-transform/csrc/fast_hadamard_transform.cpp:5:
      /opt/sglang-v4/lib/python3.11/site-packages/torch/include/ATen/cuda/CUDAContextLight.h:10:10: fatal error: cusparse.h: No such file or directory
         10 | #include <cusparse.h>
            |          ^~~~~~~~~~~~
      compilation terminated.
      [2/2] /usr/local/cuda-13.0/bin/nvcc -MD -MF
      /home/jovyan/wangtonghan/EASYEP/third_party/fast-hadamard-transform/build/temp.linux-x86_64-cpython-311/csrc/fast_hadamard_transform_cuda.o.d
      -I/home/jovyan/wangtonghan/EASYEP/third_party/fast-hadamard-transform -I/opt/sglang-v4/lib/python3.11/site-packages/torch/include
      -I/opt/sglang-v4/lib/python3.11/site-packages/torch/include/torch/csrc/api/include -I/usr/local/cuda-13.0/include
      -I/opt/sglang-v4/include -I/opt/uv-python/cpython-3.11.15-linux-x86_64-gnu/include/python3.11 -c -c
      /home/jovyan/wangtonghan/EASYEP/third_party/fast-hadamard-transform/csrc/fast_hadamard_transform_cuda.cu -o
      /home/jovyan/wangtonghan/EASYEP/third_party/fast-hadamard-transform/build/temp.linux-x86_64-cpython-311/csrc/fast_hadamard_transform_cuda.o
      -D__CUDA_NO_HALF_OPERATORS__ -D__CUDA_NO_HALF_CONVERSIONS__ -D__CUDA_NO_BFLOAT16_CONVERSIONS__ -D__CUDA_NO_HALF2_OPERATORS__ --expt-relaxed-constexpr
      --compiler-options ''"'"'-fPIC'"'"'' -O3 -U__CUDA_NO_HALF_OPERATORS__ -U__CUDA_NO_HALF_CONVERSIONS__ -U__CUDA_NO_BFLOAT16_OPERATORS__
      -U__CUDA_NO_BFLOAT16_CONVERSIONS__ -U__CUDA_NO_BFLOAT162_OPERATORS__ -U__CUDA_NO_BFLOAT162_CONVERSIONS__ --expt-relaxed-constexpr --expt-extended-lambda
      --use_fast_math --ptxas-options=-v -lineinfo --threads 4 -gencode arch=compute_75,code=sm_75 -gencode arch=compute_80,code=sm_80 -gencode
      arch=compute_87,code=sm_87 -gencode arch=compute_90,code=sm_90 -gencode arch=compute_100,code=sm_100 -gencode arch=compute_120,code=sm_120
      -gencode arch=compute_103,code=sm_103 -gencode arch=compute_110,code=sm_110 -gencode arch=compute_121,code=sm_121 -DTORCH_API_INCLUDE_EXTENSION_H
      -DTORCH_EXTENSION_NAME=fast_hadamard_transform_cuda -std=c++17
      ptxas info    : 0 bytes gmem
      ptxas info    : Compiling entry function
      '_Z30fast_hadamard_transform_kernelI41fast_hadamard_transform_40N_kernel_traitsILi256ELi10EN3c108BFloat16EEEv18HadamardParamsBase' for 'sm_90'
      ptxas info    : Function properties for
      _Z30fast_hadamard_transform_kernelI41fast_hadamard_transform_40N_kernel_traitsILi256ELi10EN3c108BFloat16EEEv18HadamardParamsBase
          0 bytes stack frame, 0 bytes spill stores, 0 bytes spill loads
      ptxas info    : Used 254 registers, used 1 barriers
      ptxas info    : Compile time = 757.082 ms
      ptxas info    : Compiling entry function
      '_Z30fast_hadamard_transform_kernelI41fast_hadamard_transform_40N_kernel_traitsILi128ELi9EN3c108BFloat16EEEv18HadamardParamsBase' for 'sm_90'
      ptxas info    : Function properties for
      _Z30fast_hadamard_transform_kernelI41fast_hadamard_transform_40N_kernel_traitsILi128ELi9EN3c108BFloat16EEEv18HadamardParamsBase
          24 bytes stack frame, 20 bytes spill stores, 20 bytes spill loads
      ptxas info    : Used 255 registers, used 1 barriers, 24 bytes cumulative stack size
      ptxas info    : Compile time = 698.615 ms
      ptxas info    : Compiling entry function
      '_Z30fast_hadamard_transform_kernelI41fast_hadamard_transform_40N_kernel_traitsILi64ELi8EN3c108BFloat16EEEv18HadamardParamsBase' for 'sm_90'
      ptxas info    : Function properties for
      _Z30fast_hadamard_transform_kernelI41fast_hadamard_transform_40N_kernel_traitsILi64ELi8EN3c108BFloat16EEEv18HadamardParamsBase
          0 bytes stack frame, 0 bytes spill stores, 0 bytes spill loads
      ptxas info    : Used 255 registers, used 1 barriers
      ptxas info    : Compile time = 671.385 ms
      ptxas info    : Compiling entry function
      '_Z30fast_hadamard_transform_kernelI41fast_hadamard_transform_40N_kernel_traitsILi32ELi7EN3c108BFloat16EEEv18HadamardParamsBase' for 'sm_90'
      ptxas info    : Function properties for
      _Z30fast_hadamard_transform_kernelI41fast_hadamard_transform_40N_kernel_traitsILi32ELi7EN3c108BFloat16EEEv18HadamardParamsBase
          0 bytes stack frame, 0 bytes spill stores, 0 bytes spill loads
      ptxas info    : Used 255 registers, used 0 barriers
      ptxas info    : Compile time = 546.107 ms
      ptxas info    : Compiling entry function
      '_Z30fast_hadamard_transform_kernelI41fast_hadamard_transform_40N_kernel_traitsILi16ELi6EN3c108BFloat16EEEv18HadamardParamsBase' for 'sm_90'
      ptxas info    : Function properties for
      _Z30fast_hadamard_transform_kernelI41fast_hadamard_transform_40N_kernel_traitsILi16ELi6EN3c108BFloat16EEEv18HadamardParamsBase
          0 bytes stack frame, 0 bytes spill stores, 0 bytes spill loads
      ptxas info    : Used 255 registers, used 0 barriers
      ptxas info    : Compile time = 509.899 ms
      ptxas info    : Compiling entry function
      '_Z30fast_hadamard_transform_kernelI41fast_hadamard_transform_40N_kernel_traitsILi8ELi5EN3c108BFloat16EEEv18HadamardParamsBase' for 'sm_90'
      ptxas info    : Function properties for
      _Z30fast_hadamard_transform_kernelI41fast_hadamard_transform_40N_kernel_traitsILi8ELi5EN3c108BFloat16EEEv18HadamardParamsBase
          0 bytes stack frame, 0 bytes spill stores, 0 bytes spill loads
      ptxas info    : Used 255 registers, used 0 barriers
      ptxas info    : Compile time = 465.491 ms
      ptxas info    : Compiling entry function
      '_Z30fast_hadamard_transform_kernelI41fast_hadamard_transform_40N_kernel_traitsILi4ELi4EN3c108BFloat16EEEv18HadamardParamsBase' for 'sm_90'
      ptxas info    : Function properties for
      _Z30fast_hadamard_transform_kernelI41fast_hadamard_transform_40N_kernel_traitsILi4ELi4EN3c108BFloat16EEEv18HadamardParamsBase
          0 bytes stack frame, 0 bytes spill stores, 0 bytes spill loads
      ptxas info    : Used 254 registers, used 0 barriers
      ptxas info    : Compile time = 420.667 ms
      ptxas info    : Compiling entry function
      '_Z30fast_hadamard_transform_kernelI41fast_hadamard_transform_40N_kernel_traitsILi2ELi3EN3c108BFloat16EEEv18HadamardParamsBase' for 'sm_90'
      ptxas info    : Function properties for
      _Z30fast_hadamard_transform_kernelI41fast_hadamard_transform_40N_kernel_traitsILi2ELi3EN3c108BFloat16EEEv18HadamardParamsBase
          0 bytes stack frame, 0 bytes spill stores, 0 bytes spill loads
      ptxas info    : Used 249 registers, used 0 barriers
      ptxas info    : Compile time = 387.749 ms
      ptxas info    : Compiling entry function
      '_Z30fast_hadamard_transform_kernelI41fast_hadamard_transform_40N_kernel_traitsILi1ELi2EN3c108BFloat16EEEv18HadamardParamsBase' for 'sm_90'
      ptxas info    : Function properties for
      _Z30fast_hadamard_transform_kernelI41fast_hadamard_transform_40N_kernel_traitsILi1ELi2EN3c108BFloat16EEEv18HadamardParamsBase
          0 bytes stack frame, 0 bytes spill stores, 0 bytes spill loads
      ptxas info    : Used 252 registers, used 0 barriers
      ptxas info    : Compile time = 349.277 ms
      ptxas info    : Compiling entry function
      '_Z30fast_hadamard_transform_kernelI41fast_hadamard_transform_40N_kernel_traitsILi256ELi10EN3c104HalfEEEv18HadamardParamsBase' for 'sm_90'
      ptxas info    : Function properties for
      _Z30fast_hadamard_transform_kernelI41fast_hadamard_transform_40N_kernel_traitsILi256ELi10EN3c104HalfEEEv18HadamardParamsBase
          0 bytes stack frame, 0 bytes spill stores, 0 bytes spill loads
      ptxas info    : Used 254 registers, used 1 barriers
      ptxas info    : Compile time = 720.927 ms
      ptxas info    : Compiling entry function
      '_Z30fast_hadamard_transform_kernelI41fast_hadamard_transform_40N_kernel_traitsILi128ELi9EN3c104HalfEEEv18HadamardParamsBase' for 'sm_90'
      ptxas info    : Function properties for
      _Z30fast_hadamard_transform_kernelI41fast_hadamard_transform_40N_kernel_traitsILi128ELi9EN3c104HalfEEEv18HadamardParamsBase
          24 bytes stack frame, 20 bytes spill stores, 20 bytes spill loads
      ptxas info    : Used 255 registers, used 1 barriers, 24 bytes cumulative stack size
      ptxas info    : Compile time = 695.250 ms
      ptxas info    : Compiling entry function
      '_Z30fast_hadamard_transform_kernelI41fast_hadamard_transform_40N_kernel_traitsILi64ELi8EN3c104HalfEEEv18HadamardParamsBase' for 'sm_90'
      ptxas info    : Function properties for
      _Z30fast_hadamard_transform_kernelI41fast_hadamard_transform_40N_kernel_traitsILi64ELi8EN3c104HalfEEEv18HadamardParamsBase
          0 bytes stack frame, 0 bytes spill stores, 0 bytes spill loads
      ptxas info    : Used 255 registers, used 1 barriers
      ptxas info    : Compile time = 677.656 ms
      ptxas info    : Compiling entry function
      '_Z30fast_hadamard_transform_kernelI41fast_hadamard_transform_40N_kernel_traitsILi32ELi7EN3c104HalfEEEv18HadamardParamsBase' for 'sm_90'
      ptxas info    : Function properties for
      _Z30fast_hadamard_transform_kernelI41fast_hadamard_transform_40N_kernel_traitsILi32ELi7EN3c104HalfEEEv18HadamardParamsBase
          0 bytes stack frame, 0 bytes spill stores, 0 bytes spill loads
      ptxas info    : Used 255 registers, used 0 barriers
      ptxas info    : Compile time = 540.233 ms
      ptxas info    : Compiling entry function
      '_Z30fast_hadamard_transform_kernelI41fast_hadamard_transform_40N_kernel_traitsILi16ELi6EN3c104HalfEEEv18HadamardParamsBase' for 'sm_90'
      ptxas info    : Function properties for
      _Z30fast_hadamard_transform_kernelI41fast_hadamard_transform_40N_kernel_traitsILi16ELi6EN3c104HalfEEEv18HadamardParamsBase
          0 bytes stack frame, 0 bytes spill stores, 0 bytes spill loads
      ptxas info    : Used 255 registers, used 0 barriers
      ptxas info    : Compile time = 497.219 ms
      ptxas info    : Compiling entry function
      '_Z30fast_hadamard_transform_kernelI41fast_hadamard_transform_40N_kernel_traitsILi8ELi5EN3c104HalfEEEv18HadamardParamsBase' for 'sm_90'
      ptxas info    : Function properties for
      _Z30fast_hadamard_transform_kernelI41fast_hadamard_transform_40N_kernel_traitsILi8ELi5EN3c104HalfEEEv18HadamardParamsBase
          0 bytes stack frame, 0 bytes spill stores, 0 bytes spill loads
      ptxas info    : Used 255 registers, used 0 barriers
      ptxas info    : Compile time = 456.539 ms
      ptxas info    : Compiling entry function
      '_Z30fast_hadamard_transform_kernelI41fast_hadamard_transform_40N_kernel_traitsILi4ELi4EN3c104HalfEEEv18HadamardParamsBase' for 'sm_90'
      ptxas info    : Function properties for
      _Z30fast_hadamard_transform_kernelI41fast_hadamard_transform_40N_kernel_traitsILi4ELi4EN3c104HalfEEEv18HadamardParamsBase
          0 bytes stack frame, 0 bytes spill stores, 0 bytes spill loads
      ptxas info    : Used 254 registers, used 0 barriers
      ptxas info    : Compile time = 420.109 ms
      ptxas info    : Compiling entry function
      '_Z30fast_hadamard_transform_kernelI41fast_hadamard_transform_40N_kernel_traitsILi2ELi3EN3c104HalfEEEv18HadamardParamsBase' for 'sm_90'
      ptxas info    : Function properties for
      _Z30fast_hadamard_transform_kernelI41fast_hadamard_transform_40N_kernel_traitsILi2ELi3EN3c104HalfEEEv18HadamardParamsBase
          0 bytes stack frame, 0 bytes spill stores, 0 bytes spill loads
      ptxas info    : Used 249 registers, used 0 barriers
      ptxas info    : Compile time = 390.858 ms
      ptxas info    : Compiling entry function
      '_Z30fast_hadamard_transform_kernelI41fast_hadamard_transform_40N_kernel_traitsILi1ELi2EN3c104HalfEEEv18HadamardParamsBase' for 'sm_90'
      ptxas info    : Function properties for
      _Z30fast_hadamard_transform_kernelI41fast_hadamard_transform_40N_kernel_traitsILi1ELi2EN3c104HalfEEEv18HadamardParamsBase
          0 bytes stack frame, 0 bytes spill stores, 0 bytes spill loads
      ptxas info    : Used 252 registers, used 0 barriers
      ptxas info    : Compile time = 343.807 ms
      ptxas info    : Compiling entry function '_Z30fast_hadamard_transform_kernelI41fast_hadamard_transform_40N_kernel_traitsILi256ELi10EfEEv18HadamardParamsBase'
      for 'sm_90'
      ptxas info    : Function properties for _Z30fast_hadamard_transform_kernelI41fast_hadamard_transform_40N_kernel_traitsILi256ELi10EfEEv18HadamardParamsBase
          8 bytes stack frame, 8 bytes spill stores, 8 bytes spill loads
      ptxas info    : Used 255 registers, used 1 barriers, 8 bytes cumulative stack size
      ptxas info    : Compile time = 698.405 ms
      ptxas info    : Compiling entry function '_Z30fast_hadamard_transform_kernelI41fast_hadamard_transform_40N_kernel_traitsILi128ELi9EfEEv18HadamardParamsBase'
      for 'sm_90'
      ptxas info    : Function properties for _Z30fast_hadamard_transform_kernelI41fast_hadamard_transform_40N_kernel_traitsILi128ELi9EfEEv18HadamardParamsBase
          0 bytes stack frame, 0 bytes spill stores, 0 bytes spill loads
      ptxas info    : Used 255 registers, used 1 barriers
      ptxas info    : Compile time = 624.201 ms
      ptxas info    : Compiling entry function '_Z30fast_hadamard_transform_kernelI41fast_hadamard_transform_40N_kernel_traitsILi64ELi8EfEEv18HadamardParamsBase'
      for 'sm_90'
      ptxas info    : Function properties for _Z30fast_hadamard_transform_kernelI41fast_hadamard_transform_40N_kernel_traitsILi64ELi8EfEEv18HadamardParamsBase
          0 bytes stack frame, 0 bytes spill stores, 0 bytes spill loads
      ptxas info    : Used 250 registers, used 1 barriers
      ptxas info    : Compile time = 564.240 ms
      ptxas info    : Compiling entry function '_Z30fast_hadamard_transform_kernelI41fast_hadamard_transform_40N_kernel_traitsILi32ELi7EfEEv18HadamardParamsBase'
      for 'sm_90'
      ptxas info    : Function properties for _Z30fast_hadamard_transform_kernelI41fast_hadamard_transform_40N_kernel_traitsILi32ELi7EfEEv18HadamardParamsBase
          0 bytes stack frame, 0 bytes spill stores, 0 bytes spill loads
      ptxas info    : Used 250 registers, used 0 barriers
      ptxas info    : Compile time = 500.284 ms
      ptxas info    : Compiling entry function '_Z30fast_hadamard_transform_kernelI41fast_hadamard_transform_40N_kernel_traitsILi16ELi6EfEEv18HadamardParamsBase'
      for 'sm_90'
      ptxas info    : Function properties for _Z30fast_hadamard_transform_kernelI41fast_hadamard_transform_40N_kernel_traitsILi16ELi6EfEEv18HadamardParamsBase
          0 bytes stack frame, 0 bytes spill stores, 0 bytes spill loads
      ptxas info    : Used 254 registers, used 0 barriers
      ptxas info    : Compile time = 470.212 ms
      ptxas info    : Compiling entry function '_Z30fast_hadamard_transform_kernelI41fast_hadamard_transform_40N_kernel_traitsILi8ELi5EfEEv18HadamardParamsBase'
      for 'sm_90'
      ptxas info    : Function properties for _Z30fast_hadamard_transform_kernelI41fast_hadamard_transform_40N_kernel_traitsILi8ELi5EfEEv18HadamardParamsBase
          0 bytes stack frame, 0 bytes spill stores, 0 bytes spill loads
      ptxas info    : Used 250 registers, used 0 barriers
      ptxas info    : Compile time = 413.849 ms
      ptxas info    : Compiling entry function '_Z30fast_hadamard_transform_kernelI41fast_hadamard_transform_40N_kernel_traitsILi4ELi4EfEEv18HadamardParamsBase'
      for 'sm_90'
      ptxas info    : Function properties for _Z30fast_hadamard_transform_kernelI41fast_hadamard_transform_40N_kernel_traitsILi4ELi4EfEEv18HadamardParamsBase
          0 bytes stack frame, 0 bytes spill stores, 0 bytes spill loads
      ptxas info    : Used 250 registers, used 0 barriers
      ptxas info    : Compile time = 379.571 ms
      ptxas info    : Compiling entry function '_Z30fast_hadamard_transform_kernelI41fast_hadamard_transform_40N_kernel_traitsILi2ELi3EfEEv18HadamardParamsBase'
      for 'sm_90'
      ptxas info    : Function properties for _Z30fast_hadamard_transform_kernelI41fast_hadamard_transform_40N_kernel_traitsILi2ELi3EfEEv18HadamardParamsBase
          0 bytes stack frame, 0 bytes spill stores, 0 bytes spill loads
      ptxas info    : Used 250 registers, used 0 barriers
      ptxas info    : Compile time = 355.789 ms
      ptxas info    : Compiling entry function '_Z30fast_hadamard_transform_kernelI41fast_hadamard_transform_40N_kernel_traitsILi1ELi2EfEEv18HadamardParamsBase'
      for 'sm_90'
      ptxas info    : Function properties for _Z30fast_hadamard_transform_kernelI41fast_hadamard_transform_40N_kernel_traitsILi1ELi2EfEEv18HadamardParamsBase
          0 bytes stack frame, 0 bytes spill stores, 0 bytes spill loads
      ptxas info    : Used 250 registers, used 0 barriers
      ptxas info    : Compile time = 319.916 ms
      ptxas info    : Compiling entry function
      '_Z30fast_hadamard_transform_kernelI41fast_hadamard_transform_28N_kernel_traitsILi256ELi10EN3c108BFloat16EEEv18HadamardParamsBase' for 'sm_90'
      ptxas info    : Function properties for
      _Z30fast_hadamard_transform_kernelI41fast_hadamard_transform_28N_kernel_traitsILi256ELi10EN3c108BFloat16EEEv18HadamardParamsBase
          0 bytes stack frame, 0 bytes spill stores, 0 bytes spill loads
      ptxas info    : Used 254 registers, used 1 barriers
      ptxas info    : Compile time = 399.033 ms
      ptxas info    : Compiling entry function
      '_Z30fast_hadamard_transform_kernelI41fast_hadamard_transform_28N_kernel_traitsILi128ELi9EN3c108BFloat16EEEv18HadamardParamsBase' for 'sm_90'
      ptxas info    : Function properties for
      _Z30fast_hadamard_transform_kernelI41fast_hadamard_transform_28N_kernel_traitsILi128ELi9EN3c108BFloat16EEEv18HadamardParamsBase
          0 bytes stack frame, 0 bytes spill stores, 0 bytes spill loads
      ptxas info    : Used 168 registers, used 1 barriers
      ptxas info    : Compile time = 374.529 ms
      ptxas info    : Compiling entry function
      '_Z30fast_hadamard_transform_kernelI41fast_hadamard_transform_28N_kernel_traitsILi64ELi8EN3c108BFloat16EEEv18HadamardParamsBase' for 'sm_90'
      ptxas info    : Function properties for
      _Z30fast_hadamard_transform_kernelI41fast_hadamard_transform_28N_kernel_traitsILi64ELi8EN3c108BFloat16EEEv18HadamardParamsBase
          0 bytes stack frame, 0 bytes spill stores, 0 bytes spill loads
      ptxas info    : Used 168 registers, used 1 barriers
      ptxas info    : Compile time = 353.903 ms
      ptxas info    : Compiling entry function
      '_Z30fast_hadamard_transform_kernelI41fast_hadamard_transform_28N_kernel_traitsILi32ELi7EN3c108BFloat16EEEv18HadamardParamsBase' for 'sm_90'
      ptxas info    : Function properties for
      _Z30fast_hadamard_transform_kernelI41fast_hadamard_transform_28N_kernel_traitsILi32ELi7EN3c108BFloat16EEEv18HadamardParamsBase
          0 bytes stack frame, 0 bytes spill stores, 0 bytes spill loads
      ptxas info    : Used 168 registers, used 0 barriers
      ptxas info    : Compile time = 300.753 ms
      ptxas info    : Compiling entry function
      '_Z30fast_hadamard_transform_kernelI41fast_hadamard_transform_28N_kernel_traitsILi16ELi6EN3c108BFloat16EEEv18HadamardParamsBase' for 'sm_90'
      ptxas info    : Function properties for
      _Z30fast_hadamard_transform_kernelI41fast_hadamard_transform_28N_kernel_traitsILi16ELi6EN3c108BFloat16EEEv18HadamardParamsBase
          0 bytes stack frame, 0 bytes spill stores, 0 bytes spill loads
      ptxas info    : Used 168 registers, used 0 barriers
      ptxas info    : Compile time = 275.999 ms
      ptxas info    : Compiling entry function
      '_Z30fast_hadamard_transform_kernelI41fast_hadamard_transform_28N_kernel_traitsILi8ELi5EN3c108BFloat16EEEv18HadamardParamsBase' for 'sm_90'
      ptxas info    : Function properties for
      _Z30fast_hadamard_transform_kernelI41fast_hadamard_transform_28N_kernel_traitsILi8ELi5EN3c108BFloat16EEEv18HadamardParamsBase
          0 bytes stack frame, 0 bytes spill stores, 0 bytes spill loads
      ptxas info    : Used 168 registers, used 0 barriers
      ptxas info    : Compile time = 239.947 ms
      ptxas info    : Compiling entry function
      '_Z30fast_hadamard_transform_kernelI41fast_hadamard_transform_28N_kernel_traitsILi4ELi4EN3c108BFloat16EEEv18HadamardParamsBase' for 'sm_90'
      ptxas info    : Function properties for
      _Z30fast_hadamard_transform_kernelI41fast_hadamard_transform_28N_kernel_traitsILi4ELi4EN3c108BFloat16EEEv18HadamardParamsBase
          0 bytes stack frame, 0 bytes spill stores, 0 bytes spill loads
      ptxas info    : Used 188 registers, used 0 barriers
      ptxas info    : Compile time = 250.170 ms
      ptxas info    : Compiling entry function
      '_Z30fast_hadamard_transform_kernelI41fast_hadamard_transform_28N_kernel_traitsILi2ELi3EN3c108BFloat16EEEv18HadamardParamsBase' for 'sm_90'
      ptxas info    : Function properties for
      _Z30fast_hadamard_transform_kernelI41fast_hadamard_transform_28N_kernel_traitsILi2ELi3EN3c108BFloat16EEEv18HadamardParamsBase
          0 bytes stack frame, 0 bytes spill stores, 0 bytes spill loads
      ptxas info    : Used 202 registers, used 0 barriers
      ptxas info    : Compile time = 228.289 ms
      ptxas info    : Compiling entry function
      '_Z30fast_hadamard_transform_kernelI41fast_hadamard_transform_28N_kernel_traitsILi1ELi2EN3c108BFloat16EEEv18HadamardParamsBase' for 'sm_90'
      ptxas info    : Function properties for
      _Z30fast_hadamard_transform_kernelI41fast_hadamard_transform_28N_kernel_traitsILi1ELi2EN3c108BFloat16EEEv18HadamardParamsBase
          0 bytes stack frame, 0 bytes spill stores, 0 bytes spill loads
      ptxas info    : Used 168 registers, used 0 barriers
      ptxas info    : Compile time = 219.043 ms
      ptxas info    : Compiling entry function
      '_Z30fast_hadamard_transform_kernelI41fast_hadamard_transform_28N_kernel_traitsILi256ELi10EN3c104HalfEEEv18HadamardParamsBase' for 'sm_90'
      ptxas info    : Function properties for
      _Z30fast_hadamard_transform_kernelI41fast_hadamard_transform_28N_kernel_traitsILi256ELi10EN3c104HalfEEEv18HadamardParamsBase
          0 bytes stack frame, 0 bytes spill stores, 0 bytes spill loads
      ptxas info    : Used 255 registers, used 1 barriers
      ptxas info    : Compile time = 421.506 ms
      ptxas info    : Compiling entry function
      '_Z30fast_hadamard_transform_kernelI41fast_hadamard_transform_28N_kernel_traitsILi128ELi9EN3c104HalfEEEv18HadamardParamsBase' for 'sm_90'
      ptxas info    : Function properties for
      _Z30fast_hadamard_transform_kernelI41fast_hadamard_transform_28N_kernel_traitsILi128ELi9EN3c104HalfEEEv18HadamardParamsBase
          0 bytes stack frame, 0 bytes spill stores, 0 bytes spill loads
      ptxas info    : Used 168 registers, used 1 barriers
      ptxas info    : Compile time = 372.661 ms
      ptxas info    : Compiling entry function
      '_Z30fast_hadamard_transform_kernelI41fast_hadamard_transform_28N_kernel_traitsILi64ELi8EN3c104HalfEEEv18HadamardParamsBase' for 'sm_90'
      ptxas info    : Function properties for
      _Z30fast_hadamard_transform_kernelI41fast_hadamard_transform_28N_kernel_traitsILi64ELi8EN3c104HalfEEEv18HadamardParamsBase
          0 bytes stack frame, 0 bytes spill stores, 0 bytes spill loads
      ptxas info    : Used 168 registers, used 1 barriers
      ptxas info    : Compile time = 359.699 ms
      ptxas info    : Compiling entry function
      '_Z30fast_hadamard_transform_kernelI41fast_hadamard_transform_28N_kernel_traitsILi32ELi7EN3c104HalfEEEv18HadamardParamsBase' for 'sm_90'
      ptxas info    : Function properties for
      _Z30fast_hadamard_transform_kernelI41fast_hadamard_transform_28N_kernel_traitsILi32ELi7EN3c104HalfEEEv18HadamardParamsBase
          0 bytes stack frame, 0 bytes spill stores, 0 bytes spill loads
      ptxas info    : Used 168 registers, used 0 barriers
      ptxas info    : Compile time = 300.975 ms
      ptxas info    : Compiling entry function
      '_Z30fast_hadamard_transform_kernelI41fast_hadamard_transform_28N_kernel_traitsILi16ELi6EN3c104HalfEEEv18HadamardParamsBase' for 'sm_90'
      ptxas info    : Function properties for
      _Z30fast_hadamard_transform_kernelI41fast_hadamard_transform_28N_kernel_traitsILi16ELi6EN3c104HalfEEEv18HadamardParamsBase
          0 bytes stack frame, 0 bytes spill stores, 0 bytes spill loads
      ptxas info    : Used 168 registers, used 0 barriers
      ptxas info    : Compile time = 283.531 ms
      ptxas info    : Compiling entry function
      '_Z30fast_hadamard_transform_kernelI41fast_hadamard_transform_28N_kernel_traitsILi8ELi5EN3c104HalfEEEv18HadamardParamsBase' for 'sm_90'
      ptxas info    : Function properties for
      _Z30fast_hadamard_transform_kernelI41fast_hadamard_transform_28N_kernel_traitsILi8ELi5EN3c104HalfEEEv18HadamardParamsBase
          0 bytes stack frame, 0 bytes spill stores, 0 bytes spill loads
      ptxas info    : Used 168 registers, used 0 barriers
      ptxas info    : Compile time = 244.302 ms
      ptxas info    : Compiling entry function
      '_Z30fast_hadamard_transform_kernelI41fast_hadamard_transform_28N_kernel_traitsILi4ELi4EN3c104HalfEEEv18HadamardParamsBase' for 'sm_90'
      ptxas info    : Function properties for
      _Z30fast_hadamard_transform_kernelI41fast_hadamard_transform_28N_kernel_traitsILi4ELi4EN3c104HalfEEEv18HadamardParamsBase
          0 bytes stack frame, 0 bytes spill stores, 0 bytes spill loads
      ptxas info    : Used 190 registers, used 0 barriers
      ptxas info    : Compile time = 258.486 ms
      ptxas info    : Compiling entry function
      '_Z30fast_hadamard_transform_kernelI41fast_hadamard_transform_28N_kernel_traitsILi2ELi3EN3c104HalfEEEv18HadamardParamsBase' for 'sm_90'
      ptxas info    : Function properties for
      _Z30fast_hadamard_transform_kernelI41fast_hadamard_transform_28N_kernel_traitsILi2ELi3EN3c104HalfEEEv18HadamardParamsBase
          0 bytes stack frame, 0 bytes spill stores, 0 bytes spill loads
      ptxas info    : Used 204 registers, used 0 barriers
      ptxas info    : Compile time = 238.557 ms
      ptxas info    : Compiling entry function
      '_Z30fast_hadamard_transform_kernelI41fast_hadamard_transform_28N_kernel_traitsILi1ELi2EN3c104HalfEEEv18HadamardParamsBase' for 'sm_90'
      ptxas info    : Function properties for
      _Z30fast_hadamard_transform_kernelI41fast_hadamard_transform_28N_kernel_traitsILi1ELi2EN3c104HalfEEEv18HadamardParamsBase
          0 bytes stack frame, 0 bytes spill stores, 0 bytes spill loads
      ptxas info    : Used 168 registers, used 0 barriers
      ptxas info    : Compile time = 221.385 ms
      ptxas info    : Compiling entry function '_Z30fast_hadamard_transform_kernelI41fast_hadamard_transform_28N_kernel_traitsILi256ELi10EfEEv18HadamardParamsBase'
      for 'sm_90'
      ptxas info    : Function properties for _Z30fast_hadamard_transform_kernelI41fast_hadamard_transform_28N_kernel_traitsILi256ELi10EfEEv18HadamardParamsBase
          0 bytes stack frame, 0 bytes spill stores, 0 bytes spill loads
      ptxas info    : Used 254 registers, used 1 barriers
      ptxas info    : Compile time = 367.642 ms
      ptxas info    : Compiling entry function '_Z30fast_hadamard_transform_kernelI41fast_hadamard_transform_28N_kernel_traitsILi128ELi9EfEEv18HadamardParamsBase'
      for 'sm_90'
      ptxas info    : Function properties for _Z30fast_hadamard_transform_kernelI41fast_hadamard_transform_28N_kernel_traitsILi128ELi9EfEEv18HadamardParamsBase
          0 bytes stack frame, 0 bytes spill stores, 0 bytes spill loads
      ptxas info    : Used 168 registers, used 1 barriers
      ptxas info    : Compile time = 352.986 ms
      ptxas info    : Compiling entry function '_Z30fast_hadamard_transform_kernelI41fast_hadamard_transform_28N_kernel_traitsILi64ELi8EfEEv18HadamardParamsBase'
      for 'sm_90'
      ptxas info    : Function properties for _Z30fast_hadamard_transform_kernelI41fast_hadamard_transform_28N_kernel_traitsILi64ELi8EfEEv18HadamardParamsBase
          0 bytes stack frame, 0 bytes spill stores, 0 bytes spill loads
      ptxas info    : Used 168 registers, used 1 barriers
      ptxas info    : Compile time = 329.296 ms
      ptxas info    : Compiling entry function '_Z30fast_hadamard_transform_kernelI41fast_hadamard_transform_28N_kernel_traitsILi32ELi7EfEEv18HadamardParamsBase'
      for 'sm_90'
      ptxas info    : Function properties for _Z30fast_hadamard_transform_kernelI41fast_hadamard_transform_28N_kernel_traitsILi32ELi7EfEEv18HadamardParamsBase
          0 bytes stack frame, 0 bytes spill stores, 0 bytes spill loads
      ptxas info    : Used 168 registers, used 0 barriers
      ptxas info    : Compile time = 266.166 ms
      ptxas info    : Compiling entry function '_Z30fast_hadamard_transform_kernelI41fast_hadamard_transform_28N_kernel_traitsILi16ELi6EfEEv18HadamardParamsBase'
      for 'sm_90'
      ptxas info    : Function properties for _Z30fast_hadamard_transform_kernelI41fast_hadamard_transform_28N_kernel_traitsILi16ELi6EfEEv18HadamardParamsBase
          0 bytes stack frame, 0 bytes spill stores, 0 bytes spill loads
      ptxas info    : Used 168 registers, used 0 barriers
      ptxas info    : Compile time = 244.686 ms
      ptxas info    : Compiling entry function '_Z30fast_hadamard_transform_kernelI41fast_hadamard_transform_28N_kernel_traitsILi8ELi5EfEEv18HadamardParamsBase'
      for 'sm_90'
      ptxas info    : Function properties for _Z30fast_hadamard_transform_kernelI41fast_hadamard_transform_28N_kernel_traitsILi8ELi5EfEEv18HadamardParamsBase
          0 bytes stack frame, 0 bytes spill stores, 0 bytes spill loads
      ptxas info    : Used 168 registers, used 0 barriers
      ptxas info    : Compile time = 269.794 ms
      ptxas info    : Compiling entry function '_Z30fast_hadamard_transform_kernelI41fast_hadamard_transform_28N_kernel_traitsILi4ELi4EfEEv18HadamardParamsBase'
      for 'sm_90'
      ptxas info    : Function properties for _Z30fast_hadamard_transform_kernelI41fast_hadamard_transform_28N_kernel_traitsILi4ELi4EfEEv18HadamardParamsBase
          0 bytes stack frame, 0 bytes spill stores, 0 bytes spill loads
      ptxas info    : Used 168 registers, used 0 barriers
      ptxas info    : Compile time = 238.829 ms
      ptxas info    : Compiling entry function '_Z30fast_hadamard_transform_kernelI41fast_hadamard_transform_28N_kernel_traitsILi2ELi3EfEEv18HadamardParamsBase'
      for 'sm_90'
      ptxas info    : Function properties for _Z30fast_hadamard_transform_kernelI41fast_hadamard_transform_28N_kernel_traitsILi2ELi3EfEEv18HadamardParamsBase
          0 bytes stack frame, 0 bytes spill stores, 0 bytes spill loads
      ptxas info    : Used 168 registers, used 0 barriers
      ptxas info    : Compile time = 218.978 ms
      ptxas info    : Compiling entry function '_Z30fast_hadamard_transform_kernelI41fast_hadamard_transform_28N_kernel_traitsILi1ELi2EfEEv18HadamardParamsBase'
      for 'sm_90'
      ptxas info    : Function properties for _Z30fast_hadamard_transform_kernelI41fast_hadamard_transform_28N_kernel_traitsILi1ELi2EfEEv18HadamardParamsBase
          0 bytes stack frame, 0 bytes spill stores, 0 bytes spill loads
      ptxas info    : Used 168 registers, used 0 barriers
      ptxas info    : Compile time = 192.483 ms
      ptxas info    : Compiling entry function
      '_Z30fast_hadamard_transform_kernelI41fast_hadamard_transform_20N_kernel_traitsILi256ELi10EN3c108BFloat16EEEv18HadamardParamsBase' for 'sm_90'
      ptxas info    : Function properties for
      _Z30fast_hadamard_transform_kernelI41fast_hadamard_transform_20N_kernel_traitsILi256ELi10EN3c108BFloat16EEEv18HadamardParamsBase
          0 bytes stack frame, 0 bytes spill stores, 0 bytes spill loads
      ptxas info    : Used 128 registers, used 1 barriers
      ptxas info    : Compile time = 236.115 ms
      ptxas info    : Compiling entry function
      '_Z30fast_hadamard_transform_kernelI41fast_hadamard_transform_20N_kernel_traitsILi128ELi9EN3c108BFloat16EEEv18HadamardParamsBase' for 'sm_90'
      ptxas info    : Function properties for
      _Z30fast_hadamard_transform_kernelI41fast_hadamard_transform_20N_kernel_traitsILi128ELi9EN3c108BFloat16EEEv18HadamardParamsBase
          0 bytes stack frame, 0 bytes spill stores, 0 bytes spill loads
      ptxas info    : Used 128 registers, used 1 barriers
      ptxas info    : Compile time = 205.659 ms
      ptxas info    : Compiling entry function
      '_Z30fast_hadamard_transform_kernelI41fast_hadamard_transform_20N_kernel_traitsILi64ELi8EN3c108BFloat16EEEv18HadamardParamsBase' for 'sm_90'
      ptxas info    : Function properties for
      _Z30fast_hadamard_transform_kernelI41fast_hadamard_transform_20N_kernel_traitsILi64ELi8EN3c108BFloat16EEEv18HadamardParamsBase
          0 bytes stack frame, 0 bytes spill stores, 0 bytes spill loads
      ptxas info    : Used 128 registers, used 1 barriers
      ptxas info    : Compile time = 194.333 ms
      ptxas info    : Compiling entry function
      '_Z30fast_hadamard_transform_kernelI41fast_hadamard_transform_20N_kernel_traitsILi32ELi7EN3c108BFloat16EEEv18HadamardParamsBase' for 'sm_90'
      ptxas info    : Function properties for
      _Z30fast_hadamard_transform_kernelI41fast_hadamard_transform_20N_kernel_traitsILi32ELi7EN3c108BFloat16EEEv18HadamardParamsBase
          0 bytes stack frame, 0 bytes spill stores, 0 bytes spill loads
      ptxas info    : Used 168 registers, used 0 barriers
      ptxas info    : Compile time = 182.649 ms
      ptxas info    : Compiling entry function
      '_Z30fast_hadamard_transform_kernelI41fast_hadamard_transform_20N_kernel_traitsILi16ELi6EN3c108BFloat16EEEv18HadamardParamsBase' for 'sm_90'
      ptxas info    : Function properties for
      _Z30fast_hadamard_transform_kernelI41fast_hadamard_transform_20N_kernel_traitsILi16ELi6EN3c108BFloat16EEEv18HadamardParamsBase
          0 bytes stack frame, 0 bytes spill stores, 0 bytes spill loads
      ptxas info    : Used 152 registers, used 0 barriers
      ptxas info    : Compile time = 170.142 ms
      ptxas info    : Compiling entry function
      '_Z30fast_hadamard_transform_kernelI41fast_hadamard_transform_20N_kernel_traitsILi8ELi5EN3c108BFloat16EEEv18HadamardParamsBase' for 'sm_90'
      ptxas info    : Function properties for
      _Z30fast_hadamard_transform_kernelI41fast_hadamard_transform_20N_kernel_traitsILi8ELi5EN3c108BFloat16EEEv18HadamardParamsBase
          0 bytes stack frame, 0 bytes spill stores, 0 bytes spill loads
      ptxas info    : Used 160 registers, used 0 barriers
      ptxas info    : Compile time = 152.540 ms
      ptxas info    : Compiling entry function
      '_Z30fast_hadamard_transform_kernelI41fast_hadamard_transform_20N_kernel_traitsILi4ELi4EN3c108BFloat16EEEv18HadamardParamsBase' for 'sm_90'
      ptxas info    : Function properties for
      _Z30fast_hadamard_transform_kernelI41fast_hadamard_transform_20N_kernel_traitsILi4ELi4EN3c108BFloat16EEEv18HadamardParamsBase
          0 bytes stack frame, 0 bytes spill stores, 0 bytes spill loads
      ptxas info    : Used 158 registers, used 0 barriers
      ptxas info    : Compile time = 134.891 ms
      ptxas info    : Compiling entry function
      '_Z30fast_hadamard_transform_kernelI41fast_hadamard_transform_20N_kernel_traitsILi2ELi3EN3c108BFloat16EEEv18HadamardParamsBase' for 'sm_90'
      ptxas info    : Function properties for
      _Z30fast_hadamard_transform_kernelI41fast_hadamard_transform_20N_kernel_traitsILi2ELi3EN3c108BFloat16EEEv18HadamardParamsBase
          0 bytes stack frame, 0 bytes spill stores, 0 bytes spill loads
      ptxas info    : Used 155 registers, used 0 barriers
      ptxas info    : Compile time = 124.980 ms
      ptxas info    : Compiling entry function
      '_Z30fast_hadamard_transform_kernelI41fast_hadamard_transform_20N_kernel_traitsILi1ELi2EN3c108BFloat16EEEv18HadamardParamsBase' for 'sm_90'
      ptxas info    : Function properties for
      _Z30fast_hadamard_transform_kernelI41fast_hadamard_transform_20N_kernel_traitsILi1ELi2EN3c108BFloat16EEEv18HadamardParamsBase
          0 bytes stack frame, 0 bytes spill stores, 0 bytes spill loads
      ptxas info    : Used 152 registers, used 0 barriers
      ptxas info    : Compile time = 117.155 ms
      ptxas info    : Compiling entry function
      '_Z30fast_hadamard_transform_kernelI41fast_hadamard_transform_20N_kernel_traitsILi256ELi10EN3c104HalfEEEv18HadamardParamsBase' for 'sm_90'
      ptxas info    : Function properties for
      _Z30fast_hadamard_transform_kernelI41fast_hadamard_transform_20N_kernel_traitsILi256ELi10EN3c104HalfEEEv18HadamardParamsBase
          0 bytes stack frame, 0 bytes spill stores, 0 bytes spill loads
      ptxas info    : Used 128 registers, used 1 barriers
      ptxas info    : Compile time = 237.441 ms
      ptxas info    : Compiling entry function
      '_Z30fast_hadamard_transform_kernelI41fast_hadamard_transform_20N_kernel_traitsILi128ELi9EN3c104HalfEEEv18HadamardParamsBase' for 'sm_90'
      ptxas info    : Function properties for
      _Z30fast_hadamard_transform_kernelI41fast_hadamard_transform_20N_kernel_traitsILi128ELi9EN3c104HalfEEEv18HadamardParamsBase
          0 bytes stack frame, 0 bytes spill stores, 0 bytes spill loads
      ptxas info    : Used 128 registers, used 1 barriers
      ptxas info    : Compile time = 225.679 ms
      ptxas info    : Compiling entry function
      '_Z30fast_hadamard_transform_kernelI41fast_hadamard_transform_20N_kernel_traitsILi64ELi8EN3c104HalfEEEv18HadamardParamsBase' for 'sm_90'
      ptxas info    : Function properties for
      _Z30fast_hadamard_transform_kernelI41fast_hadamard_transform_20N_kernel_traitsILi64ELi8EN3c104HalfEEEv18HadamardParamsBase
          0 bytes stack frame, 0 bytes spill stores, 0 bytes spill loads
      ptxas info    : Used 128 registers, used 1 barriers
      ptxas info    : Compile time = 262.587 ms
      ptxas info    : Compiling entry function
      '_Z30fast_hadamard_transform_kernelI41fast_hadamard_transform_20N_kernel_traitsILi32ELi7EN3c104HalfEEEv18HadamardParamsBase' for 'sm_90'
      ptxas info    : Function properties for
      _Z30fast_hadamard_transform_kernelI41fast_hadamard_transform_20N_kernel_traitsILi32ELi7EN3c104HalfEEEv18HadamardParamsBase
          0 bytes stack frame, 0 bytes spill stores, 0 bytes spill loads
      ptxas info    : Used 168 registers, used 0 barriers
      ptxas info    : Compile time = 267.257 ms
      ptxas info    : Compiling entry function
      '_Z30fast_hadamard_transform_kernelI41fast_hadamard_transform_20N_kernel_traitsILi16ELi6EN3c104HalfEEEv18HadamardParamsBase' for 'sm_90'
      ptxas info    : Function properties for
      _Z30fast_hadamard_transform_kernelI41fast_hadamard_transform_20N_kernel_traitsILi16ELi6EN3c104HalfEEEv18HadamardParamsBase
          0 bytes stack frame, 0 bytes spill stores, 0 bytes spill loads
      ptxas info    : Used 152 registers, used 0 barriers
      ptxas info    : Compile time = 280.097 ms
      ptxas info    : Compiling entry function
      '_Z30fast_hadamard_transform_kernelI41fast_hadamard_transform_20N_kernel_traitsILi8ELi5EN3c104HalfEEEv18HadamardParamsBase' for 'sm_90'
      ptxas info    : Function properties for
      _Z30fast_hadamard_transform_kernelI41fast_hadamard_transform_20N_kernel_traitsILi8ELi5EN3c104HalfEEEv18HadamardParamsBase
          0 bytes stack frame, 0 bytes spill stores, 0 bytes spill loads
      ptxas info    : Used 157 registers, used 0 barriers
      ptxas info    : Compile time = 266.402 ms
      ptxas info    : Compiling entry function
      '_Z30fast_hadamard_transform_kernelI41fast_hadamard_transform_20N_kernel_traitsILi4ELi4EN3c104HalfEEEv18HadamardParamsBase' for 'sm_90'
      ptxas info    : Function properties for
      _Z30fast_hadamard_transform_kernelI41fast_hadamard_transform_20N_kernel_traitsILi4ELi4EN3c104HalfEEEv18HadamardParamsBase
          0 bytes stack frame, 0 bytes spill stores, 0 bytes spill loads
      ptxas info    : Used 153 registers, used 0 barriers
      ptxas info    : Compile time = 241.820 ms
      ptxas info    : Compiling entry function
      '_Z30fast_hadamard_transform_kernelI41fast_hadamard_transform_20N_kernel_traitsILi2ELi3EN3c104HalfEEEv18HadamardParamsBase' for 'sm_90'
      ptxas info    : Function properties for
      _Z30fast_hadamard_transform_kernelI41fast_hadamard_transform_20N_kernel_traitsILi2ELi3EN3c104HalfEEEv18HadamardParamsBase
          0 bytes stack frame, 0 bytes spill stores, 0 bytes spill loads
      ptxas info    : Used 153 registers, used 0 barriers
      ptxas info    : Compile time = 224.456 ms
      ptxas info    : Compiling entry function
      '_Z30fast_hadamard_transform_kernelI41fast_hadamard_transform_20N_kernel_traitsILi1ELi2EN3c104HalfEEEv18HadamardParamsBase' for 'sm_90'
      ptxas info    : Function properties for
      _Z30fast_hadamard_transform_kernelI41fast_hadamard_transform_20N_kernel_traitsILi1ELi2EN3c104HalfEEEv18HadamardParamsBase
          0 bytes stack frame, 0 bytes spill stores, 0 bytes spill loads
      ptxas info    : Used 152 registers, used 0 barriers
      ptxas info    : Compile time = 182.249 ms
      ptxas info    : Compiling entry function '_Z30fast_hadamard_transform_kernelI41fast_hadamard_transform_20N_kernel_traitsILi256ELi10EfEEv18HadamardParamsBase'
      for 'sm_90'
      ptxas info    : Function properties for _Z30fast_hadamard_transform_kernelI41fast_hadamard_transform_20N_kernel_traitsILi256ELi10EfEEv18HadamardParamsBase
          0 bytes stack frame, 0 bytes spill stores, 0 bytes spill loads
      ptxas info    : Used 191 registers, used 1 barriers
      ptxas info    : Compile time = 382.095 ms
      ptxas info    : Compiling entry function '_Z30fast_hadamard_transform_kernelI41fast_hadamard_transform_20N_kernel_traitsILi128ELi9EfEEv18HadamardParamsBase'
      for 'sm_90'
      ptxas info    : Function properties for _Z30fast_hadamard_transform_kernelI41fast_hadamard_transform_20N_kernel_traitsILi128ELi9EfEEv18HadamardParamsBase
          0 bytes stack frame, 0 bytes spill stores, 0 bytes spill loads
      ptxas info    : Used 168 registers, used 1 barriers
      ptxas info    : Compile time = 375.158 ms
      ptxas info    : Compiling entry function '_Z30fast_hadamard_transform_kernelI41fast_hadamard_transform_20N_kernel_traitsILi64ELi8EfEEv18HadamardParamsBase'
      for 'sm_90'
      ptxas info    : Function properties for _Z30fast_hadamard_transform_kernelI41fast_hadamard_transform_20N_kernel_traitsILi64ELi8EfEEv18HadamardParamsBase
          0 bytes stack frame, 0 bytes spill stores, 0 bytes spill loads
      ptxas info    : Used 168 registers, used 1 barriers
      ptxas info    : Compile time = 328.889 ms
      ptxas info    : Compiling entry function '_Z30fast_hadamard_transform_kernelI41fast_hadamard_transform_20N_kernel_traitsILi32ELi7EfEEv18HadamardParamsBase'
      for 'sm_90'
      ptxas info    : Function properties for _Z30fast_hadamard_transform_kernelI41fast_hadamard_transform_20N_kernel_traitsILi32ELi7EfEEv18HadamardParamsBase
          0 bytes stack frame, 0 bytes spill stores, 0 bytes spill loads
      ptxas info    : Used 155 registers, used 0 barriers
      ptxas info    : Compile time = 233.504 ms
      ptxas info    : Compiling entry function '_Z30fast_hadamard_transform_kernelI41fast_hadamard_transform_20N_kernel_traitsILi16ELi6EfEEv18HadamardParamsBase'
      for 'sm_90'
      ptxas info    : Function properties for _Z30fast_hadamard_transform_kernelI41fast_hadamard_transform_20N_kernel_traitsILi16ELi6EfEEv18HadamardParamsBase
          0 bytes stack frame, 0 bytes spill stores, 0 bytes spill loads
      ptxas info    : Used 155 registers, used 0 barriers
      ptxas info    : Compile time = 244.862 ms
      ptxas info    : Compiling entry function '_Z30fast_hadamard_transform_kernelI41fast_hadamard_transform_20N_kernel_traitsILi8ELi5EfEEv18HadamardParamsBase'
      for 'sm_90'
      ptxas info    : Function properties for _Z30fast_hadamard_transform_kernelI41fast_hadamard_transform_20N_kernel_traitsILi8ELi5EfEEv18HadamardParamsBase
          0 bytes stack frame, 0 bytes spill stores, 0 bytes spill loads
      ptxas info    : Used 151 registers, used 0 barriers
      ptxas info    : Compile time = 206.992 ms
      ptxas info    : Compiling entry function '_Z30fast_hadamard_transform_kernelI41fast_hadamard_transform_20N_kernel_traitsILi4ELi4EfEEv18HadamardParamsBase'
      for 'sm_90'
      ptxas info    : Function properties for _Z30fast_hadamard_transform_kernelI41fast_hadamard_transform_20N_kernel_traitsILi4ELi4EfEEv18HadamardParamsBase
          0 bytes stack frame, 0 bytes spill stores, 0 bytes spill loads
      ptxas info    : Used 154 registers, used 0 barriers
      ptxas info    : Compile time = 206.829 ms
      ptxas info    : Compiling entry function '_Z30fast_hadamard_transform_kernelI41fast_hadamard_transform_20N_kernel_traitsILi2ELi3EfEEv18HadamardParamsBase'
      for 'sm_90'
      ptxas info    : Function properties for _Z30fast_hadamard_transform_kernelI41fast_hadamard_transform_20N_kernel_traitsILi2ELi3EfEEv18HadamardParamsBase
          0 bytes stack frame, 0 bytes spill stores, 0 bytes spill loads
      ptxas info    : Used 156 registers, used 0 barriers
      ptxas info    : Compile time = 179.642 ms
      ptxas info    : Compiling entry function '_Z30fast_hadamard_transform_kernelI41fast_hadamard_transform_20N_kernel_traitsILi1ELi2EfEEv18HadamardParamsBase'
      for 'sm_90'
      ptxas info    : Function properties for _Z30fast_hadamard_transform_kernelI41fast_hadamard_transform_20N_kernel_traitsILi1ELi2EfEEv18HadamardParamsBase
          0 bytes stack frame, 0 bytes spill stores, 0 bytes spill loads
      ptxas info    : Used 159 registers, used 0 barriers
      ptxas info    : Compile time = 146.818 ms
      ptxas info    : Compiling entry function
      '_Z30fast_hadamard_transform_kernelI41fast_hadamard_transform_12N_kernel_traitsILi256ELi10EN3c108BFloat16EEEv18HadamardParamsBase' for 'sm_90'
      ptxas info    : Function properties for
      _Z30fast_hadamard_transform_kernelI41fast_hadamard_transform_12N_kernel_traitsILi256ELi10EN3c108BFloat16EEEv18HadamardParamsBase
          0 bytes stack frame, 0 bytes spill stores, 0 bytes spill loads
      ptxas info    : Used 79 registers, used 1 barriers
      ptxas info    : Compile time = 155.597 ms
      ptxas info    : Compiling entry function
      '_Z30fast_hadamard_transform_kernelI41fast_hadamard_transform_12N_kernel_traitsILi128ELi9EN3c108BFloat16EEEv18HadamardParamsBase' for 'sm_90'
      ptxas info    : Function properties for
      _Z30fast_hadamard_transform_kernelI41fast_hadamard_transform_12N_kernel_traitsILi128ELi9EN3c108BFloat16EEEv18HadamardParamsBase
          0 bytes stack frame, 0 bytes spill stores, 0 bytes spill loads
      ptxas info    : Used 64 registers, used 1 barriers
      ptxas info    : Compile time = 135.818 ms
      ptxas info    : Compiling entry function
      '_Z30fast_hadamard_transform_kernelI41fast_hadamard_transform_12N_kernel_traitsILi64ELi8EN3c108BFloat16EEEv18HadamardParamsBase' for 'sm_90'
      ptxas info    : Function properties for
      _Z30fast_hadamard_transform_kernelI41fast_hadamard_transform_12N_kernel_traitsILi64ELi8EN3c108BFloat16EEEv18HadamardParamsBase
          0 bytes stack frame, 0 bytes spill stores, 0 bytes spill loads
      ptxas info    : Used 64 registers, used 1 barriers
      ptxas info    : Compile time = 125.662 ms
      ptxas info    : Compiling entry function
      '_Z30fast_hadamard_transform_kernelI41fast_hadamard_transform_12N_kernel_traitsILi32ELi7EN3c108BFloat16EEEv18HadamardParamsBase' for 'sm_90'
      ptxas info    : Function properties for
      _Z30fast_hadamard_transform_kernelI41fast_hadamard_transform_12N_kernel_traitsILi32ELi7EN3c108BFloat16EEEv18HadamardParamsBase
          0 bytes stack frame, 0 bytes spill stores, 0 bytes spill loads
      ptxas info    : Used 64 registers, used 0 barriers
      ptxas info    : Compile time = 121.739 ms
      ptxas info    : Compiling entry function
      '_Z30fast_hadamard_transform_kernelI41fast_hadamard_transform_12N_kernel_traitsILi16ELi6EN3c108BFloat16EEEv18HadamardParamsBase' for 'sm_90'
      ptxas info    : Function properties for
      _Z30fast_hadamard_transform_kernelI41fast_hadamard_transform_12N_kernel_traitsILi16ELi6EN3c108BFloat16EEEv18HadamardParamsBase
          0 bytes stack frame, 0 bytes spill stores, 0 bytes spill loads
      ptxas info    : Used 64 registers, used 0 barriers
      ptxas info    : Compile time = 71.530 ms
      ptxas info    : Compiling entry function
      '_Z30fast_hadamard_transform_kernelI41fast_hadamard_transform_12N_kernel_traitsILi8ELi5EN3c108BFloat16EEEv18HadamardParamsBase' for 'sm_90'
      ptxas info    : Function properties for
      _Z30fast_hadamard_transform_kernelI41fast_hadamard_transform_12N_kernel_traitsILi8ELi5EN3c108BFloat16EEEv18HadamardParamsBase
          0 bytes stack frame, 0 bytes spill stores, 0 bytes spill loads
      ptxas info    : Used 64 registers, used 0 barriers
      ptxas info    : Compile time = 65.526 ms
      ptxas info    : Compiling entry function
      '_Z30fast_hadamard_transform_kernelI41fast_hadamard_transform_12N_kernel_traitsILi4ELi4EN3c108BFloat16EEEv18HadamardParamsBase' for 'sm_90'
      ptxas info    : Function properties for
      _Z30fast_hadamard_transform_kernelI41fast_hadamard_transform_12N_kernel_traitsILi4ELi4EN3c108BFloat16EEEv18HadamardParamsBase
          0 bytes stack frame, 0 bytes spill stores, 0 bytes spill loads
      ptxas info    : Used 64 registers, used 0 barriers
      ptxas info    : Compile time = 56.458 ms
      ptxas info    : Compiling entry function
      '_Z30fast_hadamard_transform_kernelI41fast_hadamard_transform_12N_kernel_traitsILi2ELi3EN3c108BFloat16EEEv18HadamardParamsBase' for 'sm_90'
      ptxas info    : Function properties for
      _Z30fast_hadamard_transform_kernelI41fast_hadamard_transform_12N_kernel_traitsILi2ELi3EN3c108BFloat16EEEv18HadamardParamsBase
          0 bytes stack frame, 0 bytes spill stores, 0 bytes spill loads
      ptxas info    : Used 72 registers, used 0 barriers
      ptxas info    : Compile time = 59.318 ms
      ptxas info    : Compiling entry function
      '_Z30fast_hadamard_transform_kernelI41fast_hadamard_transform_12N_kernel_traitsILi1ELi2EN3c108BFloat16EEEv18HadamardParamsBase' for 'sm_90'
      ptxas info    : Function properties for
      _Z30fast_hadamard_transform_kernelI41fast_hadamard_transform_12N_kernel_traitsILi1ELi2EN3c108BFloat16EEEv18HadamardParamsBase
          0 bytes stack frame, 0 bytes spill stores, 0 bytes spill loads
      ptxas info    : Used 80 registers, used 0 barriers
      ptxas info    : Compile time = 42.264 ms
      ptxas info    : Compiling entry function
      '_Z30fast_hadamard_transform_kernelI41fast_hadamard_transform_12N_kernel_traitsILi256ELi10EN3c104HalfEEEv18HadamardParamsBase' for 'sm_90'
      ptxas info    : Function properties for
      _Z30fast_hadamard_transform_kernelI41fast_hadamard_transform_12N_kernel_traitsILi256ELi10EN3c104HalfEEEv18HadamardParamsBase
          0 bytes stack frame, 0 bytes spill stores, 0 bytes spill loads
      ptxas info    : Used 79 registers, used 1 barriers
      ptxas info    : Compile time = 140.223 ms
      ptxas info    : Compiling entry function
      '_Z30fast_hadamard_transform_kernelI41fast_hadamard_transform_12N_kernel_traitsILi128ELi9EN3c104HalfEEEv18HadamardParamsBase' for 'sm_90'
      ptxas info    : Function properties for
      _Z30fast_hadamard_transform_kernelI41fast_hadamard_transform_12N_kernel_traitsILi128ELi9EN3c104HalfEEEv18HadamardParamsBase
          0 bytes stack frame, 0 bytes spill stores, 0 bytes spill loads
      ptxas info    : Used 64 registers, used 1 barriers
      ptxas info    : Compile time = 119.266 ms
      ptxas info    : Compiling entry function
      '_Z30fast_hadamard_transform_kernelI41fast_hadamard_transform_12N_kernel_traitsILi64ELi8EN3c104HalfEEEv18HadamardParamsBase' for 'sm_90'
      ptxas info    : Function properties for
      _Z30fast_hadamard_transform_kernelI41fast_hadamard_transform_12N_kernel_traitsILi64ELi8EN3c104HalfEEEv18HadamardParamsBase
          0 bytes stack frame, 0 bytes spill stores, 0 bytes spill loads
      ptxas info    : Used 64 registers, used 1 barriers
      ptxas info    : Compile time = 108.643 ms
      ptxas info    : Compiling entry function
      '_Z30fast_hadamard_transform_kernelI41fast_hadamard_transform_12N_kernel_traitsILi32ELi7EN3c104HalfEEEv18HadamardParamsBase' for 'sm_90'
      ptxas info    : Function properties for
      _Z30fast_hadamard_transform_kernelI41fast_hadamard_transform_12N_kernel_traitsILi32ELi7EN3c104HalfEEEv18HadamardParamsBase
          0 bytes stack frame, 0 bytes spill stores, 0 bytes spill loads
      ptxas info    : Used 64 registers, used 0 barriers
      ptxas info    : Compile time = 73.904 ms
      ptxas info    : Compiling entry function
      '_Z30fast_hadamard_transform_kernelI41fast_hadamard_transform_12N_kernel_traitsILi16ELi6EN3c104HalfEEEv18HadamardParamsBase' for 'sm_90'
      ptxas info    : Function properties for
      _Z30fast_hadamard_transform_kernelI41fast_hadamard_transform_12N_kernel_traitsILi16ELi6EN3c104HalfEEEv18HadamardParamsBase
          0 bytes stack frame, 0 bytes spill stores, 0 bytes spill loads
      ptxas info    : Used 64 registers, used 0 barriers
      ptxas info    : Compile time = 66.765 ms
      ptxas info    : Compiling entry function
      '_Z30fast_hadamard_transform_kernelI41fast_hadamard_transform_12N_kernel_traitsILi8ELi5EN3c104HalfEEEv18HadamardParamsBase' for 'sm_90'
      ptxas info    : Function properties for
      _Z30fast_hadamard_transform_kernelI41fast_hadamard_transform_12N_kernel_traitsILi8ELi5EN3c104HalfEEEv18HadamardParamsBase
          0 bytes stack frame, 0 bytes spill stores, 0 bytes spill loads
      ptxas info    : Used 64 registers, used 0 barriers
      ptxas info    : Compile time = 63.106 ms
      ptxas info    : Compiling entry function
      '_Z30fast_hadamard_transform_kernelI41fast_hadamard_transform_12N_kernel_traitsILi4ELi4EN3c104HalfEEEv18HadamardParamsBase' for 'sm_90'
      ptxas info    : Function properties for
      _Z30fast_hadamard_transform_kernelI41fast_hadamard_transform_12N_kernel_traitsILi4ELi4EN3c104HalfEEEv18HadamardParamsBase
          0 bytes stack frame, 0 bytes spill stores, 0 bytes spill loads
      ptxas info    : Used 64 registers, used 0 barriers
      ptxas info    : Compile time = 57.012 ms
      ptxas info    : Compiling entry function
      '_Z30fast_hadamard_transform_kernelI41fast_hadamard_transform_12N_kernel_traitsILi2ELi3EN3c104HalfEEEv18HadamardParamsBase' for 'sm_90'
      ptxas info    : Function properties for
      _Z30fast_hadamard_transform_kernelI41fast_hadamard_transform_12N_kernel_traitsILi2ELi3EN3c104HalfEEEv18HadamardParamsBase
          0 bytes stack frame, 0 bytes spill stores, 0 bytes spill loads
      ptxas info    : Used 72 registers, used 0 barriers
      ptxas info    : Compile time = 49.303 ms
      ptxas info    : Compiling entry function
      '_Z30fast_hadamard_transform_kernelI41fast_hadamard_transform_12N_kernel_traitsILi1ELi2EN3c104HalfEEEv18HadamardParamsBase' for 'sm_90'
      ptxas info    : Function properties for
      _Z30fast_hadamard_transform_kernelI41fast_hadamard_transform_12N_kernel_traitsILi1ELi2EN3c104HalfEEEv18HadamardParamsBase
          0 bytes stack frame, 0 bytes spill stores, 0 bytes spill loads
      ptxas info    : Used 80 registers, used 0 barriers
      ptxas info    : Compile time = 40.307 ms
      ptxas info    : Compiling entry function '_Z30fast_hadamard_transform_kernelI41fast_hadamard_transform_12N_kernel_traitsILi256ELi10EfEEv18HadamardParamsBase'
      for 'sm_90'
      ptxas info    : Function properties for _Z30fast_hadamard_transform_kernelI41fast_hadamard_transform_12N_kernel_traitsILi256ELi10EfEEv18HadamardParamsBase
          0 bytes stack frame, 0 bytes spill stores, 0 bytes spill loads
      ptxas info    : Used 80 registers, used 1 barriers
      ptxas info    : Compile time = 80.192 ms
      ptxas info    : Compiling entry function '_Z30fast_hadamard_transform_kernelI41fast_hadamard_transform_12N_kernel_traitsILi128ELi9EfEEv18HadamardParamsBase'
      for 'sm_90'
      ptxas info    : Function properties for _Z30fast_hadamard_transform_kernelI41fast_hadamard_transform_12N_kernel_traitsILi128ELi9EfEEv18HadamardParamsBase
          0 bytes stack frame, 0 bytes spill stores, 0 bytes spill loads
      ptxas info    : Used 72 registers, used 1 barriers
      ptxas info    : Compile time = 74.899 ms
      ptxas info    : Compiling entry function '_Z30fast_hadamard_transform_kernelI41fast_hadamard_transform_12N_kernel_traitsILi64ELi8EfEEv18HadamardParamsBase'
      for 'sm_90'
      ptxas info    : Function properties for _Z30fast_hadamard_transform_kernelI41fast_hadamard_transform_12N_kernel_traitsILi64ELi8EfEEv18HadamardParamsBase
          0 bytes stack frame, 0 bytes spill stores, 0 bytes spill loads
      ptxas info    : Used 72 registers, used 1 barriers
      ptxas info    : Compile time = 68.902 ms
      ptxas info    : Compiling entry function '_Z30fast_hadamard_transform_kernelI41fast_hadamard_transform_12N_kernel_traitsILi32ELi7EfEEv18HadamardParamsBase'
      for 'sm_90'
      ptxas info    : Function properties for _Z30fast_hadamard_transform_kernelI41fast_hadamard_transform_12N_kernel_traitsILi32ELi7EfEEv18HadamardParamsBase
          0 bytes stack frame, 0 bytes spill stores, 0 bytes spill loads
      ptxas info    : Used 72 registers, used 0 barriers
      ptxas info    : Compile time = 64.085 ms
      ptxas info    : Compiling entry function '_Z30fast_hadamard_transform_kernelI41fast_hadamard_transform_12N_kernel_traitsILi16ELi6EfEEv18HadamardParamsBase'
      for 'sm_90'
      ptxas info    : Function properties for _Z30fast_hadamard_transform_kernelI41fast_hadamard_transform_12N_kernel_traitsILi16ELi6EfEEv18HadamardParamsBase
          0 bytes stack frame, 0 bytes spill stores, 0 bytes spill loads
      ptxas info    : Used 72 registers, used 0 barriers
      ptxas info    : Compile time = 57.583 ms
      ptxas info    : Compiling entry function '_Z30fast_hadamard_transform_kernelI41fast_hadamard_transform_12N_kernel_traitsILi8ELi5EfEEv18HadamardParamsBase'
      for 'sm_90'
      ptxas info    : Function properties for _Z30fast_hadamard_transform_kernelI41fast_hadamard_transform_12N_kernel_traitsILi8ELi5EfEEv18HadamardParamsBase
          0 bytes stack frame, 0 bytes spill stores, 0 bytes spill loads
      ptxas info    : Used 72 registers, used 0 barriers
      ptxas info    : Compile time = 54.156 ms
      ptxas info    : Compiling entry function '_Z30fast_hadamard_transform_kernelI41fast_hadamard_transform_12N_kernel_traitsILi4ELi4EfEEv18HadamardParamsBase'
      for 'sm_90'
      ptxas info    : Function properties for _Z30fast_hadamard_transform_kernelI41fast_hadamard_transform_12N_kernel_traitsILi4ELi4EfEEv18HadamardParamsBase
          0 bytes stack frame, 0 bytes spill stores, 0 bytes spill loads
      ptxas info    : Used 66 registers, used 0 barriers
      ptxas info    : Compile time = 48.540 ms
      ptxas info    : Compiling entry function '_Z30fast_hadamard_transform_kernelI41fast_hadamard_transform_12N_kernel_traitsILi2ELi3EfEEv18HadamardParamsBase'
      for 'sm_90'
      ptxas info    : Function properties for _Z30fast_hadamard_transform_kernelI41fast_hadamard_transform_12N_kernel_traitsILi2ELi3EfEEv18HadamardParamsBase
          0 bytes stack frame, 0 bytes spill stores, 0 bytes spill loads
      ptxas info    : Used 72 registers, used 0 barriers
      ptxas info    : Compile time = 42.903 ms
      ptxas info    : Compiling entry function '_Z30fast_hadamard_transform_kernelI41fast_hadamard_transform_12N_kernel_traitsILi1ELi2EfEEv18HadamardParamsBase'
      for 'sm_90'
      ptxas info    : Function properties for _Z30fast_hadamard_transform_kernelI41fast_hadamard_transform_12N_kernel_traitsILi1ELi2EfEEv18HadamardParamsBase
          0 bytes stack frame, 0 bytes spill stores, 0 bytes spill loads
      ptxas info    : Used 64 registers, used 0 barriers
      ptxas info    : Compile time = 37.160 ms
      ptxas info    : Compiling entry function
      '_Z30fast_hadamard_transform_kernelI37fast_hadamard_transform_kernel_traitsILi256ELi15EN3c108BFloat16EEEv18HadamardParamsBase' for 'sm_90'
      ptxas info    : Function properties for
      _Z30fast_hadamard_transform_kernelI37fast_hadamard_transform_kernel_traitsILi256ELi15EN3c108BFloat16EEEv18HadamardParamsBase
          0 bytes stack frame, 0 bytes spill stores, 0 bytes spill loads
      ptxas info    : Used 255 registers, used 1 barriers
      ptxas info    : Compile time = 354.588 ms
      ptxas info    : Compiling entry function
      '_Z30fast_hadamard_transform_kernelI37fast_hadamard_transform_kernel_traitsILi256ELi14EN3c108BFloat16EEEv18HadamardParamsBase' for 'sm_90'
      ptxas info    : Function properties for
      _Z30fast_hadamard_transform_kernelI37fast_hadamard_transform_kernel_traitsILi256ELi14EN3c108BFloat16EEEv18HadamardParamsBase
          0 bytes stack frame, 0 bytes spill stores, 0 bytes spill loads
      ptxas info    : Used 128 registers, used 1 barriers
      ptxas info    : Compile time = 128.880 ms
      ptxas info    : Compiling entry function
      '_Z30fast_hadamard_transform_kernelI37fast_hadamard_transform_kernel_traitsILi256ELi13EN3c108BFloat16EEEv18HadamardParamsBase' for 'sm_90'
      ptxas info    : Function properties for
      _Z30fast_hadamard_transform_kernelI37fast_hadamard_transform_kernel_traitsILi256ELi13EN3c108BFloat16EEEv18HadamardParamsBase
          0 bytes stack frame, 0 bytes spill stores, 0 bytes spill loads
      ptxas info    : Used 48 registers, used 1 barriers
      ptxas info    : Compile time = 45.392 ms
      ptxas info    : Compiling entry function
      '_Z30fast_hadamard_transform_kernelI37fast_hadamard_transform_kernel_traitsILi256ELi12EN3c108BFloat16EEEv18HadamardParamsBase' for 'sm_90'
      ptxas info    : Function properties for
      _Z30fast_hadamard_transform_kernelI37fast_hadamard_transform_kernel_traitsILi256ELi12EN3c108BFloat16EEEv18HadamardParamsBase
          0 bytes stack frame, 0 bytes spill stores, 0 bytes spill loads
      ptxas info    : Used 42 registers, used 1 barriers
      ptxas info    : Compile time = 21.344 ms
      ptxas info    : Compiling entry function
      '_Z30fast_hadamard_transform_kernelI37fast_hadamard_transform_kernel_traitsILi256ELi11EN3c108BFloat16EEEv18HadamardParamsBase' for 'sm_90'
      ptxas info    : Function properties for
      _Z30fast_hadamard_transform_kernelI37fast_hadamard_transform_kernel_traitsILi256ELi11EN3c108BFloat16EEEv18HadamardParamsBase
          0 bytes stack frame, 0 bytes spill stores, 0 bytes spill loads
      ptxas info    : Used 31 registers, used 1 barriers
      ptxas info    : Compile time = 11.558 ms
      ptxas info    : Compiling entry function
      '_Z30fast_hadamard_transform_kernelI37fast_hadamard_transform_kernel_traitsILi128ELi10EN3c108BFloat16EEEv18HadamardParamsBase' for 'sm_90'
      ptxas info    : Function properties for
      _Z30fast_hadamard_transform_kernelI37fast_hadamard_transform_kernel_traitsILi128ELi10EN3c108BFloat16EEEv18HadamardParamsBase
          0 bytes stack frame, 0 bytes spill stores, 0 bytes spill loads
      ptxas info    : Used 30 registers, used 1 barriers
      ptxas info    : Compile time = 10.321 ms
      ptxas info    : Compiling entry function
      '_Z30fast_hadamard_transform_kernelI37fast_hadamard_transform_kernel_traitsILi32ELi9EN3c108BFloat16EEEv18HadamardParamsBase' for 'sm_90'
      ptxas info    : Function properties for
      _Z30fast_hadamard_transform_kernelI37fast_hadamard_transform_kernel_traitsILi32ELi9EN3c108BFloat16EEEv18HadamardParamsBase
          0 bytes stack frame, 0 bytes spill stores, 0 bytes spill loads
      ptxas info    : Used 41 registers, used 0 barriers
      ptxas info    : Compile time = 13.917 ms
      ptxas info    : Compiling entry function
      '_Z30fast_hadamard_transform_kernelI37fast_hadamard_transform_kernel_traitsILi32ELi8EN3c108BFloat16EEEv18HadamardParamsBase' for 'sm_90'
      ptxas info    : Function properties for
      _Z30fast_hadamard_transform_kernelI37fast_hadamard_transform_kernel_traitsILi32ELi8EN3c108BFloat16EEEv18HadamardParamsBase
          0 bytes stack frame, 0 bytes spill stores, 0 bytes spill loads
      ptxas info    : Used 23 registers, used 0 barriers
      ptxas info    : Compile time = 7.309 ms
      ptxas info    : Compiling entry function
      '_Z30fast_hadamard_transform_kernelI37fast_hadamard_transform_kernel_traitsILi16ELi7EN3c108BFloat16EEEv18HadamardParamsBase' for 'sm_90'
      ptxas info    : Function properties for
      _Z30fast_hadamard_transform_kernelI37fast_hadamard_transform_kernel_traitsILi16ELi7EN3c108BFloat16EEEv18HadamardParamsBase
          0 bytes stack frame, 0 bytes spill stores, 0 bytes spill loads
      ptxas info    : Used 23 registers, used 0 barriers
      ptxas info    : Compile time = 6.812 ms
      ptxas info    : Compiling entry function
      '_Z30fast_hadamard_transform_kernelI37fast_hadamard_transform_kernel_traitsILi8ELi6EN3c108BFloat16EEEv18HadamardParamsBase' for 'sm_90'
      ptxas info    : Function properties for
      _Z30fast_hadamard_transform_kernelI37fast_hadamard_transform_kernel_traitsILi8ELi6EN3c108BFloat16EEEv18HadamardParamsBase
          0 bytes stack frame, 0 bytes spill stores, 0 bytes spill loads
      ptxas info    : Used 22 registers, used 0 barriers
      ptxas info    : Compile time = 6.109 ms
      ptxas info    : Compiling entry function
      '_Z30fast_hadamard_transform_kernelI37fast_hadamard_transform_kernel_traitsILi4ELi5EN3c108BFloat16EEEv18HadamardParamsBase' for 'sm_90'
      ptxas info    : Function properties for
      _Z30fast_hadamard_transform_kernelI37fast_hadamard_transform_kernel_traitsILi4ELi5EN3c108BFloat16EEEv18HadamardParamsBase
          0 bytes stack frame, 0 bytes spill stores, 0 bytes spill loads
      ptxas info    : Used 22 registers, used 0 barriers
      ptxas info    : Compile time = 5.566 ms
      ptxas info    : Compiling entry function
      '_Z30fast_hadamard_transform_kernelI37fast_hadamard_transform_kernel_traitsILi2ELi4EN3c108BFloat16EEEv18HadamardParamsBase' for 'sm_90'
      ptxas info    : Function properties for
      _Z30fast_hadamard_transform_kernelI37fast_hadamard_transform_kernel_traitsILi2ELi4EN3c108BFloat16EEEv18HadamardParamsBase
          0 bytes stack frame, 0 bytes spill stores, 0 bytes spill loads
      ptxas info    : Used 21 registers, used 0 barriers
      ptxas info    : Compile time = 4.889 ms
      ptxas info    : Compiling entry function
      '_Z30fast_hadamard_transform_kernelI37fast_hadamard_transform_kernel_traitsILi1ELi3EN3c108BFloat16EEEv18HadamardParamsBase' for 'sm_90'
      ptxas info    : Function properties for
      _Z30fast_hadamard_transform_kernelI37fast_hadamard_transform_kernel_traitsILi1ELi3EN3c108BFloat16EEEv18HadamardParamsBase
          0 bytes stack frame, 0 bytes spill stores, 0 bytes spill loads
      ptxas info    : Used 16 registers, used 0 barriers
      ptxas info    : Compile time = 4.335 ms
      ptxas info    : Compiling entry function
      '_Z30fast_hadamard_transform_kernelI37fast_hadamard_transform_kernel_traitsILi256ELi15EN3c104HalfEEEv18HadamardParamsBase' for 'sm_90'
      ptxas info    : Function properties for
      _Z30fast_hadamard_transform_kernelI37fast_hadamard_transform_kernel_traitsILi256ELi15EN3c104HalfEEEv18HadamardParamsBase
          0 bytes stack frame, 0 bytes spill stores, 0 bytes spill loads
      ptxas info    : Used 255 registers, used 1 barriers
      ptxas info    : Compile time = 340.238 ms
      ptxas info    : Compiling entry function
      '_Z30fast_hadamard_transform_kernelI37fast_hadamard_transform_kernel_traitsILi256ELi14EN3c104HalfEEEv18HadamardParamsBase' for 'sm_90'
      ptxas info    : Function properties for
      _Z30fast_hadamard_transform_kernelI37fast_hadamard_transform_kernel_traitsILi256ELi14EN3c104HalfEEEv18HadamardParamsBase
          0 bytes stack frame, 0 bytes spill stores, 0 bytes spill loads
      ptxas info    : Used 127 registers, used 1 barriers
      ptxas info    : Compile time = 124.681 ms
      ptxas info    : Compiling entry function
      '_Z30fast_hadamard_transform_kernelI37fast_hadamard_transform_kernel_traitsILi256ELi13EN3c104HalfEEEv18HadamardParamsBase' for 'sm_90'
      ptxas info    : Function properties for
      _Z30fast_hadamard_transform_kernelI37fast_hadamard_transform_kernel_traitsILi256ELi13EN3c104HalfEEEv18HadamardParamsBase
          0 bytes stack frame, 0 bytes spill stores, 0 bytes spill loads
      ptxas info    : Used 48 registers, used 1 barriers
      ptxas info    : Compile time = 44.785 ms
      ptxas info    : Compiling entry function
      '_Z30fast_hadamard_transform_kernelI37fast_hadamard_transform_kernel_traitsILi256ELi12EN3c104HalfEEEv18HadamardParamsBase' for 'sm_90'
      ptxas info    : Function properties for
      _Z30fast_hadamard_transform_kernelI37fast_hadamard_transform_kernel_traitsILi256ELi12EN3c104HalfEEEv18HadamardParamsBase
          0 bytes stack frame, 0 bytes spill stores, 0 bytes spill loads
      ptxas info    : Used 42 registers, used 1 barriers
      ptxas info    : Compile time = 20.540 ms
      ptxas info    : Compiling entry function
      '_Z30fast_hadamard_transform_kernelI37fast_hadamard_transform_kernel_traitsILi256ELi11EN3c104HalfEEEv18HadamardParamsBase' for 'sm_90'
      ptxas info    : Function properties for
      _Z30fast_hadamard_transform_kernelI37fast_hadamard_transform_kernel_traitsILi256ELi11EN3c104HalfEEEv18HadamardParamsBase
          0 bytes stack frame, 0 bytes spill stores, 0 bytes spill loads
      ptxas info    : Used 31 registers, used 1 barriers
      ptxas info    : Compile time = 10.560 ms
      ptxas info    : Compiling entry function
      '_Z30fast_hadamard_transform_kernelI37fast_hadamard_transform_kernel_traitsILi128ELi10EN3c104HalfEEEv18HadamardParamsBase' for 'sm_90'
      ptxas info    : Function properties for
      _Z30fast_hadamard_transform_kernelI37fast_hadamard_transform_kernel_traitsILi128ELi10EN3c104HalfEEEv18HadamardParamsBase
          0 bytes stack frame, 0 bytes spill stores, 0 bytes spill loads
      ptxas info    : Used 30 registers, used 1 barriers
      ptxas info    : Compile time = 9.961 ms
      ptxas info    : Compiling entry function
      '_Z30fast_hadamard_transform_kernelI37fast_hadamard_transform_kernel_traitsILi32ELi9EN3c104HalfEEEv18HadamardParamsBase' for 'sm_90'
      ptxas info    : Function properties for _Z30fast_hadamard_transform_kernelI37fast_hadamard_transform_kernel_traitsILi32ELi9EN3c104HalfEEEv18HadamardParamsBase
          0 bytes stack frame, 0 bytes spill stores, 0 bytes spill loads
      ptxas info    : Used 41 registers, used 0 barriers
      ptxas info    : Compile time = 13.747 ms
      ptxas info    : Compiling entry function
      '_Z30fast_hadamard_transform_kernelI37fast_hadamard_transform_kernel_traitsILi32ELi8EN3c104HalfEEEv18HadamardParamsBase' for 'sm_90'
      ptxas info    : Function properties for _Z30fast_hadamard_transform_kernelI37fast_hadamard_transform_kernel_traitsILi32ELi8EN3c104HalfEEEv18HadamardParamsBase
          0 bytes stack frame, 0 bytes spill stores, 0 bytes spill loads
      ptxas info    : Used 22 registers, used 0 barriers
      ptxas info    : Compile time = 7.225 ms
      ptxas info    : Compiling entry function
      '_Z30fast_hadamard_transform_kernelI37fast_hadamard_transform_kernel_traitsILi16ELi7EN3c104HalfEEEv18HadamardParamsBase' for 'sm_90'
      ptxas info    : Function properties for _Z30fast_hadamard_transform_kernelI37fast_hadamard_transform_kernel_traitsILi16ELi7EN3c104HalfEEEv18HadamardParamsBase
          0 bytes stack frame, 0 bytes spill stores, 0 bytes spill loads
      ptxas info    : Used 22 registers, used 0 barriers
      ptxas info    : Compile time = 6.650 ms
      ptxas info    : Compiling entry function
      '_Z30fast_hadamard_transform_kernelI37fast_hadamard_transform_kernel_traitsILi8ELi6EN3c104HalfEEEv18HadamardParamsBase' for 'sm_90'
      ptxas info    : Function properties for _Z30fast_hadamard_transform_kernelI37fast_hadamard_transform_kernel_traitsILi8ELi6EN3c104HalfEEEv18HadamardParamsBase
          0 bytes stack frame, 0 bytes spill stores, 0 bytes spill loads
      ptxas info    : Used 23 registers, used 0 barriers
      ptxas info    : Compile time = 6.127 ms
      ptxas info    : Compiling entry function
      '_Z30fast_hadamard_transform_kernelI37fast_hadamard_transform_kernel_traitsILi4ELi5EN3c104HalfEEEv18HadamardParamsBase' for 'sm_90'
      ptxas info    : Function properties for _Z30fast_hadamard_transform_kernelI37fast_hadamard_transform_kernel_traitsILi4ELi5EN3c104HalfEEEv18HadamardParamsBase
          0 bytes stack frame, 0 bytes spill stores, 0 bytes spill loads
      ptxas info    : Used 23 registers, used 0 barriers
      ptxas info    : Compile time = 5.562 ms
      ptxas info    : Compiling entry function
      '_Z30fast_hadamard_transform_kernelI37fast_hadamard_transform_kernel_traitsILi2ELi4EN3c104HalfEEEv18HadamardParamsBase' for 'sm_90'
      ptxas info    : Function properties for _Z30fast_hadamard_transform_kernelI37fast_hadamard_transform_kernel_traitsILi2ELi4EN3c104HalfEEEv18HadamardParamsBase
          0 bytes stack frame, 0 bytes spill stores, 0 bytes spill loads
      ptxas info    : Used 22 registers, used 0 barriers
      ptxas info    : Compile time = 4.920 ms
      ptxas info    : Compiling entry function
      '_Z30fast_hadamard_transform_kernelI37fast_hadamard_transform_kernel_traitsILi1ELi3EN3c104HalfEEEv18HadamardParamsBase' for 'sm_90'
      ptxas info    : Function properties for _Z30fast_hadamard_transform_kernelI37fast_hadamard_transform_kernel_traitsILi1ELi3EN3c104HalfEEEv18HadamardParamsBase
          0 bytes stack frame, 0 bytes spill stores, 0 bytes spill loads
      ptxas info    : Used 14 registers, used 0 barriers
      ptxas info    : Compile time = 4.089 ms
      ptxas info    : Compiling entry function '_Z30fast_hadamard_transform_kernelI37fast_hadamard_transform_kernel_traitsILi256ELi15EfEEv18HadamardParamsBase'
      for 'sm_90'
      ptxas info    : Function properties for _Z30fast_hadamard_transform_kernelI37fast_hadamard_transform_kernel_traitsILi256ELi15EfEEv18HadamardParamsBase
          0 bytes stack frame, 0 bytes spill stores, 0 bytes spill loads
      ptxas info    : Used 254 registers, used 1 barriers
      ptxas info    : Compile time = 361.805 ms
      ptxas info    : Compiling entry function '_Z30fast_hadamard_transform_kernelI37fast_hadamard_transform_kernel_traitsILi256ELi14EfEEv18HadamardParamsBase'
      for 'sm_90'
      ptxas info    : Function properties for _Z30fast_hadamard_transform_kernelI37fast_hadamard_transform_kernel_traitsILi256ELi14EfEEv18HadamardParamsBase
          0 bytes stack frame, 0 bytes spill stores, 0 bytes spill loads
      ptxas info    : Used 128 registers, used 1 barriers
      ptxas info    : Compile time = 127.267 ms
      ptxas info    : Compiling entry function '_Z30fast_hadamard_transform_kernelI37fast_hadamard_transform_kernel_traitsILi256ELi13EfEEv18HadamardParamsBase'
      for 'sm_90'
      ptxas info    : Function properties for _Z30fast_hadamard_transform_kernelI37fast_hadamard_transform_kernel_traitsILi256ELi13EfEEv18HadamardParamsBase
          0 bytes stack frame, 0 bytes spill stores, 0 bytes spill loads
      ptxas info    : Used 64 registers, used 1 barriers
      ptxas info    : Compile time = 43.951 ms
      ptxas info    : Compiling entry function '_Z30fast_hadamard_transform_kernelI37fast_hadamard_transform_kernel_traitsILi256ELi12EfEEv18HadamardParamsBase'
      for 'sm_90'
      ptxas info    : Function properties for _Z30fast_hadamard_transform_kernelI37fast_hadamard_transform_kernel_traitsILi256ELi12EfEEv18HadamardParamsBase
          0 bytes stack frame, 0 bytes spill stores, 0 bytes spill loads
      ptxas info    : Used 48 registers, used 1 barriers
      ptxas info    : Compile time = 20.181 ms
      ptxas info    : Compiling entry function '_Z30fast_hadamard_transform_kernelI37fast_hadamard_transform_kernel_traitsILi256ELi11EfEEv18HadamardParamsBase'
      for 'sm_90'
      ptxas info    : Function properties for _Z30fast_hadamard_transform_kernelI37fast_hadamard_transform_kernel_traitsILi256ELi11EfEEv18HadamardParamsBase
          0 bytes stack frame, 0 bytes spill stores, 0 bytes spill loads
      ptxas info    : Used 32 registers, used 1 barriers
      ptxas info    : Compile time = 10.528 ms
      ptxas info    : Compiling entry function '_Z30fast_hadamard_transform_kernelI37fast_hadamard_transform_kernel_traitsILi128ELi10EfEEv18HadamardParamsBase'
      for 'sm_90'
      ptxas info    : Function properties for _Z30fast_hadamard_transform_kernelI37fast_hadamard_transform_kernel_traitsILi128ELi10EfEEv18HadamardParamsBase
          0 bytes stack frame, 0 bytes spill stores, 0 bytes spill loads
      ptxas info    : Used 31 registers, used 1 barriers
      ptxas info    : Compile time = 9.924 ms
      ptxas info    : Compiling entry function '_Z30fast_hadamard_transform_kernelI37fast_hadamard_transform_kernel_traitsILi32ELi9EfEEv18HadamardParamsBase'
      for 'sm_90'
      ptxas info    : Function properties for _Z30fast_hadamard_transform_kernelI37fast_hadamard_transform_kernel_traitsILi32ELi9EfEEv18HadamardParamsBase
          0 bytes stack frame, 0 bytes spill stores, 0 bytes spill loads
      ptxas info    : Used 48 registers, used 0 barriers
      ptxas info    : Compile time = 13.143 ms
      ptxas info    : Compiling entry function '_Z30fast_hadamard_transform_kernelI37fast_hadamard_transform_kernel_traitsILi32ELi8EfEEv18HadamardParamsBase'
      for 'sm_90'
      ptxas info    : Function properties for _Z30fast_hadamard_transform_kernelI37fast_hadamard_transform_kernel_traitsILi32ELi8EfEEv18HadamardParamsBase
          0 bytes stack frame, 0 bytes spill stores, 0 bytes spill loads
      ptxas info    : Used 24 registers, used 0 barriers
      ptxas info    : Compile time = 7.222 ms
      ptxas info    : Compiling entry function '_Z30fast_hadamard_transform_kernelI37fast_hadamard_transform_kernel_traitsILi16ELi7EfEEv18HadamardParamsBase'
      for 'sm_90'
      ptxas info    : Function properties for _Z30fast_hadamard_transform_kernelI37fast_hadamard_transform_kernel_traitsILi16ELi7EfEEv18HadamardParamsBase
          0 bytes stack frame, 0 bytes spill stores, 0 bytes spill loads
      ptxas info    : Used 26 registers, used 0 barriers
      ptxas info    : Compile time = 6.658 ms
      ptxas info    : Compiling entry function '_Z30fast_hadamard_transform_kernelI37fast_hadamard_transform_kernel_traitsILi8ELi6EfEEv18HadamardParamsBase'
      for 'sm_90'
      ptxas info    : Function properties for _Z30fast_hadamard_transform_kernelI37fast_hadamard_transform_kernel_traitsILi8ELi6EfEEv18HadamardParamsBase
          0 bytes stack frame, 0 bytes spill stores, 0 bytes spill loads
      ptxas info    : Used 26 registers, used 0 barriers
      ptxas info    : Compile time = 6.118 ms
      ptxas info    : Compiling entry function '_Z30fast_hadamard_transform_kernelI37fast_hadamard_transform_kernel_traitsILi4ELi5EfEEv18HadamardParamsBase'
      for 'sm_90'
      ptxas info    : Function properties for _Z30fast_hadamard_transform_kernelI37fast_hadamard_transform_kernel_traitsILi4ELi5EfEEv18HadamardParamsBase
          0 bytes stack frame, 0 bytes spill stores, 0 bytes spill loads
      ptxas info    : Used 26 registers, used 0 barriers
      ptxas info    : Compile time = 5.440 ms
      ptxas info    : Compiling entry function '_Z30fast_hadamard_transform_kernelI37fast_hadamard_transform_kernel_traitsILi2ELi4EfEEv18HadamardParamsBase'
      for 'sm_90'
      ptxas info    : Function properties for _Z30fast_hadamard_transform_kernelI37fast_hadamard_transform_kernel_traitsILi2ELi4EfEEv18HadamardParamsBase
          0 bytes stack frame, 0 bytes spill stores, 0 bytes spill loads
      ptxas info    : Used 24 registers, used 0 barriers
      ptxas info    : Compile time = 4.765 ms
      ptxas info    : Compiling entry function '_Z30fast_hadamard_transform_kernelI37fast_hadamard_transform_kernel_traitsILi1ELi3EfEEv18HadamardParamsBase'
      for 'sm_90'
      ptxas info    : Function properties for _Z30fast_hadamard_transform_kernelI37fast_hadamard_transform_kernel_traitsILi1ELi3EfEEv18HadamardParamsBase
          0 bytes stack frame, 0 bytes spill stores, 0 bytes spill loads
      ptxas info    : Used 24 registers, used 0 barriers
      ptxas info    : Compile time = 3.948 ms
      ptxas info    : 0 bytes gmem
      ptxas info    : Compiling entry function
      '_Z30fast_hadamard_transform_kernelI41fast_hadamard_transform_40N_kernel_traitsILi256ELi10EN3c108BFloat16EEEv18HadamardParamsBase' for 'sm_100'
      ptxas info    : Function properties for
      _Z30fast_hadamard_transform_kernelI41fast_hadamard_transform_40N_kernel_traitsILi256ELi10EN3c108BFloat16EEEv18HadamardParamsBase
          208 bytes stack frame, 208 bytes spill stores, 208 bytes spill loads
      ptxas info    : Used 255 registers, used 1 barriers, 208 bytes cumulative stack size
      ptxas info    : Compile time = 866.981 ms
      ptxas info    : Compiling entry function
      '_Z30fast_hadamard_transform_kernelI41fast_hadamard_transform_40N_kernel_traitsILi128ELi9EN3c108BFloat16EEEv18HadamardParamsBase' for 'sm_100'
      ptxas info    : Function properties for
      _Z30fast_hadamard_transform_kernelI41fast_hadamard_transform_40N_kernel_traitsILi128ELi9EN3c108BFloat16EEEv18HadamardParamsBase
          136 bytes stack frame, 136 bytes spill stores, 136 bytes spill loads
      ptxas info    : Used 255 registers, used 1 barriers, 136 bytes cumulative stack size
      ptxas info    : Compile time = 786.678 ms
      ptxas info    : Compiling entry function
      '_Z30fast_hadamard_transform_kernelI41fast_hadamard_transform_40N_kernel_traitsILi64ELi8EN3c108BFloat16EEEv18HadamardParamsBase' for 'sm_100'
      ptxas info    : Function properties for
      _Z30fast_hadamard_transform_kernelI41fast_hadamard_transform_40N_kernel_traitsILi64ELi8EN3c108BFloat16EEEv18HadamardParamsBase
          144 bytes stack frame, 140 bytes spill stores, 140 bytes spill loads
      ptxas info    : Used 255 registers, used 1 barriers, 144 bytes cumulative stack size
      ptxas info    : Compile time = 733.517 ms
      ptxas info    : Compiling entry function
      '_Z30fast_hadamard_transform_kernelI41fast_hadamard_transform_40N_kernel_traitsILi32ELi7EN3c108BFloat16EEEv18HadamardParamsBase' for 'sm_100'
      ptxas info    : Function properties for
      _Z30fast_hadamard_transform_kernelI41fast_hadamard_transform_40N_kernel_traitsILi32ELi7EN3c108BFloat16EEEv18HadamardParamsBase
          216 bytes stack frame, 212 bytes spill stores, 212 bytes spill loads
      ptxas info    : Used 255 registers, used 0 barriers, 216 bytes cumulative stack size
      ptxas info    : Compile time = 696.527 ms
      ptxas info    : Compiling entry function
      '_Z30fast_hadamard_transform_kernelI41fast_hadamard_transform_40N_kernel_traitsILi16ELi6EN3c108BFloat16EEEv18HadamardParamsBase' for 'sm_100'
      ptxas info    : Function properties for
      _Z30fast_hadamard_transform_kernelI41fast_hadamard_transform_40N_kernel_traitsILi16ELi6EN3c108BFloat16EEEv18HadamardParamsBase
          216 bytes stack frame, 212 bytes spill stores, 212 bytes spill loads
      ptxas info    : Used 255 registers, used 0 barriers, 216 bytes cumulative stack size
      ptxas info    : Compile time = 655.698 ms
      ptxas info    : Compiling entry function
      '_Z30fast_hadamard_transform_kernelI41fast_hadamard_transform_40N_kernel_traitsILi8ELi5EN3c108BFloat16EEEv18HadamardParamsBase' for 'sm_100'
      ptxas info    : Function properties for
      _Z30fast_hadamard_transform_kernelI41fast_hadamard_transform_40N_kernel_traitsILi8ELi5EN3c108BFloat16EEEv18HadamardParamsBase
          240 bytes stack frame, 232 bytes spill stores, 232 bytes spill loads
      ptxas info    : Used 255 registers, used 0 barriers, 240 bytes cumulative stack size
      ptxas info    : Compile time = 563.474 ms
      ptxas info    : Compiling entry function
      '_Z30fast_hadamard_transform_kernelI41fast_hadamard_transform_40N_kernel_traitsILi4ELi4EN3c108BFloat16EEEv18HadamardParamsBase' for 'sm_100'
      ptxas info    : Function properties for
      _Z30fast_hadamard_transform_kernelI41fast_hadamard_transform_40N_kernel_traitsILi4ELi4EN3c108BFloat16EEEv18HadamardParamsBase
          248 bytes stack frame, 252 bytes spill stores, 252 bytes spill loads
      ptxas info    : Used 255 registers, used 0 barriers, 248 bytes cumulative stack size
      ptxas info    : Compile time = 479.989 ms
      ptxas info    : Compiling entry function
      '_Z30fast_hadamard_transform_kernelI41fast_hadamard_transform_40N_kernel_traitsILi2ELi3EN3c108BFloat16EEEv18HadamardParamsBase' for 'sm_100'
      ptxas info    : Function properties for
      _Z30fast_hadamard_transform_kernelI41fast_hadamard_transform_40N_kernel_traitsILi2ELi3EN3c108BFloat16EEEv18HadamardParamsBase
          240 bytes stack frame, 232 bytes spill stores, 232 bytes spill loads
      ptxas info    : Used 255 registers, used 0 barriers, 240 bytes cumulative stack size
      ptxas info    : Compile time = 414.958 ms
      ptxas info    : Compiling entry function
      '_Z30fast_hadamard_transform_kernelI41fast_hadamard_transform_40N_kernel_traitsILi1ELi2EN3c108BFloat16EEEv18HadamardParamsBase' for 'sm_100'
      ptxas info    : Function properties for
      _Z30fast_hadamard_transform_kernelI41fast_hadamard_transform_40N_kernel_traitsILi1ELi2EN3c108BFloat16EEEv18HadamardParamsBase
          224 bytes stack frame, 220 bytes spill stores, 220 bytes spill loads
      ptxas info    : Used 255 registers, used 0 barriers, 224 bytes cumulative stack size
      ptxas info    : Compile time = 371.513 ms
      ptxas info    : Compiling entry function
      '_Z30fast_hadamard_transform_kernelI41fast_hadamard_transform_40N_kernel_traitsILi256ELi10EN3c104HalfEEEv18HadamardParamsBase' for 'sm_100'
      ptxas info    : Function properties for
      _Z30fast_hadamard_transform_kernelI41fast_hadamard_transform_40N_kernel_traitsILi256ELi10EN3c104HalfEEEv18HadamardParamsBase
          208 bytes stack frame, 208 bytes spill stores, 208 bytes spill loads
      ptxas info    : Used 255 registers, used 1 barriers, 208 bytes cumulative stack size
      ptxas info    : Compile time = 843.348 ms
      ptxas info    : Compiling entry function
      '_Z30fast_hadamard_transform_kernelI41fast_hadamard_transform_40N_kernel_traitsILi128ELi9EN3c104HalfEEEv18HadamardParamsBase' for 'sm_100'
      ptxas info    : Function properties for
      _Z30fast_hadamard_transform_kernelI41fast_hadamard_transform_40N_kernel_traitsILi128ELi9EN3c104HalfEEEv18HadamardParamsBase
          136 bytes stack frame, 136 bytes spill stores, 136 bytes spill loads
      ptxas info    : Used 255 registers, used 1 barriers, 136 bytes cumulative stack size
      ptxas info    : Compile time = 780.706 ms
      ptxas info    : Compiling entry function
      '_Z30fast_hadamard_transform_kernelI41fast_hadamard_transform_40N_kernel_traitsILi64ELi8EN3c104HalfEEEv18HadamardParamsBase' for 'sm_100'
      ptxas info    : Function properties for
      _Z30fast_hadamard_transform_kernelI41fast_hadamard_transform_40N_kernel_traitsILi64ELi8EN3c104HalfEEEv18HadamardParamsBase
          144 bytes stack frame, 140 bytes spill stores, 140 bytes spill loads
      ptxas info    : Used 255 registers, used 1 barriers, 144 bytes cumulative stack size
      ptxas info    : Compile time = 713.007 ms
      ptxas info    : Compiling entry function
      '_Z30fast_hadamard_transform_kernelI41fast_hadamard_transform_40N_kernel_traitsILi32ELi7EN3c104HalfEEEv18HadamardParamsBase' for 'sm_100'
      ptxas info    : Function properties for
      _Z30fast_hadamard_transform_kernelI41fast_hadamard_transform_40N_kernel_traitsILi32ELi7EN3c104HalfEEEv18HadamardParamsBase
          216 bytes stack frame, 212 bytes spill stores, 212 bytes spill loads
      ptxas info    : Used 255 registers, used 0 barriers, 216 bytes cumulative stack size
      ptxas info    : Compile time = 683.037 ms
      ptxas info    : Compiling entry function
      '_Z30fast_hadamard_transform_kernelI41fast_hadamard_transform_40N_kernel_traitsILi16ELi6EN3c104HalfEEEv18HadamardParamsBase' for 'sm_100'
      ptxas info    : Function properties for
      _Z30fast_hadamard_transform_kernelI41fast_hadamard_transform_40N_kernel_traitsILi16ELi6EN3c104HalfEEEv18HadamardParamsBase
          232 bytes stack frame, 224 bytes spill stores, 224 bytes spill loads
      ptxas info    : Used 255 registers, used 0 barriers, 232 bytes cumulative stack size
      ptxas info    : Compile time = 636.743 ms
      ptxas info    : Compiling entry function
      '_Z30fast_hadamard_transform_kernelI41fast_hadamard_transform_40N_kernel_traitsILi8ELi5EN3c104HalfEEEv18HadamardParamsBase' for 'sm_100'
      ptxas info    : Function properties for
      _Z30fast_hadamard_transform_kernelI41fast_hadamard_transform_40N_kernel_traitsILi8ELi5EN3c104HalfEEEv18HadamardParamsBase
          240 bytes stack frame, 232 bytes spill stores, 232 bytes spill loads
      ptxas info    : Used 255 registers, used 0 barriers, 240 bytes cumulative stack size
      ptxas info    : Compile time = 552.950 ms
      ptxas info    : Compiling entry function
      '_Z30fast_hadamard_transform_kernelI41fast_hadamard_transform_40N_kernel_traitsILi4ELi4EN3c104HalfEEEv18HadamardParamsBase' for 'sm_100'
      ptxas info    : Function properties for
      _Z30fast_hadamard_transform_kernelI41fast_hadamard_transform_40N_kernel_traitsILi4ELi4EN3c104HalfEEEv18HadamardParamsBase
          256 bytes stack frame, 252 bytes spill stores, 252 bytes spill loads
      ptxas info    : Used 255 registers, used 0 barriers, 256 bytes cumulative stack size
      ptxas info    : Compile time = 476.519 ms
      ptxas info    : Compiling entry function
      '_Z30fast_hadamard_transform_kernelI41fast_hadamard_transform_40N_kernel_traitsILi2ELi3EN3c104HalfEEEv18HadamardParamsBase' for 'sm_100'
      ptxas info    : Function properties for
      _Z30fast_hadamard_transform_kernelI41fast_hadamard_transform_40N_kernel_traitsILi2ELi3EN3c104HalfEEEv18HadamardParamsBase
          240 bytes stack frame, 232 bytes spill stores, 232 bytes spill loads
      ptxas info    : Used 255 registers, used 0 barriers, 240 bytes cumulative stack size
      ptxas info    : Compile time = 411.220 ms
      ptxas info    : Compiling entry function
      '_Z30fast_hadamard_transform_kernelI41fast_hadamard_transform_40N_kernel_traitsILi1ELi2EN3c104HalfEEEv18HadamardParamsBase' for 'sm_100'
      ptxas info    : Function properties for
      _Z30fast_hadamard_transform_kernelI41fast_hadamard_transform_40N_kernel_traitsILi1ELi2EN3c104HalfEEEv18HadamardParamsBase
          224 bytes stack frame, 220 bytes spill stores, 220 bytes spill loads
      ptxas info    : Used 255 registers, used 0 barriers, 224 bytes cumulative stack size
      ptxas info    : Compile time = 366.511 ms
      ptxas info    : Compiling entry function '_Z30fast_hadamard_transform_kernelI41fast_hadamard_transform_40N_kernel_traitsILi256ELi10EfEEv18HadamardParamsBase'
      for 'sm_100'
      ptxas info    : Function properties for _Z30fast_hadamard_transform_kernelI41fast_hadamard_transform_40N_kernel_traitsILi256ELi10EfEEv18HadamardParamsBase
          96 bytes stack frame, 92 bytes spill stores, 92 bytes spill loads
      ptxas info    : Used 255 registers, used 1 barriers, 96 bytes cumulative stack size
      ptxas info    : Compile time = 804.596 ms
      ptxas info    : Compiling entry function '_Z30fast_hadamard_transform_kernelI41fast_hadamard_transform_40N_kernel_traitsILi128ELi9EfEEv18HadamardParamsBase'
      for 'sm_100'
      ptxas info    : Function properties for _Z30fast_hadamard_transform_kernelI41fast_hadamard_transform_40N_kernel_traitsILi128ELi9EfEEv18HadamardParamsBase
          80 bytes stack frame, 80 bytes spill stores, 80 bytes spill loads
      ptxas info    : Used 255 registers, used 1 barriers, 80 bytes cumulative stack size
      ptxas info    : Compile time = 737.688 ms
      ptxas info    : Compiling entry function '_Z30fast_hadamard_transform_kernelI41fast_hadamard_transform_40N_kernel_traitsILi64ELi8EfEEv18HadamardParamsBase'
      for 'sm_100'
      ptxas info    : Function properties for _Z30fast_hadamard_transform_kernelI41fast_hadamard_transform_40N_kernel_traitsILi64ELi8EfEEv18HadamardParamsBase
          16 bytes stack frame, 12 bytes spill stores, 12 bytes spill loads
      ptxas info    : Used 255 registers, used 1 barriers, 16 bytes cumulative stack size
      ptxas info    : Compile time = 614.998 ms
      ptxas info    : Compiling entry function '_Z30fast_hadamard_transform_kernelI41fast_hadamard_transform_40N_kernel_traitsILi32ELi7EfEEv18HadamardParamsBase'
      for 'sm_100'
      ptxas info    : Function properties for _Z30fast_hadamard_transform_kernelI41fast_hadamard_transform_40N_kernel_traitsILi32ELi7EfEEv18HadamardParamsBase
          136 bytes stack frame, 136 bytes spill stores, 136 bytes spill loads
      ptxas info    : Used 255 registers, used 0 barriers, 136 bytes cumulative stack size
      ptxas info    : Compile time = 683.004 ms
      ptxas info    : Compiling entry function '_Z30fast_hadamard_transform_kernelI41fast_hadamard_transform_40N_kernel_traitsILi16ELi6EfEEv18HadamardParamsBase'
      for 'sm_100'
      ptxas info    : Function properties for _Z30fast_hadamard_transform_kernelI41fast_hadamard_transform_40N_kernel_traitsILi16ELi6EfEEv18HadamardParamsBase
          120 bytes stack frame, 116 bytes spill stores, 116 bytes spill loads
      ptxas info    : Used 255 registers, used 0 barriers, 120 bytes cumulative stack size
      ptxas info    : Compile time = 612.768 ms
      ptxas info    : Compiling entry function '_Z30fast_hadamard_transform_kernelI41fast_hadamard_transform_40N_kernel_traitsILi8ELi5EfEEv18HadamardParamsBase'
      for 'sm_100'
      ptxas info    : Function properties for _Z30fast_hadamard_transform_kernelI41fast_hadamard_transform_40N_kernel_traitsILi8ELi5EfEEv18HadamardParamsBase
          112 bytes stack frame, 108 bytes spill stores, 108 bytes spill loads
      ptxas info    : Used 255 registers, used 0 barriers, 112 bytes cumulative stack size
      ptxas info    : Compile time = 525.766 ms
      ptxas info    : Compiling entry function '_Z30fast_hadamard_transform_kernelI41fast_hadamard_transform_40N_kernel_traitsILi4ELi4EfEEv18HadamardParamsBase'
      for 'sm_100'
      ptxas info    : Function properties for _Z30fast_hadamard_transform_kernelI41fast_hadamard_transform_40N_kernel_traitsILi4ELi4EfEEv18HadamardParamsBase
          64 bytes stack frame, 64 bytes spill stores, 64 bytes spill loads
      ptxas info    : Used 255 registers, used 0 barriers, 64 bytes cumulative stack size
      ptxas info    : Compile time = 432.147 ms
      ptxas info    : Compiling entry function '_Z30fast_hadamard_transform_kernelI41fast_hadamard_transform_40N_kernel_traitsILi2ELi3EfEEv18HadamardParamsBase'
      for 'sm_100'
      ptxas info    : Function properties for _Z30fast_hadamard_transform_kernelI41fast_hadamard_transform_40N_kernel_traitsILi2ELi3EfEEv18HadamardParamsBase
          48 bytes stack frame, 44 bytes spill stores, 44 bytes spill loads
      ptxas info    : Used 255 registers, used 0 barriers, 48 bytes cumulative stack size
      ptxas info    : Compile time = 373.680 ms
      ptxas info    : Compiling entry function '_Z30fast_hadamard_transform_kernelI41fast_hadamard_transform_40N_kernel_traitsILi1ELi2EfEEv18HadamardParamsBase'
      for 'sm_100'
      ptxas info    : Function properties for _Z30fast_hadamard_transform_kernelI41fast_hadamard_transform_40N_kernel_traitsILi1ELi2EfEEv18HadamardParamsBase
          48 bytes stack frame, 44 bytes spill stores, 44 bytes spill loads
      ptxas info    : Used 255 registers, used 0 barriers, 48 bytes cumulative stack size
      ptxas info    : Compile time = 318.315 ms
      ptxas info    : Compiling entry function
      '_Z30fast_hadamard_transform_kernelI41fast_hadamard_transform_28N_kernel_traitsILi256ELi10EN3c108BFloat16EEEv18HadamardParamsBase' for 'sm_100'
      ptxas info    : Function properties for
      _Z30fast_hadamard_transform_kernelI41fast_hadamard_transform_28N_kernel_traitsILi256ELi10EN3c108BFloat16EEEv18HadamardParamsBase
          0 bytes stack frame, 0 bytes spill stores, 0 bytes spill loads
      ptxas info    : Used 182 registers, used 1 barriers
      ptxas info    : Compile time = 418.282 ms
      ptxas info    : Compiling entry function
      '_Z30fast_hadamard_transform_kernelI41fast_hadamard_transform_28N_kernel_traitsILi128ELi9EN3c108BFloat16EEEv18HadamardParamsBase' for 'sm_100'
      ptxas info    : Function properties for
      _Z30fast_hadamard_transform_kernelI41fast_hadamard_transform_28N_kernel_traitsILi128ELi9EN3c108BFloat16EEEv18HadamardParamsBase
          0 bytes stack frame, 0 bytes spill stores, 0 bytes spill loads
      ptxas info    : Used 186 registers, used 1 barriers
      ptxas info    : Compile time = 385.993 ms
      ptxas info    : Compiling entry function
      '_Z30fast_hadamard_transform_kernelI41fast_hadamard_transform_28N_kernel_traitsILi64ELi8EN3c108BFloat16EEEv18HadamardParamsBase' for 'sm_100'
      ptxas info    : Function properties for
      _Z30fast_hadamard_transform_kernelI41fast_hadamard_transform_28N_kernel_traitsILi64ELi8EN3c108BFloat16EEEv18HadamardParamsBase
          0 bytes stack frame, 0 bytes spill stores, 0 bytes spill loads
      ptxas info    : Used 198 registers, used 1 barriers
      ptxas info    : Compile time = 349.606 ms
      ptxas info    : Compiling entry function
      '_Z30fast_hadamard_transform_kernelI41fast_hadamard_transform_28N_kernel_traitsILi32ELi7EN3c108BFloat16EEEv18HadamardParamsBase' for 'sm_100'
      ptxas info    : Function properties for
      _Z30fast_hadamard_transform_kernelI41fast_hadamard_transform_28N_kernel_traitsILi32ELi7EN3c108BFloat16EEEv18HadamardParamsBase
          0 bytes stack frame, 0 bytes spill stores, 0 bytes spill loads
      ptxas info    : Used 222 registers, used 0 barriers
      ptxas info    : Compile time = 341.655 ms
      ptxas info    : Compiling entry function
      '_Z30fast_hadamard_transform_kernelI41fast_hadamard_transform_28N_kernel_traitsILi16ELi6EN3c108BFloat16EEEv18HadamardParamsBase' for 'sm_100'
      ptxas info    : Function properties for
      _Z30fast_hadamard_transform_kernelI41fast_hadamard_transform_28N_kernel_traitsILi16ELi6EN3c108BFloat16EEEv18HadamardParamsBase
          0 bytes stack frame, 0 bytes spill stores, 0 bytes spill loads
      ptxas info    : Used 228 registers, used 0 barriers
      ptxas info    : Compile time = 298.930 ms
      ptxas info    : Compiling entry function
      '_Z30fast_hadamard_transform_kernelI41fast_hadamard_transform_28N_kernel_traitsILi8ELi5EN3c108BFloat16EEEv18HadamardParamsBase' for 'sm_100'
      ptxas info    : Function properties for
      _Z30fast_hadamard_transform_kernelI41fast_hadamard_transform_28N_kernel_traitsILi8ELi5EN3c108BFloat16EEEv18HadamardParamsBase
          0 bytes stack frame, 0 bytes spill stores, 0 bytes spill loads
      ptxas info    : Used 230 registers, used 0 barriers
      ptxas info    : Compile time = 264.050 ms
      ptxas info    : Compiling entry function
      '_Z30fast_hadamard_transform_kernelI41fast_hadamard_transform_28N_kernel_traitsILi4ELi4EN3c108BFloat16EEEv18HadamardParamsBase' for 'sm_100'
      ptxas info    : Function properties for
      _Z30fast_hadamard_transform_kernelI41fast_hadamard_transform_28N_kernel_traitsILi4ELi4EN3c108BFloat16EEEv18HadamardParamsBase
          0 bytes stack frame, 0 bytes spill stores, 0 bytes spill loads
      ptxas info    : Used 230 registers, used 0 barriers
      ptxas info    : Compile time = 230.614 ms
      ptxas info    : Compiling entry function
      '_Z30fast_hadamard_transform_kernelI41fast_hadamard_transform_28N_kernel_traitsILi2ELi3EN3c108BFloat16EEEv18HadamardParamsBase' for 'sm_100'
      ptxas info    : Function properties for
      _Z30fast_hadamard_transform_kernelI41fast_hadamard_transform_28N_kernel_traitsILi2ELi3EN3c108BFloat16EEEv18HadamardParamsBase
          0 bytes stack frame, 0 bytes spill stores, 0 bytes spill loads
      ptxas info    : Used 216 registers, used 0 barriers
      ptxas info    : Compile time = 209.881 ms
      ptxas info    : Compiling entry function
      '_Z30fast_hadamard_transform_kernelI41fast_hadamard_transform_28N_kernel_traitsILi1ELi2EN3c108BFloat16EEEv18HadamardParamsBase' for 'sm_100'
      ptxas info    : Function properties for
      _Z30fast_hadamard_transform_kernelI41fast_hadamard_transform_28N_kernel_traitsILi1ELi2EN3c108BFloat16EEEv18HadamardParamsBase
          0 bytes stack frame, 0 bytes spill stores, 0 bytes spill loads
      ptxas info    : Used 214 registers, used 0 barriers
      ptxas info    : Compile time = 184.515 ms
      ptxas info    : Compiling entry function
      '_Z30fast_hadamard_transform_kernelI41fast_hadamard_transform_28N_kernel_traitsILi256ELi10EN3c104HalfEEEv18HadamardParamsBase' for 'sm_100'
      ptxas info    : Function properties for
      _Z30fast_hadamard_transform_kernelI41fast_hadamard_transform_28N_kernel_traitsILi256ELi10EN3c104HalfEEEv18HadamardParamsBase
          0 bytes stack frame, 0 bytes spill stores, 0 bytes spill loads
      ptxas info    : Used 177 registers, used 1 barriers
      ptxas info    : Compile time = 417.136 ms
      ptxas info    : Compiling entry function
      '_Z30fast_hadamard_transform_kernelI41fast_hadamard_transform_28N_kernel_traitsILi128ELi9EN3c104HalfEEEv18HadamardParamsBase' for 'sm_100'
      ptxas info    : Function properties for
      _Z30fast_hadamard_transform_kernelI41fast_hadamard_transform_28N_kernel_traitsILi128ELi9EN3c104HalfEEEv18HadamardParamsBase
          0 bytes stack frame, 0 bytes spill stores, 0 bytes spill loads
      ptxas info    : Used 186 registers, used 1 barriers
      ptxas info    : Compile time = 385.791 ms
      ptxas info    : Compiling entry function
      '_Z30fast_hadamard_transform_kernelI41fast_hadamard_transform_28N_kernel_traitsILi64ELi8EN3c104HalfEEEv18HadamardParamsBase' for 'sm_100'
      ptxas info    : Function properties for
      _Z30fast_hadamard_transform_kernelI41fast_hadamard_transform_28N_kernel_traitsILi64ELi8EN3c104HalfEEEv18HadamardParamsBase
          0 bytes stack frame, 0 bytes spill stores, 0 bytes spill loads
      ptxas info    : Used 199 registers, used 1 barriers
      ptxas info    : Compile time = 348.950 ms
      ptxas info    : Compiling entry function
      '_Z30fast_hadamard_transform_kernelI41fast_hadamard_transform_28N_kernel_traitsILi32ELi7EN3c104HalfEEEv18HadamardParamsBase' for 'sm_100'
      ptxas info    : Function properties for
      _Z30fast_hadamard_transform_kernelI41fast_hadamard_transform_28N_kernel_traitsILi32ELi7EN3c104HalfEEEv18HadamardParamsBase
          0 bytes stack frame, 0 bytes spill stores, 0 bytes spill loads
      ptxas info    : Used 222 registers, used 0 barriers
      ptxas info    : Compile time = 342.586 ms
      ptxas info    : Compiling entry function
      '_Z30fast_hadamard_transform_kernelI41fast_hadamard_transform_28N_kernel_traitsILi16ELi6EN3c104HalfEEEv18HadamardParamsBase' for 'sm_100'
      ptxas info    : Function properties for
      _Z30fast_hadamard_transform_kernelI41fast_hadamard_transform_28N_kernel_traitsILi16ELi6EN3c104HalfEEEv18HadamardParamsBase
          0 bytes stack frame, 0 bytes spill stores, 0 bytes spill loads
      ptxas info    : Used 228 registers, used 0 barriers
      ptxas info    : Compile time = 299.020 ms
      ptxas info    : Compiling entry function
      '_Z30fast_hadamard_transform_kernelI41fast_hadamard_transform_28N_kernel_traitsILi8ELi5EN3c104HalfEEEv18HadamardParamsBase' for 'sm_100'
      ptxas info    : Function properties for
      _Z30fast_hadamard_transform_kernelI41fast_hadamard_transform_28N_kernel_traitsILi8ELi5EN3c104HalfEEEv18HadamardParamsBase
          0 bytes stack frame, 0 bytes spill stores, 0 bytes spill loads
      ptxas info    : Used 230 registers, used 0 barriers
      ptxas info    : Compile time = 263.230 ms
      ptxas info    : Compiling entry function
      '_Z30fast_hadamard_transform_kernelI41fast_hadamard_transform_28N_kernel_traitsILi4ELi4EN3c104HalfEEEv18HadamardParamsBase' for 'sm_100'
      ptxas info    : Function properties for
      _Z30fast_hadamard_transform_kernelI41fast_hadamard_transform_28N_kernel_traitsILi4ELi4EN3c104HalfEEEv18HadamardParamsBase
          0 bytes stack frame, 0 bytes spill stores, 0 bytes spill loads
      ptxas info    : Used 230 registers, used 0 barriers
      ptxas info    : Compile time = 228.185 ms
      ptxas info    : Compiling entry function
      '_Z30fast_hadamard_transform_kernelI41fast_hadamard_transform_28N_kernel_traitsILi2ELi3EN3c104HalfEEEv18HadamardParamsBase' for 'sm_100'
      ptxas info    : Function properties for
      _Z30fast_hadamard_transform_kernelI41fast_hadamard_transform_28N_kernel_traitsILi2ELi3EN3c104HalfEEEv18HadamardParamsBase
          0 bytes stack frame, 0 bytes spill stores, 0 bytes spill loads
      ptxas info    : Used 218 registers, used 0 barriers
      ptxas info    : Compile time = 210.673 ms
      ptxas info    : Compiling entry function
      '_Z30fast_hadamard_transform_kernelI41fast_hadamard_transform_28N_kernel_traitsILi1ELi2EN3c104HalfEEEv18HadamardParamsBase' for 'sm_100'
      ptxas info    : Function properties for
      _Z30fast_hadamard_transform_kernelI41fast_hadamard_transform_28N_kernel_traitsILi1ELi2EN3c104HalfEEEv18HadamardParamsBase
          0 bytes stack frame, 0 bytes spill stores, 0 bytes spill loads
      ptxas info    : Used 214 registers, used 0 barriers
      ptxas info    : Compile time = 184.500 ms
      ptxas info    : Compiling entry function '_Z30fast_hadamard_transform_kernelI41fast_hadamard_transform_28N_kernel_traitsILi256ELi10EfEEv18HadamardParamsBase'
      for 'sm_100'
      ptxas info    : Function properties for _Z30fast_hadamard_transform_kernelI41fast_hadamard_transform_28N_kernel_traitsILi256ELi10EfEEv18HadamardParamsBase
          0 bytes stack frame, 0 bytes spill stores, 0 bytes spill loads
      ptxas info    : Used 250 registers, used 1 barriers
      ptxas info    : Compile time = 475.853 ms
      ptxas info    : Compiling entry function '_Z30fast_hadamard_transform_kernelI41fast_hadamard_transform_28N_kernel_traitsILi128ELi9EfEEv18HadamardParamsBase'
      for 'sm_100'
      ptxas info    : Function properties for _Z30fast_hadamard_transform_kernelI41fast_hadamard_transform_28N_kernel_traitsILi128ELi9EfEEv18HadamardParamsBase
          0 bytes stack frame, 0 bytes spill stores, 0 bytes spill loads
      ptxas info    : Used 193 registers, used 1 barriers
      ptxas info    : Compile time = 359.925 ms
      ptxas info    : Compiling entry function '_Z30fast_hadamard_transform_kernelI41fast_hadamard_transform_28N_kernel_traitsILi64ELi8EfEEv18HadamardParamsBase'
      for 'sm_100'
      ptxas info    : Function properties for _Z30fast_hadamard_transform_kernelI41fast_hadamard_transform_28N_kernel_traitsILi64ELi8EfEEv18HadamardParamsBase
          0 bytes stack frame, 0 bytes spill stores, 0 bytes spill loads
      ptxas info    : Used 182 registers, used 1 barriers
      ptxas info    : Compile time = 328.327 ms
      ptxas info    : Compiling entry function '_Z30fast_hadamard_transform_kernelI41fast_hadamard_transform_28N_kernel_traitsILi32ELi7EfEEv18HadamardParamsBase'
      for 'sm_100'
      ptxas info    : Function properties for _Z30fast_hadamard_transform_kernelI41fast_hadamard_transform_28N_kernel_traitsILi32ELi7EfEEv18HadamardParamsBase
          0 bytes stack frame, 0 bytes spill stores, 0 bytes spill loads
      ptxas info    : Used 255 registers, used 0 barriers
      ptxas info    : Compile time = 310.024 ms
      ptxas info    : Compiling entry function '_Z30fast_hadamard_transform_kernelI41fast_hadamard_transform_28N_kernel_traitsILi16ELi6EfEEv18HadamardParamsBase'
      for 'sm_100'
      ptxas info    : Function properties for _Z30fast_hadamard_transform_kernelI41fast_hadamard_transform_28N_kernel_traitsILi16ELi6EfEEv18HadamardParamsBase
          0 bytes stack frame, 0 bytes spill stores, 0 bytes spill loads
      ptxas info    : Used 192 registers, used 0 barriers
      ptxas info    : Compile time = 272.198 ms
      ptxas info    : Compiling entry function '_Z30fast_hadamard_transform_kernelI41fast_hadamard_transform_28N_kernel_traitsILi8ELi5EfEEv18HadamardParamsBase'
      for 'sm_100'
      ptxas info    : Function properties for _Z30fast_hadamard_transform_kernelI41fast_hadamard_transform_28N_kernel_traitsILi8ELi5EfEEv18HadamardParamsBase
          0 bytes stack frame, 0 bytes spill stores, 0 bytes spill loads
      ptxas info    : Used 255 registers, used 0 barriers
      ptxas info    : Compile time = 242.700 ms
      ptxas info    : Compiling entry function '_Z30fast_hadamard_transform_kernelI41fast_hadamard_transform_28N_kernel_traitsILi4ELi4EfEEv18HadamardParamsBase'
      for 'sm_100'
      ptxas info    : Function properties for _Z30fast_hadamard_transform_kernelI41fast_hadamard_transform_28N_kernel_traitsILi4ELi4EfEEv18HadamardParamsBase
          0 bytes stack frame, 0 bytes spill stores, 0 bytes spill loads
      ptxas info    : Used 194 registers, used 0 barriers
      ptxas info    : Compile time = 209.382 ms
      ptxas info    : Compiling entry function '_Z30fast_hadamard_transform_kernelI41fast_hadamard_transform_28N_kernel_traitsILi2ELi3EfEEv18HadamardParamsBase'
      for 'sm_100'
      ptxas info    : Function properties for _Z30fast_hadamard_transform_kernelI41fast_hadamard_transform_28N_kernel_traitsILi2ELi3EfEEv18HadamardParamsBase
          0 bytes stack frame, 0 bytes spill stores, 0 bytes spill loads
      ptxas info    : Used 184 registers, used 0 barriers
      ptxas info    : Compile time = 184.337 ms
      ptxas info    : Compiling entry function '_Z30fast_hadamard_transform_kernelI41fast_hadamard_transform_28N_kernel_traitsILi1ELi2EfEEv18HadamardParamsBase'
      for 'sm_100'
      ptxas info    : Function properties for _Z30fast_hadamard_transform_kernelI41fast_hadamard_transform_28N_kernel_traitsILi1ELi2EfEEv18HadamardParamsBase
          0 bytes stack frame, 0 bytes spill stores, 0 bytes spill loads
      ptxas info    : Used 191 registers, used 0 barriers
      ptxas info    : Compile time = 156.224 ms
      ptxas info    : Compiling entry function
      '_Z30fast_hadamard_transform_kernelI41fast_hadamard_transform_20N_kernel_traitsILi256ELi10EN3c108BFloat16EEEv18HadamardParamsBase' for 'sm_100'
      ptxas info    : Function properties for
      _Z30fast_hadamard_transform_kernelI41fast_hadamard_transform_20N_kernel_traitsILi256ELi10EN3c108BFloat16EEEv18HadamardParamsBase
          0 bytes stack frame, 0 bytes spill stores, 0 bytes spill loads
      ptxas info    : Used 128 registers, used 1 barriers
      ptxas info    : Compile time = 273.313 ms
      ptxas info    : Compiling entry function
      '_Z30fast_hadamard_transform_kernelI41fast_hadamard_transform_20N_kernel_traitsILi128ELi9EN3c108BFloat16EEEv18HadamardParamsBase' for 'sm_100'
      ptxas info    : Function properties for
      _Z30fast_hadamard_transform_kernelI41fast_hadamard_transform_20N_kernel_traitsILi128ELi9EN3c108BFloat16EEEv18HadamardParamsBase
          0 bytes stack frame, 0 bytes spill stores, 0 bytes spill loads
      ptxas info    : Used 128 registers, used 1 barriers
      ptxas info    : Compile time = 216.189 ms
      ptxas info    : Compiling entry function
      '_Z30fast_hadamard_transform_kernelI41fast_hadamard_transform_20N_kernel_traitsILi64ELi8EN3c108BFloat16EEEv18HadamardParamsBase' for 'sm_100'
      ptxas info    : Function properties for
      _Z30fast_hadamard_transform_kernelI41fast_hadamard_transform_20N_kernel_traitsILi64ELi8EN3c108BFloat16EEEv18HadamardParamsBase
          0 bytes stack frame, 0 bytes spill stores, 0 bytes spill loads
      ptxas info    : Used 168 registers, used 1 barriers
      ptxas info    : Compile time = 202.835 ms
      ptxas info    : Compiling entry function
      '_Z30fast_hadamard_transform_kernelI41fast_hadamard_transform_20N_kernel_traitsILi32ELi7EN3c108BFloat16EEEv18HadamardParamsBase' for 'sm_100'
      ptxas info    : Function properties for
      _Z30fast_hadamard_transform_kernelI41fast_hadamard_transform_20N_kernel_traitsILi32ELi7EN3c108BFloat16EEEv18HadamardParamsBase
          0 bytes stack frame, 0 bytes spill stores, 0 bytes spill loads
      ptxas info    : Used 168 registers, used 0 barriers
      ptxas info    : Compile time = 189.682 ms
      ptxas info    : Compiling entry function
      '_Z30fast_hadamard_transform_kernelI41fast_hadamard_transform_20N_kernel_traitsILi16ELi6EN3c108BFloat16EEEv18HadamardParamsBase' for 'sm_100'
      ptxas info    : Function properties for
      _Z30fast_hadamard_transform_kernelI41fast_hadamard_transform_20N_kernel_traitsILi16ELi6EN3c108BFloat16EEEv18HadamardParamsBase
          0 bytes stack frame, 0 bytes spill stores, 0 bytes spill loads
      ptxas info    : Used 168 registers, used 0 barriers
      ptxas info    : Compile time = 166.034 ms
      ptxas info    : Compiling entry function
      '_Z30fast_hadamard_transform_kernelI41fast_hadamard_transform_20N_kernel_traitsILi8ELi5EN3c108BFloat16EEEv18HadamardParamsBase' for 'sm_100'
      ptxas info    : Function properties for
      _Z30fast_hadamard_transform_kernelI41fast_hadamard_transform_20N_kernel_traitsILi8ELi5EN3c108BFloat16EEEv18HadamardParamsBase
          0 bytes stack frame, 0 bytes spill stores, 0 bytes spill loads
      ptxas info    : Used 168 registers, used 0 barriers
      ptxas info    : Compile time = 144.009 ms
      ptxas info    : Compiling entry function
      '_Z30fast_hadamard_transform_kernelI41fast_hadamard_transform_20N_kernel_traitsILi4ELi4EN3c108BFloat16EEEv18HadamardParamsBase' for 'sm_100'
      ptxas info    : Function properties for
      _Z30fast_hadamard_transform_kernelI41fast_hadamard_transform_20N_kernel_traitsILi4ELi4EN3c108BFloat16EEEv18HadamardParamsBase
          0 bytes stack frame, 0 bytes spill stores, 0 bytes spill loads
      ptxas info    : Used 168 registers, used 0 barriers
      ptxas info    : Compile time = 123.165 ms
      ptxas info    : Compiling entry function
      '_Z30fast_hadamard_transform_kernelI41fast_hadamard_transform_20N_kernel_traitsILi2ELi3EN3c108BFloat16EEEv18HadamardParamsBase' for 'sm_100'
      ptxas info    : Function properties for
      _Z30fast_hadamard_transform_kernelI41fast_hadamard_transform_20N_kernel_traitsILi2ELi3EN3c108BFloat16EEEv18HadamardParamsBase
          0 bytes stack frame, 0 bytes spill stores, 0 bytes spill loads
      ptxas info    : Used 168 registers, used 0 barriers
      ptxas info    : Compile time = 104.435 ms
      ptxas info    : Compiling entry function
      '_Z30fast_hadamard_transform_kernelI41fast_hadamard_transform_20N_kernel_traitsILi1ELi2EN3c108BFloat16EEEv18HadamardParamsBase' for 'sm_100'
      ptxas info    : Function properties for
      _Z30fast_hadamard_transform_kernelI41fast_hadamard_transform_20N_kernel_traitsILi1ELi2EN3c108BFloat16EEEv18HadamardParamsBase
          0 bytes stack frame, 0 bytes spill stores, 0 bytes spill loads
      ptxas info    : Used 168 registers, used 0 barriers
      ptxas info    : Compile time = 87.286 ms
      ptxas info    : Compiling entry function
      '_Z30fast_hadamard_transform_kernelI41fast_hadamard_transform_20N_kernel_traitsILi256ELi10EN3c104HalfEEEv18HadamardParamsBase' for 'sm_100'
      ptxas info    : Function properties for
      _Z30fast_hadamard_transform_kernelI41fast_hadamard_transform_20N_kernel_traitsILi256ELi10EN3c104HalfEEEv18HadamardParamsBase
          8 bytes stack frame, 4 bytes spill stores, 4 bytes spill loads
      ptxas info    : Used 128 registers, used 1 barriers, 8 bytes cumulative stack size
      ptxas info    : Compile time = 274.454 ms
      ptxas info    : Compiling entry function
      '_Z30fast_hadamard_transform_kernelI41fast_hadamard_transform_20N_kernel_traitsILi128ELi9EN3c104HalfEEEv18HadamardParamsBase' for 'sm_100'
      ptxas info    : Function properties for
      _Z30fast_hadamard_transform_kernelI41fast_hadamard_transform_20N_kernel_traitsILi128ELi9EN3c104HalfEEEv18HadamardParamsBase
          0 bytes stack frame, 0 bytes spill stores, 0 bytes spill loads
      ptxas info    : Used 128 registers, used 1 barriers
      ptxas info    : Compile time = 216.972 ms
      ptxas info    : Compiling entry function
      '_Z30fast_hadamard_transform_kernelI41fast_hadamard_transform_20N_kernel_traitsILi64ELi8EN3c104HalfEEEv18HadamardParamsBase' for 'sm_100'
      ptxas info    : Function properties for
      _Z30fast_hadamard_transform_kernelI41fast_hadamard_transform_20N_kernel_traitsILi64ELi8EN3c104HalfEEEv18HadamardParamsBase
          0 bytes stack frame, 0 bytes spill stores, 0 bytes spill loads
      ptxas info    : Used 168 registers, used 1 barriers
      ptxas info    : Compile time = 204.125 ms
      ptxas info    : Compiling entry function
      '_Z30fast_hadamard_transform_kernelI41fast_hadamard_transform_20N_kernel_traitsILi32ELi7EN3c104HalfEEEv18HadamardParamsBase' for 'sm_100'
      ptxas info    : Function properties for
      _Z30fast_hadamard_transform_kernelI41fast_hadamard_transform_20N_kernel_traitsILi32ELi7EN3c104HalfEEEv18HadamardParamsBase
          0 bytes stack frame, 0 bytes spill stores, 0 bytes spill loads
      ptxas info    : Used 168 registers, used 0 barriers
      ptxas info    : Compile time = 189.954 ms
      ptxas info    : Compiling entry function
      '_Z30fast_hadamard_transform_kernelI41fast_hadamard_transform_20N_kernel_traitsILi16ELi6EN3c104HalfEEEv18HadamardParamsBase' for 'sm_100'
      ptxas info    : Function properties for
      _Z30fast_hadamard_transform_kernelI41fast_hadamard_transform_20N_kernel_traitsILi16ELi6EN3c104HalfEEEv18HadamardParamsBase
          0 bytes stack frame, 0 bytes spill stores, 0 bytes spill loads
      ptxas info    : Used 168 registers, used 0 barriers
      ptxas info    : Compile time = 166.555 ms
      ptxas info    : Compiling entry function
      '_Z30fast_hadamard_transform_kernelI41fast_hadamard_transform_20N_kernel_traitsILi8ELi5EN3c104HalfEEEv18HadamardParamsBase' for 'sm_100'
      ptxas info    : Function properties for
      _Z30fast_hadamard_transform_kernelI41fast_hadamard_transform_20N_kernel_traitsILi8ELi5EN3c104HalfEEEv18HadamardParamsBase
          0 bytes stack frame, 0 bytes spill stores, 0 bytes spill loads
      ptxas info    : Used 168 registers, used 0 barriers
      ptxas info    : Compile time = 143.625 ms
      ptxas info    : Compiling entry function
      '_Z30fast_hadamard_transform_kernelI41fast_hadamard_transform_20N_kernel_traitsILi4ELi4EN3c104HalfEEEv18HadamardParamsBase' for 'sm_100'
      ptxas info    : Function properties for
      _Z30fast_hadamard_transform_kernelI41fast_hadamard_transform_20N_kernel_traitsILi4ELi4EN3c104HalfEEEv18HadamardParamsBase
          0 bytes stack frame, 0 bytes spill stores, 0 bytes spill loads
      ptxas info    : Used 168 registers, used 0 barriers
      ptxas info    : Compile time = 122.852 ms
      ptxas info    : Compiling entry function
      '_Z30fast_hadamard_transform_kernelI41fast_hadamard_transform_20N_kernel_traitsILi2ELi3EN3c104HalfEEEv18HadamardParamsBase' for 'sm_100'
      ptxas info    : Function properties for
      _Z30fast_hadamard_transform_kernelI41fast_hadamard_transform_20N_kernel_traitsILi2ELi3EN3c104HalfEEEv18HadamardParamsBase
          0 bytes stack frame, 0 bytes spill stores, 0 bytes spill loads
      ptxas info    : Used 168 registers, used 0 barriers
      ptxas info    : Compile time = 105.365 ms
      ptxas info    : Compiling entry function
      '_Z30fast_hadamard_transform_kernelI41fast_hadamard_transform_20N_kernel_traitsILi1ELi2EN3c104HalfEEEv18HadamardParamsBase' for 'sm_100'
      ptxas info    : Function properties for
      _Z30fast_hadamard_transform_kernelI41fast_hadamard_transform_20N_kernel_traitsILi1ELi2EN3c104HalfEEEv18HadamardParamsBase
          0 bytes stack frame, 0 bytes spill stores, 0 bytes spill loads
      ptxas info    : Used 168 registers, used 0 barriers
      ptxas info    : Compile time = 87.108 ms
      ptxas info    : Compiling entry function '_Z30fast_hadamard_transform_kernelI41fast_hadamard_transform_20N_kernel_traitsILi256ELi10EfEEv18HadamardParamsBase'
      for 'sm_100'
      ptxas info    : Function properties for _Z30fast_hadamard_transform_kernelI41fast_hadamard_transform_20N_kernel_traitsILi256ELi10EfEEv18HadamardParamsBase
          0 bytes stack frame, 0 bytes spill stores, 0 bytes spill loads
      ptxas info    : Used 167 registers, used 1 barriers
      ptxas info    : Compile time = 221.841 ms
      ptxas info    : Compiling entry function '_Z30fast_hadamard_transform_kernelI41fast_hadamard_transform_20N_kernel_traitsILi128ELi9EfEEv18HadamardParamsBase'
      for 'sm_100'
      ptxas info    : Function properties for _Z30fast_hadamard_transform_kernelI41fast_hadamard_transform_20N_kernel_traitsILi128ELi9EfEEv18HadamardParamsBase
          0 bytes stack frame, 0 bytes spill stores, 0 bytes spill loads
      ptxas info    : Used 146 registers, used 1 barriers
      ptxas info    : Compile time = 209.612 ms
      ptxas info    : Compiling entry function '_Z30fast_hadamard_transform_kernelI41fast_hadamard_transform_20N_kernel_traitsILi64ELi8EfEEv18HadamardParamsBase'
      for 'sm_100'
      ptxas info    : Function properties for _Z30fast_hadamard_transform_kernelI41fast_hadamard_transform_20N_kernel_traitsILi64ELi8EfEEv18HadamardParamsBase
          0 bytes stack frame, 0 bytes spill stores, 0 bytes spill loads
      ptxas info    : Used 162 registers, used 1 barriers
      ptxas info    : Compile time = 180.145 ms
      ptxas info    : Compiling entry function '_Z30fast_hadamard_transform_kernelI41fast_hadamard_transform_20N_kernel_traitsILi32ELi7EfEEv18HadamardParamsBase'
      for 'sm_100'
      ptxas info    : Function properties for _Z30fast_hadamard_transform_kernelI41fast_hadamard_transform_20N_kernel_traitsILi32ELi7EfEEv18HadamardParamsBase
          0 bytes stack frame, 0 bytes spill stores, 0 bytes spill loads
      ptxas info    : Used 162 registers, used 0 barriers
      ptxas info    : Compile time = 158.813 ms
      ptxas info    : Compiling entry function '_Z30fast_hadamard_transform_kernelI41fast_hadamard_transform_20N_kernel_traitsILi16ELi6EfEEv18HadamardParamsBase'
      for 'sm_100'
      ptxas info    : Function properties for _Z30fast_hadamard_transform_kernelI41fast_hadamard_transform_20N_kernel_traitsILi16ELi6EfEEv18HadamardParamsBase
          0 bytes stack frame, 0 bytes spill stores, 0 bytes spill loads
      ptxas info    : Used 158 registers, used 0 barriers
      ptxas info    : Compile time = 142.860 ms
      ptxas info    : Compiling entry function '_Z30fast_hadamard_transform_kernelI41fast_hadamard_transform_20N_kernel_traitsILi8ELi5EfEEv18HadamardParamsBase'
      for 'sm_100'
      ptxas info    : Function properties for _Z30fast_hadamard_transform_kernelI41fast_hadamard_transform_20N_kernel_traitsILi8ELi5EfEEv18HadamardParamsBase
          0 bytes stack frame, 0 bytes spill stores, 0 bytes spill loads
      ptxas info    : Used 162 registers, used 0 barriers
      ptxas info    : Compile time = 116.595 ms
      ptxas info    : Compiling entry function '_Z30fast_hadamard_transform_kernelI41fast_hadamard_transform_20N_kernel_traitsILi4ELi4EfEEv18HadamardParamsBase'
      for 'sm_100'
      ptxas info    : Function properties for _Z30fast_hadamard_transform_kernelI41fast_hadamard_transform_20N_kernel_traitsILi4ELi4EfEEv18HadamardParamsBase
          0 bytes stack frame, 0 bytes spill stores, 0 bytes spill loads
      ptxas info    : Used 160 registers, used 0 barriers
      ptxas info    : Compile time = 98.576 ms
      ptxas info    : Compiling entry function '_Z30fast_hadamard_transform_kernelI41fast_hadamard_transform_20N_kernel_traitsILi2ELi3EfEEv18HadamardParamsBase'
      for 'sm_100'
      ptxas info    : Function properties for _Z30fast_hadamard_transform_kernelI41fast_hadamard_transform_20N_kernel_traitsILi2ELi3EfEEv18HadamardParamsBase
          0 bytes stack frame, 0 bytes spill stores, 0 bytes spill loads
      ptxas info    : Used 163 registers, used 0 barriers
      ptxas info    : Compile time = 79.972 ms
      ptxas info    : Compiling entry function '_Z30fast_hadamard_transform_kernelI41fast_hadamard_transform_20N_kernel_traitsILi1ELi2EfEEv18HadamardParamsBase'
      for 'sm_100'
      ptxas info    : Function properties for _Z30fast_hadamard_transform_kernelI41fast_hadamard_transform_20N_kernel_traitsILi1ELi2EfEEv18HadamardParamsBase
          0 bytes stack frame, 0 bytes spill stores, 0 bytes spill loads
      ptxas info    : Used 156 registers, used 0 barriers
      ptxas info    : Compile time = 67.263 ms
      ptxas info    : Compiling entry function
      '_Z30fast_hadamard_transform_kernelI41fast_hadamard_transform_12N_kernel_traitsILi256ELi10EN3c108BFloat16EEEv18HadamardParamsBase' for 'sm_100'
      ptxas info    : Function properties for
      _Z30fast_hadamard_transform_kernelI41fast_hadamard_transform_12N_kernel_traitsILi256ELi10EN3c108BFloat16EEEv18HadamardParamsBase
          0 bytes stack frame, 0 bytes spill stores, 0 bytes spill loads
      ptxas info    : Used 80 registers, used 1 barriers
      ptxas info    : Compile time = 92.572 ms
      ptxas info    : Compiling entry function
      '_Z30fast_hadamard_transform_kernelI41fast_hadamard_transform_12N_kernel_traitsILi128ELi9EN3c108BFloat16EEEv18HadamardParamsBase' for 'sm_100'
      ptxas info    : Function properties for
      _Z30fast_hadamard_transform_kernelI41fast_hadamard_transform_12N_kernel_traitsILi128ELi9EN3c108BFloat16EEEv18HadamardParamsBase
          0 bytes stack frame, 0 bytes spill stores, 0 bytes spill loads
      ptxas info    : Used 71 registers, used 1 barriers
      ptxas info    : Compile time = 78.563 ms
      ptxas info    : Compiling entry function
      '_Z30fast_hadamard_transform_kernelI41fast_hadamard_transform_12N_kernel_traitsILi64ELi8EN3c108BFloat16EEEv18HadamardParamsBase' for 'sm_100'
      ptxas info    : Function properties for
      _Z30fast_hadamard_transform_kernelI41fast_hadamard_transform_12N_kernel_traitsILi64ELi8EN3c108BFloat16EEEv18HadamardParamsBase
          0 bytes stack frame, 0 bytes spill stores, 0 bytes spill loads
      ptxas info    : Used 94 registers, used 1 barriers
      ptxas info    : Compile time = 78.325 ms
      ptxas info    : Compiling entry function
      '_Z30fast_hadamard_transform_kernelI41fast_hadamard_transform_12N_kernel_traitsILi32ELi7EN3c108BFloat16EEEv18HadamardParamsBase' for 'sm_100'
      ptxas info    : Function properties for
      _Z30fast_hadamard_transform_kernelI41fast_hadamard_transform_12N_kernel_traitsILi32ELi7EN3c108BFloat16EEEv18HadamardParamsBase
          0 bytes stack frame, 0 bytes spill stores, 0 bytes spill loads
      ptxas info    : Used 93 registers, used 0 barriers
      ptxas info    : Compile time = 60.717 ms
      ptxas info    : Compiling entry function
      '_Z30fast_hadamard_transform_kernelI41fast_hadamard_transform_12N_kernel_traitsILi16ELi6EN3c108BFloat16EEEv18HadamardParamsBase' for 'sm_100'
      ptxas info    : Function properties for
      _Z30fast_hadamard_transform_kernelI41fast_hadamard_transform_12N_kernel_traitsILi16ELi6EN3c108BFloat16EEEv18HadamardParamsBase
          0 bytes stack frame, 0 bytes spill stores, 0 bytes spill loads
      ptxas info    : Used 93 registers, used 0 barriers
      ptxas info    : Compile time = 61.067 ms
      ptxas info    : Compiling entry function
      '_Z30fast_hadamard_transform_kernelI41fast_hadamard_transform_12N_kernel_traitsILi8ELi5EN3c108BFloat16EEEv18HadamardParamsBase' for 'sm_100'
      ptxas info    : Function properties for
      _Z30fast_hadamard_transform_kernelI41fast_hadamard_transform_12N_kernel_traitsILi8ELi5EN3c108BFloat16EEEv18HadamardParamsBase
          0 bytes stack frame, 0 bytes spill stores, 0 bytes spill loads
      ptxas info    : Used 94 registers, used 0 barriers
      ptxas info    : Compile time = 47.163 ms
      ptxas info    : Compiling entry function
      '_Z30fast_hadamard_transform_kernelI41fast_hadamard_transform_12N_kernel_traitsILi4ELi4EN3c108BFloat16EEEv18HadamardParamsBase' for 'sm_100'
      ptxas info    : Function properties for
      _Z30fast_hadamard_transform_kernelI41fast_hadamard_transform_12N_kernel_traitsILi4ELi4EN3c108BFloat16EEEv18HadamardParamsBase
          0 bytes stack frame, 0 bytes spill stores, 0 bytes spill loads
      ptxas info    : Used 92 registers, used 0 barriers
      ptxas info    : Compile time = 41.037 ms
      ptxas info    : Compiling entry function
      '_Z30fast_hadamard_transform_kernelI41fast_hadamard_transform_12N_kernel_traitsILi2ELi3EN3c108BFloat16EEEv18HadamardParamsBase' for 'sm_100'
      ptxas info    : Function properties for
      _Z30fast_hadamard_transform_kernelI41fast_hadamard_transform_12N_kernel_traitsILi2ELi3EN3c108BFloat16EEEv18HadamardParamsBase
          0 bytes stack frame, 0 bytes spill stores, 0 bytes spill loads
      ptxas info    : Used 94 registers, used 0 barriers
      ptxas info    : Compile time = 33.730 ms
      ptxas info    : Compiling entry function
      '_Z30fast_hadamard_transform_kernelI41fast_hadamard_transform_12N_kernel_traitsILi1ELi2EN3c108BFloat16EEEv18HadamardParamsBase' for 'sm_100'
      ptxas info    : Function properties for
      _Z30fast_hadamard_transform_kernelI41fast_hadamard_transform_12N_kernel_traitsILi1ELi2EN3c108BFloat16EEEv18HadamardParamsBase
          0 bytes stack frame, 0 bytes spill stores, 0 bytes spill loads
      ptxas info    : Used 94 registers, used 0 barriers
      ptxas info    : Compile time = 28.780 ms
      ptxas info    : Compiling entry function
      '_Z30fast_hadamard_transform_kernelI41fast_hadamard_transform_12N_kernel_traitsILi256ELi10EN3c104HalfEEEv18HadamardParamsBase' for 'sm_100'
      ptxas info    : Function properties for
      _Z30fast_hadamard_transform_kernelI41fast_hadamard_transform_12N_kernel_traitsILi256ELi10EN3c104HalfEEEv18HadamardParamsBase
          0 bytes stack frame, 0 bytes spill stores, 0 bytes spill loads
      ptxas info    : Used 80 registers, used 1 barriers
      ptxas info    : Compile time = 92.863 ms
      ptxas info    : Compiling entry function
      '_Z30fast_hadamard_transform_kernelI41fast_hadamard_transform_12N_kernel_traitsILi128ELi9EN3c104HalfEEEv18HadamardParamsBase' for 'sm_100'
      ptxas info    : Function properties for
      _Z30fast_hadamard_transform_kernelI41fast_hadamard_transform_12N_kernel_traitsILi128ELi9EN3c104HalfEEEv18HadamardParamsBase
          0 bytes stack frame, 0 bytes spill stores, 0 bytes spill loads
      ptxas info    : Used 71 registers, used 1 barriers
      ptxas info    : Compile time = 78.894 ms
      ptxas info    : Compiling entry function
      '_Z30fast_hadamard_transform_kernelI41fast_hadamard_transform_12N_kernel_traitsILi64ELi8EN3c104HalfEEEv18HadamardParamsBase' for 'sm_100'
      ptxas info    : Function properties for
      _Z30fast_hadamard_transform_kernelI41fast_hadamard_transform_12N_kernel_traitsILi64ELi8EN3c104HalfEEEv18HadamardParamsBase
          0 bytes stack frame, 0 bytes spill stores, 0 bytes spill loads
      ptxas info    : Used 94 registers, used 1 barriers
      ptxas info    : Compile time = 78.513 ms
      ptxas info    : Compiling entry function
      '_Z30fast_hadamard_transform_kernelI41fast_hadamard_transform_12N_kernel_traitsILi32ELi7EN3c104HalfEEEv18HadamardParamsBase' for 'sm_100'
      ptxas info    : Function properties for
      _Z30fast_hadamard_transform_kernelI41fast_hadamard_transform_12N_kernel_traitsILi32ELi7EN3c104HalfEEEv18HadamardParamsBase
          0 bytes stack frame, 0 bytes spill stores, 0 bytes spill loads
      ptxas info    : Used 93 registers, used 0 barriers
      ptxas info    : Compile time = 60.695 ms
      ptxas info    : Compiling entry function
      '_Z30fast_hadamard_transform_kernelI41fast_hadamard_transform_12N_kernel_traitsILi16ELi6EN3c104HalfEEEv18HadamardParamsBase' for 'sm_100'
      ptxas info    : Function properties for
      _Z30fast_hadamard_transform_kernelI41fast_hadamard_transform_12N_kernel_traitsILi16ELi6EN3c104HalfEEEv18HadamardParamsBase
          0 bytes stack frame, 0 bytes spill stores, 0 bytes spill loads
      ptxas info    : Used 93 registers, used 0 barriers
      ptxas info    : Compile time = 54.620 ms
      ptxas info    : Compiling entry function
      '_Z30fast_hadamard_transform_kernelI41fast_hadamard_transform_12N_kernel_traitsILi8ELi5EN3c104HalfEEEv18HadamardParamsBase' for 'sm_100'
      ptxas info    : Function properties for
      _Z30fast_hadamard_transform_kernelI41fast_hadamard_transform_12N_kernel_traitsILi8ELi5EN3c104HalfEEEv18HadamardParamsBase
          0 bytes stack frame, 0 bytes spill stores, 0 bytes spill loads
      ptxas info    : Used 94 registers, used 0 barriers
      ptxas info    : Compile time = 47.009 ms
      ptxas info    : Compiling entry function
      '_Z30fast_hadamard_transform_kernelI41fast_hadamard_transform_12N_kernel_traitsILi4ELi4EN3c104HalfEEEv18HadamardParamsBase' for 'sm_100'
      ptxas info    : Function properties for
      _Z30fast_hadamard_transform_kernelI41fast_hadamard_transform_12N_kernel_traitsILi4ELi4EN3c104HalfEEEv18HadamardParamsBase
          0 bytes stack frame, 0 bytes spill stores, 0 bytes spill loads
      ptxas info    : Used 92 registers, used 0 barriers
      ptxas info    : Compile time = 40.817 ms
      ptxas info    : Compiling entry function
      '_Z30fast_hadamard_transform_kernelI41fast_hadamard_transform_12N_kernel_traitsILi2ELi3EN3c104HalfEEEv18HadamardParamsBase' for 'sm_100'
      ptxas info    : Function properties for
      _Z30fast_hadamard_transform_kernelI41fast_hadamard_transform_12N_kernel_traitsILi2ELi3EN3c104HalfEEEv18HadamardParamsBase
          0 bytes stack frame, 0 bytes spill stores, 0 bytes spill loads
      ptxas info    : Used 94 registers, used 0 barriers
      ptxas info    : Compile time = 33.235 ms
      ptxas info    : Compiling entry function
      '_Z30fast_hadamard_transform_kernelI41fast_hadamard_transform_12N_kernel_traitsILi1ELi2EN3c104HalfEEEv18HadamardParamsBase' for 'sm_100'
      ptxas info    : Function properties for
      _Z30fast_hadamard_transform_kernelI41fast_hadamard_transform_12N_kernel_traitsILi1ELi2EN3c104HalfEEEv18HadamardParamsBase
          0 bytes stack frame, 0 bytes spill stores, 0 bytes spill loads
      ptxas info    : Used 94 registers, used 0 barriers
      ptxas info    : Compile time = 28.419 ms
      ptxas info    : Compiling entry function '_Z30fast_hadamard_transform_kernelI41fast_hadamard_transform_12N_kernel_traitsILi256ELi10EfEEv18HadamardParamsBase'
      for 'sm_100'
      ptxas info    : Function properties for _Z30fast_hadamard_transform_kernelI41fast_hadamard_transform_12N_kernel_traitsILi256ELi10EfEEv18HadamardParamsBase
          0 bytes stack frame, 0 bytes spill stores, 0 bytes spill loads
      ptxas info    : Used 91 registers, used 1 barriers
      ptxas info    : Compile time = 85.662 ms
      ptxas info    : Compiling entry function '_Z30fast_hadamard_transform_kernelI41fast_hadamard_transform_12N_kernel_traitsILi128ELi9EfEEv18HadamardParamsBase'
      for 'sm_100'
      ptxas info    : Function properties for _Z30fast_hadamard_transform_kernelI41fast_hadamard_transform_12N_kernel_traitsILi128ELi9EfEEv18HadamardParamsBase
          0 bytes stack frame, 0 bytes spill stores, 0 bytes spill loads
      ptxas info    : Used 93 registers, used 1 barriers
      ptxas info    : Compile time = 77.971 ms
      ptxas info    : Compiling entry function '_Z30fast_hadamard_transform_kernelI41fast_hadamard_transform_12N_kernel_traitsILi64ELi8EfEEv18HadamardParamsBase'
      for 'sm_100'
      ptxas info    : Function properties for _Z30fast_hadamard_transform_kernelI41fast_hadamard_transform_12N_kernel_traitsILi64ELi8EfEEv18HadamardParamsBase
          0 bytes stack frame, 0 bytes spill stores, 0 bytes spill loads
      ptxas info    : Used 91 registers, used 1 barriers
      ptxas info    : Compile time = 70.318 ms
      ptxas info    : Compiling entry function '_Z30fast_hadamard_transform_kernelI41fast_hadamard_transform_12N_kernel_traitsILi32ELi7EfEEv18HadamardParamsBase'
      for 'sm_100'
      ptxas info    : Function properties for _Z30fast_hadamard_transform_kernelI41fast_hadamard_transform_12N_kernel_traitsILi32ELi7EfEEv18HadamardParamsBase
          0 bytes stack frame, 0 bytes spill stores, 0 bytes spill loads
      ptxas info    : Used 90 registers, used 0 barriers
      ptxas info    : Compile time = 53.864 ms
      ptxas info    : Compiling entry function '_Z30fast_hadamard_transform_kernelI41fast_hadamard_transform_12N_kernel_traitsILi16ELi6EfEEv18HadamardParamsBase'
      for 'sm_100'
      ptxas info    : Function properties for _Z30fast_hadamard_transform_kernelI41fast_hadamard_transform_12N_kernel_traitsILi16ELi6EfEEv18HadamardParamsBase
          0 bytes stack frame, 0 bytes spill stores, 0 bytes spill loads
      ptxas info    : Used 91 registers, used 0 barriers
      ptxas info    : Compile time = 47.715 ms
      ptxas info    : Compiling entry function '_Z30fast_hadamard_transform_kernelI41fast_hadamard_transform_12N_kernel_traitsILi8ELi5EfEEv18HadamardParamsBase'
      for 'sm_100'
      ptxas info    : Function properties for _Z30fast_hadamard_transform_kernelI41fast_hadamard_transform_12N_kernel_traitsILi8ELi5EfEEv18HadamardParamsBase
          0 bytes stack frame, 0 bytes spill stores, 0 bytes spill loads
      ptxas info    : Used 90 registers, used 0 barriers
      ptxas info    : Compile time = 41.627 ms
      ptxas info    : Compiling entry function '_Z30fast_hadamard_transform_kernelI41fast_hadamard_transform_12N_kernel_traitsILi4ELi4EfEEv18HadamardParamsBase'
      for 'sm_100'
      ptxas info    : Function properties for _Z30fast_hadamard_transform_kernelI41fast_hadamard_transform_12N_kernel_traitsILi4ELi4EfEEv18HadamardParamsBase
          0 bytes stack frame, 0 bytes spill stores, 0 bytes spill loads
      ptxas info    : Used 89 registers, used 0 barriers
      ptxas info    : Compile time = 34.940 ms
      ptxas info    : Compiling entry function '_Z30fast_hadamard_transform_kernelI41fast_hadamard_transform_12N_kernel_traitsILi2ELi3EfEEv18HadamardParamsBase'
      for 'sm_100'
      ptxas info    : Function properties for _Z30fast_hadamard_transform_kernelI41fast_hadamard_transform_12N_kernel_traitsILi2ELi3EfEEv18HadamardParamsBase
          0 bytes stack frame, 0 bytes spill stores, 0 bytes spill loads
      ptxas info    : Used 86 registers, used 0 barriers
      ptxas info    : Compile time = 29.221 ms
      ptxas info    : Compiling entry function '_Z30fast_hadamard_transform_kernelI41fast_hadamard_transform_12N_kernel_traitsILi1ELi2EfEEv18HadamardParamsBase'
      for 'sm_100'
      ptxas info    : Function properties for _Z30fast_hadamard_transform_kernelI41fast_hadamard_transform_12N_kernel_traitsILi1ELi2EfEEv18HadamardParamsBase
          0 bytes stack frame, 0 bytes spill stores, 0 bytes spill loads
      ptxas info    : Used 91 registers, used 0 barriers
      ptxas info    : Compile time = 23.547 ms
      ptxas info    : Compiling entry function
      '_Z30fast_hadamard_transform_kernelI37fast_hadamard_transform_kernel_traitsILi256ELi15EN3c108BFloat16EEEv18HadamardParamsBase' for 'sm_100'
      ptxas info    : Function properties for
      _Z30fast_hadamard_transform_kernelI37fast_hadamard_transform_kernel_traitsILi256ELi15EN3c108BFloat16EEEv18HadamardParamsBase
          0 bytes stack frame, 0 bytes spill stores, 0 bytes spill loads
      ptxas info    : Used 195 registers, used 1 barriers
      ptxas info    : Compile time = 354.016 ms
      ptxas info    : Compiling entry function
      '_Z30fast_hadamard_transform_kernelI37fast_hadamard_transform_kernel_traitsILi256ELi14EN3c108BFloat16EEEv18HadamardParamsBase' for 'sm_100'
      ptxas info    : Function properties for
      _Z30fast_hadamard_transform_kernelI37fast_hadamard_transform_kernel_traitsILi256ELi14EN3c108BFloat16EEEv18HadamardParamsBase
          0 bytes stack frame, 0 bytes spill stores, 0 bytes spill loads
      ptxas info    : Used 78 registers, used 1 barriers
      ptxas info    : Compile time = 107.444 ms
      ptxas info    : Compiling entry function
      '_Z30fast_hadamard_transform_kernelI37fast_hadamard_transform_kernel_traitsILi256ELi13EN3c108BFloat16EEEv18HadamardParamsBase' for 'sm_100'
      ptxas info    : Function properties for
      _Z30fast_hadamard_transform_kernelI37fast_hadamard_transform_kernel_traitsILi256ELi13EN3c108BFloat16EEEv18HadamardParamsBase
          0 bytes stack frame, 0 bytes spill stores, 0 bytes spill loads
      ptxas info    : Used 56 registers, used 1 barriers
      ptxas info    : Compile time = 41.869 ms
      ptxas info    : Compiling entry function
      '_Z30fast_hadamard_transform_kernelI37fast_hadamard_transform_kernel_traitsILi256ELi12EN3c108BFloat16EEEv18HadamardParamsBase' for 'sm_100'
      ptxas info    : Function properties for
      _Z30fast_hadamard_transform_kernelI37fast_hadamard_transform_kernel_traitsILi256ELi12EN3c108BFloat16EEEv18HadamardParamsBase
          0 bytes stack frame, 0 bytes spill stores, 0 bytes spill loads
      ptxas info    : Used 42 registers, used 1 barriers
      ptxas info    : Compile time = 19.809 ms
      ptxas info    : Compiling entry function
      '_Z30fast_hadamard_transform_kernelI37fast_hadamard_transform_kernel_traitsILi256ELi11EN3c108BFloat16EEEv18HadamardParamsBase' for 'sm_100'
      ptxas info    : Function properties for
      _Z30fast_hadamard_transform_kernelI37fast_hadamard_transform_kernel_traitsILi256ELi11EN3c108BFloat16EEEv18HadamardParamsBase
          0 bytes stack frame, 0 bytes spill stores, 0 bytes spill loads
      ptxas info    : Used 28 registers, used 1 barriers
      ptxas info    : Compile time = 10.273 ms
      ptxas info    : Compiling entry function
      '_Z30fast_hadamard_transform_kernelI37fast_hadamard_transform_kernel_traitsILi128ELi10EN3c108BFloat16EEEv18HadamardParamsBase' for 'sm_100'
      ptxas info    : Function properties for
      _Z30fast_hadamard_transform_kernelI37fast_hadamard_transform_kernel_traitsILi128ELi10EN3c108BFloat16EEEv18HadamardParamsBase
          0 bytes stack frame, 0 bytes spill stores, 0 bytes spill loads
      ptxas info    : Used 30 registers, used 1 barriers
      ptxas info    : Compile time = 9.363 ms
      ptxas info    : Compiling entry function
      '_Z30fast_hadamard_transform_kernelI37fast_hadamard_transform_kernel_traitsILi32ELi9EN3c108BFloat16EEEv18HadamardParamsBase' for 'sm_100'
      ptxas info    : Function properties for
      _Z30fast_hadamard_transform_kernelI37fast_hadamard_transform_kernel_traitsILi32ELi9EN3c108BFloat16EEEv18HadamardParamsBase
          0 bytes stack frame, 0 bytes spill stores, 0 bytes spill loads
      ptxas info    : Used 35 registers, used 0 barriers
      ptxas info    : Compile time = 13.027 ms
      ptxas info    : Compiling entry function
      '_Z30fast_hadamard_transform_kernelI37fast_hadamard_transform_kernel_traitsILi32ELi8EN3c108BFloat16EEEv18HadamardParamsBase' for 'sm_100'
      ptxas info    : Function properties for
      _Z30fast_hadamard_transform_kernelI37fast_hadamard_transform_kernel_traitsILi32ELi8EN3c108BFloat16EEEv18HadamardParamsBase
          0 bytes stack frame, 0 bytes spill stores, 0 bytes spill loads
      ptxas info    : Used 20 registers, used 0 barriers
      ptxas info    : Compile time = 6.819 ms
      ptxas info    : Compiling entry function
      '_Z30fast_hadamard_transform_kernelI37fast_hadamard_transform_kernel_traitsILi16ELi7EN3c108BFloat16EEEv18HadamardParamsBase' for 'sm_100'
      ptxas info    : Function properties for
      _Z30fast_hadamard_transform_kernelI37fast_hadamard_transform_kernel_traitsILi16ELi7EN3c108BFloat16EEEv18HadamardParamsBase
          0 bytes stack frame, 0 bytes spill stores, 0 bytes spill loads
      ptxas info    : Used 20 registers, used 0 barriers
      ptxas info    : Compile time = 6.196 ms
      ptxas info    : Compiling entry function
      '_Z30fast_hadamard_transform_kernelI37fast_hadamard_transform_kernel_traitsILi8ELi6EN3c108BFloat16EEEv18HadamardParamsBase' for 'sm_100'
      ptxas info    : Function properties for
      _Z30fast_hadamard_transform_kernelI37fast_hadamard_transform_kernel_traitsILi8ELi6EN3c108BFloat16EEEv18HadamardParamsBase
          0 bytes stack frame, 0 bytes spill stores, 0 bytes spill loads
      ptxas info    : Used 20 registers, used 0 barriers
      ptxas info    : Compile time = 5.486 ms
      ptxas info    : Compiling entry function
      '_Z30fast_hadamard_transform_kernelI37fast_hadamard_transform_kernel_traitsILi4ELi5EN3c108BFloat16EEEv18HadamardParamsBase' for 'sm_100'
      ptxas info    : Function properties for
      _Z30fast_hadamard_transform_kernelI37fast_hadamard_transform_kernel_traitsILi4ELi5EN3c108BFloat16EEEv18HadamardParamsBase
          0 bytes stack frame, 0 bytes spill stores, 0 bytes spill loads
      ptxas info    : Used 20 registers, used 0 barriers
      ptxas info    : Compile time = 4.737 ms
      ptxas info    : Compiling entry function
      '_Z30fast_hadamard_transform_kernelI37fast_hadamard_transform_kernel_traitsILi2ELi4EN3c108BFloat16EEEv18HadamardParamsBase' for 'sm_100'
      ptxas info    : Function properties for
      _Z30fast_hadamard_transform_kernelI37fast_hadamard_transform_kernel_traitsILi2ELi4EN3c108BFloat16EEEv18HadamardParamsBase
          0 bytes stack frame, 0 bytes spill stores, 0 bytes spill loads
      ptxas info    : Used 20 registers, used 0 barriers
      ptxas info    : Compile time = 4.027 ms
      ptxas info    : Compiling entry function
      '_Z30fast_hadamard_transform_kernelI37fast_hadamard_transform_kernel_traitsILi1ELi3EN3c108BFloat16EEEv18HadamardParamsBase' for 'sm_100'
      ptxas info    : Function properties for
      _Z30fast_hadamard_transform_kernelI37fast_hadamard_transform_kernel_traitsILi1ELi3EN3c108BFloat16EEEv18HadamardParamsBase
          0 bytes stack frame, 0 bytes spill stores, 0 bytes spill loads
      ptxas info    : Used 18 registers, used 0 barriers
      ptxas info    : Compile time = 3.219 ms
      ptxas info    : Compiling entry function
      '_Z30fast_hadamard_transform_kernelI37fast_hadamard_transform_kernel_traitsILi256ELi15EN3c104HalfEEEv18HadamardParamsBase' for 'sm_100'
      ptxas info    : Function properties for
      _Z30fast_hadamard_transform_kernelI37fast_hadamard_transform_kernel_traitsILi256ELi15EN3c104HalfEEEv18HadamardParamsBase
          0 bytes stack frame, 0 bytes spill stores, 0 bytes spill loads
      ptxas info    : Used 195 registers, used 1 barriers
      ptxas info    : Compile time = 346.486 ms
      ptxas info    : Compiling entry function
      '_Z30fast_hadamard_transform_kernelI37fast_hadamard_transform_kernel_traitsILi256ELi14EN3c104HalfEEEv18HadamardParamsBase' for 'sm_100'
      ptxas info    : Function properties for
      _Z30fast_hadamard_transform_kernelI37fast_hadamard_transform_kernel_traitsILi256ELi14EN3c104HalfEEEv18HadamardParamsBase
          0 bytes stack frame, 0 bytes spill stores, 0 bytes spill loads
      ptxas info    : Used 78 registers, used 1 barriers
      ptxas info    : Compile time = 107.238 ms
      ptxas info    : Compiling entry function
      '_Z30fast_hadamard_transform_kernelI37fast_hadamard_transform_kernel_traitsILi256ELi13EN3c104HalfEEEv18HadamardParamsBase' for 'sm_100'
      ptxas info    : Function properties for
      _Z30fast_hadamard_transform_kernelI37fast_hadamard_transform_kernel_traitsILi256ELi13EN3c104HalfEEEv18HadamardParamsBase
          0 bytes stack frame, 0 bytes spill stores, 0 bytes spill loads
      ptxas info    : Used 56 registers, used 1 barriers
      ptxas info    : Compile time = 41.387 ms
      ptxas info    : Compiling entry function
      '_Z30fast_hadamard_transform_kernelI37fast_hadamard_transform_kernel_traitsILi256ELi12EN3c104HalfEEEv18HadamardParamsBase' for 'sm_100'
      ptxas info    : Function properties for
      _Z30fast_hadamard_transform_kernelI37fast_hadamard_transform_kernel_traitsILi256ELi12EN3c104HalfEEEv18HadamardParamsBase
          0 bytes stack frame, 0 bytes spill stores, 0 bytes spill loads
      ptxas info    : Used 42 registers, used 1 barriers
      ptxas info    : Compile time = 19.399 ms
      ptxas info    : Compiling entry function
      '_Z30fast_hadamard_transform_kernelI37fast_hadamard_transform_kernel_traitsILi256ELi11EN3c104HalfEEEv18HadamardParamsBase' for 'sm_100'
      ptxas info    : Function properties for
      _Z30fast_hadamard_transform_kernelI37fast_hadamard_transform_kernel_traitsILi256ELi11EN3c104HalfEEEv18HadamardParamsBase
          0 bytes stack frame, 0 bytes spill stores, 0 bytes spill loads
      ptxas info    : Used 28 registers, used 1 barriers
      ptxas info    : Compile time = 9.967 ms
      ptxas info    : Compiling entry function
      '_Z30fast_hadamard_transform_kernelI37fast_hadamard_transform_kernel_traitsILi128ELi10EN3c104HalfEEEv18HadamardParamsBase' for 'sm_100'
      ptxas info    : Function properties for
      _Z30fast_hadamard_transform_kernelI37fast_hadamard_transform_kernel_traitsILi128ELi10EN3c104HalfEEEv18HadamardParamsBase
          0 bytes stack frame, 0 bytes spill stores, 0 bytes spill loads
      ptxas info    : Used 30 registers, used 1 barriers
      ptxas info    : Compile time = 9.216 ms
      ptxas info    : Compiling entry function
      '_Z30fast_hadamard_transform_kernelI37fast_hadamard_transform_kernel_traitsILi32ELi9EN3c104HalfEEEv18HadamardParamsBase' for 'sm_100'
      ptxas info    : Function properties for _Z30fast_hadamard_transform_kernelI37fast_hadamard_transform_kernel_traitsILi32ELi9EN3c104HalfEEEv18HadamardParamsBase
          0 bytes stack frame, 0 bytes spill stores, 0 bytes spill loads
      ptxas info    : Used 35 registers, used 0 barriers
      ptxas info    : Compile time = 12.833 ms
      ptxas info    : Compiling entry function
      '_Z30fast_hadamard_transform_kernelI37fast_hadamard_transform_kernel_traitsILi32ELi8EN3c104HalfEEEv18HadamardParamsBase' for 'sm_100'
      ptxas info    : Function properties for _Z30fast_hadamard_transform_kernelI37fast_hadamard_transform_kernel_traitsILi32ELi8EN3c104HalfEEEv18HadamardParamsBase
          0 bytes stack frame, 0 bytes spill stores, 0 bytes spill loads
      ptxas info    : Used 20 registers, used 0 barriers
      ptxas info    : Compile time = 6.746 ms
      ptxas info    : Compiling entry function
      '_Z30fast_hadamard_transform_kernelI37fast_hadamard_transform_kernel_traitsILi16ELi7EN3c104HalfEEEv18HadamardParamsBase' for 'sm_100'
      ptxas info    : Function properties for _Z30fast_hadamard_transform_kernelI37fast_hadamard_transform_kernel_traitsILi16ELi7EN3c104HalfEEEv18HadamardParamsBase
          0 bytes stack frame, 0 bytes spill stores, 0 bytes spill loads
      ptxas info    : Used 20 registers, used 0 barriers
      ptxas info    : Compile time = 6.074 ms
      ptxas info    : Compiling entry function
      '_Z30fast_hadamard_transform_kernelI37fast_hadamard_transform_kernel_traitsILi8ELi6EN3c104HalfEEEv18HadamardParamsBase' for 'sm_100'
      ptxas info    : Function properties for _Z30fast_hadamard_transform_kernelI37fast_hadamard_transform_kernel_traitsILi8ELi6EN3c104HalfEEEv18HadamardParamsBase
          0 bytes stack frame, 0 bytes spill stores, 0 bytes spill loads
      ptxas info    : Used 20 registers, used 0 barriers
      ptxas info    : Compile time = 5.359 ms
      ptxas info    : Compiling entry function
      '_Z30fast_hadamard_transform_kernelI37fast_hadamard_transform_kernel_traitsILi4ELi5EN3c104HalfEEEv18HadamardParamsBase' for 'sm_100'
      ptxas info    : Function properties for _Z30fast_hadamard_transform_kernelI37fast_hadamard_transform_kernel_traitsILi4ELi5EN3c104HalfEEEv18HadamardParamsBase
          0 bytes stack frame, 0 bytes spill stores, 0 bytes spill loads
      ptxas info    : Used 20 registers, used 0 barriers
      ptxas info    : Compile time = 4.750 ms
      ptxas info    : Compiling entry function
      '_Z30fast_hadamard_transform_kernelI37fast_hadamard_transform_kernel_traitsILi2ELi4EN3c104HalfEEEv18HadamardParamsBase' for 'sm_100'
      ptxas info    : Function properties for _Z30fast_hadamard_transform_kernelI37fast_hadamard_transform_kernel_traitsILi2ELi4EN3c104HalfEEEv18HadamardParamsBase
          0 bytes stack frame, 0 bytes spill stores, 0 bytes spill loads
      ptxas info    : Used 20 registers, used 0 barriers
      ptxas info    : Compile time = 3.949 ms
      ptxas info    : Compiling entry function
      '_Z30fast_hadamard_transform_kernelI37fast_hadamard_transform_kernel_traitsILi1ELi3EN3c104HalfEEEv18HadamardParamsBase' for 'sm_100'
      ptxas info    : Function properties for _Z30fast_hadamard_transform_kernelI37fast_hadamard_transform_kernel_traitsILi1ELi3EN3c104HalfEEEv18HadamardParamsBase
          0 bytes stack frame, 0 bytes spill stores, 0 bytes spill loads
      ptxas info    : Used 18 registers, used 0 barriers
      ptxas info    : Compile time = 3.141 ms
      ptxas info    : Compiling entry function '_Z30fast_hadamard_transform_kernelI37fast_hadamard_transform_kernel_traitsILi256ELi15EfEEv18HadamardParamsBase'
      for 'sm_100'
      ptxas info    : Function properties for _Z30fast_hadamard_transform_kernelI37fast_hadamard_transform_kernel_traitsILi256ELi15EfEEv18HadamardParamsBase
          0 bytes stack frame, 0 bytes spill stores, 0 bytes spill loads
      ptxas info    : Used 187 registers, used 1 barriers
      ptxas info    : Compile time = 354.726 ms
      ptxas info    : Compiling entry function '_Z30fast_hadamard_transform_kernelI37fast_hadamard_transform_kernel_traitsILi256ELi14EfEEv18HadamardParamsBase'
      for 'sm_100'
      ptxas info    : Function properties for _Z30fast_hadamard_transform_kernelI37fast_hadamard_transform_kernel_traitsILi256ELi14EfEEv18HadamardParamsBase
          0 bytes stack frame, 0 bytes spill stores, 0 bytes spill loads
      ptxas info    : Used 92 registers, used 1 barriers
      ptxas info    : Compile time = 120.916 ms
      ptxas info    : Compiling entry function '_Z30fast_hadamard_transform_kernelI37fast_hadamard_transform_kernel_traitsILi256ELi13EfEEv18HadamardParamsBase'
      for 'sm_100'
      ptxas info    : Function properties for _Z30fast_hadamard_transform_kernelI37fast_hadamard_transform_kernel_traitsILi256ELi13EfEEv18HadamardParamsBase
          0 bytes stack frame, 0 bytes spill stores, 0 bytes spill loads
      ptxas info    : Used 58 registers, used 1 barriers
      ptxas info    : Compile time = 41.987 ms
      ptxas info    : Compiling entry function '_Z30fast_hadamard_transform_kernelI37fast_hadamard_transform_kernel_traitsILi256ELi12EfEEv18HadamardParamsBase'
      for 'sm_100'
      ptxas info    : Function properties for _Z30fast_hadamard_transform_kernelI37fast_hadamard_transform_kernel_traitsILi256ELi12EfEEv18HadamardParamsBase
          0 bytes stack frame, 0 bytes spill stores, 0 bytes spill loads
      ptxas info    : Used 32 registers, used 1 barriers
      ptxas info    : Compile time = 19.807 ms
      ptxas info    : Compiling entry function '_Z30fast_hadamard_transform_kernelI37fast_hadamard_transform_kernel_traitsILi256ELi11EfEEv18HadamardParamsBase'
      for 'sm_100'
      ptxas info    : Function properties for _Z30fast_hadamard_transform_kernelI37fast_hadamard_transform_kernel_traitsILi256ELi11EfEEv18HadamardParamsBase
          0 bytes stack frame, 0 bytes spill stores, 0 bytes spill loads
      ptxas info    : Used 29 registers, used 1 barriers
      ptxas info    : Compile time = 10.117 ms
      ptxas info    : Compiling entry function '_Z30fast_hadamard_transform_kernelI37fast_hadamard_transform_kernel_traitsILi128ELi10EfEEv18HadamardParamsBase'
      for 'sm_100'
      ptxas info    : Function properties for _Z30fast_hadamard_transform_kernelI37fast_hadamard_transform_kernel_traitsILi128ELi10EfEEv18HadamardParamsBase
          0 bytes stack frame, 0 bytes spill stores, 0 bytes spill loads
      ptxas info    : Used 29 registers, used 1 barriers
      ptxas info    : Compile time = 9.462 ms
      ptxas info    : Compiling entry function '_Z30fast_hadamard_transform_kernelI37fast_hadamard_transform_kernel_traitsILi32ELi9EfEEv18HadamardParamsBase'
      for 'sm_100'
      ptxas info    : Function properties for _Z30fast_hadamard_transform_kernelI37fast_hadamard_transform_kernel_traitsILi32ELi9EfEEv18HadamardParamsBase
          0 bytes stack frame, 0 bytes spill stores, 0 bytes spill loads
      ptxas info    : Used 42 registers, used 0 barriers
      ptxas info    : Compile time = 13.066 ms
      ptxas info    : Compiling entry function '_Z30fast_hadamard_transform_kernelI37fast_hadamard_transform_kernel_traitsILi32ELi8EfEEv18HadamardParamsBase'
      for 'sm_100'
      ptxas info    : Function properties for _Z30fast_hadamard_transform_kernelI37fast_hadamard_transform_kernel_traitsILi32ELi8EfEEv18HadamardParamsBase
          0 bytes stack frame, 0 bytes spill stores, 0 bytes spill loads
      ptxas info    : Used 23 registers, used 0 barriers
      ptxas info    : Compile time = 6.890 ms
      ptxas info    : Compiling entry function '_Z30fast_hadamard_transform_kernelI37fast_hadamard_transform_kernel_traitsILi16ELi7EfEEv18HadamardParamsBase'
      for 'sm_100'
      ptxas info    : Function properties for _Z30fast_hadamard_transform_kernelI37fast_hadamard_transform_kernel_traitsILi16ELi7EfEEv18HadamardParamsBase
          0 bytes stack frame, 0 bytes spill stores, 0 bytes spill loads
      ptxas info    : Used 23 registers, used 0 barriers
      ptxas info    : Compile time = 6.167 ms
      ptxas info    : Compiling entry function '_Z30fast_hadamard_transform_kernelI37fast_hadamard_transform_kernel_traitsILi8ELi6EfEEv18HadamardParamsBase'
      for 'sm_100'
      ptxas info    : Function properties for _Z30fast_hadamard_transform_kernelI37fast_hadamard_transform_kernel_traitsILi8ELi6EfEEv18HadamardParamsBase
          0 bytes stack frame, 0 bytes spill stores, 0 bytes spill loads
      ptxas info    : Used 23 registers, used 0 barriers
      ptxas info    : Compile time = 5.549 ms
      ptxas info    : Compiling entry function '_Z30fast_hadamard_transform_kernelI37fast_hadamard_transform_kernel_traitsILi4ELi5EfEEv18HadamardParamsBase'
      for 'sm_100'
      ptxas info    : Function properties for _Z30fast_hadamard_transform_kernelI37fast_hadamard_transform_kernel_traitsILi4ELi5EfEEv18HadamardParamsBase
          0 bytes stack frame, 0 bytes spill stores, 0 bytes spill loads
      ptxas info    : Used 23 registers, used 0 barriers
      ptxas info    : Compile time = 4.846 ms
      ptxas info    : Compiling entry function '_Z30fast_hadamard_transform_kernelI37fast_hadamard_transform_kernel_traitsILi2ELi4EfEEv18HadamardParamsBase'
      for 'sm_100'
      ptxas info    : Function properties for _Z30fast_hadamard_transform_kernelI37fast_hadamard_transform_kernel_traitsILi2ELi4EfEEv18HadamardParamsBase
          0 bytes stack frame, 0 bytes spill stores, 0 bytes spill loads
      ptxas info    : Used 24 registers, used 0 barriers
      ptxas info    : Compile time = 4.093 ms
      ptxas info    : Compiling entry function '_Z30fast_hadamard_transform_kernelI37fast_hadamard_transform_kernel_traitsILi1ELi3EfEEv18HadamardParamsBase'
      for 'sm_100'
      ptxas info    : Function properties for _Z30fast_hadamard_transform_kernelI37fast_hadamard_transform_kernel_traitsILi1ELi3EfEEv18HadamardParamsBase
          0 bytes stack frame, 0 bytes spill stores, 0 bytes spill loads
      ptxas info    : Used 24 registers, used 0 barriers
      ptxas info    : Compile time = 3.278 ms
      ptxas info    : 0 bytes gmem
      ptxas info    : Compiling entry function
      '_Z30fast_hadamard_transform_kernelI41fast_hadamard_transform_40N_kernel_traitsILi256ELi10EN3c108BFloat16EEEv18HadamardParamsBase' for 'sm_87'
      ptxas info    : Function properties for
      _Z30fast_hadamard_transform_kernelI41fast_hadamard_transform_40N_kernel_traitsILi256ELi10EN3c108BFloat16EEEv18HadamardParamsBase
          232 bytes stack frame, 228 bytes spill stores, 228 bytes spill loads
      ptxas info    : Used 255 registers, used 1 barriers, 232 bytes cumulative stack size, 408 bytes cmem[0]
      ptxas info    : Compile time = 4687.523 ms
      ptxas info    : Compiling entry function
      '_Z30fast_hadamard_transform_kernelI41fast_hadamard_transform_40N_kernel_traitsILi128ELi9EN3c108BFloat16EEEv18HadamardParamsBase' for 'sm_87'
      ptxas info    : Function properties for
      _Z30fast_hadamard_transform_kernelI41fast_hadamard_transform_40N_kernel_traitsILi128ELi9EN3c108BFloat16EEEv18HadamardParamsBase
          200 bytes stack frame, 196 bytes spill stores, 196 bytes spill loads
      ptxas info    : Used 255 registers, used 1 barriers, 200 bytes cumulative stack size, 408 bytes cmem[0]
      ptxas info    : Compile time = 3896.960 ms
      ptxas info    : Compiling entry function
      '_Z30fast_hadamard_transform_kernelI41fast_hadamard_transform_40N_kernel_traitsILi64ELi8EN3c108BFloat16EEEv18HadamardParamsBase' for 'sm_87'
      ptxas info    : Function properties for
      _Z30fast_hadamard_transform_kernelI41fast_hadamard_transform_40N_kernel_traitsILi64ELi8EN3c108BFloat16EEEv18HadamardParamsBase
          208 bytes stack frame, 208 bytes spill stores, 208 bytes spill loads
      ptxas info    : Used 255 registers, used 1 barriers, 208 bytes cumulative stack size, 408 bytes cmem[0]
      ptxas info    : Compile time = 3462.705 ms
      ptxas info    : Compiling entry function
      '_Z30fast_hadamard_transform_kernelI41fast_hadamard_transform_40N_kernel_traitsILi32ELi7EN3c108BFloat16EEEv18HadamardParamsBase' for 'sm_87'
      ptxas info    : Function properties for
      _Z30fast_hadamard_transform_kernelI41fast_hadamard_transform_40N_kernel_traitsILi32ELi7EN3c108BFloat16EEEv18HadamardParamsBase
          192 bytes stack frame, 188 bytes spill stores, 188 bytes spill loads
      ptxas info    : Used 255 registers, used 0 barriers, 192 bytes cumulative stack size, 408 bytes cmem[0]
      ptxas info    : Compile time = 2151.759 ms
      ptxas info    : Compiling entry function
      '_Z30fast_hadamard_transform_kernelI41fast_hadamard_transform_40N_kernel_traitsILi16ELi6EN3c108BFloat16EEEv18HadamardParamsBase' for 'sm_87'
      ptxas info    : Function properties for
      _Z30fast_hadamard_transform_kernelI41fast_hadamard_transform_40N_kernel_traitsILi16ELi6EN3c108BFloat16EEEv18HadamardParamsBase
          192 bytes stack frame, 184 bytes spill stores, 184 bytes spill loads
      ptxas info    : Used 255 registers, used 0 barriers, 192 bytes cumulative stack size, 408 bytes cmem[0]
      ptxas info    : Compile time = 1661.482 ms
      ptxas info    : Compiling entry function
      '_Z30fast_hadamard_transform_kernelI41fast_hadamard_transform_40N_kernel_traitsILi8ELi5EN3c108BFloat16EEEv18HadamardParamsBase' for 'sm_87'
      ptxas info    : Function properties for
      _Z30fast_hadamard_transform_kernelI41fast_hadamard_transform_40N_kernel_traitsILi8ELi5EN3c108BFloat16EEEv18HadamardParamsBase
          192 bytes stack frame, 184 bytes spill stores, 184 bytes spill loads
      ptxas info    : Used 255 registers, used 0 barriers, 192 bytes cumulative stack size, 408 bytes cmem[0]
      ptxas info    : Compile time = 1179.909 ms
      ptxas info    : Compiling entry function
      '_Z30fast_hadamard_transform_kernelI41fast_hadamard_transform_40N_kernel_traitsILi4ELi4EN3c108BFloat16EEEv18HadamardParamsBase' for 'sm_87'
      ptxas info    : Function properties for
      _Z30fast_hadamard_transform_kernelI41fast_hadamard_transform_40N_kernel_traitsILi4ELi4EN3c108BFloat16EEEv18HadamardParamsBase
          192 bytes stack frame, 184 bytes spill stores, 184 bytes spill loads
      ptxas info    : Used 255 registers, used 0 barriers, 192 bytes cumulative stack size, 408 bytes cmem[0]
      ptxas info    : Compile time = 824.633 ms
      ptxas info    : Compiling entry function
      '_Z30fast_hadamard_transform_kernelI41fast_hadamard_transform_40N_kernel_traitsILi2ELi3EN3c108BFloat16EEEv18HadamardParamsBase' for 'sm_87'
      ptxas info    : Function properties for
      _Z30fast_hadamard_transform_kernelI41fast_hadamard_transform_40N_kernel_traitsILi2ELi3EN3c108BFloat16EEEv18HadamardParamsBase
          200 bytes stack frame, 196 bytes spill stores, 196 bytes spill loads
      ptxas info    : Used 255 registers, used 0 barriers, 200 bytes cumulative stack size, 408 bytes cmem[0]
      ptxas info    : Compile time = 557.169 ms
      ptxas info    : Compiling entry function
      '_Z30fast_hadamard_transform_kernelI41fast_hadamard_transform_40N_kernel_traitsILi1ELi2EN3c108BFloat16EEEv18HadamardParamsBase' for 'sm_87'
      ptxas info    : Function properties for
      _Z30fast_hadamard_transform_kernelI41fast_hadamard_transform_40N_kernel_traitsILi1ELi2EN3c108BFloat16EEEv18HadamardParamsBase
          192 bytes stack frame, 188 bytes spill stores, 188 bytes spill loads
      ptxas info    : Used 255 registers, used 0 barriers, 192 bytes cumulative stack size, 408 bytes cmem[0]
      ptxas info    : Compile time = 387.401 ms
      ptxas info    : Compiling entry function
      '_Z30fast_hadamard_transform_kernelI41fast_hadamard_transform_40N_kernel_traitsILi256ELi10EN3c104HalfEEEv18HadamardParamsBase' for 'sm_87'
      ptxas info    : Function properties for
      _Z30fast_hadamard_transform_kernelI41fast_hadamard_transform_40N_kernel_traitsILi256ELi10EN3c104HalfEEEv18HadamardParamsBase
          240 bytes stack frame, 236 bytes spill stores, 236 bytes spill loads
      ptxas info    : Used 255 registers, used 1 barriers, 240 bytes cumulative stack size, 408 bytes cmem[0]
      ptxas info    : Compile time = 4684.411 ms
      ptxas info    : Compiling entry function
      '_Z30fast_hadamard_transform_kernelI41fast_hadamard_transform_40N_kernel_traitsILi128ELi9EN3c104HalfEEEv18HadamardParamsBase' for 'sm_87'
      ptxas info    : Function properties for
      _Z30fast_hadamard_transform_kernelI41fast_hadamard_transform_40N_kernel_traitsILi128ELi9EN3c104HalfEEEv18HadamardParamsBase
          200 bytes stack frame, 196 bytes spill stores, 196 bytes spill loads
      ptxas info    : Used 255 registers, used 1 barriers, 200 bytes cumulative stack size, 408 bytes cmem[0]
      ptxas info    : Compile time = 3907.487 ms
      ptxas info    : Compiling entry function
      '_Z30fast_hadamard_transform_kernelI41fast_hadamard_transform_40N_kernel_traitsILi64ELi8EN3c104HalfEEEv18HadamardParamsBase' for 'sm_87'
      ptxas info    : Function properties for
      _Z30fast_hadamard_transform_kernelI41fast_hadamard_transform_40N_kernel_traitsILi64ELi8EN3c104HalfEEEv18HadamardParamsBase
          208 bytes stack frame, 204 bytes spill stores, 204 bytes spill loads
      ptxas info    : Used 255 registers, used 1 barriers, 208 bytes cumulative stack size, 408 bytes cmem[0]
      ptxas info    : Compile time = 3211.718 ms
      ptxas info    : Compiling entry function
      '_Z30fast_hadamard_transform_kernelI41fast_hadamard_transform_40N_kernel_traitsILi32ELi7EN3c104HalfEEEv18HadamardParamsBase' for 'sm_87'
      ptxas info    : Function properties for
      _Z30fast_hadamard_transform_kernelI41fast_hadamard_transform_40N_kernel_traitsILi32ELi7EN3c104HalfEEEv18HadamardParamsBase
          192 bytes stack frame, 184 bytes spill stores, 184 bytes spill loads
      ptxas info    : Used 255 registers, used 0 barriers, 192 bytes cumulative stack size, 408 bytes cmem[0]
      ptxas info    : Compile time = 2137.757 ms
      ptxas info    : Compiling entry function
      '_Z30fast_hadamard_transform_kernelI41fast_hadamard_transform_40N_kernel_traitsILi16ELi6EN3c104HalfEEEv18HadamardParamsBase' for 'sm_87'
      ptxas info    : Function properties for
      _Z30fast_hadamard_transform_kernelI41fast_hadamard_transform_40N_kernel_traitsILi16ELi6EN3c104HalfEEEv18HadamardParamsBase
          192 bytes stack frame, 188 bytes spill stores, 188 bytes spill loads
      ptxas info    : Used 255 registers, used 0 barriers, 192 bytes cumulative stack size, 408 bytes cmem[0]
      ptxas info    : Compile time = 1627.970 ms
      ptxas info    : Compiling entry function
      '_Z30fast_hadamard_transform_kernelI41fast_hadamard_transform_40N_kernel_traitsILi8ELi5EN3c104HalfEEEv18HadamardParamsBase' for 'sm_87'
      ptxas info    : Function properties for
      _Z30fast_hadamard_transform_kernelI41fast_hadamard_transform_40N_kernel_traitsILi8ELi5EN3c104HalfEEEv18HadamardParamsBase
          192 bytes stack frame, 188 bytes spill stores, 188 bytes spill loads
      ptxas info    : Used 255 registers, used 0 barriers, 192 bytes cumulative stack size, 408 bytes cmem[0]
      ptxas info    : Compile time = 1161.623 ms
      ptxas info    : Compiling entry function
      '_Z30fast_hadamard_transform_kernelI41fast_hadamard_transform_40N_kernel_traitsILi4ELi4EN3c104HalfEEEv18HadamardParamsBase' for 'sm_87'
      ptxas info    : Function properties for
      _Z30fast_hadamard_transform_kernelI41fast_hadamard_transform_40N_kernel_traitsILi4ELi4EN3c104HalfEEEv18HadamardParamsBase
          192 bytes stack frame, 184 bytes spill stores, 184 bytes spill loads
      ptxas info    : Used 255 registers, used 0 barriers, 192 bytes cumulative stack size, 408 bytes cmem[0]
      ptxas info    : Compile time = 808.664 ms
      ptxas info    : Compiling entry function
      '_Z30fast_hadamard_transform_kernelI41fast_hadamard_transform_40N_kernel_traitsILi2ELi3EN3c104HalfEEEv18HadamardParamsBase' for 'sm_87'
      ptxas info    : Function properties for
      _Z30fast_hadamard_transform_kernelI41fast_hadamard_transform_40N_kernel_traitsILi2ELi3EN3c104HalfEEEv18HadamardParamsBase
          192 bytes stack frame, 188 bytes spill stores, 188 bytes spill loads
      ptxas info    : Used 255 registers, used 0 barriers, 192 bytes cumulative stack size, 408 bytes cmem[0]
      ptxas info    : Compile time = 544.960 ms
      ptxas info    : Compiling entry function
      '_Z30fast_hadamard_transform_kernelI41fast_hadamard_transform_40N_kernel_traitsILi1ELi2EN3c104HalfEEEv18HadamardParamsBase' for 'sm_87'
      ptxas info    : Function properties for
      _Z30fast_hadamard_transform_kernelI41fast_hadamard_transform_40N_kernel_traitsILi1ELi2EN3c104HalfEEEv18HadamardParamsBase
          192 bytes stack frame, 188 bytes spill stores, 188 bytes spill loads
      ptxas info    : Used 255 registers, used 0 barriers, 192 bytes cumulative stack size, 408 bytes cmem[0]
      ptxas info    : Compile time = 384.170 ms
      ptxas info    : Compiling entry function '_Z30fast_hadamard_transform_kernelI41fast_hadamard_transform_40N_kernel_traitsILi256ELi10EfEEv18HadamardParamsBase'
      for 'sm_87'
      ptxas info    : Function properties for _Z30fast_hadamard_transform_kernelI41fast_hadamard_transform_40N_kernel_traitsILi256ELi10EfEEv18HadamardParamsBase
          80 bytes stack frame, 76 bytes spill stores, 76 bytes spill loads
      ptxas info    : Used 255 registers, used 1 barriers, 80 bytes cumulative stack size, 408 bytes cmem[0]
      ptxas info    : Compile time = 4479.315 ms
      ptxas info    : Compiling entry function '_Z30fast_hadamard_transform_kernelI41fast_hadamard_transform_40N_kernel_traitsILi128ELi9EfEEv18HadamardParamsBase'
      for 'sm_87'
      ptxas info    : Function properties for _Z30fast_hadamard_transform_kernelI41fast_hadamard_transform_40N_kernel_traitsILi128ELi9EfEEv18HadamardParamsBase
          80 bytes stack frame, 76 bytes spill stores, 76 bytes spill loads
      ptxas info    : Used 255 registers, used 1 barriers, 80 bytes cumulative stack size, 408 bytes cmem[0]
      ptxas info    : Compile time = 3583.018 ms
      ptxas info    : Compiling entry function '_Z30fast_hadamard_transform_kernelI41fast_hadamard_transform_40N_kernel_traitsILi64ELi8EfEEv18HadamardParamsBase'
      for 'sm_87'
      ptxas info    : Function properties for _Z30fast_hadamard_transform_kernelI41fast_hadamard_transform_40N_kernel_traitsILi64ELi8EfEEv18HadamardParamsBase
          64 bytes stack frame, 64 bytes spill stores, 64 bytes spill loads
      ptxas info    : Used 255 registers, used 1 barriers, 64 bytes cumulative stack size, 408 bytes cmem[0]
      ptxas info    : Compile time = 2635.668 ms
      ptxas info    : Compiling entry function '_Z30fast_hadamard_transform_kernelI41fast_hadamard_transform_40N_kernel_traitsILi32ELi7EfEEv18HadamardParamsBase'
      for 'sm_87'
      ptxas info    : Function properties for _Z30fast_hadamard_transform_kernelI41fast_hadamard_transform_40N_kernel_traitsILi32ELi7EfEEv18HadamardParamsBase
          64 bytes stack frame, 64 bytes spill stores, 64 bytes spill loads
      ptxas info    : Used 255 registers, used 0 barriers, 64 bytes cumulative stack size, 408 bytes cmem[0]
      ptxas info    : Compile time = 1868.655 ms
      ptxas info    : Compiling entry function '_Z30fast_hadamard_transform_kernelI41fast_hadamard_transform_40N_kernel_traitsILi16ELi6EfEEv18HadamardParamsBase'
      for 'sm_87'
      ptxas info    : Function properties for _Z30fast_hadamard_transform_kernelI41fast_hadamard_transform_40N_kernel_traitsILi16ELi6EfEEv18HadamardParamsBase
          72 bytes stack frame, 68 bytes spill stores, 68 bytes spill loads
      ptxas info    : Used 255 registers, used 0 barriers, 72 bytes cumulative stack size, 408 bytes cmem[0]
      ptxas info    : Compile time = 1388.044 ms
      ptxas info    : Compiling entry function '_Z30fast_hadamard_transform_kernelI41fast_hadamard_transform_40N_kernel_traitsILi8ELi5EfEEv18HadamardParamsBase'
      for 'sm_87'
      ptxas info    : Function properties for _Z30fast_hadamard_transform_kernelI41fast_hadamard_transform_40N_kernel_traitsILi8ELi5EfEEv18HadamardParamsBase
          64 bytes stack frame, 64 bytes spill stores, 64 bytes spill loads
      ptxas info    : Used 255 registers, used 0 barriers, 64 bytes cumulative stack size, 408 bytes cmem[0]
      ptxas info    : Compile time = 959.054 ms
      ptxas info    : Compiling entry function '_Z30fast_hadamard_transform_kernelI41fast_hadamard_transform_40N_kernel_traitsILi4ELi4EfEEv18HadamardParamsBase'
      for 'sm_87'
      ptxas info    : Function properties for _Z30fast_hadamard_transform_kernelI41fast_hadamard_transform_40N_kernel_traitsILi4ELi4EfEEv18HadamardParamsBase
          72 bytes stack frame, 72 bytes spill stores, 72 bytes spill loads
      ptxas info    : Used 255 registers, used 0 barriers, 72 bytes cumulative stack size, 408 bytes cmem[0]
      ptxas info    : Compile time = 630.492 ms
      ptxas info    : Compiling entry function '_Z30fast_hadamard_transform_kernelI41fast_hadamard_transform_40N_kernel_traitsILi2ELi3EfEEv18HadamardParamsBase'
      for 'sm_87'
      ptxas info    : Function properties for _Z30fast_hadamard_transform_kernelI41fast_hadamard_transform_40N_kernel_traitsILi2ELi3EfEEv18HadamardParamsBase
          64 bytes stack frame, 64 bytes spill stores, 64 bytes spill loads
      ptxas info    : Used 255 registers, used 0 barriers, 64 bytes cumulative stack size, 408 bytes cmem[0]
      ptxas info    : Compile time = 435.067 ms
      ptxas info    : Compiling entry function '_Z30fast_hadamard_transform_kernelI41fast_hadamard_transform_40N_kernel_traitsILi1ELi2EfEEv18HadamardParamsBase'
      for 'sm_87'
      ptxas info    : Function properties for _Z30fast_hadamard_transform_kernelI41fast_hadamard_transform_40N_kernel_traitsILi1ELi2EfEEv18HadamardParamsBase
          56 bytes stack frame, 52 bytes spill stores, 52 bytes spill loads
      ptxas info    : Used 255 registers, used 0 barriers, 56 bytes cumulative stack size, 408 bytes cmem[0]
      ptxas info    : Compile time = 308.595 ms
      ptxas info    : Compiling entry function
      '_Z30fast_hadamard_transform_kernelI41fast_hadamard_transform_28N_kernel_traitsILi256ELi10EN3c108BFloat16EEEv18HadamardParamsBase' for 'sm_87'
      ptxas info    : Function properties for
      _Z30fast_hadamard_transform_kernelI41fast_hadamard_transform_28N_kernel_traitsILi256ELi10EN3c108BFloat16EEEv18HadamardParamsBase
          0 bytes stack frame, 0 bytes spill stores, 0 bytes spill loads
      ptxas info    : Used 255 registers, used 1 barriers, 408 bytes cmem[0]
      ptxas info    : Compile time = 2095.947 ms
      ptxas info    : Compiling entry function
      '_Z30fast_hadamard_transform_kernelI41fast_hadamard_transform_28N_kernel_traitsILi128ELi9EN3c108BFloat16EEEv18HadamardParamsBase' for 'sm_87'
      ptxas info    : Function properties for
      _Z30fast_hadamard_transform_kernelI41fast_hadamard_transform_28N_kernel_traitsILi128ELi9EN3c108BFloat16EEEv18HadamardParamsBase
          0 bytes stack frame, 0 bytes spill stores, 0 bytes spill loads
      ptxas info    : Used 255 registers, used 1 barriers, 408 bytes cmem[0]
      ptxas info    : Compile time = 1613.099 ms
      ptxas info    : Compiling entry function
      '_Z30fast_hadamard_transform_kernelI41fast_hadamard_transform_28N_kernel_traitsILi64ELi8EN3c108BFloat16EEEv18HadamardParamsBase' for 'sm_87'
      ptxas info    : Function properties for
      _Z30fast_hadamard_transform_kernelI41fast_hadamard_transform_28N_kernel_traitsILi64ELi8EN3c108BFloat16EEEv18HadamardParamsBase
          0 bytes stack frame, 0 bytes spill stores, 0 bytes spill loads
      ptxas info    : Used 254 registers, used 1 barriers, 408 bytes cmem[0]
      ptxas info    : Compile time = 1308.441 ms
      ptxas info    : Compiling entry function
      '_Z30fast_hadamard_transform_kernelI41fast_hadamard_transform_28N_kernel_traitsILi32ELi7EN3c108BFloat16EEEv18HadamardParamsBase' for 'sm_87'
      ptxas info    : Function properties for
      _Z30fast_hadamard_transform_kernelI41fast_hadamard_transform_28N_kernel_traitsILi32ELi7EN3c108BFloat16EEEv18HadamardParamsBase
          0 bytes stack frame, 0 bytes spill stores, 0 bytes spill loads
      ptxas info    : Used 202 registers, used 0 barriers, 408 bytes cmem[0]
      ptxas info    : Compile time = 927.263 ms
      ptxas info    : Compiling entry function
      '_Z30fast_hadamard_transform_kernelI41fast_hadamard_transform_28N_kernel_traitsILi16ELi6EN3c108BFloat16EEEv18HadamardParamsBase' for 'sm_87'
      ptxas info    : Function properties for
      _Z30fast_hadamard_transform_kernelI41fast_hadamard_transform_28N_kernel_traitsILi16ELi6EN3c108BFloat16EEEv18HadamardParamsBase
          0 bytes stack frame, 0 bytes spill stores, 0 bytes spill loads
      ptxas info    : Used 200 registers, used 0 barriers, 408 bytes cmem[0]
      ptxas info    : Compile time = 676.597 ms
      ptxas info    : Compiling entry function
      '_Z30fast_hadamard_transform_kernelI41fast_hadamard_transform_28N_kernel_traitsILi8ELi5EN3c108BFloat16EEEv18HadamardParamsBase' for 'sm_87'
      ptxas info    : Function properties for
      _Z30fast_hadamard_transform_kernelI41fast_hadamard_transform_28N_kernel_traitsILi8ELi5EN3c108BFloat16EEEv18HadamardParamsBase
          0 bytes stack frame, 0 bytes spill stores, 0 bytes spill loads
      ptxas info    : Used 232 registers, used 0 barriers, 408 bytes cmem[0]
      ptxas info    : Compile time = 485.712 ms
      ptxas info    : Compiling entry function
      '_Z30fast_hadamard_transform_kernelI41fast_hadamard_transform_28N_kernel_traitsILi4ELi4EN3c108BFloat16EEEv18HadamardParamsBase' for 'sm_87'
      ptxas info    : Function properties for
      _Z30fast_hadamard_transform_kernelI41fast_hadamard_transform_28N_kernel_traitsILi4ELi4EN3c108BFloat16EEEv18HadamardParamsBase
          0 bytes stack frame, 0 bytes spill stores, 0 bytes spill loads
      ptxas info    : Used 216 registers, used 0 barriers, 408 bytes cmem[0]
      ptxas info    : Compile time = 352.104 ms
      ptxas info    : Compiling entry function
      '_Z30fast_hadamard_transform_kernelI41fast_hadamard_transform_28N_kernel_traitsILi2ELi3EN3c108BFloat16EEEv18HadamardParamsBase' for 'sm_87'
      ptxas info    : Function properties for
      _Z30fast_hadamard_transform_kernelI41fast_hadamard_transform_28N_kernel_traitsILi2ELi3EN3c108BFloat16EEEv18HadamardParamsBase
          0 bytes stack frame, 0 bytes spill stores, 0 bytes spill loads
      ptxas info    : Used 226 registers, used 0 barriers, 408 bytes cmem[0]
      ptxas info    : Compile time = 260.561 ms
      ptxas info    : Compiling entry function
      '_Z30fast_hadamard_transform_kernelI41fast_hadamard_transform_28N_kernel_traitsILi1ELi2EN3c108BFloat16EEEv18HadamardParamsBase' for 'sm_87'
      ptxas info    : Function properties for
      _Z30fast_hadamard_transform_kernelI41fast_hadamard_transform_28N_kernel_traitsILi1ELi2EN3c108BFloat16EEEv18HadamardParamsBase
          0 bytes stack frame, 0 bytes spill stores, 0 bytes spill loads
      ptxas info    : Used 216 registers, used 0 barriers, 408 bytes cmem[0]
      ptxas info    : Compile time = 191.222 ms
      ptxas info    : Compiling entry function
      '_Z30fast_hadamard_transform_kernelI41fast_hadamard_transform_28N_kernel_traitsILi256ELi10EN3c104HalfEEEv18HadamardParamsBase' for 'sm_87'
      ptxas info    : Function properties for
      _Z30fast_hadamard_transform_kernelI41fast_hadamard_transform_28N_kernel_traitsILi256ELi10EN3c104HalfEEEv18HadamardParamsBase
          0 bytes stack frame, 0 bytes spill stores, 0 bytes spill loads
      ptxas info    : Used 255 registers, used 1 barriers, 408 bytes cmem[0]
      ptxas info    : Compile time = 2047.411 ms
      ptxas info    : Compiling entry function
      '_Z30fast_hadamard_transform_kernelI41fast_hadamard_transform_28N_kernel_traitsILi128ELi9EN3c104HalfEEEv18HadamardParamsBase' for 'sm_87'
      ptxas info    : Function properties for
      _Z30fast_hadamard_transform_kernelI41fast_hadamard_transform_28N_kernel_traitsILi128ELi9EN3c104HalfEEEv18HadamardParamsBase
          0 bytes stack frame, 0 bytes spill stores, 0 bytes spill loads
      ptxas info    : Used 255 registers, used 1 barriers, 408 bytes cmem[0]
      ptxas info    : Compile time = 1622.150 ms
      ptxas info    : Compiling entry function
      '_Z30fast_hadamard_transform_kernelI41fast_hadamard_transform_28N_kernel_traitsILi64ELi8EN3c104HalfEEEv18HadamardParamsBase' for 'sm_87'
      ptxas info    : Function properties for
      _Z30fast_hadamard_transform_kernelI41fast_hadamard_transform_28N_kernel_traitsILi64ELi8EN3c104HalfEEEv18HadamardParamsBase
          0 bytes stack frame, 0 bytes spill stores, 0 bytes spill loads
      ptxas info    : Used 255 registers, used 1 barriers, 408 bytes cmem[0]
      ptxas info    : Compile time = 1316.901 ms
      ptxas info    : Compiling entry function
      '_Z30fast_hadamard_transform_kernelI41fast_hadamard_transform_28N_kernel_traitsILi32ELi7EN3c104HalfEEEv18HadamardParamsBase' for 'sm_87'
      ptxas info    : Function properties for
      _Z30fast_hadamard_transform_kernelI41fast_hadamard_transform_28N_kernel_traitsILi32ELi7EN3c104HalfEEEv18HadamardParamsBase
          0 bytes stack frame, 0 bytes spill stores, 0 bytes spill loads
      ptxas info    : Used 220 registers, used 0 barriers, 408 bytes cmem[0]
      ptxas info    : Compile time = 959.596 ms
      ptxas info    : Compiling entry function
      '_Z30fast_hadamard_transform_kernelI41fast_hadamard_transform_28N_kernel_traitsILi16ELi6EN3c104HalfEEEv18HadamardParamsBase' for 'sm_87'
      ptxas info    : Function properties for
      _Z30fast_hadamard_transform_kernelI41fast_hadamard_transform_28N_kernel_traitsILi16ELi6EN3c104HalfEEEv18HadamardParamsBase
          0 bytes stack frame, 0 bytes spill stores, 0 bytes spill loads
      ptxas info    : Used 218 registers, used 0 barriers, 408 bytes cmem[0]
      ptxas info    : Compile time = 691.237 ms
      ptxas info    : Compiling entry function
      '_Z30fast_hadamard_transform_kernelI41fast_hadamard_transform_28N_kernel_traitsILi8ELi5EN3c104HalfEEEv18HadamardParamsBase' for 'sm_87'
      ptxas info    : Function properties for
      _Z30fast_hadamard_transform_kernelI41fast_hadamard_transform_28N_kernel_traitsILi8ELi5EN3c104HalfEEEv18HadamardParamsBase
          0 bytes stack frame, 0 bytes spill stores, 0 bytes spill loads
      ptxas info    : Used 212 registers, used 0 barriers, 408 bytes cmem[0]
      ptxas info    : Compile time = 499.695 ms
      ptxas info    : Compiling entry function
      '_Z30fast_hadamard_transform_kernelI41fast_hadamard_transform_28N_kernel_traitsILi4ELi4EN3c104HalfEEEv18HadamardParamsBase' for 'sm_87'
      ptxas info    : Function properties for
      _Z30fast_hadamard_transform_kernelI41fast_hadamard_transform_28N_kernel_traitsILi4ELi4EN3c104HalfEEEv18HadamardParamsBase
          0 bytes stack frame, 0 bytes spill stores, 0 bytes spill loads
      ptxas info    : Used 224 registers, used 0 barriers, 408 bytes cmem[0]
      ptxas info    : Compile time = 367.100 ms
      ptxas info    : Compiling entry function
      '_Z30fast_hadamard_transform_kernelI41fast_hadamard_transform_28N_kernel_traitsILi2ELi3EN3c104HalfEEEv18HadamardParamsBase' for 'sm_87'
      ptxas info    : Function properties for
      _Z30fast_hadamard_transform_kernelI41fast_hadamard_transform_28N_kernel_traitsILi2ELi3EN3c104HalfEEEv18HadamardParamsBase
          0 bytes stack frame, 0 bytes spill stores, 0 bytes spill loads
      ptxas info    : Used 222 registers, used 0 barriers, 408 bytes cmem[0]
      ptxas info    : Compile time = 264.127 ms
      ptxas info    : Compiling entry function
      '_Z30fast_hadamard_transform_kernelI41fast_hadamard_transform_28N_kernel_traitsILi1ELi2EN3c104HalfEEEv18HadamardParamsBase' for 'sm_87'
      ptxas info    : Function properties for
      _Z30fast_hadamard_transform_kernelI41fast_hadamard_transform_28N_kernel_traitsILi1ELi2EN3c104HalfEEEv18HadamardParamsBase
          0 bytes stack frame, 0 bytes spill stores, 0 bytes spill loads
      ptxas info    : Used 220 registers, used 0 barriers, 408 bytes cmem[0]
      ptxas info    : Compile time = 191.507 ms
      ptxas info    : Compiling entry function '_Z30fast_hadamard_transform_kernelI41fast_hadamard_transform_28N_kernel_traitsILi256ELi10EfEEv18HadamardParamsBase'
      for 'sm_87'
      ptxas info    : Function properties for _Z30fast_hadamard_transform_kernelI41fast_hadamard_transform_28N_kernel_traitsILi256ELi10EfEEv18HadamardParamsBase
          0 bytes stack frame, 0 bytes spill stores, 0 bytes spill loads
      ptxas info    : Used 255 registers, used 1 barriers, 408 bytes cmem[0]
      ptxas info    : Compile time = 1846.809 ms
      ptxas info    : Compiling entry function '_Z30fast_hadamard_transform_kernelI41fast_hadamard_transform_28N_kernel_traitsILi128ELi9EfEEv18HadamardParamsBase'
      for 'sm_87'
      ptxas info    : Function properties for _Z30fast_hadamard_transform_kernelI41fast_hadamard_transform_28N_kernel_traitsILi128ELi9EfEEv18HadamardParamsBase
          0 bytes stack frame, 0 bytes spill stores, 0 bytes spill loads
      ptxas info    : Used 255 registers, used 1 barriers, 408 bytes cmem[0]
      ptxas info    : Compile time = 1443.488 ms
      ptxas info    : Compiling entry function '_Z30fast_hadamard_transform_kernelI41fast_hadamard_transform_28N_kernel_traitsILi64ELi8EfEEv18HadamardParamsBase'
      for 'sm_87'
      ptxas info    : Function properties for _Z30fast_hadamard_transform_kernelI41fast_hadamard_transform_28N_kernel_traitsILi64ELi8EfEEv18HadamardParamsBase
          0 bytes stack frame, 0 bytes spill stores, 0 bytes spill loads
      ptxas info    : Used 254 registers, used 1 barriers, 408 bytes cmem[0]
      ptxas info    : Compile time = 1109.517 ms
      ptxas info    : Compiling entry function '_Z30fast_hadamard_transform_kernelI41fast_hadamard_transform_28N_kernel_traitsILi32ELi7EfEEv18HadamardParamsBase'
      for 'sm_87'
      ptxas info    : Function properties for _Z30fast_hadamard_transform_kernelI41fast_hadamard_transform_28N_kernel_traitsILi32ELi7EfEEv18HadamardParamsBase
          0 bytes stack frame, 0 bytes spill stores, 0 bytes spill loads
      ptxas info    : Used 210 registers, used 0 barriers, 408 bytes cmem[0]
      ptxas info    : Compile time = 814.619 ms
      ptxas info    : Compiling entry function '_Z30fast_hadamard_transform_kernelI41fast_hadamard_transform_28N_kernel_traitsILi16ELi6EfEEv18HadamardParamsBase'
      for 'sm_87'
      ptxas info    : Function properties for _Z30fast_hadamard_transform_kernelI41fast_hadamard_transform_28N_kernel_traitsILi16ELi6EfEEv18HadamardParamsBase
          0 bytes stack frame, 0 bytes spill stores, 0 bytes spill loads
      ptxas info    : Used 208 registers, used 0 barriers, 408 bytes cmem[0]
      ptxas info    : Compile time = 559.530 ms
      ptxas info    : Compiling entry function '_Z30fast_hadamard_transform_kernelI41fast_hadamard_transform_28N_kernel_traitsILi8ELi5EfEEv18HadamardParamsBase'
      for 'sm_87'
      ptxas info    : Function properties for _Z30fast_hadamard_transform_kernelI41fast_hadamard_transform_28N_kernel_traitsILi8ELi5EfEEv18HadamardParamsBase
          0 bytes stack frame, 0 bytes spill stores, 0 bytes spill loads
      ptxas info    : Used 208 registers, used 0 barriers, 408 bytes cmem[0]
      ptxas info    : Compile time = 403.960 ms
      ptxas info    : Compiling entry function '_Z30fast_hadamard_transform_kernelI41fast_hadamard_transform_28N_kernel_traitsILi4ELi4EfEEv18HadamardParamsBase'
      for 'sm_87'
      ptxas info    : Function properties for _Z30fast_hadamard_transform_kernelI41fast_hadamard_transform_28N_kernel_traitsILi4ELi4EfEEv18HadamardParamsBase
          0 bytes stack frame, 0 bytes spill stores, 0 bytes spill loads
      ptxas info    : Used 204 registers, used 0 barriers, 408 bytes cmem[0]
      ptxas info    : Compile time = 279.430 ms
      ptxas info    : Compiling entry function '_Z30fast_hadamard_transform_kernelI41fast_hadamard_transform_28N_kernel_traitsILi2ELi3EfEEv18HadamardParamsBase'
      for 'sm_87'
      ptxas info    : Function properties for _Z30fast_hadamard_transform_kernelI41fast_hadamard_transform_28N_kernel_traitsILi2ELi3EfEEv18HadamardParamsBase
          0 bytes stack frame, 0 bytes spill stores, 0 bytes spill loads
      ptxas info    : Used 204 registers, used 0 barriers, 408 bytes cmem[0]
      ptxas info    : Compile time = 203.320 ms
      ptxas info    : Compiling entry function '_Z30fast_hadamard_transform_kernelI41fast_hadamard_transform_28N_kernel_traitsILi1ELi2EfEEv18HadamardParamsBase'
      for 'sm_87'
      ptxas info    : Function properties for _Z30fast_hadamard_transform_kernelI41fast_hadamard_transform_28N_kernel_traitsILi1ELi2EfEEv18HadamardParamsBase
          0 bytes stack frame, 0 bytes spill stores, 0 bytes spill loads
      ptxas info    : Used 200 registers, used 0 barriers, 408 bytes cmem[0]
      ptxas info    : Compile time = 148.638 ms
      ptxas info    : Compiling entry function
      '_Z30fast_hadamard_transform_kernelI41fast_hadamard_transform_20N_kernel_traitsILi256ELi10EN3c108BFloat16EEEv18HadamardParamsBase' for 'sm_87'
      ptxas info    : Function properties for
      _Z30fast_hadamard_transform_kernelI41fast_hadamard_transform_20N_kernel_traitsILi256ELi10EN3c108BFloat16EEEv18HadamardParamsBase
          0 bytes stack frame, 0 bytes spill stores, 0 bytes spill loads
      ptxas info    : Used 201 registers, used 1 barriers, 408 bytes cmem[0]
      ptxas info    : Compile time = 936.224 ms
      ptxas info    : Compiling entry function
      '_Z30fast_hadamard_transform_kernelI41fast_hadamard_transform_20N_kernel_traitsILi128ELi9EN3c108BFloat16EEEv18HadamardParamsBase' for 'sm_87'
      ptxas info    : Function properties for
      _Z30fast_hadamard_transform_kernelI41fast_hadamard_transform_20N_kernel_traitsILi128ELi9EN3c108BFloat16EEEv18HadamardParamsBase
          0 bytes stack frame, 0 bytes spill stores, 0 bytes spill loads
      ptxas info    : Used 209 registers, used 1 barriers, 408 bytes cmem[0]
      ptxas info    : Compile time = 741.335 ms
      ptxas info    : Compiling entry function
      '_Z30fast_hadamard_transform_kernelI41fast_hadamard_transform_20N_kernel_traitsILi64ELi8EN3c108BFloat16EEEv18HadamardParamsBase' for 'sm_87'
      ptxas info    : Function properties for
      _Z30fast_hadamard_transform_kernelI41fast_hadamard_transform_20N_kernel_traitsILi64ELi8EN3c108BFloat16EEEv18HadamardParamsBase
          0 bytes stack frame, 0 bytes spill stores, 0 bytes spill loads
      ptxas info    : Used 206 registers, used 1 barriers, 408 bytes cmem[0]
      ptxas info    : Compile time = 558.450 ms
      ptxas info    : Compiling entry function
      '_Z30fast_hadamard_transform_kernelI41fast_hadamard_transform_20N_kernel_traitsILi32ELi7EN3c108BFloat16EEEv18HadamardParamsBase' for 'sm_87'
      ptxas info    : Function properties for
      _Z30fast_hadamard_transform_kernelI41fast_hadamard_transform_20N_kernel_traitsILi32ELi7EN3c108BFloat16EEEv18HadamardParamsBase
          0 bytes stack frame, 0 bytes spill stores, 0 bytes spill loads
      ptxas info    : Used 168 registers, used 0 barriers, 408 bytes cmem[0]
      ptxas info    : Compile time = 402.697 ms
      ptxas info    : Compiling entry function
      '_Z30fast_hadamard_transform_kernelI41fast_hadamard_transform_20N_kernel_traitsILi16ELi6EN3c108BFloat16EEEv18HadamardParamsBase' for 'sm_87'
      ptxas info    : Function properties for
      _Z30fast_hadamard_transform_kernelI41fast_hadamard_transform_20N_kernel_traitsILi16ELi6EN3c108BFloat16EEEv18HadamardParamsBase
          0 bytes stack frame, 0 bytes spill stores, 0 bytes spill loads
      ptxas info    : Used 168 registers, used 0 barriers, 408 bytes cmem[0]
      ptxas info    : Compile time = 297.228 ms
      ptxas info    : Compiling entry function
      '_Z30fast_hadamard_transform_kernelI41fast_hadamard_transform_20N_kernel_traitsILi8ELi5EN3c108BFloat16EEEv18HadamardParamsBase' for 'sm_87'
      ptxas info    : Function properties for
      _Z30fast_hadamard_transform_kernelI41fast_hadamard_transform_20N_kernel_traitsILi8ELi5EN3c108BFloat16EEEv18HadamardParamsBase
          0 bytes stack frame, 0 bytes spill stores, 0 bytes spill loads
      ptxas info    : Used 168 registers, used 0 barriers, 408 bytes cmem[0]
      ptxas info    : Compile time = 225.321 ms
      ptxas info    : Compiling entry function
      '_Z30fast_hadamard_transform_kernelI41fast_hadamard_transform_20N_kernel_traitsILi4ELi4EN3c108BFloat16EEEv18HadamardParamsBase' for 'sm_87'
      ptxas info    : Function properties for
      _Z30fast_hadamard_transform_kernelI41fast_hadamard_transform_20N_kernel_traitsILi4ELi4EN3c108BFloat16EEEv18HadamardParamsBase
          0 bytes stack frame, 0 bytes spill stores, 0 bytes spill loads
      ptxas info    : Used 168 registers, used 0 barriers, 408 bytes cmem[0]
      ptxas info    : Compile time = 169.687 ms
      ptxas info    : Compiling entry function
      '_Z30fast_hadamard_transform_kernelI41fast_hadamard_transform_20N_kernel_traitsILi2ELi3EN3c108BFloat16EEEv18HadamardParamsBase' for 'sm_87'
      ptxas info    : Function properties for
      _Z30fast_hadamard_transform_kernelI41fast_hadamard_transform_20N_kernel_traitsILi2ELi3EN3c108BFloat16EEEv18HadamardParamsBase
          0 bytes stack frame, 0 bytes spill stores, 0 bytes spill loads
      ptxas info    : Used 168 registers, used 0 barriers, 408 bytes cmem[0]
      ptxas info    : Compile time = 129.318 ms
      ptxas info    : Compiling entry function
      '_Z30fast_hadamard_transform_kernelI41fast_hadamard_transform_20N_kernel_traitsILi1ELi2EN3c108BFloat16EEEv18HadamardParamsBase' for 'sm_87'
      ptxas info    : Function properties for
      _Z30fast_hadamard_transform_kernelI41fast_hadamard_transform_20N_kernel_traitsILi1ELi2EN3c108BFloat16EEEv18HadamardParamsBase
          0 bytes stack frame, 0 bytes spill stores, 0 bytes spill loads
      ptxas info    : Used 198 registers, used 0 barriers, 408 bytes cmem[0]
      ptxas info    : Compile time = 95.471 ms
      ptxas info    : Compiling entry function
      '_Z30fast_hadamard_transform_kernelI41fast_hadamard_transform_20N_kernel_traitsILi256ELi10EN3c104HalfEEEv18HadamardParamsBase' for 'sm_87'
      ptxas info    : Function properties for
      _Z30fast_hadamard_transform_kernelI41fast_hadamard_transform_20N_kernel_traitsILi256ELi10EN3c104HalfEEEv18HadamardParamsBase
          0 bytes stack frame, 0 bytes spill stores, 0 bytes spill loads
      ptxas info    : Used 200 registers, used 1 barriers, 408 bytes cmem[0]
      ptxas info    : Compile time = 981.562 ms
      ptxas info    : Compiling entry function
      '_Z30fast_hadamard_transform_kernelI41fast_hadamard_transform_20N_kernel_traitsILi128ELi9EN3c104HalfEEEv18HadamardParamsBase' for 'sm_87'
      ptxas info    : Function properties for
      _Z30fast_hadamard_transform_kernelI41fast_hadamard_transform_20N_kernel_traitsILi128ELi9EN3c104HalfEEEv18HadamardParamsBase
          0 bytes stack frame, 0 bytes spill stores, 0 bytes spill loads
      ptxas info    : Used 209 registers, used 1 barriers, 408 bytes cmem[0]
      ptxas info    : Compile time = 734.438 ms
      ptxas info    : Compiling entry function
      '_Z30fast_hadamard_transform_kernelI41fast_hadamard_transform_20N_kernel_traitsILi64ELi8EN3c104HalfEEEv18HadamardParamsBase' for 'sm_87'
      ptxas info    : Function properties for
      _Z30fast_hadamard_transform_kernelI41fast_hadamard_transform_20N_kernel_traitsILi64ELi8EN3c104HalfEEEv18HadamardParamsBase
          0 bytes stack frame, 0 bytes spill stores, 0 bytes spill loads
      ptxas info    : Used 206 registers, used 1 barriers, 408 bytes cmem[0]
      ptxas info    : Compile time = 562.334 ms
      ptxas info    : Compiling entry function
      '_Z30fast_hadamard_transform_kernelI41fast_hadamard_transform_20N_kernel_traitsILi32ELi7EN3c104HalfEEEv18HadamardParamsBase' for 'sm_87'
      ptxas info    : Function properties for
      _Z30fast_hadamard_transform_kernelI41fast_hadamard_transform_20N_kernel_traitsILi32ELi7EN3c104HalfEEEv18HadamardParamsBase
          0 bytes stack frame, 0 bytes spill stores, 0 bytes spill loads
      ptxas info    : Used 168 registers, used 0 barriers, 408 bytes cmem[0]
      ptxas info    : Compile time = 404.081 ms
      ptxas info    : Compiling entry function
      '_Z30fast_hadamard_transform_kernelI41fast_hadamard_transform_20N_kernel_traitsILi16ELi6EN3c104HalfEEEv18HadamardParamsBase' for 'sm_87'
      ptxas info    : Function properties for
      _Z30fast_hadamard_transform_kernelI41fast_hadamard_transform_20N_kernel_traitsILi16ELi6EN3c104HalfEEEv18HadamardParamsBase
          0 bytes stack frame, 0 bytes spill stores, 0 bytes spill loads
      ptxas info    : Used 168 registers, used 0 barriers, 408 bytes cmem[0]
      ptxas info    : Compile time = 296.079 ms
      ptxas info    : Compiling entry function
      '_Z30fast_hadamard_transform_kernelI41fast_hadamard_transform_20N_kernel_traitsILi8ELi5EN3c104HalfEEEv18HadamardParamsBase' for 'sm_87'
      ptxas info    : Function properties for
      _Z30fast_hadamard_transform_kernelI41fast_hadamard_transform_20N_kernel_traitsILi8ELi5EN3c104HalfEEEv18HadamardParamsBase
          0 bytes stack frame, 0 bytes spill stores, 0 bytes spill loads
      ptxas info    : Used 168 registers, used 0 barriers, 408 bytes cmem[0]
      ptxas info    : Compile time = 227.005 ms
      ptxas info    : Compiling entry function
      '_Z30fast_hadamard_transform_kernelI41fast_hadamard_transform_20N_kernel_traitsILi4ELi4EN3c104HalfEEEv18HadamardParamsBase' for 'sm_87'
      ptxas info    : Function properties for
      _Z30fast_hadamard_transform_kernelI41fast_hadamard_transform_20N_kernel_traitsILi4ELi4EN3c104HalfEEEv18HadamardParamsBase
          0 bytes stack frame, 0 bytes spill stores, 0 bytes spill loads
      ptxas info    : Used 168 registers, used 0 barriers, 408 bytes cmem[0]
      ptxas info    : Compile time = 169.107 ms
      ptxas info    : Compiling entry function
      '_Z30fast_hadamard_transform_kernelI41fast_hadamard_transform_20N_kernel_traitsILi2ELi3EN3c104HalfEEEv18HadamardParamsBase' for 'sm_87'
      ptxas info    : Function properties for
      _Z30fast_hadamard_transform_kernelI41fast_hadamard_transform_20N_kernel_traitsILi2ELi3EN3c104HalfEEEv18HadamardParamsBase
          0 bytes stack frame, 0 bytes spill stores, 0 bytes spill loads
      ptxas info    : Used 168 registers, used 0 barriers, 408 bytes cmem[0]
      ptxas info    : Compile time = 127.859 ms
      ptxas info    : Compiling entry function
      '_Z30fast_hadamard_transform_kernelI41fast_hadamard_transform_20N_kernel_traitsILi1ELi2EN3c104HalfEEEv18HadamardParamsBase' for 'sm_87'
      ptxas info    : Function properties for
      _Z30fast_hadamard_transform_kernelI41fast_hadamard_transform_20N_kernel_traitsILi1ELi2EN3c104HalfEEEv18HadamardParamsBase
          0 bytes stack frame, 0 bytes spill stores, 0 bytes spill loads
      ptxas info    : Used 200 registers, used 0 barriers, 408 bytes cmem[0]
      ptxas info    : Compile time = 94.444 ms
      ptxas info    : Compiling entry function '_Z30fast_hadamard_transform_kernelI41fast_hadamard_transform_20N_kernel_traitsILi256ELi10EfEEv18HadamardParamsBase'
      for 'sm_87'
      ptxas info    : Function properties for _Z30fast_hadamard_transform_kernelI41fast_hadamard_transform_20N_kernel_traitsILi256ELi10EfEEv18HadamardParamsBase
          0 bytes stack frame, 0 bytes spill stores, 0 bytes spill loads
      ptxas info    : Used 216 registers, used 1 barriers, 408 bytes cmem[0]
      ptxas info    : Compile time = 795.683 ms
      ptxas info    : Compiling entry function '_Z30fast_hadamard_transform_kernelI41fast_hadamard_transform_20N_kernel_traitsILi128ELi9EfEEv18HadamardParamsBase'
      for 'sm_87'
      ptxas info    : Function properties for _Z30fast_hadamard_transform_kernelI41fast_hadamard_transform_20N_kernel_traitsILi128ELi9EfEEv18HadamardParamsBase
          0 bytes stack frame, 0 bytes spill stores, 0 bytes spill loads
      ptxas info    : Used 168 registers, used 1 barriers, 408 bytes cmem[0]
      ptxas info    : Compile time = 613.520 ms
      ptxas info    : Compiling entry function '_Z30fast_hadamard_transform_kernelI41fast_hadamard_transform_20N_kernel_traitsILi64ELi8EfEEv18HadamardParamsBase'
      for 'sm_87'
      ptxas info    : Function properties for _Z30fast_hadamard_transform_kernelI41fast_hadamard_transform_20N_kernel_traitsILi64ELi8EfEEv18HadamardParamsBase
          0 bytes stack frame, 0 bytes spill stores, 0 bytes spill loads
      ptxas info    : Used 168 registers, used 1 barriers, 408 bytes cmem[0]
      ptxas info    : Compile time = 468.172 ms
      ptxas info    : Compiling entry function '_Z30fast_hadamard_transform_kernelI41fast_hadamard_transform_20N_kernel_traitsILi32ELi7EfEEv18HadamardParamsBase'
      for 'sm_87'
      ptxas info    : Function properties for _Z30fast_hadamard_transform_kernelI41fast_hadamard_transform_20N_kernel_traitsILi32ELi7EfEEv18HadamardParamsBase
          0 bytes stack frame, 0 bytes spill stores, 0 bytes spill loads
      ptxas info    : Used 168 registers, used 0 barriers, 408 bytes cmem[0]
      ptxas info    : Compile time = 325.046 ms
      ptxas info    : Compiling entry function '_Z30fast_hadamard_transform_kernelI41fast_hadamard_transform_20N_kernel_traitsILi16ELi6EfEEv18HadamardParamsBase'
      for 'sm_87'
      ptxas info    : Function properties for _Z30fast_hadamard_transform_kernelI41fast_hadamard_transform_20N_kernel_traitsILi16ELi6EfEEv18HadamardParamsBase
          0 bytes stack frame, 0 bytes spill stores, 0 bytes spill loads
      ptxas info    : Used 155 registers, used 0 barriers, 408 bytes cmem[0]
      ptxas info    : Compile time = 253.486 ms
      ptxas info    : Compiling entry function '_Z30fast_hadamard_transform_kernelI41fast_hadamard_transform_20N_kernel_traitsILi8ELi5EfEEv18HadamardParamsBase'
      for 'sm_87'
      ptxas info    : Function properties for _Z30fast_hadamard_transform_kernelI41fast_hadamard_transform_20N_kernel_traitsILi8ELi5EfEEv18HadamardParamsBase
          0 bytes stack frame, 0 bytes spill stores, 0 bytes spill loads
      ptxas info    : Used 167 registers, used 0 barriers, 408 bytes cmem[0]
      ptxas info    : Compile time = 174.571 ms
      ptxas info    : Compiling entry function '_Z30fast_hadamard_transform_kernelI41fast_hadamard_transform_20N_kernel_traitsILi4ELi4EfEEv18HadamardParamsBase'
      for 'sm_87'
      ptxas info    : Function properties for _Z30fast_hadamard_transform_kernelI41fast_hadamard_transform_20N_kernel_traitsILi4ELi4EfEEv18HadamardParamsBase
          0 bytes stack frame, 0 bytes spill stores, 0 bytes spill loads
      ptxas info    : Used 160 registers, used 0 barriers, 408 bytes cmem[0]
      ptxas info    : Compile time = 127.084 ms
      ptxas info    : Compiling entry function '_Z30fast_hadamard_transform_kernelI41fast_hadamard_transform_20N_kernel_traitsILi2ELi3EfEEv18HadamardParamsBase'
      for 'sm_87'
      ptxas info    : Function properties for _Z30fast_hadamard_transform_kernelI41fast_hadamard_transform_20N_kernel_traitsILi2ELi3EfEEv18HadamardParamsBase
          0 bytes stack frame, 0 bytes spill stores, 0 bytes spill loads
      ptxas info    : Used 156 registers, used 0 barriers, 408 bytes cmem[0]
      ptxas info    : Compile time = 88.082 ms
      ptxas info    : Compiling entry function '_Z30fast_hadamard_transform_kernelI41fast_hadamard_transform_20N_kernel_traitsILi1ELi2EfEEv18HadamardParamsBase'
      for 'sm_87'
      ptxas info    : Function properties for _Z30fast_hadamard_transform_kernelI41fast_hadamard_transform_20N_kernel_traitsILi1ELi2EfEEv18HadamardParamsBase
          0 bytes stack frame, 0 bytes spill stores, 0 bytes spill loads
      ptxas info    : Used 156 registers, used 0 barriers, 408 bytes cmem[0]
      ptxas info    : Compile time = 63.359 ms
      ptxas info    : Compiling entry function
      '_Z30fast_hadamard_transform_kernelI41fast_hadamard_transform_12N_kernel_traitsILi256ELi10EN3c108BFloat16EEEv18HadamardParamsBase' for 'sm_87'
      ptxas info    : Function properties for
      _Z30fast_hadamard_transform_kernelI41fast_hadamard_transform_12N_kernel_traitsILi256ELi10EN3c108BFloat16EEEv18HadamardParamsBase
          0 bytes stack frame, 0 bytes spill stores, 0 bytes spill loads
      ptxas info    : Used 113 registers, used 1 barriers, 408 bytes cmem[0]
      ptxas info    : Compile time = 263.805 ms
      ptxas info    : Compiling entry function
      '_Z30fast_hadamard_transform_kernelI41fast_hadamard_transform_12N_kernel_traitsILi128ELi9EN3c108BFloat16EEEv18HadamardParamsBase' for 'sm_87'
      ptxas info    : Function properties for
      _Z30fast_hadamard_transform_kernelI41fast_hadamard_transform_12N_kernel_traitsILi128ELi9EN3c108BFloat16EEEv18HadamardParamsBase
          0 bytes stack frame, 0 bytes spill stores, 0 bytes spill loads
      ptxas info    : Used 96 registers, used 1 barriers, 408 bytes cmem[0]
      ptxas info    : Compile time = 208.519 ms
      ptxas info    : Compiling entry function
      '_Z30fast_hadamard_transform_kernelI41fast_hadamard_transform_12N_kernel_traitsILi64ELi8EN3c108BFloat16EEEv18HadamardParamsBase' for 'sm_87'
      ptxas info    : Function properties for
      _Z30fast_hadamard_transform_kernelI41fast_hadamard_transform_12N_kernel_traitsILi64ELi8EN3c108BFloat16EEEv18HadamardParamsBase
          0 bytes stack frame, 0 bytes spill stores, 0 bytes spill loads
      ptxas info    : Used 96 registers, used 1 barriers, 408 bytes cmem[0]
      ptxas info    : Compile time = 171.510 ms
      ptxas info    : Compiling entry function
      '_Z30fast_hadamard_transform_kernelI41fast_hadamard_transform_12N_kernel_traitsILi32ELi7EN3c108BFloat16EEEv18HadamardParamsBase' for 'sm_87'
      ptxas info    : Function properties for
      _Z30fast_hadamard_transform_kernelI41fast_hadamard_transform_12N_kernel_traitsILi32ELi7EN3c108BFloat16EEEv18HadamardParamsBase
          0 bytes stack frame, 0 bytes spill stores, 0 bytes spill loads
      ptxas info    : Used 100 registers, used 0 barriers, 408 bytes cmem[0]
      ptxas info    : Compile time = 121.036 ms
      ptxas info    : Compiling entry function
      '_Z30fast_hadamard_transform_kernelI41fast_hadamard_transform_12N_kernel_traitsILi16ELi6EN3c108BFloat16EEEv18HadamardParamsBase' for 'sm_87'
      ptxas info    : Function properties for
      _Z30fast_hadamard_transform_kernelI41fast_hadamard_transform_12N_kernel_traitsILi16ELi6EN3c108BFloat16EEEv18HadamardParamsBase
          0 bytes stack frame, 0 bytes spill stores, 0 bytes spill loads
      ptxas info    : Used 101 registers, used 0 barriers, 408 bytes cmem[0]
      ptxas info    : Compile time = 96.714 ms
      ptxas info    : Compiling entry function
      '_Z30fast_hadamard_transform_kernelI41fast_hadamard_transform_12N_kernel_traitsILi8ELi5EN3c108BFloat16EEEv18HadamardParamsBase' for 'sm_87'
      ptxas info    : Function properties for
      _Z30fast_hadamard_transform_kernelI41fast_hadamard_transform_12N_kernel_traitsILi8ELi5EN3c108BFloat16EEEv18HadamardParamsBase
          0 bytes stack frame, 0 bytes spill stores, 0 bytes spill loads
      ptxas info    : Used 100 registers, used 0 barriers, 408 bytes cmem[0]
      ptxas info    : Compile time = 75.043 ms
      ptxas info    : Compiling entry function
      '_Z30fast_hadamard_transform_kernelI41fast_hadamard_transform_12N_kernel_traitsILi4ELi4EN3c108BFloat16EEEv18HadamardParamsBase' for 'sm_87'
      ptxas info    : Function properties for
      _Z30fast_hadamard_transform_kernelI41fast_hadamard_transform_12N_kernel_traitsILi4ELi4EN3c108BFloat16EEEv18HadamardParamsBase
          0 bytes stack frame, 0 bytes spill stores, 0 bytes spill loads
      ptxas info    : Used 96 registers, used 0 barriers, 408 bytes cmem[0]
      ptxas info    : Compile time = 56.996 ms
      ptxas info    : Compiling entry function
      '_Z30fast_hadamard_transform_kernelI41fast_hadamard_transform_12N_kernel_traitsILi2ELi3EN3c108BFloat16EEEv18HadamardParamsBase' for 'sm_87'
      ptxas info    : Function properties for
      _Z30fast_hadamard_transform_kernelI41fast_hadamard_transform_12N_kernel_traitsILi2ELi3EN3c108BFloat16EEEv18HadamardParamsBase
          0 bytes stack frame, 0 bytes spill stores, 0 bytes spill loads
      ptxas info    : Used 96 registers, used 0 barriers, 408 bytes cmem[0]
      ptxas info    : Compile time = 42.172 ms
      ptxas info    : Compiling entry function
      '_Z30fast_hadamard_transform_kernelI41fast_hadamard_transform_12N_kernel_traitsILi1ELi2EN3c108BFloat16EEEv18HadamardParamsBase' for 'sm_87'
      ptxas info    : Function properties for
      _Z30fast_hadamard_transform_kernelI41fast_hadamard_transform_12N_kernel_traitsILi1ELi2EN3c108BFloat16EEEv18HadamardParamsBase
          0 bytes stack frame, 0 bytes spill stores, 0 bytes spill loads
      ptxas info    : Used 96 registers, used 0 barriers, 408 bytes cmem[0]
      ptxas info    : Compile time = 28.486 ms
      ptxas info    : Compiling entry function
      '_Z30fast_hadamard_transform_kernelI41fast_hadamard_transform_12N_kernel_traitsILi256ELi10EN3c104HalfEEEv18HadamardParamsBase' for 'sm_87'
      ptxas info    : Function properties for
      _Z30fast_hadamard_transform_kernelI41fast_hadamard_transform_12N_kernel_traitsILi256ELi10EN3c104HalfEEEv18HadamardParamsBase
          0 bytes stack frame, 0 bytes spill stores, 0 bytes spill loads
      ptxas info    : Used 115 registers, used 1 barriers, 408 bytes cmem[0]
      ptxas info    : Compile time = 264.743 ms
      ptxas info    : Compiling entry function
      '_Z30fast_hadamard_transform_kernelI41fast_hadamard_transform_12N_kernel_traitsILi128ELi9EN3c104HalfEEEv18HadamardParamsBase' for 'sm_87'
      ptxas info    : Function properties for
      _Z30fast_hadamard_transform_kernelI41fast_hadamard_transform_12N_kernel_traitsILi128ELi9EN3c104HalfEEEv18HadamardParamsBase
          0 bytes stack frame, 0 bytes spill stores, 0 bytes spill loads
      ptxas info    : Used 96 registers, used 1 barriers, 408 bytes cmem[0]
      ptxas info    : Compile time = 208.006 ms
      ptxas info    : Compiling entry function
      '_Z30fast_hadamard_transform_kernelI41fast_hadamard_transform_12N_kernel_traitsILi64ELi8EN3c104HalfEEEv18HadamardParamsBase' for 'sm_87'
      ptxas info    : Function properties for
      _Z30fast_hadamard_transform_kernelI41fast_hadamard_transform_12N_kernel_traitsILi64ELi8EN3c104HalfEEEv18HadamardParamsBase
          0 bytes stack frame, 0 bytes spill stores, 0 bytes spill loads
      ptxas info    : Used 96 registers, used 1 barriers, 408 bytes cmem[0]
      ptxas info    : Compile time = 171.747 ms
      ptxas info    : Compiling entry function
      '_Z30fast_hadamard_transform_kernelI41fast_hadamard_transform_12N_kernel_traitsILi32ELi7EN3c104HalfEEEv18HadamardParamsBase' for 'sm_87'
      ptxas info    : Function properties for
      _Z30fast_hadamard_transform_kernelI41fast_hadamard_transform_12N_kernel_traitsILi32ELi7EN3c104HalfEEEv18HadamardParamsBase
          0 bytes stack frame, 0 bytes spill stores, 0 bytes spill loads
      ptxas info    : Used 100 registers, used 0 barriers, 408 bytes cmem[0]
      ptxas info    : Compile time = 120.554 ms
      ptxas info    : Compiling entry function
      '_Z30fast_hadamard_transform_kernelI41fast_hadamard_transform_12N_kernel_traitsILi16ELi6EN3c104HalfEEEv18HadamardParamsBase' for 'sm_87'
      ptxas info    : Function properties for
      _Z30fast_hadamard_transform_kernelI41fast_hadamard_transform_12N_kernel_traitsILi16ELi6EN3c104HalfEEEv18HadamardParamsBase
          0 bytes stack frame, 0 bytes spill stores, 0 bytes spill loads
      ptxas info    : Used 101 registers, used 0 barriers, 408 bytes cmem[0]
      ptxas info    : Compile time = 96.878 ms
      ptxas info    : Compiling entry function
      '_Z30fast_hadamard_transform_kernelI41fast_hadamard_transform_12N_kernel_traitsILi8ELi5EN3c104HalfEEEv18HadamardParamsBase' for 'sm_87'
      ptxas info    : Function properties for
      _Z30fast_hadamard_transform_kernelI41fast_hadamard_transform_12N_kernel_traitsILi8ELi5EN3c104HalfEEEv18HadamardParamsBase
          0 bytes stack frame, 0 bytes spill stores, 0 bytes spill loads
      ptxas info    : Used 100 registers, used 0 barriers, 408 bytes cmem[0]
      ptxas info    : Compile time = 74.951 ms
      ptxas info    : Compiling entry function
      '_Z30fast_hadamard_transform_kernelI41fast_hadamard_transform_12N_kernel_traitsILi4ELi4EN3c104HalfEEEv18HadamardParamsBase' for 'sm_87'
      ptxas info    : Function properties for
      _Z30fast_hadamard_transform_kernelI41fast_hadamard_transform_12N_kernel_traitsILi4ELi4EN3c104HalfEEEv18HadamardParamsBase
          0 bytes stack frame, 0 bytes spill stores, 0 bytes spill loads
      ptxas info    : Used 94 registers, used 0 barriers, 408 bytes cmem[0]
      ptxas info    : Compile time = 56.089 ms
      ptxas info    : Compiling entry function
      '_Z30fast_hadamard_transform_kernelI41fast_hadamard_transform_12N_kernel_traitsILi2ELi3EN3c104HalfEEEv18HadamardParamsBase' for 'sm_87'
      ptxas info    : Function properties for
      _Z30fast_hadamard_transform_kernelI41fast_hadamard_transform_12N_kernel_traitsILi2ELi3EN3c104HalfEEEv18HadamardParamsBase
          0 bytes stack frame, 0 bytes spill stores, 0 bytes spill loads
      ptxas info    : Used 96 registers, used 0 barriers, 408 bytes cmem[0]
      ptxas info    : Compile time = 42.306 ms
      ptxas info    : Compiling entry function
      '_Z30fast_hadamard_transform_kernelI41fast_hadamard_transform_12N_kernel_traitsILi1ELi2EN3c104HalfEEEv18HadamardParamsBase' for 'sm_87'
      ptxas info    : Function properties for
      _Z30fast_hadamard_transform_kernelI41fast_hadamard_transform_12N_kernel_traitsILi1ELi2EN3c104HalfEEEv18HadamardParamsBase
          0 bytes stack frame, 0 bytes spill stores, 0 bytes spill loads
      ptxas info    : Used 94 registers, used 0 barriers, 408 bytes cmem[0]
      ptxas info    : Compile time = 28.332 ms
      ptxas info    : Compiling entry function '_Z30fast_hadamard_transform_kernelI41fast_hadamard_transform_12N_kernel_traitsILi256ELi10EfEEv18HadamardParamsBase'
      for 'sm_87'
      ptxas info    : Function properties for _Z30fast_hadamard_transform_kernelI41fast_hadamard_transform_12N_kernel_traitsILi256ELi10EfEEv18HadamardParamsBase
          0 bytes stack frame, 0 bytes spill stores, 0 bytes spill loads
      ptxas info    : Used 116 registers, used 1 barriers, 408 bytes cmem[0]
      ptxas info    : Compile time = 222.445 ms
      ptxas info    : Compiling entry function '_Z30fast_hadamard_transform_kernelI41fast_hadamard_transform_12N_kernel_traitsILi128ELi9EfEEv18HadamardParamsBase'
      for 'sm_87'
      ptxas info    : Function properties for _Z30fast_hadamard_transform_kernelI41fast_hadamard_transform_12N_kernel_traitsILi128ELi9EfEEv18HadamardParamsBase
          0 bytes stack frame, 0 bytes spill stores, 0 bytes spill loads
      ptxas info    : Used 96 registers, used 1 barriers, 408 bytes cmem[0]
      ptxas info    : Compile time = 174.632 ms
      ptxas info    : Compiling entry function '_Z30fast_hadamard_transform_kernelI41fast_hadamard_transform_12N_kernel_traitsILi64ELi8EfEEv18HadamardParamsBase'
      for 'sm_87'
      ptxas info    : Function properties for _Z30fast_hadamard_transform_kernelI41fast_hadamard_transform_12N_kernel_traitsILi64ELi8EfEEv18HadamardParamsBase
          0 bytes stack frame, 0 bytes spill stores, 0 bytes spill loads
      ptxas info    : Used 96 registers, used 1 barriers, 408 bytes cmem[0]
      ptxas info    : Compile time = 141.091 ms
      ptxas info    : Compiling entry function '_Z30fast_hadamard_transform_kernelI41fast_hadamard_transform_12N_kernel_traitsILi32ELi7EfEEv18HadamardParamsBase'
      for 'sm_87'
      ptxas info    : Function properties for _Z30fast_hadamard_transform_kernelI41fast_hadamard_transform_12N_kernel_traitsILi32ELi7EfEEv18HadamardParamsBase
          0 bytes stack frame, 0 bytes spill stores, 0 bytes spill loads
      ptxas info    : Used 106 registers, used 0 barriers, 408 bytes cmem[0]
      ptxas info    : Compile time = 105.145 ms
      ptxas info    : Compiling entry function '_Z30fast_hadamard_transform_kernelI41fast_hadamard_transform_12N_kernel_traitsILi16ELi6EfEEv18HadamardParamsBase'
      for 'sm_87'
      ptxas info    : Function properties for _Z30fast_hadamard_transform_kernelI41fast_hadamard_transform_12N_kernel_traitsILi16ELi6EfEEv18HadamardParamsBase
          0 bytes stack frame, 0 bytes spill stores, 0 bytes spill loads
      ptxas info    : Used 112 registers, used 0 barriers, 408 bytes cmem[0]
      ptxas info    : Compile time = 82.283 ms
      ptxas info    : Compiling entry function '_Z30fast_hadamard_transform_kernelI41fast_hadamard_transform_12N_kernel_traitsILi8ELi5EfEEv18HadamardParamsBase'
      for 'sm_87'
      ptxas info    : Function properties for _Z30fast_hadamard_transform_kernelI41fast_hadamard_transform_12N_kernel_traitsILi8ELi5EfEEv18HadamardParamsBase
          0 bytes stack frame, 0 bytes spill stores, 0 bytes spill loads
      ptxas info    : Used 106 registers, used 0 barriers, 408 bytes cmem[0]
      ptxas info    : Compile time = 61.822 ms
      ptxas info    : Compiling entry function '_Z30fast_hadamard_transform_kernelI41fast_hadamard_transform_12N_kernel_traitsILi4ELi4EfEEv18HadamardParamsBase'
      for 'sm_87'
      ptxas info    : Function properties for _Z30fast_hadamard_transform_kernelI41fast_hadamard_transform_12N_kernel_traitsILi4ELi4EfEEv18HadamardParamsBase
          0 bytes stack frame, 0 bytes spill stores, 0 bytes spill loads
      ptxas info    : Used 104 registers, used 0 barriers, 408 bytes cmem[0]
      ptxas info    : Compile time = 44.988 ms
      ptxas info    : Compiling entry function '_Z30fast_hadamard_transform_kernelI41fast_hadamard_transform_12N_kernel_traitsILi2ELi3EfEEv18HadamardParamsBase'
      for 'sm_87'
      ptxas info    : Function properties for _Z30fast_hadamard_transform_kernelI41fast_hadamard_transform_12N_kernel_traitsILi2ELi3EfEEv18HadamardParamsBase
          0 bytes stack frame, 0 bytes spill stores, 0 bytes spill loads
      ptxas info    : Used 112 registers, used 0 barriers, 408 bytes cmem[0]
      ptxas info    : Compile time = 32.236 ms
      ptxas info    : Compiling entry function '_Z30fast_hadamard_transform_kernelI41fast_hadamard_transform_12N_kernel_traitsILi1ELi2EfEEv18HadamardParamsBase'
      for 'sm_87'
      ptxas info    : Function properties for _Z30fast_hadamard_transform_kernelI41fast_hadamard_transform_12N_kernel_traitsILi1ELi2EfEEv18HadamardParamsBase
          0 bytes stack frame, 0 bytes spill stores, 0 bytes spill loads
      ptxas info    : Used 89 registers, used 0 barriers, 408 bytes cmem[0]
      ptxas info    : Compile time = 21.258 ms
      ptxas info    : Compiling entry function
      '_Z30fast_hadamard_transform_kernelI37fast_hadamard_transform_kernel_traitsILi256ELi15EN3c108BFloat16EEEv18HadamardParamsBase' for 'sm_87'
      ptxas info    : Function properties for
      _Z30fast_hadamard_transform_kernelI37fast_hadamard_transform_kernel_traitsILi256ELi15EN3c108BFloat16EEEv18HadamardParamsBase
          0 bytes stack frame, 0 bytes spill stores, 0 bytes spill loads
      ptxas info    : Used 255 registers, used 1 barriers, 408 bytes cmem[0]
      ptxas info    : Compile time = 1943.659 ms
      ptxas info    : Compiling entry function
      '_Z30fast_hadamard_transform_kernelI37fast_hadamard_transform_kernel_traitsILi256ELi14EN3c108BFloat16EEEv18HadamardParamsBase' for 'sm_87'
      ptxas info    : Function properties for
      _Z30fast_hadamard_transform_kernelI37fast_hadamard_transform_kernel_traitsILi256ELi14EN3c108BFloat16EEEv18HadamardParamsBase
          0 bytes stack frame, 0 bytes spill stores, 0 bytes spill loads
      ptxas info    : Used 124 registers, used 1 barriers, 408 bytes cmem[0]
      ptxas info    : Compile time = 383.804 ms
      ptxas info    : Compiling entry function
      '_Z30fast_hadamard_transform_kernelI37fast_hadamard_transform_kernel_traitsILi256ELi13EN3c108BFloat16EEEv18HadamardParamsBase' for 'sm_87'
      ptxas info    : Function properties for
      _Z30fast_hadamard_transform_kernelI37fast_hadamard_transform_kernel_traitsILi256ELi13EN3c108BFloat16EEEv18HadamardParamsBase
          0 bytes stack frame, 0 bytes spill stores, 0 bytes spill loads
      ptxas info    : Used 48 registers, used 1 barriers, 408 bytes cmem[0]
      ptxas info    : Compile time = 98.738 ms
      ptxas info    : Compiling entry function
      '_Z30fast_hadamard_transform_kernelI37fast_hadamard_transform_kernel_traitsILi256ELi12EN3c108BFloat16EEEv18HadamardParamsBase' for 'sm_87'
      ptxas info    : Function properties for
      _Z30fast_hadamard_transform_kernelI37fast_hadamard_transform_kernel_traitsILi256ELi12EN3c108BFloat16EEEv18HadamardParamsBase
          0 bytes stack frame, 0 bytes spill stores, 0 bytes spill loads
      ptxas info    : Used 43 registers, used 1 barriers, 408 bytes cmem[0]
      ptxas info    : Compile time = 35.091 ms
      ptxas info    : Compiling entry function
      '_Z30fast_hadamard_transform_kernelI37fast_hadamard_transform_kernel_traitsILi256ELi11EN3c108BFloat16EEEv18HadamardParamsBase' for 'sm_87'
      ptxas info    : Function properties for
      _Z30fast_hadamard_transform_kernelI37fast_hadamard_transform_kernel_traitsILi256ELi11EN3c108BFloat16EEEv18HadamardParamsBase
          0 bytes stack frame, 0 bytes spill stores, 0 bytes spill loads
      ptxas info    : Used 35 registers, used 1 barriers, 408 bytes cmem[0]
      ptxas info    : Compile time = 15.140 ms
      ptxas info    : Compiling entry function
      '_Z30fast_hadamard_transform_kernelI37fast_hadamard_transform_kernel_traitsILi128ELi10EN3c108BFloat16EEEv18HadamardParamsBase' for 'sm_87'
      ptxas info    : Function properties for
      _Z30fast_hadamard_transform_kernelI37fast_hadamard_transform_kernel_traitsILi128ELi10EN3c108BFloat16EEEv18HadamardParamsBase
          0 bytes stack frame, 0 bytes spill stores, 0 bytes spill loads
      ptxas info    : Used 32 registers, used 1 barriers, 408 bytes cmem[0]
      ptxas info    : Compile time = 13.988 ms
      ptxas info    : Compiling entry function
      '_Z30fast_hadamard_transform_kernelI37fast_hadamard_transform_kernel_traitsILi32ELi9EN3c108BFloat16EEEv18HadamardParamsBase' for 'sm_87'
      ptxas info    : Function properties for
      _Z30fast_hadamard_transform_kernelI37fast_hadamard_transform_kernel_traitsILi32ELi9EN3c108BFloat16EEEv18HadamardParamsBase
          0 bytes stack frame, 0 bytes spill stores, 0 bytes spill loads
      ptxas info    : Used 41 registers, used 0 barriers, 408 bytes cmem[0]
      ptxas info    : Compile time = 19.938 ms
      ptxas info    : Compiling entry function
      '_Z30fast_hadamard_transform_kernelI37fast_hadamard_transform_kernel_traitsILi32ELi8EN3c108BFloat16EEEv18HadamardParamsBase' for 'sm_87'
      ptxas info    : Function properties for
      _Z30fast_hadamard_transform_kernelI37fast_hadamard_transform_kernel_traitsILi32ELi8EN3c108BFloat16EEEv18HadamardParamsBase
          0 bytes stack frame, 0 bytes spill stores, 0 bytes spill loads
      ptxas info    : Used 25 registers, used 0 barriers, 408 bytes cmem[0]
      ptxas info    : Compile time = 9.097 ms
      ptxas info    : Compiling entry function
      '_Z30fast_hadamard_transform_kernelI37fast_hadamard_transform_kernel_traitsILi16ELi7EN3c108BFloat16EEEv18HadamardParamsBase' for 'sm_87'
      ptxas info    : Function properties for
      _Z30fast_hadamard_transform_kernelI37fast_hadamard_transform_kernel_traitsILi16ELi7EN3c108BFloat16EEEv18HadamardParamsBase
          0 bytes stack frame, 0 bytes spill stores, 0 bytes spill loads
      ptxas info    : Used 25 registers, used 0 barriers, 408 bytes cmem[0]
      ptxas info    : Compile time = 7.848 ms
      ptxas info    : Compiling entry function
      '_Z30fast_hadamard_transform_kernelI37fast_hadamard_transform_kernel_traitsILi8ELi6EN3c108BFloat16EEEv18HadamardParamsBase' for 'sm_87'
      ptxas info    : Function properties for
      _Z30fast_hadamard_transform_kernelI37fast_hadamard_transform_kernel_traitsILi8ELi6EN3c108BFloat16EEEv18HadamardParamsBase
          0 bytes stack frame, 0 bytes spill stores, 0 bytes spill loads
      ptxas info    : Used 26 registers, used 0 barriers, 408 bytes cmem[0]
      ptxas info    : Compile time = 6.841 ms
      ptxas info    : Compiling entry function
      '_Z30fast_hadamard_transform_kernelI37fast_hadamard_transform_kernel_traitsILi4ELi5EN3c108BFloat16EEEv18HadamardParamsBase' for 'sm_87'
      ptxas info    : Function properties for
      _Z30fast_hadamard_transform_kernelI37fast_hadamard_transform_kernel_traitsILi4ELi5EN3c108BFloat16EEEv18HadamardParamsBase
          0 bytes stack frame, 0 bytes spill stores, 0 bytes spill loads
      ptxas info    : Used 26 registers, used 0 barriers, 408 bytes cmem[0]
      ptxas info    : Compile time = 5.609 ms
      ptxas info    : Compiling entry function
      '_Z30fast_hadamard_transform_kernelI37fast_hadamard_transform_kernel_traitsILi2ELi4EN3c108BFloat16EEEv18HadamardParamsBase' for 'sm_87'
      ptxas info    : Function properties for
      _Z30fast_hadamard_transform_kernelI37fast_hadamard_transform_kernel_traitsILi2ELi4EN3c108BFloat16EEEv18HadamardParamsBase
          0 bytes stack frame, 0 bytes spill stores, 0 bytes spill loads
      ptxas info    : Used 24 registers, used 0 barriers, 408 bytes cmem[0]
      ptxas info    : Compile time = 4.446 ms
      ptxas info    : Compiling entry function
      '_Z30fast_hadamard_transform_kernelI37fast_hadamard_transform_kernel_traitsILi1ELi3EN3c108BFloat16EEEv18HadamardParamsBase' for 'sm_87'
      ptxas info    : Function properties for
      _Z30fast_hadamard_transform_kernelI37fast_hadamard_transform_kernel_traitsILi1ELi3EN3c108BFloat16EEEv18HadamardParamsBase
          0 bytes stack frame, 0 bytes spill stores, 0 bytes spill loads
      ptxas info    : Used 18 registers, used 0 barriers, 408 bytes cmem[0]
      ptxas info    : Compile time = 2.932 ms
      ptxas info    : Compiling entry function
      '_Z30fast_hadamard_transform_kernelI37fast_hadamard_transform_kernel_traitsILi256ELi15EN3c104HalfEEEv18HadamardParamsBase' for 'sm_87'
      ptxas info    : Function properties for
      _Z30fast_hadamard_transform_kernelI37fast_hadamard_transform_kernel_traitsILi256ELi15EN3c104HalfEEEv18HadamardParamsBase
          0 bytes stack frame, 0 bytes spill stores, 0 bytes spill loads
      ptxas info    : Used 255 registers, used 1 barriers, 408 bytes cmem[0]
      ptxas info    : Compile time = 1931.984 ms
      ptxas info    : Compiling entry function
      '_Z30fast_hadamard_transform_kernelI37fast_hadamard_transform_kernel_traitsILi256ELi14EN3c104HalfEEEv18HadamardParamsBase' for 'sm_87'
      ptxas info    : Function properties for
      _Z30fast_hadamard_transform_kernelI37fast_hadamard_transform_kernel_traitsILi256ELi14EN3c104HalfEEEv18HadamardParamsBase
          0 bytes stack frame, 0 bytes spill stores, 0 bytes spill loads
      ptxas info    : Used 114 registers, used 1 barriers, 408 bytes cmem[0]
      ptxas info    : Compile time = 389.886 ms
      ptxas info    : Compiling entry function
      '_Z30fast_hadamard_transform_kernelI37fast_hadamard_transform_kernel_traitsILi256ELi13EN3c104HalfEEEv18HadamardParamsBase' for 'sm_87'
      ptxas info    : Function properties for
      _Z30fast_hadamard_transform_kernelI37fast_hadamard_transform_kernel_traitsILi256ELi13EN3c104HalfEEEv18HadamardParamsBase
          0 bytes stack frame, 0 bytes spill stores, 0 bytes spill loads
      ptxas info    : Used 63 registers, used 1 barriers, 408 bytes cmem[0]
      ptxas info    : Compile time = 99.899 ms
      ptxas info    : Compiling entry function
      '_Z30fast_hadamard_transform_kernelI37fast_hadamard_transform_kernel_traitsILi256ELi12EN3c104HalfEEEv18HadamardParamsBase' for 'sm_87'
      ptxas info    : Function properties for
      _Z30fast_hadamard_transform_kernelI37fast_hadamard_transform_kernel_traitsILi256ELi12EN3c104HalfEEEv18HadamardParamsBase
          0 bytes stack frame, 0 bytes spill stores, 0 bytes spill loads
      ptxas info    : Used 43 registers, used 1 barriers, 408 bytes cmem[0]
      ptxas info    : Compile time = 35.396 ms
      ptxas info    : Compiling entry function
      '_Z30fast_hadamard_transform_kernelI37fast_hadamard_transform_kernel_traitsILi256ELi11EN3c104HalfEEEv18HadamardParamsBase' for 'sm_87'
      ptxas info    : Function properties for
      _Z30fast_hadamard_transform_kernelI37fast_hadamard_transform_kernel_traitsILi256ELi11EN3c104HalfEEEv18HadamardParamsBase
          0 bytes stack frame, 0 bytes spill stores, 0 bytes spill loads
      ptxas info    : Used 35 registers, used 1 barriers, 408 bytes cmem[0]
      ptxas info    : Compile time = 15.321 ms
      ptxas info    : Compiling entry function
      '_Z30fast_hadamard_transform_kernelI37fast_hadamard_transform_kernel_traitsILi128ELi10EN3c104HalfEEEv18HadamardParamsBase' for 'sm_87'
      ptxas info    : Function properties for
      _Z30fast_hadamard_transform_kernelI37fast_hadamard_transform_kernel_traitsILi128ELi10EN3c104HalfEEEv18HadamardParamsBase
          0 bytes stack frame, 0 bytes spill stores, 0 bytes spill loads
      ptxas info    : Used 32 registers, used 1 barriers, 408 bytes cmem[0]
      ptxas info    : Compile time = 13.178 ms
      ptxas info    : Compiling entry function
      '_Z30fast_hadamard_transform_kernelI37fast_hadamard_transform_kernel_traitsILi32ELi9EN3c104HalfEEEv18HadamardParamsBase' for 'sm_87'
      ptxas info    : Function properties for _Z30fast_hadamard_transform_kernelI37fast_hadamard_transform_kernel_traitsILi32ELi9EN3c104HalfEEEv18HadamardParamsBase
          0 bytes stack frame, 0 bytes spill stores, 0 bytes spill loads
      ptxas info    : Used 40 registers, used 0 barriers, 408 bytes cmem[0]
      ptxas info    : Compile time = 20.015 ms
      ptxas info    : Compiling entry function
      '_Z30fast_hadamard_transform_kernelI37fast_hadamard_transform_kernel_traitsILi32ELi8EN3c104HalfEEEv18HadamardParamsBase' for 'sm_87'
      ptxas info    : Function properties for _Z30fast_hadamard_transform_kernelI37fast_hadamard_transform_kernel_traitsILi32ELi8EN3c104HalfEEEv18HadamardParamsBase
          0 bytes stack frame, 0 bytes spill stores, 0 bytes spill loads
      ptxas info    : Used 25 registers, used 0 barriers, 408 bytes cmem[0]
      ptxas info    : Compile time = 9.109 ms
      ptxas info    : Compiling entry function
      '_Z30fast_hadamard_transform_kernelI37fast_hadamard_transform_kernel_traitsILi16ELi7EN3c104HalfEEEv18HadamardParamsBase' for 'sm_87'
      ptxas info    : Function properties for _Z30fast_hadamard_transform_kernelI37fast_hadamard_transform_kernel_traitsILi16ELi7EN3c104HalfEEEv18HadamardParamsBase
          0 bytes stack frame, 0 bytes spill stores, 0 bytes spill loads
      ptxas info    : Used 25 registers, used 0 barriers, 408 bytes cmem[0]
      ptxas info    : Compile time = 7.858 ms
      ptxas info    : Compiling entry function
      '_Z30fast_hadamard_transform_kernelI37fast_hadamard_transform_kernel_traitsILi8ELi6EN3c104HalfEEEv18HadamardParamsBase' for 'sm_87'
      ptxas info    : Function properties for _Z30fast_hadamard_transform_kernelI37fast_hadamard_transform_kernel_traitsILi8ELi6EN3c104HalfEEEv18HadamardParamsBase
          0 bytes stack frame, 0 bytes spill stores, 0 bytes spill loads
      ptxas info    : Used 26 registers, used 0 barriers, 408 bytes cmem[0]
      ptxas info    : Compile time = 6.824 ms
      ptxas info    : Compiling entry function
      '_Z30fast_hadamard_transform_kernelI37fast_hadamard_transform_kernel_traitsILi4ELi5EN3c104HalfEEEv18HadamardParamsBase' for 'sm_87'
      ptxas info    : Function properties for _Z30fast_hadamard_transform_kernelI37fast_hadamard_transform_kernel_traitsILi4ELi5EN3c104HalfEEEv18HadamardParamsBase
          0 bytes stack frame, 0 bytes spill stores, 0 bytes spill loads
      ptxas info    : Used 26 registers, used 0 barriers, 408 bytes cmem[0]
      ptxas info    : Compile time = 5.650 ms
      ptxas info    : Compiling entry function
      '_Z30fast_hadamard_transform_kernelI37fast_hadamard_transform_kernel_traitsILi2ELi4EN3c104HalfEEEv18HadamardParamsBase' for 'sm_87'
      ptxas info    : Function properties for _Z30fast_hadamard_transform_kernelI37fast_hadamard_transform_kernel_traitsILi2ELi4EN3c104HalfEEEv18HadamardParamsBase
          0 bytes stack frame, 0 bytes spill stores, 0 bytes spill loads
      ptxas info    : Used 26 registers, used 0 barriers, 408 bytes cmem[0]
      ptxas info    : Compile time = 4.453 ms
      ptxas info    : Compiling entry function
      '_Z30fast_hadamard_transform_kernelI37fast_hadamard_transform_kernel_traitsILi1ELi3EN3c104HalfEEEv18HadamardParamsBase' for 'sm_87'
      ptxas info    : Function properties for _Z30fast_hadamard_transform_kernelI37fast_hadamard_transform_kernel_traitsILi1ELi3EN3c104HalfEEEv18HadamardParamsBase
          0 bytes stack frame, 0 bytes spill stores, 0 bytes spill loads
      ptxas info    : Used 20 registers, used 0 barriers, 408 bytes cmem[0]
      ptxas info    : Compile time = 2.995 ms
      ptxas info    : Compiling entry function '_Z30fast_hadamard_transform_kernelI37fast_hadamard_transform_kernel_traitsILi256ELi15EfEEv18HadamardParamsBase'
      for 'sm_87'
      ptxas info    : Function properties for _Z30fast_hadamard_transform_kernelI37fast_hadamard_transform_kernel_traitsILi256ELi15EfEEv18HadamardParamsBase
          48 bytes stack frame, 44 bytes spill stores, 44 bytes spill loads
      ptxas info    : Used 255 registers, used 1 barriers, 48 bytes cumulative stack size, 408 bytes cmem[0]
      ptxas info    : Compile time = 2182.603 ms
      ptxas info    : Compiling entry function '_Z30fast_hadamard_transform_kernelI37fast_hadamard_transform_kernel_traitsILi256ELi14EfEEv18HadamardParamsBase'
      for 'sm_87'
      ptxas info    : Function properties for _Z30fast_hadamard_transform_kernelI37fast_hadamard_transform_kernel_traitsILi256ELi14EfEEv18HadamardParamsBase
          0 bytes stack frame, 0 bytes spill stores, 0 bytes spill loads
      ptxas info    : Used 128 registers, used 1 barriers, 408 bytes cmem[0]
      ptxas info    : Compile time = 388.059 ms
      ptxas info    : Compiling entry function '_Z30fast_hadamard_transform_kernelI37fast_hadamard_transform_kernel_traitsILi256ELi13EfEEv18HadamardParamsBase'
      for 'sm_87'
      ptxas info    : Function properties for _Z30fast_hadamard_transform_kernelI37fast_hadamard_transform_kernel_traitsILi256ELi13EfEEv18HadamardParamsBase
          0 bytes stack frame, 0 bytes spill stores, 0 bytes spill loads
      ptxas info    : Used 64 registers, used 1 barriers, 408 bytes cmem[0]
      ptxas info    : Compile time = 97.093 ms
      ptxas info    : Compiling entry function '_Z30fast_hadamard_transform_kernelI37fast_hadamard_transform_kernel_traitsILi256ELi12EfEEv18HadamardParamsBase'
      for 'sm_87'
      ptxas info    : Function properties for _Z30fast_hadamard_transform_kernelI37fast_hadamard_transform_kernel_traitsILi256ELi12EfEEv18HadamardParamsBase
          0 bytes stack frame, 0 bytes spill stores, 0 bytes spill loads
      ptxas info    : Used 48 registers, used 1 barriers, 408 bytes cmem[0]
      ptxas info    : Compile time = 33.856 ms
      ptxas info    : Compiling entry function '_Z30fast_hadamard_transform_kernelI37fast_hadamard_transform_kernel_traitsILi256ELi11EfEEv18HadamardParamsBase'
      for 'sm_87'
      ptxas info    : Function properties for _Z30fast_hadamard_transform_kernelI37fast_hadamard_transform_kernel_traitsILi256ELi11EfEEv18HadamardParamsBase
          0 bytes stack frame, 0 bytes spill stores, 0 bytes spill loads
      ptxas info    : Used 33 registers, used 1 barriers, 408 bytes cmem[0]
      ptxas info    : Compile time = 14.762 ms
      ptxas info    : Compiling entry function '_Z30fast_hadamard_transform_kernelI37fast_hadamard_transform_kernel_traitsILi128ELi10EfEEv18HadamardParamsBase'
      for 'sm_87'
      ptxas info    : Function properties for _Z30fast_hadamard_transform_kernelI37fast_hadamard_transform_kernel_traitsILi128ELi10EfEEv18HadamardParamsBase
          0 bytes stack frame, 0 bytes spill stores, 0 bytes spill loads
      ptxas info    : Used 33 registers, used 1 barriers, 408 bytes cmem[0]
      ptxas info    : Compile time = 13.225 ms
      ptxas info    : Compiling entry function '_Z30fast_hadamard_transform_kernelI37fast_hadamard_transform_kernel_traitsILi32ELi9EfEEv18HadamardParamsBase'
      for 'sm_87'
      ptxas info    : Function properties for _Z30fast_hadamard_transform_kernelI37fast_hadamard_transform_kernel_traitsILi32ELi9EfEEv18HadamardParamsBase
          0 bytes stack frame, 0 bytes spill stores, 0 bytes spill loads
      ptxas info    : Used 50 registers, used 0 barriers, 408 bytes cmem[0]
      ptxas info    : Compile time = 19.787 ms
      ptxas info    : Compiling entry function '_Z30fast_hadamard_transform_kernelI37fast_hadamard_transform_kernel_traitsILi32ELi8EfEEv18HadamardParamsBase'
      for 'sm_87'
      ptxas info    : Function properties for _Z30fast_hadamard_transform_kernelI37fast_hadamard_transform_kernel_traitsILi32ELi8EfEEv18HadamardParamsBase
          0 bytes stack frame, 0 bytes spill stores, 0 bytes spill loads
      ptxas info    : Used 26 registers, used 0 barriers, 408 bytes cmem[0]
      ptxas info    : Compile time = 9.219 ms
      ptxas info    : Compiling entry function '_Z30fast_hadamard_transform_kernelI37fast_hadamard_transform_kernel_traitsILi16ELi7EfEEv18HadamardParamsBase'
      for 'sm_87'
      ptxas info    : Function properties for _Z30fast_hadamard_transform_kernelI37fast_hadamard_transform_kernel_traitsILi16ELi7EfEEv18HadamardParamsBase
          0 bytes stack frame, 0 bytes spill stores, 0 bytes spill loads
      ptxas info    : Used 26 registers, used 0 barriers, 408 bytes cmem[0]
      ptxas info    : Compile time = 7.923 ms
      ptxas info    : Compiling entry function '_Z30fast_hadamard_transform_kernelI37fast_hadamard_transform_kernel_traitsILi8ELi6EfEEv18HadamardParamsBase'
      for 'sm_87'
      ptxas info    : Function properties for _Z30fast_hadamard_transform_kernelI37fast_hadamard_transform_kernel_traitsILi8ELi6EfEEv18HadamardParamsBase
          0 bytes stack frame, 0 bytes spill stores, 0 bytes spill loads
      ptxas info    : Used 26 registers, used 0 barriers, 408 bytes cmem[0]
      ptxas info    : Compile time = 6.914 ms
      ptxas info    : Compiling entry function '_Z30fast_hadamard_transform_kernelI37fast_hadamard_transform_kernel_traitsILi4ELi5EfEEv18HadamardParamsBase'
      for 'sm_87'
      ptxas info    : Function properties for _Z30fast_hadamard_transform_kernelI37fast_hadamard_transform_kernel_traitsILi4ELi5EfEEv18HadamardParamsBase
          0 bytes stack frame, 0 bytes spill stores, 0 bytes spill loads
      ptxas info    : Used 26 registers, used 0 barriers, 408 bytes cmem[0]
      ptxas info    : Compile time = 5.801 ms
      ptxas info    : Compiling entry function '_Z30fast_hadamard_transform_kernelI37fast_hadamard_transform_kernel_traitsILi2ELi4EfEEv18HadamardParamsBase'
      for 'sm_87'
      ptxas info    : Function properties for _Z30fast_hadamard_transform_kernelI37fast_hadamard_transform_kernel_traitsILi2ELi4EfEEv18HadamardParamsBase
          0 bytes stack frame, 0 bytes spill stores, 0 bytes spill loads
      ptxas info    : Used 28 registers, used 0 barriers, 408 bytes cmem[0]
      ptxas info    : Compile time = 4.548 ms
      ptxas info    : Compiling entry function '_Z30fast_hadamard_transform_kernelI37fast_hadamard_transform_kernel_traitsILi1ELi3EfEEv18HadamardParamsBase'
      for 'sm_87'
      ptxas info    : Function properties for _Z30fast_hadamard_transform_kernelI37fast_hadamard_transform_kernel_traitsILi1ELi3EfEEv18HadamardParamsBase
          0 bytes stack frame, 0 bytes spill stores, 0 bytes spill loads
      ptxas info    : Used 26 registers, used 0 barriers, 408 bytes cmem[0]
      ptxas info    : Compile time = 2.923 ms
      ptxas info    : 0 bytes gmem
      ptxas info    : Compiling entry function
      '_Z30fast_hadamard_transform_kernelI41fast_hadamard_transform_40N_kernel_traitsILi256ELi10EN3c108BFloat16EEEv18HadamardParamsBase' for 'sm_80'
      ptxas info    : Function properties for
      _Z30fast_hadamard_transform_kernelI41fast_hadamard_transform_40N_kernel_traitsILi256ELi10EN3c108BFloat16EEEv18HadamardParamsBase
          224 bytes stack frame, 224 bytes spill stores, 224 bytes spill loads
      ptxas info    : Used 255 registers, used 1 barriers, 224 bytes cumulative stack size, 408 bytes cmem[0]
      ptxas info    : Compile time = 4515.654 ms
      ptxas info    : Compiling entry function
      '_Z30fast_hadamard_transform_kernelI41fast_hadamard_transform_40N_kernel_traitsILi128ELi9EN3c108BFloat16EEEv18HadamardParamsBase' for 'sm_80'
      ptxas info    : Function properties for
      _Z30fast_hadamard_transform_kernelI41fast_hadamard_transform_40N_kernel_traitsILi128ELi9EN3c108BFloat16EEEv18HadamardParamsBase
          208 bytes stack frame, 204 bytes spill stores, 204 bytes spill loads
      ptxas info    : Used 255 registers, used 1 barriers, 208 bytes cumulative stack size, 408 bytes cmem[0]
      ptxas info    : Compile time = 3509.849 ms
      ptxas info    : Compiling entry function
      '_Z30fast_hadamard_transform_kernelI41fast_hadamard_transform_40N_kernel_traitsILi64ELi8EN3c108BFloat16EEEv18HadamardParamsBase' for 'sm_80'
      ptxas info    : Function properties for
      _Z30fast_hadamard_transform_kernelI41fast_hadamard_transform_40N_kernel_traitsILi64ELi8EN3c108BFloat16EEEv18HadamardParamsBase
          208 bytes stack frame, 204 bytes spill stores, 204 bytes spill loads
      ptxas info    : Used 255 registers, used 1 barriers, 208 bytes cumulative stack size, 408 bytes cmem[0]
      ptxas info    : Compile time = 3068.486 ms
      ptxas info    : Compiling entry function
      '_Z30fast_hadamard_transform_kernelI41fast_hadamard_transform_40N_kernel_traitsILi32ELi7EN3c108BFloat16EEEv18HadamardParamsBase' for 'sm_80'
      ptxas info    : Function properties for
      _Z30fast_hadamard_transform_kernelI41fast_hadamard_transform_40N_kernel_traitsILi32ELi7EN3c108BFloat16EEEv18HadamardParamsBase
          184 bytes stack frame, 184 bytes spill stores, 184 bytes spill loads
      ptxas info    : Used 255 registers, used 0 barriers, 184 bytes cumulative stack size, 408 bytes cmem[0]
      ptxas info    : Compile time = 2124.028 ms
      ptxas info    : Compiling entry function
      '_Z30fast_hadamard_transform_kernelI41fast_hadamard_transform_40N_kernel_traitsILi16ELi6EN3c108BFloat16EEEv18HadamardParamsBase' for 'sm_80'
      ptxas info    : Function properties for
      _Z30fast_hadamard_transform_kernelI41fast_hadamard_transform_40N_kernel_traitsILi16ELi6EN3c108BFloat16EEEv18HadamardParamsBase
          192 bytes stack frame, 188 bytes spill stores, 188 bytes spill loads
      ptxas info    : Used 255 registers, used 0 barriers, 192 bytes cumulative stack size, 408 bytes cmem[0]
      ptxas info    : Compile time = 1612.382 ms
      ptxas info    : Compiling entry function
      '_Z30fast_hadamard_transform_kernelI41fast_hadamard_transform_40N_kernel_traitsILi8ELi5EN3c108BFloat16EEEv18HadamardParamsBase' for 'sm_80'
      ptxas info    : Function properties for
      _Z30fast_hadamard_transform_kernelI41fast_hadamard_transform_40N_kernel_traitsILi8ELi5EN3c108BFloat16EEEv18HadamardParamsBase
          192 bytes stack frame, 192 bytes spill stores, 192 bytes spill loads
      ptxas info    : Used 255 registers, used 0 barriers, 192 bytes cumulative stack size, 408 bytes cmem[0]
      ptxas info    : Compile time = 1193.658 ms
      ptxas info    : Compiling entry function
      '_Z30fast_hadamard_transform_kernelI41fast_hadamard_transform_40N_kernel_traitsILi4ELi4EN3c108BFloat16EEEv18HadamardParamsBase' for 'sm_80'
      ptxas info    : Function properties for
      _Z30fast_hadamard_transform_kernelI41fast_hadamard_transform_40N_kernel_traitsILi4ELi4EN3c108BFloat16EEEv18HadamardParamsBase
          184 bytes stack frame, 180 bytes spill stores, 180 bytes spill loads
      ptxas info    : Used 255 registers, used 0 barriers, 184 bytes cumulative stack size, 408 bytes cmem[0]
      ptxas info    : Compile time = 807.525 ms
      ptxas info    : Compiling entry function
      '_Z30fast_hadamard_transform_kernelI41fast_hadamard_transform_40N_kernel_traitsILi2ELi3EN3c108BFloat16EEEv18HadamardParamsBase' for 'sm_80'
      ptxas info    : Function properties for
      _Z30fast_hadamard_transform_kernelI41fast_hadamard_transform_40N_kernel_traitsILi2ELi3EN3c108BFloat16EEEv18HadamardParamsBase
          184 bytes stack frame, 180 bytes spill stores, 180 bytes spill loads
      ptxas info    : Used 255 registers, used 0 barriers, 184 bytes cumulative stack size, 408 bytes cmem[0]
      ptxas info    : Compile time = 551.872 ms
      ptxas info    : Compiling entry function
      '_Z30fast_hadamard_transform_kernelI41fast_hadamard_transform_40N_kernel_traitsILi1ELi2EN3c108BFloat16EEEv18HadamardParamsBase' for 'sm_80'
      ptxas info    : Function properties for
      _Z30fast_hadamard_transform_kernelI41fast_hadamard_transform_40N_kernel_traitsILi1ELi2EN3c108BFloat16EEEv18HadamardParamsBase
          192 bytes stack frame, 184 bytes spill stores, 184 bytes spill loads
      ptxas info    : Used 255 registers, used 0 barriers, 192 bytes cumulative stack size, 408 bytes cmem[0]
      ptxas info    : Compile time = 384.549 ms
      ptxas info    : Compiling entry function
      '_Z30fast_hadamard_transform_kernelI41fast_hadamard_transform_40N_kernel_traitsILi256ELi10EN3c104HalfEEEv18HadamardParamsBase' for 'sm_80'
      ptxas info    : Function properties for
      _Z30fast_hadamard_transform_kernelI41fast_hadamard_transform_40N_kernel_traitsILi256ELi10EN3c104HalfEEEv18HadamardParamsBase
          224 bytes stack frame, 224 bytes spill stores, 224 bytes spill loads
      ptxas info    : Used 255 registers, used 1 barriers, 224 bytes cumulative stack size, 408 bytes cmem[0]
      ptxas info    : Compile time = 4593.154 ms
      ptxas info    : Compiling entry function
      '_Z30fast_hadamard_transform_kernelI41fast_hadamard_transform_40N_kernel_traitsILi128ELi9EN3c104HalfEEEv18HadamardParamsBase' for 'sm_80'
      ptxas info    : Function properties for
      _Z30fast_hadamard_transform_kernelI41fast_hadamard_transform_40N_kernel_traitsILi128ELi9EN3c104HalfEEEv18HadamardParamsBase
          208 bytes stack frame, 204 bytes spill stores, 204 bytes spill loads
      ptxas info    : Used 255 registers, used 1 barriers, 208 bytes cumulative stack size, 408 bytes cmem[0]
      ptxas info    : Compile time = 6213.341 ms
      ptxas info    : Compiling entry function
      '_Z30fast_hadamard_transform_kernelI41fast_hadamard_transform_40N_kernel_traitsILi64ELi8EN3c104HalfEEEv18HadamardParamsBase' for 'sm_80'
      ptxas info    : Function properties for
      _Z30fast_hadamard_transform_kernelI41fast_hadamard_transform_40N_kernel_traitsILi64ELi8EN3c104HalfEEEv18HadamardParamsBase
          208 bytes stack frame, 204 bytes spill stores, 204 bytes spill loads
      ptxas info    : Used 255 registers, used 1 barriers, 208 bytes cumulative stack size, 408 bytes cmem[0]
      ptxas info    : Compile time = 3346.239 ms
      ptxas info    : Compiling entry function
      '_Z30fast_hadamard_transform_kernelI41fast_hadamard_transform_40N_kernel_traitsILi32ELi7EN3c104HalfEEEv18HadamardParamsBase' for 'sm_80'
      ptxas info    : Function properties for
      _Z30fast_hadamard_transform_kernelI41fast_hadamard_transform_40N_kernel_traitsILi32ELi7EN3c104HalfEEEv18HadamardParamsBase
          184 bytes stack frame, 184 bytes spill stores, 184 bytes spill loads
      ptxas info    : Used 255 registers, used 0 barriers, 184 bytes cumulative stack size, 408 bytes cmem[0]
      ptxas info    : Compile time = 2234.280 ms
      ptxas info    : Compiling entry function
      '_Z30fast_hadamard_transform_kernelI41fast_hadamard_transform_40N_kernel_traitsILi16ELi6EN3c104HalfEEEv18HadamardParamsBase' for 'sm_80'
      ptxas info    : Function properties for
      _Z30fast_hadamard_transform_kernelI41fast_hadamard_transform_40N_kernel_traitsILi16ELi6EN3c104HalfEEEv18HadamardParamsBase
          192 bytes stack frame, 188 bytes spill stores, 188 bytes spill loads
      ptxas info    : Used 255 registers, used 0 barriers, 192 bytes cumulative stack size, 408 bytes cmem[0]
      ptxas info    : Compile time = 1744.556 ms
      ptxas info    : Compiling entry function
      '_Z30fast_hadamard_transform_kernelI41fast_hadamard_transform_40N_kernel_traitsILi8ELi5EN3c104HalfEEEv18HadamardParamsBase' for 'sm_80'
      ptxas info    : Function properties for
      _Z30fast_hadamard_transform_kernelI41fast_hadamard_transform_40N_kernel_traitsILi8ELi5EN3c104HalfEEEv18HadamardParamsBase
          192 bytes stack frame, 192 bytes spill stores, 192 bytes spill loads
      ptxas info    : Used 255 registers, used 0 barriers, 192 bytes cumulative stack size, 408 bytes cmem[0]
      ptxas info    : Compile time = 1245.034 ms
      ptxas info    : Compiling entry function
      '_Z30fast_hadamard_transform_kernelI41fast_hadamard_transform_40N_kernel_traitsILi4ELi4EN3c104HalfEEEv18HadamardParamsBase' for 'sm_80'
      ptxas info    : Function properties for
      _Z30fast_hadamard_transform_kernelI41fast_hadamard_transform_40N_kernel_traitsILi4ELi4EN3c104HalfEEEv18HadamardParamsBase
          192 bytes stack frame, 188 bytes spill stores, 188 bytes spill loads
      ptxas info    : Used 255 registers, used 0 barriers, 192 bytes cumulative stack size, 408 bytes cmem[0]
      ptxas info    : Compile time = 867.653 ms
      ptxas info    : Compiling entry function
      '_Z30fast_hadamard_transform_kernelI41fast_hadamard_transform_40N_kernel_traitsILi2ELi3EN3c104HalfEEEv18HadamardParamsBase' for 'sm_80'
      ptxas info    : Function properties for
      _Z30fast_hadamard_transform_kernelI41fast_hadamard_transform_40N_kernel_traitsILi2ELi3EN3c104HalfEEEv18HadamardParamsBase
          184 bytes stack frame, 180 bytes spill stores, 180 bytes spill loads
      ptxas info    : Used 255 registers, used 0 barriers, 184 bytes cumulative stack size, 408 bytes cmem[0]
      ptxas info    : Compile time = 584.063 ms
      ptxas info    : Compiling entry function
      '_Z30fast_hadamard_transform_kernelI41fast_hadamard_transform_40N_kernel_traitsILi1ELi2EN3c104HalfEEEv18HadamardParamsBase' for 'sm_80'
      ptxas info    : Function properties for
      _Z30fast_hadamard_transform_kernelI41fast_hadamard_transform_40N_kernel_traitsILi1ELi2EN3c104HalfEEEv18HadamardParamsBase
          184 bytes stack frame, 180 bytes spill stores, 180 bytes spill loads
      ptxas info    : Used 255 registers, used 0 barriers, 184 bytes cumulative stack size, 408 bytes cmem[0]
      ptxas info    : Compile time = 398.575 ms
      ptxas info    : Compiling entry function '_Z30fast_hadamard_transform_kernelI41fast_hadamard_transform_40N_kernel_traitsILi256ELi10EfEEv18HadamardParamsBase'
      for 'sm_80'
      ptxas info    : Function properties for _Z30fast_hadamard_transform_kernelI41fast_hadamard_transform_40N_kernel_traitsILi256ELi10EfEEv18HadamardParamsBase
          72 bytes stack frame, 68 bytes spill stores, 68 bytes spill loads
      ptxas info    : Used 255 registers, used 1 barriers, 72 bytes cumulative stack size, 408 bytes cmem[0]
      ptxas info    : Compile time = 4893.355 ms
      ptxas info    : Compiling entry function '_Z30fast_hadamard_transform_kernelI41fast_hadamard_transform_40N_kernel_traitsILi128ELi9EfEEv18HadamardParamsBase'
      for 'sm_80'
      ptxas info    : Function properties for _Z30fast_hadamard_transform_kernelI41fast_hadamard_transform_40N_kernel_traitsILi128ELi9EfEEv18HadamardParamsBase
          72 bytes stack frame, 72 bytes spill stores, 72 bytes spill loads
      ptxas info    : Used 255 registers, used 1 barriers, 72 bytes cumulative stack size, 408 bytes cmem[0]
      ptxas info    : Compile time = 3781.598 ms
      ptxas info    : Compiling entry function '_Z30fast_hadamard_transform_kernelI41fast_hadamard_transform_40N_kernel_traitsILi64ELi8EfEEv18HadamardParamsBase'
      for 'sm_80'
      ptxas info    : Function properties for _Z30fast_hadamard_transform_kernelI41fast_hadamard_transform_40N_kernel_traitsILi64ELi8EfEEv18HadamardParamsBase
          64 bytes stack frame, 60 bytes spill stores, 60 bytes spill loads
      ptxas info    : Used 255 registers, used 1 barriers, 64 bytes cumulative stack size, 408 bytes cmem[0]
      ptxas info    : Compile time = 2786.724 ms
      ptxas info    : Compiling entry function '_Z30fast_hadamard_transform_kernelI41fast_hadamard_transform_40N_kernel_traitsILi32ELi7EfEEv18HadamardParamsBase'
      for 'sm_80'
      ptxas info    : Function properties for _Z30fast_hadamard_transform_kernelI41fast_hadamard_transform_40N_kernel_traitsILi32ELi7EfEEv18HadamardParamsBase
          64 bytes stack frame, 60 bytes spill stores, 60 bytes spill loads
      ptxas info    : Used 255 registers, used 0 barriers, 64 bytes cumulative stack size, 408 bytes cmem[0]
      ptxas info    : Compile time = 1978.054 ms
      ptxas info    : Compiling entry function '_Z30fast_hadamard_transform_kernelI41fast_hadamard_transform_40N_kernel_traitsILi16ELi6EfEEv18HadamardParamsBase'
      for 'sm_80'
      ptxas info    : Function properties for _Z30fast_hadamard_transform_kernelI41fast_hadamard_transform_40N_kernel_traitsILi16ELi6EfEEv18HadamardParamsBase
          64 bytes stack frame, 60 bytes spill stores, 60 bytes spill loads
      ptxas info    : Used 255 registers, used 0 barriers, 64 bytes cumulative stack size, 408 bytes cmem[0]
      ptxas info    : Compile time = 1570.077 ms
      ptxas info    : Compiling entry function '_Z30fast_hadamard_transform_kernelI41fast_hadamard_transform_40N_kernel_traitsILi8ELi5EfEEv18HadamardParamsBase'
      for 'sm_80'
      ptxas info    : Function properties for _Z30fast_hadamard_transform_kernelI41fast_hadamard_transform_40N_kernel_traitsILi8ELi5EfEEv18HadamardParamsBase
          64 bytes stack frame, 60 bytes spill stores, 60 bytes spill loads
      ptxas info    : Used 255 registers, used 0 barriers, 64 bytes cumulative stack size, 408 bytes cmem[0]
      ptxas info    : Compile time = 1040.442 ms
      ptxas info    : Compiling entry function '_Z30fast_hadamard_transform_kernelI41fast_hadamard_transform_40N_kernel_traitsILi4ELi4EfEEv18HadamardParamsBase'
      for 'sm_80'
      ptxas info    : Function properties for _Z30fast_hadamard_transform_kernelI41fast_hadamard_transform_40N_kernel_traitsILi4ELi4EfEEv18HadamardParamsBase
          64 bytes stack frame, 64 bytes spill stores, 64 bytes spill loads
      ptxas info    : Used 255 registers, used 0 barriers, 64 bytes cumulative stack size, 408 bytes cmem[0]
      ptxas info    : Compile time = 657.935 ms
      ptxas info    : Compiling entry function '_Z30fast_hadamard_transform_kernelI41fast_hadamard_transform_40N_kernel_traitsILi2ELi3EfEEv18HadamardParamsBase'
      for 'sm_80'
      ptxas info    : Function properties for _Z30fast_hadamard_transform_kernelI41fast_hadamard_transform_40N_kernel_traitsILi2ELi3EfEEv18HadamardParamsBase
          64 bytes stack frame, 64 bytes spill stores, 64 bytes spill loads
      ptxas info    : Used 255 registers, used 0 barriers, 64 bytes cumulative stack size, 408 bytes cmem[0]
      ptxas info    : Compile time = 458.591 ms
      ptxas info    : Compiling entry function '_Z30fast_hadamard_transform_kernelI41fast_hadamard_transform_40N_kernel_traitsILi1ELi2EfEEv18HadamardParamsBase'
      for 'sm_80'
      ptxas info    : Function properties for _Z30fast_hadamard_transform_kernelI41fast_hadamard_transform_40N_kernel_traitsILi1ELi2EfEEv18HadamardParamsBase
          56 bytes stack frame, 52 bytes spill stores, 52 bytes spill loads
      ptxas info    : Used 255 registers, used 0 barriers, 56 bytes cumulative stack size, 408 bytes cmem[0]
      ptxas info    : Compile time = 329.031 ms
      ptxas info    : Compiling entry function
      '_Z30fast_hadamard_transform_kernelI41fast_hadamard_transform_28N_kernel_traitsILi256ELi10EN3c108BFloat16EEEv18HadamardParamsBase' for 'sm_80'
      ptxas info    : Function properties for
      _Z30fast_hadamard_transform_kernelI41fast_hadamard_transform_28N_kernel_traitsILi256ELi10EN3c108BFloat16EEEv18HadamardParamsBase
          0 bytes stack frame, 0 bytes spill stores, 0 bytes spill loads
      ptxas info    : Used 255 registers, used 1 barriers, 408 bytes cmem[0]
      ptxas info    : Compile time = 2207.871 ms
      ptxas info    : Compiling entry function
      '_Z30fast_hadamard_transform_kernelI41fast_hadamard_transform_28N_kernel_traitsILi128ELi9EN3c108BFloat16EEEv18HadamardParamsBase' for 'sm_80'
      ptxas info    : Function properties for
      _Z30fast_hadamard_transform_kernelI41fast_hadamard_transform_28N_kernel_traitsILi128ELi9EN3c108BFloat16EEEv18HadamardParamsBase
          0 bytes stack frame, 0 bytes spill stores, 0 bytes spill loads
      ptxas info    : Used 255 registers, used 1 barriers, 408 bytes cmem[0]
      ptxas info    : Compile time = 1621.049 ms
      ptxas info    : Compiling entry function
      '_Z30fast_hadamard_transform_kernelI41fast_hadamard_transform_28N_kernel_traitsILi64ELi8EN3c108BFloat16EEEv18HadamardParamsBase' for 'sm_80'
      ptxas info    : Function properties for
      _Z30fast_hadamard_transform_kernelI41fast_hadamard_transform_28N_kernel_traitsILi64ELi8EN3c108BFloat16EEEv18HadamardParamsBase
          0 bytes stack frame, 0 bytes spill stores, 0 bytes spill loads
      ptxas info    : Used 255 registers, used 1 barriers, 408 bytes cmem[0]
      ptxas info    : Compile time = 1298.895 ms
      ptxas info    : Compiling entry function
      '_Z30fast_hadamard_transform_kernelI41fast_hadamard_transform_28N_kernel_traitsILi32ELi7EN3c108BFloat16EEEv18HadamardParamsBase' for 'sm_80'
      ptxas info    : Function properties for
      _Z30fast_hadamard_transform_kernelI41fast_hadamard_transform_28N_kernel_traitsILi32ELi7EN3c108BFloat16EEEv18HadamardParamsBase
          0 bytes stack frame, 0 bytes spill stores, 0 bytes spill loads
      ptxas info    : Used 204 registers, used 0 barriers, 408 bytes cmem[0]
      ptxas info    : Compile time = 921.128 ms
      ptxas info    : Compiling entry function
      '_Z30fast_hadamard_transform_kernelI41fast_hadamard_transform_28N_kernel_traitsILi16ELi6EN3c108BFloat16EEEv18HadamardParamsBase' for 'sm_80'
      ptxas info    : Function properties for
      _Z30fast_hadamard_transform_kernelI41fast_hadamard_transform_28N_kernel_traitsILi16ELi6EN3c108BFloat16EEEv18HadamardParamsBase
          0 bytes stack frame, 0 bytes spill stores, 0 bytes spill loads
      ptxas info    : Used 202 registers, used 0 barriers, 408 bytes cmem[0]
      ptxas info    : Compile time = 674.395 ms
      ptxas info    : Compiling entry function
      '_Z30fast_hadamard_transform_kernelI41fast_hadamard_transform_28N_kernel_traitsILi8ELi5EN3c108BFloat16EEEv18HadamardParamsBase' for 'sm_80'
      ptxas info    : Function properties for
      _Z30fast_hadamard_transform_kernelI41fast_hadamard_transform_28N_kernel_traitsILi8ELi5EN3c108BFloat16EEEv18HadamardParamsBase
          0 bytes stack frame, 0 bytes spill stores, 0 bytes spill loads
      ptxas info    : Used 220 registers, used 0 barriers, 408 bytes cmem[0]
      ptxas info    : Compile time = 482.612 ms
      ptxas info    : Compiling entry function
      '_Z30fast_hadamard_transform_kernelI41fast_hadamard_transform_28N_kernel_traitsILi4ELi4EN3c108BFloat16EEEv18HadamardParamsBase' for 'sm_80'
      ptxas info    : Function properties for
      _Z30fast_hadamard_transform_kernelI41fast_hadamard_transform_28N_kernel_traitsILi4ELi4EN3c108BFloat16EEEv18HadamardParamsBase
          0 bytes stack frame, 0 bytes spill stores, 0 bytes spill loads
      ptxas info    : Used 216 registers, used 0 barriers, 408 bytes cmem[0]
      ptxas info    : Compile time = 347.305 ms
      ptxas info    : Compiling entry function
      '_Z30fast_hadamard_transform_kernelI41fast_hadamard_transform_28N_kernel_traitsILi2ELi3EN3c108BFloat16EEEv18HadamardParamsBase' for 'sm_80'
      ptxas info    : Function properties for
      _Z30fast_hadamard_transform_kernelI41fast_hadamard_transform_28N_kernel_traitsILi2ELi3EN3c108BFloat16EEEv18HadamardParamsBase
          0 bytes stack frame, 0 bytes spill stores, 0 bytes spill loads
      ptxas info    : Used 248 registers, used 0 barriers, 408 bytes cmem[0]
      ptxas info    : Compile time = 251.182 ms
      ptxas info    : Compiling entry function
      '_Z30fast_hadamard_transform_kernelI41fast_hadamard_transform_28N_kernel_traitsILi1ELi2EN3c108BFloat16EEEv18HadamardParamsBase' for 'sm_80'
      ptxas info    : Function properties for
      _Z30fast_hadamard_transform_kernelI41fast_hadamard_transform_28N_kernel_traitsILi1ELi2EN3c108BFloat16EEEv18HadamardParamsBase
          0 bytes stack frame, 0 bytes spill stores, 0 bytes spill loads
      ptxas info    : Used 222 registers, used 0 barriers, 408 bytes cmem[0]
      ptxas info    : Compile time = 183.922 ms
      ptxas info    : Compiling entry function
      '_Z30fast_hadamard_transform_kernelI41fast_hadamard_transform_28N_kernel_traitsILi256ELi10EN3c104HalfEEEv18HadamardParamsBase' for 'sm_80'
      ptxas info    : Function properties for
      _Z30fast_hadamard_transform_kernelI41fast_hadamard_transform_28N_kernel_traitsILi256ELi10EN3c104HalfEEEv18HadamardParamsBase
          0 bytes stack frame, 0 bytes spill stores, 0 bytes spill loads
      ptxas info    : Used 255 registers, used 1 barriers, 408 bytes cmem[0]
      ptxas info    : Compile time = 2058.812 ms
      ptxas info    : Compiling entry function
      '_Z30fast_hadamard_transform_kernelI41fast_hadamard_transform_28N_kernel_traitsILi128ELi9EN3c104HalfEEEv18HadamardParamsBase' for 'sm_80'
      ptxas info    : Function properties for
      _Z30fast_hadamard_transform_kernelI41fast_hadamard_transform_28N_kernel_traitsILi128ELi9EN3c104HalfEEEv18HadamardParamsBase
          0 bytes stack frame, 0 bytes spill stores, 0 bytes spill loads
      ptxas info    : Used 255 registers, used 1 barriers, 408 bytes cmem[0]
      ptxas info    : Compile time = 1623.113 ms
      ptxas info    : Compiling entry function
      '_Z30fast_hadamard_transform_kernelI41fast_hadamard_transform_28N_kernel_traitsILi64ELi8EN3c104HalfEEEv18HadamardParamsBase' for 'sm_80'
      ptxas info    : Function properties for
      _Z30fast_hadamard_transform_kernelI41fast_hadamard_transform_28N_kernel_traitsILi64ELi8EN3c104HalfEEEv18HadamardParamsBase
          0 bytes stack frame, 0 bytes spill stores, 0 bytes spill loads
      ptxas info    : Used 254 registers, used 1 barriers, 408 bytes cmem[0]
      ptxas info    : Compile time = 1341.159 ms
      ptxas info    : Compiling entry function
      '_Z30fast_hadamard_transform_kernelI41fast_hadamard_transform_28N_kernel_traitsILi32ELi7EN3c104HalfEEEv18HadamardParamsBase' for 'sm_80'
      ptxas info    : Function properties for
      _Z30fast_hadamard_transform_kernelI41fast_hadamard_transform_28N_kernel_traitsILi32ELi7EN3c104HalfEEEv18HadamardParamsBase
          0 bytes stack frame, 0 bytes spill stores, 0 bytes spill loads
      ptxas info    : Used 218 registers, used 0 barriers, 408 bytes cmem[0]
      ptxas info    : Compile time = 940.132 ms
      ptxas info    : Compiling entry function
      '_Z30fast_hadamard_transform_kernelI41fast_hadamard_transform_28N_kernel_traitsILi16ELi6EN3c104HalfEEEv18HadamardParamsBase' for 'sm_80'
      ptxas info    : Function properties for
      _Z30fast_hadamard_transform_kernelI41fast_hadamard_transform_28N_kernel_traitsILi16ELi6EN3c104HalfEEEv18HadamardParamsBase
          0 bytes stack frame, 0 bytes spill stores, 0 bytes spill loads
      ptxas info    : Used 220 registers, used 0 barriers, 408 bytes cmem[0]
      ptxas info    : Compile time = 687.618 ms
      ptxas info    : Compiling entry function
      '_Z30fast_hadamard_transform_kernelI41fast_hadamard_transform_28N_kernel_traitsILi8ELi5EN3c104HalfEEEv18HadamardParamsBase' for 'sm_80'
      ptxas info    : Function properties for
      _Z30fast_hadamard_transform_kernelI41fast_hadamard_transform_28N_kernel_traitsILi8ELi5EN3c104HalfEEEv18HadamardParamsBase
          0 bytes stack frame, 0 bytes spill stores, 0 bytes spill loads
      ptxas info    : Used 220 registers, used 0 barriers, 408 bytes cmem[0]
      ptxas info    : Compile time = 485.745 ms
      ptxas info    : Compiling entry function
      '_Z30fast_hadamard_transform_kernelI41fast_hadamard_transform_28N_kernel_traitsILi4ELi4EN3c104HalfEEEv18HadamardParamsBase' for 'sm_80'
      ptxas info    : Function properties for
      _Z30fast_hadamard_transform_kernelI41fast_hadamard_transform_28N_kernel_traitsILi4ELi4EN3c104HalfEEEv18HadamardParamsBase
          0 bytes stack frame, 0 bytes spill stores, 0 bytes spill loads
      ptxas info    : Used 220 registers, used 0 barriers, 408 bytes cmem[0]
      ptxas info    : Compile time = 344.269 ms
      ptxas info    : Compiling entry function
      '_Z30fast_hadamard_transform_kernelI41fast_hadamard_transform_28N_kernel_traitsILi2ELi3EN3c104HalfEEEv18HadamardParamsBase' for 'sm_80'
      ptxas info    : Function properties for
      _Z30fast_hadamard_transform_kernelI41fast_hadamard_transform_28N_kernel_traitsILi2ELi3EN3c104HalfEEEv18HadamardParamsBase
          0 bytes stack frame, 0 bytes spill stores, 0 bytes spill loads
      ptxas info    : Used 248 registers, used 0 barriers, 408 bytes cmem[0]
      ptxas info    : Compile time = 252.232 ms
      ptxas info    : Compiling entry function
      '_Z30fast_hadamard_transform_kernelI41fast_hadamard_transform_28N_kernel_traitsILi1ELi2EN3c104HalfEEEv18HadamardParamsBase' for 'sm_80'
      ptxas info    : Function properties for
      _Z30fast_hadamard_transform_kernelI41fast_hadamard_transform_28N_kernel_traitsILi1ELi2EN3c104HalfEEEv18HadamardParamsBase
          0 bytes stack frame, 0 bytes spill stores, 0 bytes spill loads
      ptxas info    : Used 226 registers, used 0 barriers, 408 bytes cmem[0]
      ptxas info    : Compile time = 183.376 ms
      ptxas info    : Compiling entry function '_Z30fast_hadamard_transform_kernelI41fast_hadamard_transform_28N_kernel_traitsILi256ELi10EfEEv18HadamardParamsBase'
      for 'sm_80'
      ptxas info    : Function properties for _Z30fast_hadamard_transform_kernelI41fast_hadamard_transform_28N_kernel_traitsILi256ELi10EfEEv18HadamardParamsBase
          0 bytes stack frame, 0 bytes spill stores, 0 bytes spill loads
      ptxas info    : Used 255 registers, used 1 barriers, 408 bytes cmem[0]
      ptxas info    : Compile time = 1805.170 ms
      ptxas info    : Compiling entry function '_Z30fast_hadamard_transform_kernelI41fast_hadamard_transform_28N_kernel_traitsILi128ELi9EfEEv18HadamardParamsBase'
      for 'sm_80'
      ptxas info    : Function properties for _Z30fast_hadamard_transform_kernelI41fast_hadamard_transform_28N_kernel_traitsILi128ELi9EfEEv18HadamardParamsBase
          0 bytes stack frame, 0 bytes spill stores, 0 bytes spill loads
      ptxas info    : Used 254 registers, used 1 barriers, 408 bytes cmem[0]
      ptxas info    : Compile time = 1448.011 ms
      ptxas info    : Compiling entry function '_Z30fast_hadamard_transform_kernelI41fast_hadamard_transform_28N_kernel_traitsILi64ELi8EfEEv18HadamardParamsBase'
      for 'sm_80'
      ptxas info    : Function properties for _Z30fast_hadamard_transform_kernelI41fast_hadamard_transform_28N_kernel_traitsILi64ELi8EfEEv18HadamardParamsBase
          0 bytes stack frame, 0 bytes spill stores, 0 bytes spill loads
      ptxas info    : Used 254 registers, used 1 barriers, 408 bytes cmem[0]
      ptxas info    : Compile time = 1111.094 ms
      ptxas info    : Compiling entry function '_Z30fast_hadamard_transform_kernelI41fast_hadamard_transform_28N_kernel_traitsILi32ELi7EfEEv18HadamardParamsBase'
      for 'sm_80'
      ptxas info    : Function properties for _Z30fast_hadamard_transform_kernelI41fast_hadamard_transform_28N_kernel_traitsILi32ELi7EfEEv18HadamardParamsBase
          0 bytes stack frame, 0 bytes spill stores, 0 bytes spill loads
      ptxas info    : Used 210 registers, used 0 barriers, 408 bytes cmem[0]
      ptxas info    : Compile time = 813.568 ms
      ptxas info    : Compiling entry function '_Z30fast_hadamard_transform_kernelI41fast_hadamard_transform_28N_kernel_traitsILi16ELi6EfEEv18HadamardParamsBase'
      for 'sm_80'
      ptxas info    : Function properties for _Z30fast_hadamard_transform_kernelI41fast_hadamard_transform_28N_kernel_traitsILi16ELi6EfEEv18HadamardParamsBase
          0 bytes stack frame, 0 bytes spill stores, 0 bytes spill loads
      ptxas info    : Used 204 registers, used 0 barriers, 408 bytes cmem[0]
      ptxas info    : Compile time = 553.387 ms
      ptxas info    : Compiling entry function '_Z30fast_hadamard_transform_kernelI41fast_hadamard_transform_28N_kernel_traitsILi8ELi5EfEEv18HadamardParamsBase'
      for 'sm_80'
      ptxas info    : Function properties for _Z30fast_hadamard_transform_kernelI41fast_hadamard_transform_28N_kernel_traitsILi8ELi5EfEEv18HadamardParamsBase
          0 bytes stack frame, 0 bytes spill stores, 0 bytes spill loads
      ptxas info    : Used 208 registers, used 0 barriers, 408 bytes cmem[0]
      ptxas info    : Compile time = 383.676 ms
      ptxas info    : Compiling entry function '_Z30fast_hadamard_transform_kernelI41fast_hadamard_transform_28N_kernel_traitsILi4ELi4EfEEv18HadamardParamsBase'
      for 'sm_80'
      ptxas info    : Function properties for _Z30fast_hadamard_transform_kernelI41fast_hadamard_transform_28N_kernel_traitsILi4ELi4EfEEv18HadamardParamsBase
          0 bytes stack frame, 0 bytes spill stores, 0 bytes spill loads
      ptxas info    : Used 204 registers, used 0 barriers, 408 bytes cmem[0]
      ptxas info    : Compile time = 272.170 ms
      ptxas info    : Compiling entry function '_Z30fast_hadamard_transform_kernelI41fast_hadamard_transform_28N_kernel_traitsILi2ELi3EfEEv18HadamardParamsBase'
      for 'sm_80'
      ptxas info    : Function properties for _Z30fast_hadamard_transform_kernelI41fast_hadamard_transform_28N_kernel_traitsILi2ELi3EfEEv18HadamardParamsBase
          0 bytes stack frame, 0 bytes spill stores, 0 bytes spill loads
      ptxas info    : Used 204 registers, used 0 barriers, 408 bytes cmem[0]
      ptxas info    : Compile time = 199.078 ms
      ptxas info    : Compiling entry function '_Z30fast_hadamard_transform_kernelI41fast_hadamard_transform_28N_kernel_traitsILi1ELi2EfEEv18HadamardParamsBase'
      for 'sm_80'
      ptxas info    : Function properties for _Z30fast_hadamard_transform_kernelI41fast_hadamard_transform_28N_kernel_traitsILi1ELi2EfEEv18HadamardParamsBase
          0 bytes stack frame, 0 bytes spill stores, 0 bytes spill loads
      ptxas info    : Used 200 registers, used 0 barriers, 408 bytes cmem[0]
      ptxas info    : Compile time = 144.421 ms
      ptxas info    : Compiling entry function
      '_Z30fast_hadamard_transform_kernelI41fast_hadamard_transform_20N_kernel_traitsILi256ELi10EN3c108BFloat16EEEv18HadamardParamsBase' for 'sm_80'
      ptxas info    : Function properties for
      _Z30fast_hadamard_transform_kernelI41fast_hadamard_transform_20N_kernel_traitsILi256ELi10EN3c108BFloat16EEEv18HadamardParamsBase
          0 bytes stack frame, 0 bytes spill stores, 0 bytes spill loads
      ptxas info    : Used 199 registers, used 1 barriers, 408 bytes cmem[0]
      ptxas info    : Compile time = 956.141 ms
      ptxas info    : Compiling entry function
      '_Z30fast_hadamard_transform_kernelI41fast_hadamard_transform_20N_kernel_traitsILi128ELi9EN3c108BFloat16EEEv18HadamardParamsBase' for 'sm_80'
      ptxas info    : Function properties for
      _Z30fast_hadamard_transform_kernelI41fast_hadamard_transform_20N_kernel_traitsILi128ELi9EN3c108BFloat16EEEv18HadamardParamsBase
          0 bytes stack frame, 0 bytes spill stores, 0 bytes spill loads
      ptxas info    : Used 211 registers, used 1 barriers, 408 bytes cmem[0]
      ptxas info    : Compile time = 728.141 ms
      ptxas info    : Compiling entry function
      '_Z30fast_hadamard_transform_kernelI41fast_hadamard_transform_20N_kernel_traitsILi64ELi8EN3c108BFloat16EEEv18HadamardParamsBase' for 'sm_80'
      ptxas info    : Function properties for
      _Z30fast_hadamard_transform_kernelI41fast_hadamard_transform_20N_kernel_traitsILi64ELi8EN3c108BFloat16EEEv18HadamardParamsBase
          0 bytes stack frame, 0 bytes spill stores, 0 bytes spill loads
      ptxas info    : Used 186 registers, used 1 barriers, 408 bytes cmem[0]
      ptxas info    : Compile time = 552.212 ms
      ptxas info    : Compiling entry function
      '_Z30fast_hadamard_transform_kernelI41fast_hadamard_transform_20N_kernel_traitsILi32ELi7EN3c108BFloat16EEEv18HadamardParamsBase' for 'sm_80'
      ptxas info    : Function properties for
      _Z30fast_hadamard_transform_kernelI41fast_hadamard_transform_20N_kernel_traitsILi32ELi7EN3c108BFloat16EEEv18HadamardParamsBase
          0 bytes stack frame, 0 bytes spill stores, 0 bytes spill loads
      ptxas info    : Used 168 registers, used 0 barriers, 408 bytes cmem[0]
      ptxas info    : Compile time = 437.672 ms
      ptxas info    : Compiling entry function
      '_Z30fast_hadamard_transform_kernelI41fast_hadamard_transform_20N_kernel_traitsILi16ELi6EN3c108BFloat16EEEv18HadamardParamsBase' for 'sm_80'
      ptxas info    : Function properties for
      _Z30fast_hadamard_transform_kernelI41fast_hadamard_transform_20N_kernel_traitsILi16ELi6EN3c108BFloat16EEEv18HadamardParamsBase
          0 bytes stack frame, 0 bytes spill stores, 0 bytes spill loads
      ptxas info    : Used 168 registers, used 0 barriers, 408 bytes cmem[0]
      ptxas info    : Compile time = 296.760 ms
      ptxas info    : Compiling entry function
      '_Z30fast_hadamard_transform_kernelI41fast_hadamard_transform_20N_kernel_traitsILi8ELi5EN3c108BFloat16EEEv18HadamardParamsBase' for 'sm_80'
      ptxas info    : Function properties for
      _Z30fast_hadamard_transform_kernelI41fast_hadamard_transform_20N_kernel_traitsILi8ELi5EN3c108BFloat16EEEv18HadamardParamsBase
          0 bytes stack frame, 0 bytes spill stores, 0 bytes spill loads
      ptxas info    : Used 168 registers, used 0 barriers, 408 bytes cmem[0]
      ptxas info    : Compile time = 222.257 ms
      ptxas info    : Compiling entry function
      '_Z30fast_hadamard_transform_kernelI41fast_hadamard_transform_20N_kernel_traitsILi4ELi4EN3c108BFloat16EEEv18HadamardParamsBase' for 'sm_80'
      ptxas info    : Function properties for
      _Z30fast_hadamard_transform_kernelI41fast_hadamard_transform_20N_kernel_traitsILi4ELi4EN3c108BFloat16EEEv18HadamardParamsBase
          0 bytes stack frame, 0 bytes spill stores, 0 bytes spill loads
      ptxas info    : Used 168 registers, used 0 barriers, 408 bytes cmem[0]
      ptxas info    : Compile time = 165.352 ms
      ptxas info    : Compiling entry function
      '_Z30fast_hadamard_transform_kernelI41fast_hadamard_transform_20N_kernel_traitsILi2ELi3EN3c108BFloat16EEEv18HadamardParamsBase' for 'sm_80'
      ptxas info    : Function properties for
      _Z30fast_hadamard_transform_kernelI41fast_hadamard_transform_20N_kernel_traitsILi2ELi3EN3c108BFloat16EEEv18HadamardParamsBase
          0 bytes stack frame, 0 bytes spill stores, 0 bytes spill loads
      ptxas info    : Used 168 registers, used 0 barriers, 408 bytes cmem[0]
      ptxas info    : Compile time = 123.987 ms
      ptxas info    : Compiling entry function
      '_Z30fast_hadamard_transform_kernelI41fast_hadamard_transform_20N_kernel_traitsILi1ELi2EN3c108BFloat16EEEv18HadamardParamsBase' for 'sm_80'
      ptxas info    : Function properties for
      _Z30fast_hadamard_transform_kernelI41fast_hadamard_transform_20N_kernel_traitsILi1ELi2EN3c108BFloat16EEEv18HadamardParamsBase
          0 bytes stack frame, 0 bytes spill stores, 0 bytes spill loads
      ptxas info    : Used 192 registers, used 0 barriers, 408 bytes cmem[0]
      ptxas info    : Compile time = 90.031 ms
      ptxas info    : Compiling entry function
      '_Z30fast_hadamard_transform_kernelI41fast_hadamard_transform_20N_kernel_traitsILi256ELi10EN3c104HalfEEEv18HadamardParamsBase' for 'sm_80'
      ptxas info    : Function properties for
      _Z30fast_hadamard_transform_kernelI41fast_hadamard_transform_20N_kernel_traitsILi256ELi10EN3c104HalfEEEv18HadamardParamsBase
          0 bytes stack frame, 0 bytes spill stores, 0 bytes spill loads
      ptxas info    : Used 198 registers, used 1 barriers, 408 bytes cmem[0]
      ptxas info    : Compile time = 950.691 ms
      ptxas info    : Compiling entry function
      '_Z30fast_hadamard_transform_kernelI41fast_hadamard_transform_20N_kernel_traitsILi128ELi9EN3c104HalfEEEv18HadamardParamsBase' for 'sm_80'
      ptxas info    : Function properties for
      _Z30fast_hadamard_transform_kernelI41fast_hadamard_transform_20N_kernel_traitsILi128ELi9EN3c104HalfEEEv18HadamardParamsBase
          0 bytes stack frame, 0 bytes spill stores, 0 bytes spill loads
      ptxas info    : Used 191 registers, used 1 barriers, 408 bytes cmem[0]
      ptxas info    : Compile time = 729.381 ms
      ptxas info    : Compiling entry function
      '_Z30fast_hadamard_transform_kernelI41fast_hadamard_transform_20N_kernel_traitsILi64ELi8EN3c104HalfEEEv18HadamardParamsBase' for 'sm_80'
      ptxas info    : Function properties for
      _Z30fast_hadamard_transform_kernelI41fast_hadamard_transform_20N_kernel_traitsILi64ELi8EN3c104HalfEEEv18HadamardParamsBase
          0 bytes stack frame, 0 bytes spill stores, 0 bytes spill loads
      ptxas info    : Used 186 registers, used 1 barriers, 408 bytes cmem[0]
      ptxas info    : Compile time = 554.066 ms
      ptxas info    : Compiling entry function
      '_Z30fast_hadamard_transform_kernelI41fast_hadamard_transform_20N_kernel_traitsILi32ELi7EN3c104HalfEEEv18HadamardParamsBase' for 'sm_80'
      ptxas info    : Function properties for
      _Z30fast_hadamard_transform_kernelI41fast_hadamard_transform_20N_kernel_traitsILi32ELi7EN3c104HalfEEEv18HadamardParamsBase
          0 bytes stack frame, 0 bytes spill stores, 0 bytes spill loads
      ptxas info    : Used 168 registers, used 0 barriers, 408 bytes cmem[0]
      ptxas info    : Compile time = 402.098 ms
      ptxas info    : Compiling entry function
      '_Z30fast_hadamard_transform_kernelI41fast_hadamard_transform_20N_kernel_traitsILi16ELi6EN3c104HalfEEEv18HadamardParamsBase' for 'sm_80'
      ptxas info    : Function properties for
      _Z30fast_hadamard_transform_kernelI41fast_hadamard_transform_20N_kernel_traitsILi16ELi6EN3c104HalfEEEv18HadamardParamsBase
          0 bytes stack frame, 0 bytes spill stores, 0 bytes spill loads
      ptxas info    : Used 168 registers, used 0 barriers, 408 bytes cmem[0]
      ptxas info    : Compile time = 298.312 ms
      ptxas info    : Compiling entry function
      '_Z30fast_hadamard_transform_kernelI41fast_hadamard_transform_20N_kernel_traitsILi8ELi5EN3c104HalfEEEv18HadamardParamsBase' for 'sm_80'
      ptxas info    : Function properties for
      _Z30fast_hadamard_transform_kernelI41fast_hadamard_transform_20N_kernel_traitsILi8ELi5EN3c104HalfEEEv18HadamardParamsBase
          0 bytes stack frame, 0 bytes spill stores, 0 bytes spill loads
      ptxas info    : Used 168 registers, used 0 barriers, 408 bytes cmem[0]
      ptxas info    : Compile time = 224.528 ms
      ptxas info    : Compiling entry function
      '_Z30fast_hadamard_transform_kernelI41fast_hadamard_transform_20N_kernel_traitsILi4ELi4EN3c104HalfEEEv18HadamardParamsBase' for 'sm_80'
      ptxas info    : Function properties for
      _Z30fast_hadamard_transform_kernelI41fast_hadamard_transform_20N_kernel_traitsILi4ELi4EN3c104HalfEEEv18HadamardParamsBase
          0 bytes stack frame, 0 bytes spill stores, 0 bytes spill loads
      ptxas info    : Used 168 registers, used 0 barriers, 408 bytes cmem[0]
      ptxas info    : Compile time = 172.370 ms
      ptxas info    : Compiling entry function
      '_Z30fast_hadamard_transform_kernelI41fast_hadamard_transform_20N_kernel_traitsILi2ELi3EN3c104HalfEEEv18HadamardParamsBase' for 'sm_80'
      ptxas info    : Function properties for
      _Z30fast_hadamard_transform_kernelI41fast_hadamard_transform_20N_kernel_traitsILi2ELi3EN3c104HalfEEEv18HadamardParamsBase
          0 bytes stack frame, 0 bytes spill stores, 0 bytes spill loads
      ptxas info    : Used 168 registers, used 0 barriers, 408 bytes cmem[0]
      ptxas info    : Compile time = 125.186 ms
      ptxas info    : Compiling entry function
      '_Z30fast_hadamard_transform_kernelI41fast_hadamard_transform_20N_kernel_traitsILi1ELi2EN3c104HalfEEEv18HadamardParamsBase' for 'sm_80'
      ptxas info    : Function properties for
      _Z30fast_hadamard_transform_kernelI41fast_hadamard_transform_20N_kernel_traitsILi1ELi2EN3c104HalfEEEv18HadamardParamsBase
          0 bytes stack frame, 0 bytes spill stores, 0 bytes spill loads
      ptxas info    : Used 190 registers, used 0 barriers, 408 bytes cmem[0]
      ptxas info    : Compile time = 90.277 ms
      ptxas info    : Compiling entry function '_Z30fast_hadamard_transform_kernelI41fast_hadamard_transform_20N_kernel_traitsILi256ELi10EfEEv18HadamardParamsBase'
      for 'sm_80'
      ptxas info    : Function properties for _Z30fast_hadamard_transform_kernelI41fast_hadamard_transform_20N_kernel_traitsILi256ELi10EfEEv18HadamardParamsBase
          0 bytes stack frame, 0 bytes spill stores, 0 bytes spill loads
      ptxas info    : Used 208 registers, used 1 barriers, 408 bytes cmem[0]
      ptxas info    : Compile time = 795.507 ms
      ptxas info    : Compiling entry function '_Z30fast_hadamard_transform_kernelI41fast_hadamard_transform_20N_kernel_traitsILi128ELi9EfEEv18HadamardParamsBase'
      for 'sm_80'
      ptxas info    : Function properties for _Z30fast_hadamard_transform_kernelI41fast_hadamard_transform_20N_kernel_traitsILi128ELi9EfEEv18HadamardParamsBase
          0 bytes stack frame, 0 bytes spill stores, 0 bytes spill loads
      ptxas info    : Used 168 registers, used 1 barriers, 408 bytes cmem[0]
      ptxas info    : Compile time = 612.581 ms
      ptxas info    : Compiling entry function '_Z30fast_hadamard_transform_kernelI41fast_hadamard_transform_20N_kernel_traitsILi64ELi8EfEEv18HadamardParamsBase'
      for 'sm_80'
      ptxas info    : Function properties for _Z30fast_hadamard_transform_kernelI41fast_hadamard_transform_20N_kernel_traitsILi64ELi8EfEEv18HadamardParamsBase
          0 bytes stack frame, 0 bytes spill stores, 0 bytes spill loads
      ptxas info    : Used 168 registers, used 1 barriers, 408 bytes cmem[0]
      ptxas info    : Compile time = 465.088 ms
      ptxas info    : Compiling entry function '_Z30fast_hadamard_transform_kernelI41fast_hadamard_transform_20N_kernel_traitsILi32ELi7EfEEv18HadamardParamsBase'
      for 'sm_80'
      ptxas info    : Function properties for _Z30fast_hadamard_transform_kernelI41fast_hadamard_transform_20N_kernel_traitsILi32ELi7EfEEv18HadamardParamsBase
          0 bytes stack frame, 0 bytes spill stores, 0 bytes spill loads
      ptxas info    : Used 167 registers, used 0 barriers, 408 bytes cmem[0]
      ptxas info    : Compile time = 324.321 ms
      ptxas info    : Compiling entry function '_Z30fast_hadamard_transform_kernelI41fast_hadamard_transform_20N_kernel_traitsILi16ELi6EfEEv18HadamardParamsBase'
      for 'sm_80'
      ptxas info    : Function properties for _Z30fast_hadamard_transform_kernelI41fast_hadamard_transform_20N_kernel_traitsILi16ELi6EfEEv18HadamardParamsBase
          0 bytes stack frame, 0 bytes spill stores, 0 bytes spill loads
      ptxas info    : Used 168 registers, used 0 barriers, 408 bytes cmem[0]
      ptxas info    : Compile time = 229.185 ms
      ptxas info    : Compiling entry function '_Z30fast_hadamard_transform_kernelI41fast_hadamard_transform_20N_kernel_traitsILi8ELi5EfEEv18HadamardParamsBase'
      for 'sm_80'
      ptxas info    : Function properties for _Z30fast_hadamard_transform_kernelI41fast_hadamard_transform_20N_kernel_traitsILi8ELi5EfEEv18HadamardParamsBase
          0 bytes stack frame, 0 bytes spill stores, 0 bytes spill loads
      ptxas info    : Used 157 registers, used 0 barriers, 408 bytes cmem[0]
      ptxas info    : Compile time = 181.200 ms
      ptxas info    : Compiling entry function '_Z30fast_hadamard_transform_kernelI41fast_hadamard_transform_20N_kernel_traitsILi4ELi4EfEEv18HadamardParamsBase'
      for 'sm_80'
      ptxas info    : Function properties for _Z30fast_hadamard_transform_kernelI41fast_hadamard_transform_20N_kernel_traitsILi4ELi4EfEEv18HadamardParamsBase
          0 bytes stack frame, 0 bytes spill stores, 0 bytes spill loads
      ptxas info    : Used 156 registers, used 0 barriers, 408 bytes cmem[0]
      ptxas info    : Compile time = 123.332 ms
      ptxas info    : Compiling entry function '_Z30fast_hadamard_transform_kernelI41fast_hadamard_transform_20N_kernel_traitsILi2ELi3EfEEv18HadamardParamsBase'
      for 'sm_80'
      ptxas info    : Function properties for _Z30fast_hadamard_transform_kernelI41fast_hadamard_transform_20N_kernel_traitsILi2ELi3EfEEv18HadamardParamsBase
          0 bytes stack frame, 0 bytes spill stores, 0 bytes spill loads
      ptxas info    : Used 156 registers, used 0 barriers, 408 bytes cmem[0]
      ptxas info    : Compile time = 85.937 ms
      ptxas info    : Compiling entry function '_Z30fast_hadamard_transform_kernelI41fast_hadamard_transform_20N_kernel_traitsILi1ELi2EfEEv18HadamardParamsBase'
      for 'sm_80'
      ptxas info    : Function properties for _Z30fast_hadamard_transform_kernelI41fast_hadamard_transform_20N_kernel_traitsILi1ELi2EfEEv18HadamardParamsBase
          0 bytes stack frame, 0 bytes spill stores, 0 bytes spill loads
      ptxas info    : Used 164 registers, used 0 barriers, 408 bytes cmem[0]
      ptxas info    : Compile time = 59.238 ms
      ptxas info    : Compiling entry function
      '_Z30fast_hadamard_transform_kernelI41fast_hadamard_transform_12N_kernel_traitsILi256ELi10EN3c108BFloat16EEEv18HadamardParamsBase' for 'sm_80'
      ptxas info    : Function properties for
      _Z30fast_hadamard_transform_kernelI41fast_hadamard_transform_12N_kernel_traitsILi256ELi10EN3c108BFloat16EEEv18HadamardParamsBase
          0 bytes stack frame, 0 bytes spill stores, 0 bytes spill loads
      ptxas info    : Used 102 registers, used 1 barriers, 408 bytes cmem[0]
      ptxas info    : Compile time = 273.028 ms
      ptxas info    : Compiling entry function
      '_Z30fast_hadamard_transform_kernelI41fast_hadamard_transform_12N_kernel_traitsILi128ELi9EN3c108BFloat16EEEv18HadamardParamsBase' for 'sm_80'
      ptxas info    : Function properties for
      _Z30fast_hadamard_transform_kernelI41fast_hadamard_transform_12N_kernel_traitsILi128ELi9EN3c108BFloat16EEEv18HadamardParamsBase
          0 bytes stack frame, 0 bytes spill stores, 0 bytes spill loads
      ptxas info    : Used 96 registers, used 1 barriers, 408 bytes cmem[0]
      ptxas info    : Compile time = 212.968 ms
      ptxas info    : Compiling entry function
      '_Z30fast_hadamard_transform_kernelI41fast_hadamard_transform_12N_kernel_traitsILi64ELi8EN3c108BFloat16EEEv18HadamardParamsBase' for 'sm_80'
      ptxas info    : Function properties for
      _Z30fast_hadamard_transform_kernelI41fast_hadamard_transform_12N_kernel_traitsILi64ELi8EN3c108BFloat16EEEv18HadamardParamsBase
          0 bytes stack frame, 0 bytes spill stores, 0 bytes spill loads
      ptxas info    : Used 96 registers, used 1 barriers, 408 bytes cmem[0]
      ptxas info    : Compile time = 166.261 ms
      ptxas info    : Compiling entry function
      '_Z30fast_hadamard_transform_kernelI41fast_hadamard_transform_12N_kernel_traitsILi32ELi7EN3c108BFloat16EEEv18HadamardParamsBase' for 'sm_80'
      ptxas info    : Function properties for
      _Z30fast_hadamard_transform_kernelI41fast_hadamard_transform_12N_kernel_traitsILi32ELi7EN3c108BFloat16EEEv18HadamardParamsBase
          0 bytes stack frame, 0 bytes spill stores, 0 bytes spill loads
      ptxas info    : Used 96 registers, used 0 barriers, 408 bytes cmem[0]
      ptxas info    : Compile time = 120.525 ms
      ptxas info    : Compiling entry function
      '_Z30fast_hadamard_transform_kernelI41fast_hadamard_transform_12N_kernel_traitsILi16ELi6EN3c108BFloat16EEEv18HadamardParamsBase' for 'sm_80'
      ptxas info    : Function properties for
      _Z30fast_hadamard_transform_kernelI41fast_hadamard_transform_12N_kernel_traitsILi16ELi6EN3c108BFloat16EEEv18HadamardParamsBase
          0 bytes stack frame, 0 bytes spill stores, 0 bytes spill loads
      ptxas info    : Used 96 registers, used 0 barriers, 408 bytes cmem[0]
      ptxas info    : Compile time = 96.310 ms
      ptxas info    : Compiling entry function
      '_Z30fast_hadamard_transform_kernelI41fast_hadamard_transform_12N_kernel_traitsILi8ELi5EN3c108BFloat16EEEv18HadamardParamsBase' for 'sm_80'
      ptxas info    : Function properties for
      _Z30fast_hadamard_transform_kernelI41fast_hadamard_transform_12N_kernel_traitsILi8ELi5EN3c108BFloat16EEEv18HadamardParamsBase
          0 bytes stack frame, 0 bytes spill stores, 0 bytes spill loads
      ptxas info    : Used 96 registers, used 0 barriers, 408 bytes cmem[0]
      ptxas info    : Compile time = 83.660 ms
      ptxas info    : Compiling entry function
      '_Z30fast_hadamard_transform_kernelI41fast_hadamard_transform_12N_kernel_traitsILi4ELi4EN3c108BFloat16EEEv18HadamardParamsBase' for 'sm_80'
      ptxas info    : Function properties for
      _Z30fast_hadamard_transform_kernelI41fast_hadamard_transform_12N_kernel_traitsILi4ELi4EN3c108BFloat16EEEv18HadamardParamsBase
          0 bytes stack frame, 0 bytes spill stores, 0 bytes spill loads
      ptxas info    : Used 94 registers, used 0 barriers, 408 bytes cmem[0]
      ptxas info    : Compile time = 55.130 ms
      ptxas info    : Compiling entry function
      '_Z30fast_hadamard_transform_kernelI41fast_hadamard_transform_12N_kernel_traitsILi2ELi3EN3c108BFloat16EEEv18HadamardParamsBase' for 'sm_80'
      ptxas info    : Function properties for
      _Z30fast_hadamard_transform_kernelI41fast_hadamard_transform_12N_kernel_traitsILi2ELi3EN3c108BFloat16EEEv18HadamardParamsBase
          0 bytes stack frame, 0 bytes spill stores, 0 bytes spill loads
      ptxas info    : Used 88 registers, used 0 barriers, 408 bytes cmem[0]
      ptxas info    : Compile time = 40.214 ms
      ptxas info    : Compiling entry function
      '_Z30fast_hadamard_transform_kernelI41fast_hadamard_transform_12N_kernel_traitsILi1ELi2EN3c108BFloat16EEEv18HadamardParamsBase' for 'sm_80'
      ptxas info    : Function properties for
      _Z30fast_hadamard_transform_kernelI41fast_hadamard_transform_12N_kernel_traitsILi1ELi2EN3c108BFloat16EEEv18HadamardParamsBase
          0 bytes stack frame, 0 bytes spill stores, 0 bytes spill loads
      ptxas info    : Used 95 registers, used 0 barriers, 408 bytes cmem[0]
      ptxas info    : Compile time = 27.804 ms
      ptxas info    : Compiling entry function
      '_Z30fast_hadamard_transform_kernelI41fast_hadamard_transform_12N_kernel_traitsILi256ELi10EN3c104HalfEEEv18HadamardParamsBase' for 'sm_80'
      ptxas info    : Function properties for
      _Z30fast_hadamard_transform_kernelI41fast_hadamard_transform_12N_kernel_traitsILi256ELi10EN3c104HalfEEEv18HadamardParamsBase
          0 bytes stack frame, 0 bytes spill stores, 0 bytes spill loads
      ptxas info    : Used 102 registers, used 1 barriers, 408 bytes cmem[0]
      ptxas info    : Compile time = 294.652 ms
      ptxas info    : Compiling entry function
      '_Z30fast_hadamard_transform_kernelI41fast_hadamard_transform_12N_kernel_traitsILi128ELi9EN3c104HalfEEEv18HadamardParamsBase' for 'sm_80'
      ptxas info    : Function properties for
      _Z30fast_hadamard_transform_kernelI41fast_hadamard_transform_12N_kernel_traitsILi128ELi9EN3c104HalfEEEv18HadamardParamsBase
          0 bytes stack frame, 0 bytes spill stores, 0 bytes spill loads
      ptxas info    : Used 96 registers, used 1 barriers, 408 bytes cmem[0]
      ptxas info    : Compile time = 228.588 ms
      ptxas info    : Compiling entry function
      '_Z30fast_hadamard_transform_kernelI41fast_hadamard_transform_12N_kernel_traitsILi64ELi8EN3c104HalfEEEv18HadamardParamsBase' for 'sm_80'
      ptxas info    : Function properties for
      _Z30fast_hadamard_transform_kernelI41fast_hadamard_transform_12N_kernel_traitsILi64ELi8EN3c104HalfEEEv18HadamardParamsBase
          0 bytes stack frame, 0 bytes spill stores, 0 bytes spill loads
      ptxas info    : Used 95 registers, used 1 barriers, 408 bytes cmem[0]
      ptxas info    : Compile time = 180.622 ms
      ptxas info    : Compiling entry function
      '_Z30fast_hadamard_transform_kernelI41fast_hadamard_transform_12N_kernel_traitsILi32ELi7EN3c104HalfEEEv18HadamardParamsBase' for 'sm_80'
      ptxas info    : Function properties for
      _Z30fast_hadamard_transform_kernelI41fast_hadamard_transform_12N_kernel_traitsILi32ELi7EN3c104HalfEEEv18HadamardParamsBase
          0 bytes stack frame, 0 bytes spill stores, 0 bytes spill loads
      ptxas info    : Used 96 registers, used 0 barriers, 408 bytes cmem[0]
      ptxas info    : Compile time = 121.141 ms
      ptxas info    : Compiling entry function
      '_Z30fast_hadamard_transform_kernelI41fast_hadamard_transform_12N_kernel_traitsILi16ELi6EN3c104HalfEEEv18HadamardParamsBase' for 'sm_80'
      ptxas info    : Function properties for
      _Z30fast_hadamard_transform_kernelI41fast_hadamard_transform_12N_kernel_traitsILi16ELi6EN3c104HalfEEEv18HadamardParamsBase
          0 bytes stack frame, 0 bytes spill stores, 0 bytes spill loads
      ptxas info    : Used 92 registers, used 0 barriers, 408 bytes cmem[0]
      ptxas info    : Compile time = 95.395 ms
      ptxas info    : Compiling entry function
      '_Z30fast_hadamard_transform_kernelI41fast_hadamard_transform_12N_kernel_traitsILi8ELi5EN3c104HalfEEEv18HadamardParamsBase' for 'sm_80'
      ptxas info    : Function properties for
      _Z30fast_hadamard_transform_kernelI41fast_hadamard_transform_12N_kernel_traitsILi8ELi5EN3c104HalfEEEv18HadamardParamsBase
          0 bytes stack frame, 0 bytes spill stores, 0 bytes spill loads
      ptxas info    : Used 96 registers, used 0 barriers, 408 bytes cmem[0]
      ptxas info    : Compile time = 83.169 ms
      ptxas info    : Compiling entry function
      '_Z30fast_hadamard_transform_kernelI41fast_hadamard_transform_12N_kernel_traitsILi4ELi4EN3c104HalfEEEv18HadamardParamsBase' for 'sm_80'
      ptxas info    : Function properties for
      _Z30fast_hadamard_transform_kernelI41fast_hadamard_transform_12N_kernel_traitsILi4ELi4EN3c104HalfEEEv18HadamardParamsBase
          0 bytes stack frame, 0 bytes spill stores, 0 bytes spill loads
      ptxas info    : Used 90 registers, used 0 barriers, 408 bytes cmem[0]
      ptxas info    : Compile time = 56.315 ms
      ptxas info    : Compiling entry function
      '_Z30fast_hadamard_transform_kernelI41fast_hadamard_transform_12N_kernel_traitsILi2ELi3EN3c104HalfEEEv18HadamardParamsBase' for 'sm_80'
      ptxas info    : Function properties for
      _Z30fast_hadamard_transform_kernelI41fast_hadamard_transform_12N_kernel_traitsILi2ELi3EN3c104HalfEEEv18HadamardParamsBase
          0 bytes stack frame, 0 bytes spill stores, 0 bytes spill loads
      ptxas info    : Used 90 registers, used 0 barriers, 408 bytes cmem[0]
      ptxas info    : Compile time = 41.780 ms
      ptxas info    : Compiling entry function
      '_Z30fast_hadamard_transform_kernelI41fast_hadamard_transform_12N_kernel_traitsILi1ELi2EN3c104HalfEEEv18HadamardParamsBase' for 'sm_80'
      ptxas info    : Function properties for
      _Z30fast_hadamard_transform_kernelI41fast_hadamard_transform_12N_kernel_traitsILi1ELi2EN3c104HalfEEEv18HadamardParamsBase
          0 bytes stack frame, 0 bytes spill stores, 0 bytes spill loads
      ptxas info    : Used 96 registers, used 0 barriers, 408 bytes cmem[0]
      ptxas info    : Compile time = 28.542 ms
      ptxas info    : Compiling entry function '_Z30fast_hadamard_transform_kernelI41fast_hadamard_transform_12N_kernel_traitsILi256ELi10EfEEv18HadamardParamsBase'
      for 'sm_80'
      ptxas info    : Function properties for _Z30fast_hadamard_transform_kernelI41fast_hadamard_transform_12N_kernel_traitsILi256ELi10EfEEv18HadamardParamsBase
          0 bytes stack frame, 0 bytes spill stores, 0 bytes spill loads
      ptxas info    : Used 112 registers, used 1 barriers, 408 bytes cmem[0]
      ptxas info    : Compile time = 247.426 ms
      ptxas info    : Compiling entry function '_Z30fast_hadamard_transform_kernelI41fast_hadamard_transform_12N_kernel_traitsILi128ELi9EfEEv18HadamardParamsBase'
      for 'sm_80'
      ptxas info    : Function properties for _Z30fast_hadamard_transform_kernelI41fast_hadamard_transform_12N_kernel_traitsILi128ELi9EfEEv18HadamardParamsBase
          0 bytes stack frame, 0 bytes spill stores, 0 bytes spill loads
      ptxas info    : Used 96 registers, used 1 barriers, 408 bytes cmem[0]
      ptxas info    : Compile time = 174.114 ms
      ptxas info    : Compiling entry function '_Z30fast_hadamard_transform_kernelI41fast_hadamard_transform_12N_kernel_traitsILi64ELi8EfEEv18HadamardParamsBase'
      for 'sm_80'
      ptxas info    : Function properties for _Z30fast_hadamard_transform_kernelI41fast_hadamard_transform_12N_kernel_traitsILi64ELi8EfEEv18HadamardParamsBase
          0 bytes stack frame, 0 bytes spill stores, 0 bytes spill loads
      ptxas info    : Used 96 registers, used 1 barriers, 408 bytes cmem[0]
      ptxas info    : Compile time = 138.713 ms
      ptxas info    : Compiling entry function '_Z30fast_hadamard_transform_kernelI41fast_hadamard_transform_12N_kernel_traitsILi32ELi7EfEEv18HadamardParamsBase'
      for 'sm_80'
      ptxas info    : Function properties for _Z30fast_hadamard_transform_kernelI41fast_hadamard_transform_12N_kernel_traitsILi32ELi7EfEEv18HadamardParamsBase
          0 bytes stack frame, 0 bytes spill stores, 0 bytes spill loads
      ptxas info    : Used 96 registers, used 0 barriers, 408 bytes cmem[0]
      ptxas info    : Compile time = 102.465 ms
      ptxas info    : Compiling entry function '_Z30fast_hadamard_transform_kernelI41fast_hadamard_transform_12N_kernel_traitsILi16ELi6EfEEv18HadamardParamsBase'
      for 'sm_80'
      ptxas info    : Function properties for _Z30fast_hadamard_transform_kernelI41fast_hadamard_transform_12N_kernel_traitsILi16ELi6EfEEv18HadamardParamsBase
          0 bytes stack frame, 0 bytes spill stores, 0 bytes spill loads
      ptxas info    : Used 96 registers, used 0 barriers, 408 bytes cmem[0]
      ptxas info    : Compile time = 79.865 ms
      ptxas info    : Compiling entry function '_Z30fast_hadamard_transform_kernelI41fast_hadamard_transform_12N_kernel_traitsILi8ELi5EfEEv18HadamardParamsBase'
      for 'sm_80'
      ptxas info    : Function properties for _Z30fast_hadamard_transform_kernelI41fast_hadamard_transform_12N_kernel_traitsILi8ELi5EfEEv18HadamardParamsBase
          0 bytes stack frame, 0 bytes spill stores, 0 bytes spill loads
      ptxas info    : Used 89 registers, used 0 barriers, 408 bytes cmem[0]
      ptxas info    : Compile time = 60.192 ms
      ptxas info    : Compiling entry function '_Z30fast_hadamard_transform_kernelI41fast_hadamard_transform_12N_kernel_traitsILi4ELi4EfEEv18HadamardParamsBase'
      for 'sm_80'
      ptxas info    : Function properties for _Z30fast_hadamard_transform_kernelI41fast_hadamard_transform_12N_kernel_traitsILi4ELi4EfEEv18HadamardParamsBase
          0 bytes stack frame, 0 bytes spill stores, 0 bytes spill loads
      ptxas info    : Used 91 registers, used 0 barriers, 408 bytes cmem[0]
      ptxas info    : Compile time = 42.968 ms
      ptxas info    : Compiling entry function '_Z30fast_hadamard_transform_kernelI41fast_hadamard_transform_12N_kernel_traitsILi2ELi3EfEEv18HadamardParamsBase'
      for 'sm_80'
      ptxas info    : Function properties for _Z30fast_hadamard_transform_kernelI41fast_hadamard_transform_12N_kernel_traitsILi2ELi3EfEEv18HadamardParamsBase
          0 bytes stack frame, 0 bytes spill stores, 0 bytes spill loads
      ptxas info    : Used 91 registers, used 0 barriers, 408 bytes cmem[0]
      ptxas info    : Compile time = 30.332 ms
      ptxas info    : Compiling entry function '_Z30fast_hadamard_transform_kernelI41fast_hadamard_transform_12N_kernel_traitsILi1ELi2EfEEv18HadamardParamsBase'
      for 'sm_80'
      ptxas info    : Function properties for _Z30fast_hadamard_transform_kernelI41fast_hadamard_transform_12N_kernel_traitsILi1ELi2EfEEv18HadamardParamsBase
          0 bytes stack frame, 0 bytes spill stores, 0 bytes spill loads
      ptxas info    : Used 89 registers, used 0 barriers, 408 bytes cmem[0]
      ptxas info    : Compile time = 19.421 ms
      ptxas info    : Compiling entry function
      '_Z30fast_hadamard_transform_kernelI37fast_hadamard_transform_kernel_traitsILi256ELi15EN3c108BFloat16EEEv18HadamardParamsBase' for 'sm_80'
      ptxas info    : Function properties for
      _Z30fast_hadamard_transform_kernelI37fast_hadamard_transform_kernel_traitsILi256ELi15EN3c108BFloat16EEEv18HadamardParamsBase
          0 bytes stack frame, 0 bytes spill stores, 0 bytes spill loads
      ptxas info    : Used 255 registers, used 1 barriers, 408 bytes cmem[0]
      ptxas info    : Compile time = 2036.258 ms
      ptxas info    : Compiling entry function
      '_Z30fast_hadamard_transform_kernelI37fast_hadamard_transform_kernel_traitsILi256ELi14EN3c108BFloat16EEEv18HadamardParamsBase' for 'sm_80'
      ptxas info    : Function properties for
      _Z30fast_hadamard_transform_kernelI37fast_hadamard_transform_kernel_traitsILi256ELi14EN3c108BFloat16EEEv18HadamardParamsBase
          0 bytes stack frame, 0 bytes spill stores, 0 bytes spill loads
      ptxas info    : Used 124 registers, used 1 barriers, 408 bytes cmem[0]
      ptxas info    : Compile time = 384.881 ms
      ptxas info    : Compiling entry function
      '_Z30fast_hadamard_transform_kernelI37fast_hadamard_transform_kernel_traitsILi256ELi13EN3c108BFloat16EEEv18HadamardParamsBase' for 'sm_80'
      ptxas info    : Function properties for
      _Z30fast_hadamard_transform_kernelI37fast_hadamard_transform_kernel_traitsILi256ELi13EN3c108BFloat16EEEv18HadamardParamsBase
          0 bytes stack frame, 0 bytes spill stores, 0 bytes spill loads
      ptxas info    : Used 48 registers, used 1 barriers, 408 bytes cmem[0]
      ptxas info    : Compile time = 98.797 ms
      ptxas info    : Compiling entry function
      '_Z30fast_hadamard_transform_kernelI37fast_hadamard_transform_kernel_traitsILi256ELi12EN3c108BFloat16EEEv18HadamardParamsBase' for 'sm_80'
      ptxas info    : Function properties for
      _Z30fast_hadamard_transform_kernelI37fast_hadamard_transform_kernel_traitsILi256ELi12EN3c108BFloat16EEEv18HadamardParamsBase
          0 bytes stack frame, 0 bytes spill stores, 0 bytes spill loads
      ptxas info    : Used 42 registers, used 1 barriers, 408 bytes cmem[0]
      ptxas info    : Compile time = 34.603 ms
      ptxas info    : Compiling entry function
      '_Z30fast_hadamard_transform_kernelI37fast_hadamard_transform_kernel_traitsILi256ELi11EN3c108BFloat16EEEv18HadamardParamsBase' for 'sm_80'
      ptxas info    : Function properties for
      _Z30fast_hadamard_transform_kernelI37fast_hadamard_transform_kernel_traitsILi256ELi11EN3c108BFloat16EEEv18HadamardParamsBase
          0 bytes stack frame, 0 bytes spill stores, 0 bytes spill loads
      ptxas info    : Used 32 registers, used 1 barriers, 408 bytes cmem[0]
      ptxas info    : Compile time = 14.985 ms
      ptxas info    : Compiling entry function
      '_Z30fast_hadamard_transform_kernelI37fast_hadamard_transform_kernel_traitsILi128ELi10EN3c108BFloat16EEEv18HadamardParamsBase' for 'sm_80'
      ptxas info    : Function properties for
      _Z30fast_hadamard_transform_kernelI37fast_hadamard_transform_kernel_traitsILi128ELi10EN3c108BFloat16EEEv18HadamardParamsBase
          0 bytes stack frame, 0 bytes spill stores, 0 bytes spill loads
      ptxas info    : Used 32 registers, used 1 barriers, 408 bytes cmem[0]
      ptxas info    : Compile time = 12.990 ms
      ptxas info    : Compiling entry function
      '_Z30fast_hadamard_transform_kernelI37fast_hadamard_transform_kernel_traitsILi32ELi9EN3c108BFloat16EEEv18HadamardParamsBase' for 'sm_80'
      ptxas info    : Function properties for
      _Z30fast_hadamard_transform_kernelI37fast_hadamard_transform_kernel_traitsILi32ELi9EN3c108BFloat16EEEv18HadamardParamsBase
          0 bytes stack frame, 0 bytes spill stores, 0 bytes spill loads
      ptxas info    : Used 43 registers, used 0 barriers, 408 bytes cmem[0]
      ptxas info    : Compile time = 19.890 ms
      ptxas info    : Compiling entry function
      '_Z30fast_hadamard_transform_kernelI37fast_hadamard_transform_kernel_traitsILi32ELi8EN3c108BFloat16EEEv18HadamardParamsBase' for 'sm_80'
      ptxas info    : Function properties for
      _Z30fast_hadamard_transform_kernelI37fast_hadamard_transform_kernel_traitsILi32ELi8EN3c108BFloat16EEEv18HadamardParamsBase
          0 bytes stack frame, 0 bytes spill stores, 0 bytes spill loads
      ptxas info    : Used 27 registers, used 0 barriers, 408 bytes cmem[0]
      ptxas info    : Compile time = 9.011 ms
      ptxas info    : Compiling entry function
      '_Z30fast_hadamard_transform_kernelI37fast_hadamard_transform_kernel_traitsILi16ELi7EN3c108BFloat16EEEv18HadamardParamsBase' for 'sm_80'
      ptxas info    : Function properties for
      _Z30fast_hadamard_transform_kernelI37fast_hadamard_transform_kernel_traitsILi16ELi7EN3c108BFloat16EEEv18HadamardParamsBase
          0 bytes stack frame, 0 bytes spill stores, 0 bytes spill loads
      ptxas info    : Used 27 registers, used 0 barriers, 408 bytes cmem[0]
      ptxas info    : Compile time = 7.661 ms
      ptxas info    : Compiling entry function
      '_Z30fast_hadamard_transform_kernelI37fast_hadamard_transform_kernel_traitsILi8ELi6EN3c108BFloat16EEEv18HadamardParamsBase' for 'sm_80'
      ptxas info    : Function properties for
      _Z30fast_hadamard_transform_kernelI37fast_hadamard_transform_kernel_traitsILi8ELi6EN3c108BFloat16EEEv18HadamardParamsBase
          0 bytes stack frame, 0 bytes spill stores, 0 bytes spill loads
      ptxas info    : Used 28 registers, used 0 barriers, 408 bytes cmem[0]
      ptxas info    : Compile time = 6.482 ms
      ptxas info    : Compiling entry function
      '_Z30fast_hadamard_transform_kernelI37fast_hadamard_transform_kernel_traitsILi4ELi5EN3c108BFloat16EEEv18HadamardParamsBase' for 'sm_80'
      ptxas info    : Function properties for
      _Z30fast_hadamard_transform_kernelI37fast_hadamard_transform_kernel_traitsILi4ELi5EN3c108BFloat16EEEv18HadamardParamsBase
          0 bytes stack frame, 0 bytes spill stores, 0 bytes spill loads
      ptxas info    : Used 25 registers, used 0 barriers, 408 bytes cmem[0]
      ptxas info    : Compile time = 5.328 ms
      ptxas info    : Compiling entry function
      '_Z30fast_hadamard_transform_kernelI37fast_hadamard_transform_kernel_traitsILi2ELi4EN3c108BFloat16EEEv18HadamardParamsBase' for 'sm_80'
      ptxas info    : Function properties for
      _Z30fast_hadamard_transform_kernelI37fast_hadamard_transform_kernel_traitsILi2ELi4EN3c108BFloat16EEEv18HadamardParamsBase
          0 bytes stack frame, 0 bytes spill stores, 0 bytes spill loads
      ptxas info    : Used 25 registers, used 0 barriers, 408 bytes cmem[0]
      ptxas info    : Compile time = 4.313 ms
      ptxas info    : Compiling entry function
      '_Z30fast_hadamard_transform_kernelI37fast_hadamard_transform_kernel_traitsILi1ELi3EN3c108BFloat16EEEv18HadamardParamsBase' for 'sm_80'
      ptxas info    : Function properties for
      _Z30fast_hadamard_transform_kernelI37fast_hadamard_transform_kernel_traitsILi1ELi3EN3c108BFloat16EEEv18HadamardParamsBase
          0 bytes stack frame, 0 bytes spill stores, 0 bytes spill loads
      ptxas info    : Used 18 registers, used 0 barriers, 408 bytes cmem[0]
      ptxas info    : Compile time = 2.754 ms
      ptxas info    : Compiling entry function
      '_Z30fast_hadamard_transform_kernelI37fast_hadamard_transform_kernel_traitsILi256ELi15EN3c104HalfEEEv18HadamardParamsBase' for 'sm_80'
      ptxas info    : Function properties for
      _Z30fast_hadamard_transform_kernelI37fast_hadamard_transform_kernel_traitsILi256ELi15EN3c104HalfEEEv18HadamardParamsBase
          0 bytes stack frame, 0 bytes spill stores, 0 bytes spill loads
      ptxas info    : Used 255 registers, used 1 barriers, 408 bytes cmem[0]
      ptxas info    : Compile time = 1954.550 ms
      ptxas info    : Compiling entry function
      '_Z30fast_hadamard_transform_kernelI37fast_hadamard_transform_kernel_traitsILi256ELi14EN3c104HalfEEEv18HadamardParamsBase' for 'sm_80'
      ptxas info    : Function properties for
      _Z30fast_hadamard_transform_kernelI37fast_hadamard_transform_kernel_traitsILi256ELi14EN3c104HalfEEEv18HadamardParamsBase
          0 bytes stack frame, 0 bytes spill stores, 0 bytes spill loads
      ptxas info    : Used 116 registers, used 1 barriers, 408 bytes cmem[0]
      ptxas info    : Compile time = 385.739 ms
      ptxas info    : Compiling entry function
      '_Z30fast_hadamard_transform_kernelI37fast_hadamard_transform_kernel_traitsILi256ELi13EN3c104HalfEEEv18HadamardParamsBase' for 'sm_80'
      ptxas info    : Function properties for
      _Z30fast_hadamard_transform_kernelI37fast_hadamard_transform_kernel_traitsILi256ELi13EN3c104HalfEEEv18HadamardParamsBase
          0 bytes stack frame, 0 bytes spill stores, 0 bytes spill loads
      ptxas info    : Used 63 registers, used 1 barriers, 408 bytes cmem[0]
      ptxas info    : Compile time = 99.149 ms
      ptxas info    : Compiling entry function
      '_Z30fast_hadamard_transform_kernelI37fast_hadamard_transform_kernel_traitsILi256ELi12EN3c104HalfEEEv18HadamardParamsBase' for 'sm_80'
      ptxas info    : Function properties for
      _Z30fast_hadamard_transform_kernelI37fast_hadamard_transform_kernel_traitsILi256ELi12EN3c104HalfEEEv18HadamardParamsBase
          0 bytes stack frame, 0 bytes spill stores, 0 bytes spill loads
      ptxas info    : Used 42 registers, used 1 barriers, 408 bytes cmem[0]
      ptxas info    : Compile time = 34.495 ms
      ptxas info    : Compiling entry function
      '_Z30fast_hadamard_transform_kernelI37fast_hadamard_transform_kernel_traitsILi256ELi11EN3c104HalfEEEv18HadamardParamsBase' for 'sm_80'
      ptxas info    : Function properties for
      _Z30fast_hadamard_transform_kernelI37fast_hadamard_transform_kernel_traitsILi256ELi11EN3c104HalfEEEv18HadamardParamsBase
          0 bytes stack frame, 0 bytes spill stores, 0 bytes spill loads
      ptxas info    : Used 32 registers, used 1 barriers, 408 bytes cmem[0]
      ptxas info    : Compile time = 15.313 ms
      ptxas info    : Compiling entry function
      '_Z30fast_hadamard_transform_kernelI37fast_hadamard_transform_kernel_traitsILi128ELi10EN3c104HalfEEEv18HadamardParamsBase' for 'sm_80'
      ptxas info    : Function properties for
      _Z30fast_hadamard_transform_kernelI37fast_hadamard_transform_kernel_traitsILi128ELi10EN3c104HalfEEEv18HadamardParamsBase
          0 bytes stack frame, 0 bytes spill stores, 0 bytes spill loads
      ptxas info    : Used 32 registers, used 1 barriers, 408 bytes cmem[0]
      ptxas info    : Compile time = 12.959 ms
      ptxas info    : Compiling entry function
      '_Z30fast_hadamard_transform_kernelI37fast_hadamard_transform_kernel_traitsILi32ELi9EN3c104HalfEEEv18HadamardParamsBase' for 'sm_80'
      ptxas info    : Function properties for _Z30fast_hadamard_transform_kernelI37fast_hadamard_transform_kernel_traitsILi32ELi9EN3c104HalfEEEv18HadamardParamsBase
          0 bytes stack frame, 0 bytes spill stores, 0 bytes spill loads
      ptxas info    : Used 41 registers, used 0 barriers, 408 bytes cmem[0]
      ptxas info    : Compile time = 19.599 ms
      ptxas info    : Compiling entry function
      '_Z30fast_hadamard_transform_kernelI37fast_hadamard_transform_kernel_traitsILi32ELi8EN3c104HalfEEEv18HadamardParamsBase' for 'sm_80'
      ptxas info    : Function properties for _Z30fast_hadamard_transform_kernelI37fast_hadamard_transform_kernel_traitsILi32ELi8EN3c104HalfEEEv18HadamardParamsBase
          0 bytes stack frame, 0 bytes spill stores, 0 bytes spill loads
      ptxas info    : Used 27 registers, used 0 barriers, 408 bytes cmem[0]
      ptxas info    : Compile time = 8.905 ms
      ptxas info    : Compiling entry function
      '_Z30fast_hadamard_transform_kernelI37fast_hadamard_transform_kernel_traitsILi16ELi7EN3c104HalfEEEv18HadamardParamsBase' for 'sm_80'
      ptxas info    : Function properties for _Z30fast_hadamard_transform_kernelI37fast_hadamard_transform_kernel_traitsILi16ELi7EN3c104HalfEEEv18HadamardParamsBase
          0 bytes stack frame, 0 bytes spill stores, 0 bytes spill loads
      ptxas info    : Used 27 registers, used 0 barriers, 408 bytes cmem[0]
      ptxas info    : Compile time = 7.664 ms
      ptxas info    : Compiling entry function
      '_Z30fast_hadamard_transform_kernelI37fast_hadamard_transform_kernel_traitsILi8ELi6EN3c104HalfEEEv18HadamardParamsBase' for 'sm_80'
      ptxas info    : Function properties for _Z30fast_hadamard_transform_kernelI37fast_hadamard_transform_kernel_traitsILi8ELi6EN3c104HalfEEEv18HadamardParamsBase
          0 bytes stack frame, 0 bytes spill stores, 0 bytes spill loads
      ptxas info    : Used 26 registers, used 0 barriers, 408 bytes cmem[0]
      ptxas info    : Compile time = 6.711 ms
      ptxas info    : Compiling entry function
      '_Z30fast_hadamard_transform_kernelI37fast_hadamard_transform_kernel_traitsILi4ELi5EN3c104HalfEEEv18HadamardParamsBase' for 'sm_80'
      ptxas info    : Function properties for _Z30fast_hadamard_transform_kernelI37fast_hadamard_transform_kernel_traitsILi4ELi5EN3c104HalfEEEv18HadamardParamsBase
          0 bytes stack frame, 0 bytes spill stores, 0 bytes spill loads
      ptxas info    : Used 26 registers, used 0 barriers, 408 bytes cmem[0]
      ptxas info    : Compile time = 5.305 ms
      ptxas info    : Compiling entry function
      '_Z30fast_hadamard_transform_kernelI37fast_hadamard_transform_kernel_traitsILi2ELi4EN3c104HalfEEEv18HadamardParamsBase' for 'sm_80'
      ptxas info    : Function properties for _Z30fast_hadamard_transform_kernelI37fast_hadamard_transform_kernel_traitsILi2ELi4EN3c104HalfEEEv18HadamardParamsBase
          0 bytes stack frame, 0 bytes spill stores, 0 bytes spill loads
      ptxas info    : Used 24 registers, used 0 barriers, 408 bytes cmem[0]
      ptxas info    : Compile time = 4.185 ms
      ptxas info    : Compiling entry function
      '_Z30fast_hadamard_transform_kernelI37fast_hadamard_transform_kernel_traitsILi1ELi3EN3c104HalfEEEv18HadamardParamsBase' for 'sm_80'
      ptxas info    : Function properties for _Z30fast_hadamard_transform_kernelI37fast_hadamard_transform_kernel_traitsILi1ELi3EN3c104HalfEEEv18HadamardParamsBase
          0 bytes stack frame, 0 bytes spill stores, 0 bytes spill loads
      ptxas info    : Used 18 registers, used 0 barriers, 408 bytes cmem[0]
      ptxas info    : Compile time = 2.778 ms
      ptxas info    : Compiling entry function '_Z30fast_hadamard_transform_kernelI37fast_hadamard_transform_kernel_traitsILi256ELi15EfEEv18HadamardParamsBase'
      for 'sm_80'
      ptxas info    : Function properties for _Z30fast_hadamard_transform_kernelI37fast_hadamard_transform_kernel_traitsILi256ELi15EfEEv18HadamardParamsBase
          48 bytes stack frame, 44 bytes spill stores, 44 bytes spill loads
      ptxas info    : Used 255 registers, used 1 barriers, 48 bytes cumulative stack size, 408 bytes cmem[0]
      ptxas info    : Compile time = 2251.649 ms
      ptxas info    : Compiling entry function '_Z30fast_hadamard_transform_kernelI37fast_hadamard_transform_kernel_traitsILi256ELi14EfEEv18HadamardParamsBase'
      for 'sm_80'
      ptxas info    : Function properties for _Z30fast_hadamard_transform_kernelI37fast_hadamard_transform_kernel_traitsILi256ELi14EfEEv18HadamardParamsBase
          0 bytes stack frame, 0 bytes spill stores, 0 bytes spill loads
      ptxas info    : Used 128 registers, used 1 barriers, 408 bytes cmem[0]
      ptxas info    : Compile time = 417.624 ms
      ptxas info    : Compiling entry function '_Z30fast_hadamard_transform_kernelI37fast_hadamard_transform_kernel_traitsILi256ELi13EfEEv18HadamardParamsBase'
      for 'sm_80'
      ptxas info    : Function properties for _Z30fast_hadamard_transform_kernelI37fast_hadamard_transform_kernel_traitsILi256ELi13EfEEv18HadamardParamsBase
          0 bytes stack frame, 0 bytes spill stores, 0 bytes spill loads
      ptxas info    : Used 64 registers, used 1 barriers, 408 bytes cmem[0]
      ptxas info    : Compile time = 96.218 ms
      ptxas info    : Compiling entry function '_Z30fast_hadamard_transform_kernelI37fast_hadamard_transform_kernel_traitsILi256ELi12EfEEv18HadamardParamsBase'
      for 'sm_80'
      ptxas info    : Function properties for _Z30fast_hadamard_transform_kernelI37fast_hadamard_transform_kernel_traitsILi256ELi12EfEEv18HadamardParamsBase
          0 bytes stack frame, 0 bytes spill stores, 0 bytes spill loads
      ptxas info    : Used 48 registers, used 1 barriers, 408 bytes cmem[0]
      ptxas info    : Compile time = 33.633 ms
      ptxas info    : Compiling entry function '_Z30fast_hadamard_transform_kernelI37fast_hadamard_transform_kernel_traitsILi256ELi11EfEEv18HadamardParamsBase'
      for 'sm_80'
      ptxas info    : Function properties for _Z30fast_hadamard_transform_kernelI37fast_hadamard_transform_kernel_traitsILi256ELi11EfEEv18HadamardParamsBase
          0 bytes stack frame, 0 bytes spill stores, 0 bytes spill loads
      ptxas info    : Used 32 registers, used 1 barriers, 408 bytes cmem[0]
      ptxas info    : Compile time = 14.529 ms
      ptxas info    : Compiling entry function '_Z30fast_hadamard_transform_kernelI37fast_hadamard_transform_kernel_traitsILi128ELi10EfEEv18HadamardParamsBase'
      for 'sm_80'
      ptxas info    : Function properties for _Z30fast_hadamard_transform_kernelI37fast_hadamard_transform_kernel_traitsILi128ELi10EfEEv18HadamardParamsBase
          0 bytes stack frame, 0 bytes spill stores, 0 bytes spill loads
      ptxas info    : Used 31 registers, used 1 barriers, 408 bytes cmem[0]
      ptxas info    : Compile time = 13.015 ms
      ptxas info    : Compiling entry function '_Z30fast_hadamard_transform_kernelI37fast_hadamard_transform_kernel_traitsILi32ELi9EfEEv18HadamardParamsBase'
      for 'sm_80'
      ptxas info    : Function properties for _Z30fast_hadamard_transform_kernelI37fast_hadamard_transform_kernel_traitsILi32ELi9EfEEv18HadamardParamsBase
          0 bytes stack frame, 0 bytes spill stores, 0 bytes spill loads
      ptxas info    : Used 47 registers, used 0 barriers, 408 bytes cmem[0]
      ptxas info    : Compile time = 18.845 ms
      ptxas info    : Compiling entry function '_Z30fast_hadamard_transform_kernelI37fast_hadamard_transform_kernel_traitsILi32ELi8EfEEv18HadamardParamsBase'
      for 'sm_80'
      ptxas info    : Function properties for _Z30fast_hadamard_transform_kernelI37fast_hadamard_transform_kernel_traitsILi32ELi8EfEEv18HadamardParamsBase
          0 bytes stack frame, 0 bytes spill stores, 0 bytes spill loads
      ptxas info    : Used 24 registers, used 0 barriers, 408 bytes cmem[0]
      ptxas info    : Compile time = 9.026 ms
      ptxas info    : Compiling entry function '_Z30fast_hadamard_transform_kernelI37fast_hadamard_transform_kernel_traitsILi16ELi7EfEEv18HadamardParamsBase'
      for 'sm_80'
      ptxas info    : Function properties for _Z30fast_hadamard_transform_kernelI37fast_hadamard_transform_kernel_traitsILi16ELi7EfEEv18HadamardParamsBase
          0 bytes stack frame, 0 bytes spill stores, 0 bytes spill loads
      ptxas info    : Used 24 registers, used 0 barriers, 408 bytes cmem[0]
      ptxas info    : Compile time = 7.734 ms
      ptxas info    : Compiling entry function '_Z30fast_hadamard_transform_kernelI37fast_hadamard_transform_kernel_traitsILi8ELi6EfEEv18HadamardParamsBase'
      for 'sm_80'
      ptxas info    : Function properties for _Z30fast_hadamard_transform_kernelI37fast_hadamard_transform_kernel_traitsILi8ELi6EfEEv18HadamardParamsBase
          0 bytes stack frame, 0 bytes spill stores, 0 bytes spill loads
      ptxas info    : Used 25 registers, used 0 barriers, 408 bytes cmem[0]
      ptxas info    : Compile time = 6.961 ms
      ptxas info    : Compiling entry function '_Z30fast_hadamard_transform_kernelI37fast_hadamard_transform_kernel_traitsILi4ELi5EfEEv18HadamardParamsBase'
      for 'sm_80'
      ptxas info    : Function properties for _Z30fast_hadamard_transform_kernelI37fast_hadamard_transform_kernel_traitsILi4ELi5EfEEv18HadamardParamsBase
          0 bytes stack frame, 0 bytes spill stores, 0 bytes spill loads
      ptxas info    : Used 25 registers, used 0 barriers, 408 bytes cmem[0]
      ptxas info    : Compile time = 5.650 ms
      ptxas info    : Compiling entry function '_Z30fast_hadamard_transform_kernelI37fast_hadamard_transform_kernel_traitsILi2ELi4EfEEv18HadamardParamsBase'
      for 'sm_80'
      ptxas info    : Function properties for _Z30fast_hadamard_transform_kernelI37fast_hadamard_transform_kernel_traitsILi2ELi4EfEEv18HadamardParamsBase
          0 bytes stack frame, 0 bytes spill stores, 0 bytes spill loads
      ptxas info    : Used 23 registers, used 0 barriers, 408 bytes cmem[0]
      ptxas info    : Compile time = 4.282 ms
      ptxas info    : Compiling entry function '_Z30fast_hadamard_transform_kernelI37fast_hadamard_transform_kernel_traitsILi1ELi3EfEEv18HadamardParamsBase'
      for 'sm_80'
      ptxas info    : Function properties for _Z30fast_hadamard_transform_kernelI37fast_hadamard_transform_kernel_traitsILi1ELi3EfEEv18HadamardParamsBase
          0 bytes stack frame, 0 bytes spill stores, 0 bytes spill loads
      ptxas info    : Used 24 registers, used 0 barriers, 408 bytes cmem[0]
      ptxas info    : Compile time = 2.770 ms
      ptxas info    : 0 bytes gmem
      ptxas info    : Compiling entry function
      '_Z30fast_hadamard_transform_kernelI41fast_hadamard_transform_40N_kernel_traitsILi256ELi10EN3c108BFloat16EEEv18HadamardParamsBase' for 'sm_110'
      ptxas info    : Function properties for
      _Z30fast_hadamard_transform_kernelI41fast_hadamard_transform_40N_kernel_traitsILi256ELi10EN3c108BFloat16EEEv18HadamardParamsBase
          208 bytes stack frame, 208 bytes spill stores, 208 bytes spill loads
      ptxas info    : Used 255 registers, used 1 barriers, 208 bytes cumulative stack size
      ptxas info    : Compile time = 911.885 ms
      ptxas info    : Compiling entry function
      '_Z30fast_hadamard_transform_kernelI41fast_hadamard_transform_40N_kernel_traitsILi128ELi9EN3c108BFloat16EEEv18HadamardParamsBase' for 'sm_110'
      ptxas info    : Function properties for
      _Z30fast_hadamard_transform_kernelI41fast_hadamard_transform_40N_kernel_traitsILi128ELi9EN3c108BFloat16EEEv18HadamardParamsBase
          136 bytes stack frame, 136 bytes spill stores, 136 bytes spill loads
      ptxas info    : Used 255 registers, used 1 barriers, 136 bytes cumulative stack size
      ptxas info    : Compile time = 815.508 ms
      ptxas info    : Compiling entry function
      '_Z30fast_hadamard_transform_kernelI41fast_hadamard_transform_40N_kernel_traitsILi64ELi8EN3c108BFloat16EEEv18HadamardParamsBase' for 'sm_110'
      ptxas info    : Function properties for
      _Z30fast_hadamard_transform_kernelI41fast_hadamard_transform_40N_kernel_traitsILi64ELi8EN3c108BFloat16EEEv18HadamardParamsBase
          144 bytes stack frame, 140 bytes spill stores, 140 bytes spill loads
      ptxas info    : Used 255 registers, used 1 barriers, 144 bytes cumulative stack size
      ptxas info    : Compile time = 752.352 ms
      ptxas info    : Compiling entry function
      '_Z30fast_hadamard_transform_kernelI41fast_hadamard_transform_40N_kernel_traitsILi32ELi7EN3c108BFloat16EEEv18HadamardParamsBase' for 'sm_110'
      ptxas info    : Function properties for
      _Z30fast_hadamard_transform_kernelI41fast_hadamard_transform_40N_kernel_traitsILi32ELi7EN3c108BFloat16EEEv18HadamardParamsBase
          216 bytes stack frame, 212 bytes spill stores, 212 bytes spill loads
      ptxas info    : Used 255 registers, used 0 barriers, 216 bytes cumulative stack size
      ptxas info    : Compile time = 724.803 ms
      ptxas info    : Compiling entry function
      '_Z30fast_hadamard_transform_kernelI41fast_hadamard_transform_40N_kernel_traitsILi16ELi6EN3c108BFloat16EEEv18HadamardParamsBase' for 'sm_110'
      ptxas info    : Function properties for
      _Z30fast_hadamard_transform_kernelI41fast_hadamard_transform_40N_kernel_traitsILi16ELi6EN3c108BFloat16EEEv18HadamardParamsBase
          216 bytes stack frame, 212 bytes spill stores, 212 bytes spill loads
      ptxas info    : Used 255 registers, used 0 barriers, 216 bytes cumulative stack size
      ptxas info    : Compile time = 683.297 ms
      ptxas info    : Compiling entry function
      '_Z30fast_hadamard_transform_kernelI41fast_hadamard_transform_40N_kernel_traitsILi8ELi5EN3c108BFloat16EEEv18HadamardParamsBase' for 'sm_110'
      ptxas info    : Function properties for
      _Z30fast_hadamard_transform_kernelI41fast_hadamard_transform_40N_kernel_traitsILi8ELi5EN3c108BFloat16EEEv18HadamardParamsBase
          240 bytes stack frame, 232 bytes spill stores, 232 bytes spill loads
      ptxas info    : Used 255 registers, used 0 barriers, 240 bytes cumulative stack size
      ptxas info    : Compile time = 588.495 ms
      ptxas info    : Compiling entry function
      '_Z30fast_hadamard_transform_kernelI41fast_hadamard_transform_40N_kernel_traitsILi4ELi4EN3c108BFloat16EEEv18HadamardParamsBase' for 'sm_110'
      ptxas info    : Function properties for
      _Z30fast_hadamard_transform_kernelI41fast_hadamard_transform_40N_kernel_traitsILi4ELi4EN3c108BFloat16EEEv18HadamardParamsBase
          248 bytes stack frame, 252 bytes spill stores, 252 bytes spill loads
      ptxas info    : Used 255 registers, used 0 barriers, 248 bytes cumulative stack size
      ptxas info    : Compile time = 505.185 ms
      ptxas info    : Compiling entry function
      '_Z30fast_hadamard_transform_kernelI41fast_hadamard_transform_40N_kernel_traitsILi2ELi3EN3c108BFloat16EEEv18HadamardParamsBase' for 'sm_110'
      ptxas info    : Function properties for
      _Z30fast_hadamard_transform_kernelI41fast_hadamard_transform_40N_kernel_traitsILi2ELi3EN3c108BFloat16EEEv18HadamardParamsBase
          240 bytes stack frame, 232 bytes spill stores, 232 bytes spill loads
      ptxas info    : Used 255 registers, used 0 barriers, 240 bytes cumulative stack size
      ptxas info    : Compile time = 437.038 ms
      ptxas info    : Compiling entry function
      '_Z30fast_hadamard_transform_kernelI41fast_hadamard_transform_40N_kernel_traitsILi1ELi2EN3c108BFloat16EEEv18HadamardParamsBase' for 'sm_110'
      ptxas info    : Function properties for
      _Z30fast_hadamard_transform_kernelI41fast_hadamard_transform_40N_kernel_traitsILi1ELi2EN3c108BFloat16EEEv18HadamardParamsBase
          224 bytes stack frame, 220 bytes spill stores, 220 bytes spill loads
      ptxas info    : Used 255 registers, used 0 barriers, 224 bytes cumulative stack size
      ptxas info    : Compile time = 386.633 ms
      ptxas info    : Compiling entry function
      '_Z30fast_hadamard_transform_kernelI41fast_hadamard_transform_40N_kernel_traitsILi256ELi10EN3c104HalfEEEv18HadamardParamsBase' for 'sm_110'
      ptxas info    : Function properties for
      _Z30fast_hadamard_transform_kernelI41fast_hadamard_transform_40N_kernel_traitsILi256ELi10EN3c104HalfEEEv18HadamardParamsBase
          208 bytes stack frame, 208 bytes spill stores, 208 bytes spill loads
      ptxas info    : Used 255 registers, used 1 barriers, 208 bytes cumulative stack size
      ptxas info    : Compile time = 897.992 ms
      ptxas info    : Compiling entry function
      '_Z30fast_hadamard_transform_kernelI41fast_hadamard_transform_40N_kernel_traitsILi128ELi9EN3c104HalfEEEv18HadamardParamsBase' for 'sm_110'
      ptxas info    : Function properties for
      _Z30fast_hadamard_transform_kernelI41fast_hadamard_transform_40N_kernel_traitsILi128ELi9EN3c104HalfEEEv18HadamardParamsBase
          136 bytes stack frame, 136 bytes spill stores, 136 bytes spill loads
      ptxas info    : Used 255 registers, used 1 barriers, 136 bytes cumulative stack size
      ptxas info    : Compile time = 842.502 ms
      ptxas info    : Compiling entry function
      '_Z30fast_hadamard_transform_kernelI41fast_hadamard_transform_40N_kernel_traitsILi64ELi8EN3c104HalfEEEv18HadamardParamsBase' for 'sm_110'
      ptxas info    : Function properties for
      _Z30fast_hadamard_transform_kernelI41fast_hadamard_transform_40N_kernel_traitsILi64ELi8EN3c104HalfEEEv18HadamardParamsBase
          144 bytes stack frame, 140 bytes spill stores, 140 bytes spill loads
      ptxas info    : Used 255 registers, used 1 barriers, 144 bytes cumulative stack size
      ptxas info    : Compile time = 751.469 ms
      ptxas info    : Compiling entry function
      '_Z30fast_hadamard_transform_kernelI41fast_hadamard_transform_40N_kernel_traitsILi32ELi7EN3c104HalfEEEv18HadamardParamsBase' for 'sm_110'
      ptxas info    : Function properties for
      _Z30fast_hadamard_transform_kernelI41fast_hadamard_transform_40N_kernel_traitsILi32ELi7EN3c104HalfEEEv18HadamardParamsBase
          216 bytes stack frame, 212 bytes spill stores, 212 bytes spill loads
      ptxas info    : Used 255 registers, used 0 barriers, 216 bytes cumulative stack size
      ptxas info    : Compile time = 778.962 ms
      ptxas info    : Compiling entry function
      '_Z30fast_hadamard_transform_kernelI41fast_hadamard_transform_40N_kernel_traitsILi16ELi6EN3c104HalfEEEv18HadamardParamsBase' for 'sm_110'
      ptxas info    : Function properties for
      _Z30fast_hadamard_transform_kernelI41fast_hadamard_transform_40N_kernel_traitsILi16ELi6EN3c104HalfEEEv18HadamardParamsBase
          232 bytes stack frame, 224 bytes spill stores, 224 bytes spill loads
      ptxas info    : Used 255 registers, used 0 barriers, 232 bytes cumulative stack size
      ptxas info    : Compile time = 677.810 ms
      ptxas info    : Compiling entry function
      '_Z30fast_hadamard_transform_kernelI41fast_hadamard_transform_40N_kernel_traitsILi8ELi5EN3c104HalfEEEv18HadamardParamsBase' for 'sm_110'
      ptxas info    : Function properties for
      _Z30fast_hadamard_transform_kernelI41fast_hadamard_transform_40N_kernel_traitsILi8ELi5EN3c104HalfEEEv18HadamardParamsBase
          240 bytes stack frame, 232 bytes spill stores, 232 bytes spill loads
      ptxas info    : Used 255 registers, used 0 barriers, 240 bytes cumulative stack size
      ptxas info    : Compile time = 581.737 ms
      ptxas info    : Compiling entry function
      '_Z30fast_hadamard_transform_kernelI41fast_hadamard_transform_40N_kernel_traitsILi4ELi4EN3c104HalfEEEv18HadamardParamsBase' for 'sm_110'
      ptxas info    : Function properties for
      _Z30fast_hadamard_transform_kernelI41fast_hadamard_transform_40N_kernel_traitsILi4ELi4EN3c104HalfEEEv18HadamardParamsBase
          256 bytes stack frame, 252 bytes spill stores, 252 bytes spill loads
      ptxas info    : Used 255 registers, used 0 barriers, 256 bytes cumulative stack size
      ptxas info    : Compile time = 514.441 ms
      ptxas info    : Compiling entry function
      '_Z30fast_hadamard_transform_kernelI41fast_hadamard_transform_40N_kernel_traitsILi2ELi3EN3c104HalfEEEv18HadamardParamsBase' for 'sm_110'
      ptxas info    : Function properties for
      _Z30fast_hadamard_transform_kernelI41fast_hadamard_transform_40N_kernel_traitsILi2ELi3EN3c104HalfEEEv18HadamardParamsBase
          240 bytes stack frame, 232 bytes spill stores, 232 bytes spill loads
      ptxas info    : Used 255 registers, used 0 barriers, 240 bytes cumulative stack size
      ptxas info    : Compile time = 447.873 ms
      ptxas info    : Compiling entry function
      '_Z30fast_hadamard_transform_kernelI41fast_hadamard_transform_40N_kernel_traitsILi1ELi2EN3c104HalfEEEv18HadamardParamsBase' for 'sm_110'
      ptxas info    : Function properties for
      _Z30fast_hadamard_transform_kernelI41fast_hadamard_transform_40N_kernel_traitsILi1ELi2EN3c104HalfEEEv18HadamardParamsBase
          224 bytes stack frame, 220 bytes spill stores, 220 bytes spill loads
      ptxas info    : Used 255 registers, used 0 barriers, 224 bytes cumulative stack size
      ptxas info    : Compile time = 392.643 ms
      ptxas info    : Compiling entry function '_Z30fast_hadamard_transform_kernelI41fast_hadamard_transform_40N_kernel_traitsILi256ELi10EfEEv18HadamardParamsBase'
      for 'sm_110'
      ptxas info    : Function properties for _Z30fast_hadamard_transform_kernelI41fast_hadamard_transform_40N_kernel_traitsILi256ELi10EfEEv18HadamardParamsBase
          96 bytes stack frame, 92 bytes spill stores, 92 bytes spill loads
      ptxas info    : Used 255 registers, used 1 barriers, 96 bytes cumulative stack size
      ptxas info    : Compile time = 856.010 ms
      ptxas info    : Compiling entry function '_Z30fast_hadamard_transform_kernelI41fast_hadamard_transform_40N_kernel_traitsILi128ELi9EfEEv18HadamardParamsBase'
      for 'sm_110'
      ptxas info    : Function properties for _Z30fast_hadamard_transform_kernelI41fast_hadamard_transform_40N_kernel_traitsILi128ELi9EfEEv18HadamardParamsBase
          80 bytes stack frame, 80 bytes spill stores, 80 bytes spill loads
      ptxas info    : Used 255 registers, used 1 barriers, 80 bytes cumulative stack size
      ptxas info    : Compile time = 784.406 ms
      ptxas info    : Compiling entry function '_Z30fast_hadamard_transform_kernelI41fast_hadamard_transform_40N_kernel_traitsILi64ELi8EfEEv18HadamardParamsBase'
      for 'sm_110'
      ptxas info    : Function properties for _Z30fast_hadamard_transform_kernelI41fast_hadamard_transform_40N_kernel_traitsILi64ELi8EfEEv18HadamardParamsBase
          16 bytes stack frame, 12 bytes spill stores, 12 bytes spill loads
      ptxas info    : Used 255 registers, used 1 barriers, 16 bytes cumulative stack size
      ptxas info    : Compile time = 656.391 ms
      ptxas info    : Compiling entry function '_Z30fast_hadamard_transform_kernelI41fast_hadamard_transform_40N_kernel_traitsILi32ELi7EfEEv18HadamardParamsBase'
      for 'sm_110'
      ptxas info    : Function properties for _Z30fast_hadamard_transform_kernelI41fast_hadamard_transform_40N_kernel_traitsILi32ELi7EfEEv18HadamardParamsBase
          136 bytes stack frame, 136 bytes spill stores, 136 bytes spill loads
      ptxas info    : Used 255 registers, used 0 barriers, 136 bytes cumulative stack size
      ptxas info    : Compile time = 717.518 ms
      ptxas info    : Compiling entry function '_Z30fast_hadamard_transform_kernelI41fast_hadamard_transform_40N_kernel_traitsILi16ELi6EfEEv18HadamardParamsBase'
      for 'sm_110'
      ptxas info    : Function properties for _Z30fast_hadamard_transform_kernelI41fast_hadamard_transform_40N_kernel_traitsILi16ELi6EfEEv18HadamardParamsBase
          120 bytes stack frame, 116 bytes spill stores, 116 bytes spill loads
      ptxas info    : Used 255 registers, used 0 barriers, 120 bytes cumulative stack size
      ptxas info    : Compile time = 641.261 ms
      ptxas info    : Compiling entry function '_Z30fast_hadamard_transform_kernelI41fast_hadamard_transform_40N_kernel_traitsILi8ELi5EfEEv18HadamardParamsBase'
      for 'sm_110'
      ptxas info    : Function properties for _Z30fast_hadamard_transform_kernelI41fast_hadamard_transform_40N_kernel_traitsILi8ELi5EfEEv18HadamardParamsBase
          112 bytes stack frame, 108 bytes spill stores, 108 bytes spill loads
      ptxas info    : Used 255 registers, used 0 barriers, 112 bytes cumulative stack size
      ptxas info    : Compile time = 541.245 ms
      ptxas info    : Compiling entry function '_Z30fast_hadamard_transform_kernelI41fast_hadamard_transform_40N_kernel_traitsILi4ELi4EfEEv18HadamardParamsBase'
      for 'sm_110'
      ptxas info    : Function properties for _Z30fast_hadamard_transform_kernelI41fast_hadamard_transform_40N_kernel_traitsILi4ELi4EfEEv18HadamardParamsBase
          64 bytes stack frame, 64 bytes spill stores, 64 bytes spill loads
      ptxas info    : Used 255 registers, used 0 barriers, 64 bytes cumulative stack size
      ptxas info    : Compile time = 453.756 ms
      ptxas info    : Compiling entry function '_Z30fast_hadamard_transform_kernelI41fast_hadamard_transform_40N_kernel_traitsILi2ELi3EfEEv18HadamardParamsBase'
      for 'sm_110'
      ptxas info    : Function properties for _Z30fast_hadamard_transform_kernelI41fast_hadamard_transform_40N_kernel_traitsILi2ELi3EfEEv18HadamardParamsBase
          48 bytes stack frame, 44 bytes spill stores, 44 bytes spill loads
      ptxas info    : Used 255 registers, used 0 barriers, 48 bytes cumulative stack size
      ptxas info    : Compile time = 388.827 ms
      ptxas info    : Compiling entry function '_Z30fast_hadamard_transform_kernelI41fast_hadamard_transform_40N_kernel_traitsILi1ELi2EfEEv18HadamardParamsBase'
      for 'sm_110'
      ptxas info    : Function properties for _Z30fast_hadamard_transform_kernelI41fast_hadamard_transform_40N_kernel_traitsILi1ELi2EfEEv18HadamardParamsBase
          48 bytes stack frame, 44 bytes spill stores, 44 bytes spill loads
      ptxas info    : Used 255 registers, used 0 barriers, 48 bytes cumulative stack size
      ptxas info    : Compile time = 334.295 ms
      ptxas info    : Compiling entry function
      '_Z30fast_hadamard_transform_kernelI41fast_hadamard_transform_28N_kernel_traitsILi256ELi10EN3c108BFloat16EEEv18HadamardParamsBase' for 'sm_110'
      ptxas info    : Function properties for
      _Z30fast_hadamard_transform_kernelI41fast_hadamard_transform_28N_kernel_traitsILi256ELi10EN3c108BFloat16EEEv18HadamardParamsBase
          0 bytes stack frame, 0 bytes spill stores, 0 bytes spill loads
      ptxas info    : Used 182 registers, used 1 barriers
      ptxas info    : Compile time = 433.493 ms
      ptxas info    : Compiling entry function
      '_Z30fast_hadamard_transform_kernelI41fast_hadamard_transform_28N_kernel_traitsILi128ELi9EN3c108BFloat16EEEv18HadamardParamsBase' for 'sm_110'
      ptxas info    : Function properties for
      _Z30fast_hadamard_transform_kernelI41fast_hadamard_transform_28N_kernel_traitsILi128ELi9EN3c108BFloat16EEEv18HadamardParamsBase
          0 bytes stack frame, 0 bytes spill stores, 0 bytes spill loads
      ptxas info    : Used 186 registers, used 1 barriers
      ptxas info    : Compile time = 399.105 ms
      ptxas info    : Compiling entry function
      '_Z30fast_hadamard_transform_kernelI41fast_hadamard_transform_28N_kernel_traitsILi64ELi8EN3c108BFloat16EEEv18HadamardParamsBase' for 'sm_110'
      ptxas info    : Function properties for
      _Z30fast_hadamard_transform_kernelI41fast_hadamard_transform_28N_kernel_traitsILi64ELi8EN3c108BFloat16EEEv18HadamardParamsBase
          0 bytes stack frame, 0 bytes spill stores, 0 bytes spill loads
      ptxas info    : Used 198 registers, used 1 barriers
      ptxas info    : Compile time = 365.461 ms
      ptxas info    : Compiling entry function
      '_Z30fast_hadamard_transform_kernelI41fast_hadamard_transform_28N_kernel_traitsILi32ELi7EN3c108BFloat16EEEv18HadamardParamsBase' for 'sm_110'
      ptxas info    : Function properties for
      _Z30fast_hadamard_transform_kernelI41fast_hadamard_transform_28N_kernel_traitsILi32ELi7EN3c108BFloat16EEEv18HadamardParamsBase
          0 bytes stack frame, 0 bytes spill stores, 0 bytes spill loads
      ptxas info    : Used 222 registers, used 0 barriers
      ptxas info    : Compile time = 358.059 ms
      ptxas info    : Compiling entry function
      '_Z30fast_hadamard_transform_kernelI41fast_hadamard_transform_28N_kernel_traitsILi16ELi6EN3c108BFloat16EEEv18HadamardParamsBase' for 'sm_110'
      ptxas info    : Function properties for
      _Z30fast_hadamard_transform_kernelI41fast_hadamard_transform_28N_kernel_traitsILi16ELi6EN3c108BFloat16EEEv18HadamardParamsBase
          0 bytes stack frame, 0 bytes spill stores, 0 bytes spill loads
      ptxas info    : Used 228 registers, used 0 barriers
      ptxas info    : Compile time = 314.090 ms
      ptxas info    : Compiling entry function
      '_Z30fast_hadamard_transform_kernelI41fast_hadamard_transform_28N_kernel_traitsILi8ELi5EN3c108BFloat16EEEv18HadamardParamsBase' for 'sm_110'
      ptxas info    : Function properties for
      _Z30fast_hadamard_transform_kernelI41fast_hadamard_transform_28N_kernel_traitsILi8ELi5EN3c108BFloat16EEEv18HadamardParamsBase
          0 bytes stack frame, 0 bytes spill stores, 0 bytes spill loads
      ptxas info    : Used 230 registers, used 0 barriers
      ptxas info    : Compile time = 278.080 ms
      ptxas info    : Compiling entry function
      '_Z30fast_hadamard_transform_kernelI41fast_hadamard_transform_28N_kernel_traitsILi4ELi4EN3c108BFloat16EEEv18HadamardParamsBase' for 'sm_110'
      ptxas info    : Function properties for
      _Z30fast_hadamard_transform_kernelI41fast_hadamard_transform_28N_kernel_traitsILi4ELi4EN3c108BFloat16EEEv18HadamardParamsBase
          0 bytes stack frame, 0 bytes spill stores, 0 bytes spill loads
      ptxas info    : Used 230 registers, used 0 barriers
      ptxas info    : Compile time = 241.728 ms
      ptxas info    : Compiling entry function
      '_Z30fast_hadamard_transform_kernelI41fast_hadamard_transform_28N_kernel_traitsILi2ELi3EN3c108BFloat16EEEv18HadamardParamsBase' for 'sm_110'
      ptxas info    : Function properties for
      _Z30fast_hadamard_transform_kernelI41fast_hadamard_transform_28N_kernel_traitsILi2ELi3EN3c108BFloat16EEEv18HadamardParamsBase
          0 bytes stack frame, 0 bytes spill stores, 0 bytes spill loads
      ptxas info    : Used 216 registers, used 0 barriers
      ptxas info    : Compile time = 219.249 ms
      ptxas info    : Compiling entry function
      '_Z30fast_hadamard_transform_kernelI41fast_hadamard_transform_28N_kernel_traitsILi1ELi2EN3c108BFloat16EEEv18HadamardParamsBase' for 'sm_110'
      ptxas info    : Function properties for
      _Z30fast_hadamard_transform_kernelI41fast_hadamard_transform_28N_kernel_traitsILi1ELi2EN3c108BFloat16EEEv18HadamardParamsBase
          0 bytes stack frame, 0 bytes spill stores, 0 bytes spill loads
      ptxas info    : Used 214 registers, used 0 barriers
      ptxas info    : Compile time = 192.306 ms
      ptxas info    : Compiling entry function
      '_Z30fast_hadamard_transform_kernelI41fast_hadamard_transform_28N_kernel_traitsILi256ELi10EN3c104HalfEEEv18HadamardParamsBase' for 'sm_110'
      ptxas info    : Function properties for
      _Z30fast_hadamard_transform_kernelI41fast_hadamard_transform_28N_kernel_traitsILi256ELi10EN3c104HalfEEEv18HadamardParamsBase
          0 bytes stack frame, 0 bytes spill stores, 0 bytes spill loads
      ptxas info    : Used 177 registers, used 1 barriers
      ptxas info    : Compile time = 438.976 ms
      ptxas info    : Compiling entry function
      '_Z30fast_hadamard_transform_kernelI41fast_hadamard_transform_28N_kernel_traitsILi128ELi9EN3c104HalfEEEv18HadamardParamsBase' for 'sm_110'
      ptxas info    : Function properties for
      _Z30fast_hadamard_transform_kernelI41fast_hadamard_transform_28N_kernel_traitsILi128ELi9EN3c104HalfEEEv18HadamardParamsBase
          0 bytes stack frame, 0 bytes spill stores, 0 bytes spill loads
      ptxas info    : Used 186 registers, used 1 barriers
      ptxas info    : Compile time = 406.442 ms
      ptxas info    : Compiling entry function
      '_Z30fast_hadamard_transform_kernelI41fast_hadamard_transform_28N_kernel_traitsILi64ELi8EN3c104HalfEEEv18HadamardParamsBase' for 'sm_110'
      ptxas info    : Function properties for
      _Z30fast_hadamard_transform_kernelI41fast_hadamard_transform_28N_kernel_traitsILi64ELi8EN3c104HalfEEEv18HadamardParamsBase
          0 bytes stack frame, 0 bytes spill stores, 0 bytes spill loads
      ptxas info    : Used 199 registers, used 1 barriers
      ptxas info    : Compile time = 364.532 ms
      ptxas info    : Compiling entry function
      '_Z30fast_hadamard_transform_kernelI41fast_hadamard_transform_28N_kernel_traitsILi32ELi7EN3c104HalfEEEv18HadamardParamsBase' for 'sm_110'
      ptxas info    : Function properties for
      _Z30fast_hadamard_transform_kernelI41fast_hadamard_transform_28N_kernel_traitsILi32ELi7EN3c104HalfEEEv18HadamardParamsBase
          0 bytes stack frame, 0 bytes spill stores, 0 bytes spill loads
      ptxas info    : Used 222 registers, used 0 barriers
      ptxas info    : Compile time = 359.679 ms
      ptxas info    : Compiling entry function
      '_Z30fast_hadamard_transform_kernelI41fast_hadamard_transform_28N_kernel_traitsILi16ELi6EN3c104HalfEEEv18HadamardParamsBase' for 'sm_110'
      ptxas info    : Function properties for
      _Z30fast_hadamard_transform_kernelI41fast_hadamard_transform_28N_kernel_traitsILi16ELi6EN3c104HalfEEEv18HadamardParamsBase
          0 bytes stack frame, 0 bytes spill stores, 0 bytes spill loads
      ptxas info    : Used 228 registers, used 0 barriers
      ptxas info    : Compile time = 315.737 ms
      ptxas info    : Compiling entry function
      '_Z30fast_hadamard_transform_kernelI41fast_hadamard_transform_28N_kernel_traitsILi8ELi5EN3c104HalfEEEv18HadamardParamsBase' for 'sm_110'
      ptxas info    : Function properties for
      _Z30fast_hadamard_transform_kernelI41fast_hadamard_transform_28N_kernel_traitsILi8ELi5EN3c104HalfEEEv18HadamardParamsBase
          0 bytes stack frame, 0 bytes spill stores, 0 bytes spill loads
      ptxas info    : Used 230 registers, used 0 barriers
      ptxas info    : Compile time = 277.688 ms
      ptxas info    : Compiling entry function
      '_Z30fast_hadamard_transform_kernelI41fast_hadamard_transform_28N_kernel_traitsILi4ELi4EN3c104HalfEEEv18HadamardParamsBase' for 'sm_110'
      ptxas info    : Function properties for
      _Z30fast_hadamard_transform_kernelI41fast_hadamard_transform_28N_kernel_traitsILi4ELi4EN3c104HalfEEEv18HadamardParamsBase
          0 bytes stack frame, 0 bytes spill stores, 0 bytes spill loads
      ptxas info    : Used 230 registers, used 0 barriers
      ptxas info    : Compile time = 243.103 ms
      ptxas info    : Compiling entry function
      '_Z30fast_hadamard_transform_kernelI41fast_hadamard_transform_28N_kernel_traitsILi2ELi3EN3c104HalfEEEv18HadamardParamsBase' for 'sm_110'
      ptxas info    : Function properties for
      _Z30fast_hadamard_transform_kernelI41fast_hadamard_transform_28N_kernel_traitsILi2ELi3EN3c104HalfEEEv18HadamardParamsBase
          0 bytes stack frame, 0 bytes spill stores, 0 bytes spill loads
      ptxas info    : Used 218 registers, used 0 barriers
      ptxas info    : Compile time = 223.588 ms
      ptxas info    : Compiling entry function
      '_Z30fast_hadamard_transform_kernelI41fast_hadamard_transform_28N_kernel_traitsILi1ELi2EN3c104HalfEEEv18HadamardParamsBase' for 'sm_110'
      ptxas info    : Function properties for
      _Z30fast_hadamard_transform_kernelI41fast_hadamard_transform_28N_kernel_traitsILi1ELi2EN3c104HalfEEEv18HadamardParamsBase
          0 bytes stack frame, 0 bytes spill stores, 0 bytes spill loads
      ptxas info    : Used 214 registers, used 0 barriers
      ptxas info    : Compile time = 195.113 ms
      ptxas info    : Compiling entry function '_Z30fast_hadamard_transform_kernelI41fast_hadamard_transform_28N_kernel_traitsILi256ELi10EfEEv18HadamardParamsBase'
      for 'sm_110'
      ptxas info    : Function properties for _Z30fast_hadamard_transform_kernelI41fast_hadamard_transform_28N_kernel_traitsILi256ELi10EfEEv18HadamardParamsBase
          0 bytes stack frame, 0 bytes spill stores, 0 bytes spill loads
      ptxas info    : Used 250 registers, used 1 barriers
      ptxas info    : Compile time = 501.691 ms
      ptxas info    : Compiling entry function '_Z30fast_hadamard_transform_kernelI41fast_hadamard_transform_28N_kernel_traitsILi128ELi9EfEEv18HadamardParamsBase'
      for 'sm_110'
      ptxas info    : Function properties for _Z30fast_hadamard_transform_kernelI41fast_hadamard_transform_28N_kernel_traitsILi128ELi9EfEEv18HadamardParamsBase
          0 bytes stack frame, 0 bytes spill stores, 0 bytes spill loads
      ptxas info    : Used 193 registers, used 1 barriers
      ptxas info    : Compile time = 378.288 ms
      ptxas info    : Compiling entry function '_Z30fast_hadamard_transform_kernelI41fast_hadamard_transform_28N_kernel_traitsILi64ELi8EfEEv18HadamardParamsBase'
      for 'sm_110'
      ptxas info    : Function properties for _Z30fast_hadamard_transform_kernelI41fast_hadamard_transform_28N_kernel_traitsILi64ELi8EfEEv18HadamardParamsBase
          0 bytes stack frame, 0 bytes spill stores, 0 bytes spill loads
      ptxas info    : Used 182 registers, used 1 barriers
      ptxas info    : Compile time = 342.607 ms
      ptxas info    : Compiling entry function '_Z30fast_hadamard_transform_kernelI41fast_hadamard_transform_28N_kernel_traitsILi32ELi7EfEEv18HadamardParamsBase'
      for 'sm_110'
      ptxas info    : Function properties for _Z30fast_hadamard_transform_kernelI41fast_hadamard_transform_28N_kernel_traitsILi32ELi7EfEEv18HadamardParamsBase
          0 bytes stack frame, 0 bytes spill stores, 0 bytes spill loads
      ptxas info    : Used 255 registers, used 0 barriers
      ptxas info    : Compile time = 327.829 ms
      ptxas info    : Compiling entry function '_Z30fast_hadamard_transform_kernelI41fast_hadamard_transform_28N_kernel_traitsILi16ELi6EfEEv18HadamardParamsBase'
      for 'sm_110'
      ptxas info    : Function properties for _Z30fast_hadamard_transform_kernelI41fast_hadamard_transform_28N_kernel_traitsILi16ELi6EfEEv18HadamardParamsBase
          0 bytes stack frame, 0 bytes spill stores, 0 bytes spill loads
      ptxas info    : Used 192 registers, used 0 barriers
      ptxas info    : Compile time = 287.672 ms
      ptxas info    : Compiling entry function '_Z30fast_hadamard_transform_kernelI41fast_hadamard_transform_28N_kernel_traitsILi8ELi5EfEEv18HadamardParamsBase'
      for 'sm_110'
      ptxas info    : Function properties for _Z30fast_hadamard_transform_kernelI41fast_hadamard_transform_28N_kernel_traitsILi8ELi5EfEEv18HadamardParamsBase
          0 bytes stack frame, 0 bytes spill stores, 0 bytes spill loads
      ptxas info    : Used 255 registers, used 0 barriers
      ptxas info    : Compile time = 255.017 ms
      ptxas info    : Compiling entry function '_Z30fast_hadamard_transform_kernelI41fast_hadamard_transform_28N_kernel_traitsILi4ELi4EfEEv18HadamardParamsBase'
      for 'sm_110'
      ptxas info    : Function properties for _Z30fast_hadamard_transform_kernelI41fast_hadamard_transform_28N_kernel_traitsILi4ELi4EfEEv18HadamardParamsBase
          0 bytes stack frame, 0 bytes spill stores, 0 bytes spill loads
      ptxas info    : Used 194 registers, used 0 barriers
      ptxas info    : Compile time = 219.908 ms
      ptxas info    : Compiling entry function '_Z30fast_hadamard_transform_kernelI41fast_hadamard_transform_28N_kernel_traitsILi2ELi3EfEEv18HadamardParamsBase'
      for 'sm_110'
      ptxas info    : Function properties for _Z30fast_hadamard_transform_kernelI41fast_hadamard_transform_28N_kernel_traitsILi2ELi3EfEEv18HadamardParamsBase
          0 bytes stack frame, 0 bytes spill stores, 0 bytes spill loads
      ptxas info    : Used 184 registers, used 0 barriers
      ptxas info    : Compile time = 194.568 ms
      ptxas info    : Compiling entry function '_Z30fast_hadamard_transform_kernelI41fast_hadamard_transform_28N_kernel_traitsILi1ELi2EfEEv18HadamardParamsBase'
      for 'sm_110'
      ptxas info    : Function properties for _Z30fast_hadamard_transform_kernelI41fast_hadamard_transform_28N_kernel_traitsILi1ELi2EfEEv18HadamardParamsBase
          0 bytes stack frame, 0 bytes spill stores, 0 bytes spill loads
      ptxas info    : Used 191 registers, used 0 barriers
      ptxas info    : Compile time = 163.759 ms
      ptxas info    : Compiling entry function
      '_Z30fast_hadamard_transform_kernelI41fast_hadamard_transform_20N_kernel_traitsILi256ELi10EN3c108BFloat16EEEv18HadamardParamsBase' for 'sm_110'
      ptxas info    : Function properties for
      _Z30fast_hadamard_transform_kernelI41fast_hadamard_transform_20N_kernel_traitsILi256ELi10EN3c108BFloat16EEEv18HadamardParamsBase
          0 bytes stack frame, 0 bytes spill stores, 0 bytes spill loads
      ptxas info    : Used 128 registers, used 1 barriers
      ptxas info    : Compile time = 283.064 ms
      ptxas info    : Compiling entry function
      '_Z30fast_hadamard_transform_kernelI41fast_hadamard_transform_20N_kernel_traitsILi128ELi9EN3c108BFloat16EEEv18HadamardParamsBase' for 'sm_110'
      ptxas info    : Function properties for
      _Z30fast_hadamard_transform_kernelI41fast_hadamard_transform_20N_kernel_traitsILi128ELi9EN3c108BFloat16EEEv18HadamardParamsBase
          0 bytes stack frame, 0 bytes spill stores, 0 bytes spill loads
      ptxas info    : Used 128 registers, used 1 barriers
      ptxas info    : Compile time = 225.278 ms
      ptxas info    : Compiling entry function
      '_Z30fast_hadamard_transform_kernelI41fast_hadamard_transform_20N_kernel_traitsILi64ELi8EN3c108BFloat16EEEv18HadamardParamsBase' for 'sm_110'
      ptxas info    : Function properties for
      _Z30fast_hadamard_transform_kernelI41fast_hadamard_transform_20N_kernel_traitsILi64ELi8EN3c108BFloat16EEEv18HadamardParamsBase
          0 bytes stack frame, 0 bytes spill stores, 0 bytes spill loads
      ptxas info    : Used 166 registers, used 1 barriers
      ptxas info    : Compile time = 209.480 ms
      ptxas info    : Compiling entry function
      '_Z30fast_hadamard_transform_kernelI41fast_hadamard_transform_20N_kernel_traitsILi32ELi7EN3c108BFloat16EEEv18HadamardParamsBase' for 'sm_110'
      ptxas info    : Function properties for
      _Z30fast_hadamard_transform_kernelI41fast_hadamard_transform_20N_kernel_traitsILi32ELi7EN3c108BFloat16EEEv18HadamardParamsBase
          0 bytes stack frame, 0 bytes spill stores, 0 bytes spill loads
      ptxas info    : Used 168 registers, used 0 barriers
      ptxas info    : Compile time = 183.101 ms
      ptxas info    : Compiling entry function
      '_Z30fast_hadamard_transform_kernelI41fast_hadamard_transform_20N_kernel_traitsILi16ELi6EN3c108BFloat16EEEv18HadamardParamsBase' for 'sm_110'
      ptxas info    : Function properties for
      _Z30fast_hadamard_transform_kernelI41fast_hadamard_transform_20N_kernel_traitsILi16ELi6EN3c108BFloat16EEEv18HadamardParamsBase
          0 bytes stack frame, 0 bytes spill stores, 0 bytes spill loads
      ptxas info    : Used 168 registers, used 0 barriers
      ptxas info    : Compile time = 160.162 ms
      ptxas info    : Compiling entry function
      '_Z30fast_hadamard_transform_kernelI41fast_hadamard_transform_20N_kernel_traitsILi8ELi5EN3c108BFloat16EEEv18HadamardParamsBase' for 'sm_110'
      ptxas info    : Function properties for
      _Z30fast_hadamard_transform_kernelI41fast_hadamard_transform_20N_kernel_traitsILi8ELi5EN3c108BFloat16EEEv18HadamardParamsBase
          0 bytes stack frame, 0 bytes spill stores, 0 bytes spill loads
      ptxas info    : Used 168 registers, used 0 barriers
      ptxas info    : Compile time = 150.186 ms
      ptxas info    : Compiling entry function
      '_Z30fast_hadamard_transform_kernelI41fast_hadamard_transform_20N_kernel_traitsILi4ELi4EN3c108BFloat16EEEv18HadamardParamsBase' for 'sm_110'
      ptxas info    : Function properties for
      _Z30fast_hadamard_transform_kernelI41fast_hadamard_transform_20N_kernel_traitsILi4ELi4EN3c108BFloat16EEEv18HadamardParamsBase
          0 bytes stack frame, 0 bytes spill stores, 0 bytes spill loads
      ptxas info    : Used 168 registers, used 0 barriers
      ptxas info    : Compile time = 128.466 ms
      ptxas info    : Compiling entry function
      '_Z30fast_hadamard_transform_kernelI41fast_hadamard_transform_20N_kernel_traitsILi2ELi3EN3c108BFloat16EEEv18HadamardParamsBase' for 'sm_110'
      ptxas info    : Function properties for
      _Z30fast_hadamard_transform_kernelI41fast_hadamard_transform_20N_kernel_traitsILi2ELi3EN3c108BFloat16EEEv18HadamardParamsBase
          0 bytes stack frame, 0 bytes spill stores, 0 bytes spill loads
      ptxas info    : Used 168 registers, used 0 barriers
      ptxas info    : Compile time = 109.604 ms
      ptxas info    : Compiling entry function
      '_Z30fast_hadamard_transform_kernelI41fast_hadamard_transform_20N_kernel_traitsILi1ELi2EN3c108BFloat16EEEv18HadamardParamsBase' for 'sm_110'
      ptxas info    : Function properties for
      _Z30fast_hadamard_transform_kernelI41fast_hadamard_transform_20N_kernel_traitsILi1ELi2EN3c108BFloat16EEEv18HadamardParamsBase
          0 bytes stack frame, 0 bytes spill stores, 0 bytes spill loads
      ptxas info    : Used 168 registers, used 0 barriers
      ptxas info    : Compile time = 89.934 ms
      ptxas info    : Compiling entry function
      '_Z30fast_hadamard_transform_kernelI41fast_hadamard_transform_20N_kernel_traitsILi256ELi10EN3c104HalfEEEv18HadamardParamsBase' for 'sm_110'
      ptxas info    : Function properties for
      _Z30fast_hadamard_transform_kernelI41fast_hadamard_transform_20N_kernel_traitsILi256ELi10EN3c104HalfEEEv18HadamardParamsBase
          8 bytes stack frame, 4 bytes spill stores, 4 bytes spill loads
      ptxas info    : Used 128 registers, used 1 barriers, 8 bytes cumulative stack size
      ptxas info    : Compile time = 284.403 ms
      ptxas info    : Compiling entry function
      '_Z30fast_hadamard_transform_kernelI41fast_hadamard_transform_20N_kernel_traitsILi128ELi9EN3c104HalfEEEv18HadamardParamsBase' for 'sm_110'
      ptxas info    : Function properties for
      _Z30fast_hadamard_transform_kernelI41fast_hadamard_transform_20N_kernel_traitsILi128ELi9EN3c104HalfEEEv18HadamardParamsBase
          0 bytes stack frame, 0 bytes spill stores, 0 bytes spill loads
      ptxas info    : Used 128 registers, used 1 barriers
      ptxas info    : Compile time = 226.001 ms
      ptxas info    : Compiling entry function
      '_Z30fast_hadamard_transform_kernelI41fast_hadamard_transform_20N_kernel_traitsILi64ELi8EN3c104HalfEEEv18HadamardParamsBase' for 'sm_110'
      ptxas info    : Function properties for
      _Z30fast_hadamard_transform_kernelI41fast_hadamard_transform_20N_kernel_traitsILi64ELi8EN3c104HalfEEEv18HadamardParamsBase
          0 bytes stack frame, 0 bytes spill stores, 0 bytes spill loads
      ptxas info    : Used 166 registers, used 1 barriers
      ptxas info    : Compile time = 210.741 ms
      ptxas info    : Compiling entry function
      '_Z30fast_hadamard_transform_kernelI41fast_hadamard_transform_20N_kernel_traitsILi32ELi7EN3c104HalfEEEv18HadamardParamsBase' for 'sm_110'
      ptxas info    : Function properties for
      _Z30fast_hadamard_transform_kernelI41fast_hadamard_transform_20N_kernel_traitsILi32ELi7EN3c104HalfEEEv18HadamardParamsBase
          0 bytes stack frame, 0 bytes spill stores, 0 bytes spill loads
      ptxas info    : Used 168 registers, used 0 barriers
      ptxas info    : Compile time = 185.135 ms
      ptxas info    : Compiling entry function
      '_Z30fast_hadamard_transform_kernelI41fast_hadamard_transform_20N_kernel_traitsILi16ELi6EN3c104HalfEEEv18HadamardParamsBase' for 'sm_110'
      ptxas info    : Function properties for
      _Z30fast_hadamard_transform_kernelI41fast_hadamard_transform_20N_kernel_traitsILi16ELi6EN3c104HalfEEEv18HadamardParamsBase
          0 bytes stack frame, 0 bytes spill stores, 0 bytes spill loads
      ptxas info    : Used 168 registers, used 0 barriers
      ptxas info    : Compile time = 161.180 ms
      ptxas info    : Compiling entry function
      '_Z30fast_hadamard_transform_kernelI41fast_hadamard_transform_20N_kernel_traitsILi8ELi5EN3c104HalfEEEv18HadamardParamsBase' for 'sm_110'
      ptxas info    : Function properties for
      _Z30fast_hadamard_transform_kernelI41fast_hadamard_transform_20N_kernel_traitsILi8ELi5EN3c104HalfEEEv18HadamardParamsBase
          0 bytes stack frame, 0 bytes spill stores, 0 bytes spill loads
      ptxas info    : Used 168 registers, used 0 barriers
      ptxas info    : Compile time = 150.977 ms
      ptxas info    : Compiling entry function
      '_Z30fast_hadamard_transform_kernelI41fast_hadamard_transform_20N_kernel_traitsILi4ELi4EN3c104HalfEEEv18HadamardParamsBase' for 'sm_110'
      ptxas info    : Function properties for
      _Z30fast_hadamard_transform_kernelI41fast_hadamard_transform_20N_kernel_traitsILi4ELi4EN3c104HalfEEEv18HadamardParamsBase
          0 bytes stack frame, 0 bytes spill stores, 0 bytes spill loads
      ptxas info    : Used 168 registers, used 0 barriers
      ptxas info    : Compile time = 128.801 ms
      ptxas info    : Compiling entry function
      '_Z30fast_hadamard_transform_kernelI41fast_hadamard_transform_20N_kernel_traitsILi2ELi3EN3c104HalfEEEv18HadamardParamsBase' for 'sm_110'
      ptxas info    : Function properties for
      _Z30fast_hadamard_transform_kernelI41fast_hadamard_transform_20N_kernel_traitsILi2ELi3EN3c104HalfEEEv18HadamardParamsBase
          0 bytes stack frame, 0 bytes spill stores, 0 bytes spill loads
      ptxas info    : Used 168 registers, used 0 barriers
      ptxas info    : Compile time = 109.146 ms
      ptxas info    : Compiling entry function
      '_Z30fast_hadamard_transform_kernelI41fast_hadamard_transform_20N_kernel_traitsILi1ELi2EN3c104HalfEEEv18HadamardParamsBase' for 'sm_110'
      ptxas info    : Function properties for
      _Z30fast_hadamard_transform_kernelI41fast_hadamard_transform_20N_kernel_traitsILi1ELi2EN3c104HalfEEEv18HadamardParamsBase
          0 bytes stack frame, 0 bytes spill stores, 0 bytes spill loads
      ptxas info    : Used 168 registers, used 0 barriers
      ptxas info    : Compile time = 90.691 ms
      ptxas info    : Compiling entry function '_Z30fast_hadamard_transform_kernelI41fast_hadamard_transform_20N_kernel_traitsILi256ELi10EfEEv18HadamardParamsBase'
      for 'sm_110'
      ptxas info    : Function properties for _Z30fast_hadamard_transform_kernelI41fast_hadamard_transform_20N_kernel_traitsILi256ELi10EfEEv18HadamardParamsBase
          0 bytes stack frame, 0 bytes spill stores, 0 bytes spill loads
      ptxas info    : Used 167 registers, used 1 barriers
      ptxas info    : Compile time = 229.682 ms
      ptxas info    : Compiling entry function '_Z30fast_hadamard_transform_kernelI41fast_hadamard_transform_20N_kernel_traitsILi128ELi9EfEEv18HadamardParamsBase'
      for 'sm_110'
      ptxas info    : Function properties for _Z30fast_hadamard_transform_kernelI41fast_hadamard_transform_20N_kernel_traitsILi128ELi9EfEEv18HadamardParamsBase
          0 bytes stack frame, 0 bytes spill stores, 0 bytes spill loads
      ptxas info    : Used 146 registers, used 1 barriers
      ptxas info    : Compile time = 217.933 ms
      ptxas info    : Compiling entry function '_Z30fast_hadamard_transform_kernelI41fast_hadamard_transform_20N_kernel_traitsILi64ELi8EfEEv18HadamardParamsBase'
      for 'sm_110'
      ptxas info    : Function properties for _Z30fast_hadamard_transform_kernelI41fast_hadamard_transform_20N_kernel_traitsILi64ELi8EfEEv18HadamardParamsBase
          0 bytes stack frame, 0 bytes spill stores, 0 bytes spill loads
      ptxas info    : Used 162 registers, used 1 barriers
      ptxas info    : Compile time = 188.243 ms
      ptxas info    : Compiling entry function '_Z30fast_hadamard_transform_kernelI41fast_hadamard_transform_20N_kernel_traitsILi32ELi7EfEEv18HadamardParamsBase'
      for 'sm_110'
      ptxas info    : Function properties for _Z30fast_hadamard_transform_kernelI41fast_hadamard_transform_20N_kernel_traitsILi32ELi7EfEEv18HadamardParamsBase
          0 bytes stack frame, 0 bytes spill stores, 0 bytes spill loads
      ptxas info    : Used 162 registers, used 0 barriers
      ptxas info    : Compile time = 165.230 ms
      ptxas info    : Compiling entry function '_Z30fast_hadamard_transform_kernelI41fast_hadamard_transform_20N_kernel_traitsILi16ELi6EfEEv18HadamardParamsBase'
      for 'sm_110'
      ptxas info    : Function properties for _Z30fast_hadamard_transform_kernelI41fast_hadamard_transform_20N_kernel_traitsILi16ELi6EfEEv18HadamardParamsBase
          0 bytes stack frame, 0 bytes spill stores, 0 bytes spill loads
      ptxas info    : Used 158 registers, used 0 barriers
      ptxas info    : Compile time = 147.969 ms
      ptxas info    : Compiling entry function '_Z30fast_hadamard_transform_kernelI41fast_hadamard_transform_20N_kernel_traitsILi8ELi5EfEEv18HadamardParamsBase'
      for 'sm_110'
      ptxas info    : Function properties for _Z30fast_hadamard_transform_kernelI41fast_hadamard_transform_20N_kernel_traitsILi8ELi5EfEEv18HadamardParamsBase
          0 bytes stack frame, 0 bytes spill stores, 0 bytes spill loads
      ptxas info    : Used 162 registers, used 0 barriers
      ptxas info    : Compile time = 121.228 ms
      ptxas info    : Compiling entry function '_Z30fast_hadamard_transform_kernelI41fast_hadamard_transform_20N_kernel_traitsILi4ELi4EfEEv18HadamardParamsBase'
      for 'sm_110'
      ptxas info    : Function properties for _Z30fast_hadamard_transform_kernelI41fast_hadamard_transform_20N_kernel_traitsILi4ELi4EfEEv18HadamardParamsBase
          0 bytes stack frame, 0 bytes spill stores, 0 bytes spill loads
      ptxas info    : Used 160 registers, used 0 barriers
      ptxas info    : Compile time = 103.037 ms
      ptxas info    : Compiling entry function '_Z30fast_hadamard_transform_kernelI41fast_hadamard_transform_20N_kernel_traitsILi2ELi3EfEEv18HadamardParamsBase'
      for 'sm_110'
      ptxas info    : Function properties for _Z30fast_hadamard_transform_kernelI41fast_hadamard_transform_20N_kernel_traitsILi2ELi3EfEEv18HadamardParamsBase
          0 bytes stack frame, 0 bytes spill stores, 0 bytes spill loads
      ptxas info    : Used 163 registers, used 0 barriers
      ptxas info    : Compile time = 83.915 ms
      ptxas info    : Compiling entry function '_Z30fast_hadamard_transform_kernelI41fast_hadamard_transform_20N_kernel_traitsILi1ELi2EfEEv18HadamardParamsBase'
      for 'sm_110'
      ptxas info    : Function properties for _Z30fast_hadamard_transform_kernelI41fast_hadamard_transform_20N_kernel_traitsILi1ELi2EfEEv18HadamardParamsBase
          0 bytes stack frame, 0 bytes spill stores, 0 bytes spill loads
      ptxas info    : Used 156 registers, used 0 barriers
      ptxas info    : Compile time = 68.893 ms
      ptxas info    : Compiling entry function
      '_Z30fast_hadamard_transform_kernelI41fast_hadamard_transform_12N_kernel_traitsILi256ELi10EN3c108BFloat16EEEv18HadamardParamsBase' for 'sm_110'
      ptxas info    : Function properties for
      _Z30fast_hadamard_transform_kernelI41fast_hadamard_transform_12N_kernel_traitsILi256ELi10EN3c108BFloat16EEEv18HadamardParamsBase
          0 bytes stack frame, 0 bytes spill stores, 0 bytes spill loads
      ptxas info    : Used 80 registers, used 1 barriers
      ptxas info    : Compile time = 94.167 ms
      ptxas info    : Compiling entry function
      '_Z30fast_hadamard_transform_kernelI41fast_hadamard_transform_12N_kernel_traitsILi128ELi9EN3c108BFloat16EEEv18HadamardParamsBase' for 'sm_110'
      ptxas info    : Function properties for
      _Z30fast_hadamard_transform_kernelI41fast_hadamard_transform_12N_kernel_traitsILi128ELi9EN3c108BFloat16EEEv18HadamardParamsBase
          0 bytes stack frame, 0 bytes spill stores, 0 bytes spill loads
      ptxas info    : Used 71 registers, used 1 barriers
      ptxas info    : Compile time = 81.588 ms
      ptxas info    : Compiling entry function
      '_Z30fast_hadamard_transform_kernelI41fast_hadamard_transform_12N_kernel_traitsILi64ELi8EN3c108BFloat16EEEv18HadamardParamsBase' for 'sm_110'
      ptxas info    : Function properties for
      _Z30fast_hadamard_transform_kernelI41fast_hadamard_transform_12N_kernel_traitsILi64ELi8EN3c108BFloat16EEEv18HadamardParamsBase
          0 bytes stack frame, 0 bytes spill stores, 0 bytes spill loads
      ptxas info    : Used 94 registers, used 1 barriers
      ptxas info    : Compile time = 80.826 ms
      ptxas info    : Compiling entry function
      '_Z30fast_hadamard_transform_kernelI41fast_hadamard_transform_12N_kernel_traitsILi32ELi7EN3c108BFloat16EEEv18HadamardParamsBase' for 'sm_110'
      ptxas info    : Function properties for
      _Z30fast_hadamard_transform_kernelI41fast_hadamard_transform_12N_kernel_traitsILi32ELi7EN3c108BFloat16EEEv18HadamardParamsBase
          0 bytes stack frame, 0 bytes spill stores, 0 bytes spill loads
      ptxas info    : Used 91 registers, used 0 barriers
      ptxas info    : Compile time = 62.851 ms
      ptxas info    : Compiling entry function
      '_Z30fast_hadamard_transform_kernelI41fast_hadamard_transform_12N_kernel_traitsILi16ELi6EN3c108BFloat16EEEv18HadamardParamsBase' for 'sm_110'
      ptxas info    : Function properties for
      _Z30fast_hadamard_transform_kernelI41fast_hadamard_transform_12N_kernel_traitsILi16ELi6EN3c108BFloat16EEEv18HadamardParamsBase
          0 bytes stack frame, 0 bytes spill stores, 0 bytes spill loads
      ptxas info    : Used 90 registers, used 0 barriers
      ptxas info    : Compile time = 55.458 ms
      ptxas info    : Compiling entry function
      '_Z30fast_hadamard_transform_kernelI41fast_hadamard_transform_12N_kernel_traitsILi8ELi5EN3c108BFloat16EEEv18HadamardParamsBase' for 'sm_110'
      ptxas info    : Function properties for
      _Z30fast_hadamard_transform_kernelI41fast_hadamard_transform_12N_kernel_traitsILi8ELi5EN3c108BFloat16EEEv18HadamardParamsBase
          0 bytes stack frame, 0 bytes spill stores, 0 bytes spill loads
      ptxas info    : Used 88 registers, used 0 barriers
      ptxas info    : Compile time = 47.661 ms
      ptxas info    : Compiling entry function
      '_Z30fast_hadamard_transform_kernelI41fast_hadamard_transform_12N_kernel_traitsILi4ELi4EN3c108BFloat16EEEv18HadamardParamsBase' for 'sm_110'
      ptxas info    : Function properties for
      _Z30fast_hadamard_transform_kernelI41fast_hadamard_transform_12N_kernel_traitsILi4ELi4EN3c108BFloat16EEEv18HadamardParamsBase
          0 bytes stack frame, 0 bytes spill stores, 0 bytes spill loads
      ptxas info    : Used 89 registers, used 0 barriers
      ptxas info    : Compile time = 41.139 ms
      ptxas info    : Compiling entry function
      '_Z30fast_hadamard_transform_kernelI41fast_hadamard_transform_12N_kernel_traitsILi2ELi3EN3c108BFloat16EEEv18HadamardParamsBase' for 'sm_110'
      ptxas info    : Function properties for
      _Z30fast_hadamard_transform_kernelI41fast_hadamard_transform_12N_kernel_traitsILi2ELi3EN3c108BFloat16EEEv18HadamardParamsBase
          0 bytes stack frame, 0 bytes spill stores, 0 bytes spill loads
      ptxas info    : Used 94 registers, used 0 barriers
      ptxas info    : Compile time = 33.910 ms
      ptxas info    : Compiling entry function
      '_Z30fast_hadamard_transform_kernelI41fast_hadamard_transform_12N_kernel_traitsILi1ELi2EN3c108BFloat16EEEv18HadamardParamsBase' for 'sm_110'
      ptxas info    : Function properties for
      _Z30fast_hadamard_transform_kernelI41fast_hadamard_transform_12N_kernel_traitsILi1ELi2EN3c108BFloat16EEEv18HadamardParamsBase
          0 bytes stack frame, 0 bytes spill stores, 0 bytes spill loads
      ptxas info    : Used 94 registers, used 0 barriers
      ptxas info    : Compile time = 28.609 ms
      ptxas info    : Compiling entry function
      '_Z30fast_hadamard_transform_kernelI41fast_hadamard_transform_12N_kernel_traitsILi256ELi10EN3c104HalfEEEv18HadamardParamsBase' for 'sm_110'
      ptxas info    : Function properties for
      _Z30fast_hadamard_transform_kernelI41fast_hadamard_transform_12N_kernel_traitsILi256ELi10EN3c104HalfEEEv18HadamardParamsBase
          0 bytes stack frame, 0 bytes spill stores, 0 bytes spill loads
      ptxas info    : Used 80 registers, used 1 barriers
      ptxas info    : Compile time = 94.864 ms
      ptxas info    : Compiling entry function
      '_Z30fast_hadamard_transform_kernelI41fast_hadamard_transform_12N_kernel_traitsILi128ELi9EN3c104HalfEEEv18HadamardParamsBase' for 'sm_110'
      ptxas info    : Function properties for
      _Z30fast_hadamard_transform_kernelI41fast_hadamard_transform_12N_kernel_traitsILi128ELi9EN3c104HalfEEEv18HadamardParamsBase
          0 bytes stack frame, 0 bytes spill stores, 0 bytes spill loads
      ptxas info    : Used 71 registers, used 1 barriers
      ptxas info    : Compile time = 81.390 ms
      ptxas info    : Compiling entry function
      '_Z30fast_hadamard_transform_kernelI41fast_hadamard_transform_12N_kernel_traitsILi64ELi8EN3c104HalfEEEv18HadamardParamsBase' for 'sm_110'
      ptxas info    : Function properties for
      _Z30fast_hadamard_transform_kernelI41fast_hadamard_transform_12N_kernel_traitsILi64ELi8EN3c104HalfEEEv18HadamardParamsBase
          0 bytes stack frame, 0 bytes spill stores, 0 bytes spill loads
      ptxas info    : Used 94 registers, used 1 barriers
      ptxas info    : Compile time = 81.349 ms
      ptxas info    : Compiling entry function
      '_Z30fast_hadamard_transform_kernelI41fast_hadamard_transform_12N_kernel_traitsILi32ELi7EN3c104HalfEEEv18HadamardParamsBase' for 'sm_110'
      ptxas info    : Function properties for
      _Z30fast_hadamard_transform_kernelI41fast_hadamard_transform_12N_kernel_traitsILi32ELi7EN3c104HalfEEEv18HadamardParamsBase
          0 bytes stack frame, 0 bytes spill stores, 0 bytes spill loads
      ptxas info    : Used 91 registers, used 0 barriers
      ptxas info    : Compile time = 62.441 ms
      ptxas info    : Compiling entry function
      '_Z30fast_hadamard_transform_kernelI41fast_hadamard_transform_12N_kernel_traitsILi16ELi6EN3c104HalfEEEv18HadamardParamsBase' for 'sm_110'
      ptxas info    : Function properties for
      _Z30fast_hadamard_transform_kernelI41fast_hadamard_transform_12N_kernel_traitsILi16ELi6EN3c104HalfEEEv18HadamardParamsBase
          0 bytes stack frame, 0 bytes spill stores, 0 bytes spill loads
      ptxas info    : Used 90 registers, used 0 barriers
      ptxas info    : Compile time = 55.504 ms
      ptxas info    : Compiling entry function
      '_Z30fast_hadamard_transform_kernelI41fast_hadamard_transform_12N_kernel_traitsILi8ELi5EN3c104HalfEEEv18HadamardParamsBase' for 'sm_110'
      ptxas info    : Function properties for
      _Z30fast_hadamard_transform_kernelI41fast_hadamard_transform_12N_kernel_traitsILi8ELi5EN3c104HalfEEEv18HadamardParamsBase
          0 bytes stack frame, 0 bytes spill stores, 0 bytes spill loads
      ptxas info    : Used 88 registers, used 0 barriers
      ptxas info    : Compile time = 48.595 ms
      ptxas info    : Compiling entry function
      '_Z30fast_hadamard_transform_kernelI41fast_hadamard_transform_12N_kernel_traitsILi4ELi4EN3c104HalfEEEv18HadamardParamsBase' for 'sm_110'
      ptxas info    : Function properties for
      _Z30fast_hadamard_transform_kernelI41fast_hadamard_transform_12N_kernel_traitsILi4ELi4EN3c104HalfEEEv18HadamardParamsBase
          0 bytes stack frame, 0 bytes spill stores, 0 bytes spill loads
      ptxas info    : Used 89 registers, used 0 barriers
      ptxas info    : Compile time = 41.286 ms
      ptxas info    : Compiling entry function
      '_Z30fast_hadamard_transform_kernelI41fast_hadamard_transform_12N_kernel_traitsILi2ELi3EN3c104HalfEEEv18HadamardParamsBase' for 'sm_110'
      ptxas info    : Function properties for
      _Z30fast_hadamard_transform_kernelI41fast_hadamard_transform_12N_kernel_traitsILi2ELi3EN3c104HalfEEEv18HadamardParamsBase
          0 bytes stack frame, 0 bytes spill stores, 0 bytes spill loads
      ptxas info    : Used 94 registers, used 0 barriers
      ptxas info    : Compile time = 34.402 ms
      ptxas info    : Compiling entry function
      '_Z30fast_hadamard_transform_kernelI41fast_hadamard_transform_12N_kernel_traitsILi1ELi2EN3c104HalfEEEv18HadamardParamsBase' for 'sm_110'
      ptxas info    : Function properties for
      _Z30fast_hadamard_transform_kernelI41fast_hadamard_transform_12N_kernel_traitsILi1ELi2EN3c104HalfEEEv18HadamardParamsBase
          0 bytes stack frame, 0 bytes spill stores, 0 bytes spill loads
      ptxas info    : Used 94 registers, used 0 barriers
      ptxas info    : Compile time = 29.879 ms
      ptxas info    : Compiling entry function '_Z30fast_hadamard_transform_kernelI41fast_hadamard_transform_12N_kernel_traitsILi256ELi10EfEEv18HadamardParamsBase'
      for 'sm_110'
      ptxas info    : Function properties for _Z30fast_hadamard_transform_kernelI41fast_hadamard_transform_12N_kernel_traitsILi256ELi10EfEEv18HadamardParamsBase
          0 bytes stack frame, 0 bytes spill stores, 0 bytes spill loads
      ptxas info    : Used 91 registers, used 1 barriers
      ptxas info    : Compile time = 89.720 ms
      ptxas info    : Compiling entry function '_Z30fast_hadamard_transform_kernelI41fast_hadamard_transform_12N_kernel_traitsILi128ELi9EfEEv18HadamardParamsBase'
      for 'sm_110'
      ptxas info    : Function properties for _Z30fast_hadamard_transform_kernelI41fast_hadamard_transform_12N_kernel_traitsILi128ELi9EfEEv18HadamardParamsBase
          0 bytes stack frame, 0 bytes spill stores, 0 bytes spill loads
      ptxas info    : Used 93 registers, used 1 barriers
      ptxas info    : Compile time = 81.173 ms
      ptxas info    : Compiling entry function '_Z30fast_hadamard_transform_kernelI41fast_hadamard_transform_12N_kernel_traitsILi64ELi8EfEEv18HadamardParamsBase'
      for 'sm_110'
      ptxas info    : Function properties for _Z30fast_hadamard_transform_kernelI41fast_hadamard_transform_12N_kernel_traitsILi64ELi8EfEEv18HadamardParamsBase
          0 bytes stack frame, 0 bytes spill stores, 0 bytes spill loads
      ptxas info    : Used 91 registers, used 1 barriers
      ptxas info    : Compile time = 74.560 ms
      ptxas info    : Compiling entry function '_Z30fast_hadamard_transform_kernelI41fast_hadamard_transform_12N_kernel_traitsILi32ELi7EfEEv18HadamardParamsBase'
      for 'sm_110'
      ptxas info    : Function properties for _Z30fast_hadamard_transform_kernelI41fast_hadamard_transform_12N_kernel_traitsILi32ELi7EfEEv18HadamardParamsBase
          0 bytes stack frame, 0 bytes spill stores, 0 bytes spill loads
      ptxas info    : Used 94 registers, used 0 barriers
      ptxas info    : Compile time = 56.380 ms
      ptxas info    : Compiling entry function '_Z30fast_hadamard_transform_kernelI41fast_hadamard_transform_12N_kernel_traitsILi16ELi6EfEEv18HadamardParamsBase'
      for 'sm_110'
      ptxas info    : Function properties for _Z30fast_hadamard_transform_kernelI41fast_hadamard_transform_12N_kernel_traitsILi16ELi6EfEEv18HadamardParamsBase
          0 bytes stack frame, 0 bytes spill stores, 0 bytes spill loads
      ptxas info    : Used 90 registers, used 0 barriers
      ptxas info    : Compile time = 49.559 ms
      ptxas info    : Compiling entry function '_Z30fast_hadamard_transform_kernelI41fast_hadamard_transform_12N_kernel_traitsILi8ELi5EfEEv18HadamardParamsBase'
      for 'sm_110'
      ptxas info    : Function properties for _Z30fast_hadamard_transform_kernelI41fast_hadamard_transform_12N_kernel_traitsILi8ELi5EfEEv18HadamardParamsBase
          0 bytes stack frame, 0 bytes spill stores, 0 bytes spill loads
      ptxas info    : Used 92 registers, used 0 barriers
      ptxas info    : Compile time = 43.583 ms
      ptxas info    : Compiling entry function '_Z30fast_hadamard_transform_kernelI41fast_hadamard_transform_12N_kernel_traitsILi4ELi4EfEEv18HadamardParamsBase'
      for 'sm_110'
      ptxas info    : Function properties for _Z30fast_hadamard_transform_kernelI41fast_hadamard_transform_12N_kernel_traitsILi4ELi4EfEEv18HadamardParamsBase
          0 bytes stack frame, 0 bytes spill stores, 0 bytes spill loads
      ptxas info    : Used 89 registers, used 0 barriers
      ptxas info    : Compile time = 35.800 ms
      ptxas info    : Compiling entry function '_Z30fast_hadamard_transform_kernelI41fast_hadamard_transform_12N_kernel_traitsILi2ELi3EfEEv18HadamardParamsBase'
      for 'sm_110'
      ptxas info    : Function properties for _Z30fast_hadamard_transform_kernelI41fast_hadamard_transform_12N_kernel_traitsILi2ELi3EfEEv18HadamardParamsBase
          0 bytes stack frame, 0 bytes spill stores, 0 bytes spill loads
      ptxas info    : Used 86 registers, used 0 barriers
      ptxas info    : Compile time = 29.443 ms
      ptxas info    : Compiling entry function '_Z30fast_hadamard_transform_kernelI41fast_hadamard_transform_12N_kernel_traitsILi1ELi2EfEEv18HadamardParamsBase'
      for 'sm_110'
      ptxas info    : Function properties for _Z30fast_hadamard_transform_kernelI41fast_hadamard_transform_12N_kernel_traitsILi1ELi2EfEEv18HadamardParamsBase
          0 bytes stack frame, 0 bytes spill stores, 0 bytes spill loads
      ptxas info    : Used 91 registers, used 0 barriers
      ptxas info    : Compile time = 23.619 ms
      ptxas info    : Compiling entry function
      '_Z30fast_hadamard_transform_kernelI37fast_hadamard_transform_kernel_traitsILi256ELi15EN3c108BFloat16EEEv18HadamardParamsBase' for 'sm_110'
      ptxas info    : Function properties for
      _Z30fast_hadamard_transform_kernelI37fast_hadamard_transform_kernel_traitsILi256ELi15EN3c108BFloat16EEEv18HadamardParamsBase
          0 bytes stack frame, 0 bytes spill stores, 0 bytes spill loads
      ptxas info    : Used 195 registers, used 1 barriers
      ptxas info    : Compile time = 365.330 ms
      ptxas info    : Compiling entry function
      '_Z30fast_hadamard_transform_kernelI37fast_hadamard_transform_kernel_traitsILi256ELi14EN3c108BFloat16EEEv18HadamardParamsBase' for 'sm_110'
      ptxas info    : Function properties for
      _Z30fast_hadamard_transform_kernelI37fast_hadamard_transform_kernel_traitsILi256ELi14EN3c108BFloat16EEEv18HadamardParamsBase
          0 bytes stack frame, 0 bytes spill stores, 0 bytes spill loads
      ptxas info    : Used 78 registers, used 1 barriers
      ptxas info    : Compile time = 111.687 ms
      ptxas info    : Compiling entry function
      '_Z30fast_hadamard_transform_kernelI37fast_hadamard_transform_kernel_traitsILi256ELi13EN3c108BFloat16EEEv18HadamardParamsBase' for 'sm_110'
      ptxas info    : Function properties for
      _Z30fast_hadamard_transform_kernelI37fast_hadamard_transform_kernel_traitsILi256ELi13EN3c108BFloat16EEEv18HadamardParamsBase
          0 bytes stack frame, 0 bytes spill stores, 0 bytes spill loads
      ptxas info    : Used 56 registers, used 1 barriers
      ptxas info    : Compile time = 43.717 ms
      ptxas info    : Compiling entry function
      '_Z30fast_hadamard_transform_kernelI37fast_hadamard_transform_kernel_traitsILi256ELi12EN3c108BFloat16EEEv18HadamardParamsBase' for 'sm_110'
      ptxas info    : Function properties for
      _Z30fast_hadamard_transform_kernelI37fast_hadamard_transform_kernel_traitsILi256ELi12EN3c108BFloat16EEEv18HadamardParamsBase
          0 bytes stack frame, 0 bytes spill stores, 0 bytes spill loads
      ptxas info    : Used 39 registers, used 1 barriers
      ptxas info    : Compile time = 20.601 ms
      ptxas info    : Compiling entry function
      '_Z30fast_hadamard_transform_kernelI37fast_hadamard_transform_kernel_traitsILi256ELi11EN3c108BFloat16EEEv18HadamardParamsBase' for 'sm_110'
      ptxas info    : Function properties for
      _Z30fast_hadamard_transform_kernelI37fast_hadamard_transform_kernel_traitsILi256ELi11EN3c108BFloat16EEEv18HadamardParamsBase
          0 bytes stack frame, 0 bytes spill stores, 0 bytes spill loads
      ptxas info    : Used 28 registers, used 1 barriers
      ptxas info    : Compile time = 10.339 ms
      ptxas info    : Compiling entry function
      '_Z30fast_hadamard_transform_kernelI37fast_hadamard_transform_kernel_traitsILi128ELi10EN3c108BFloat16EEEv18HadamardParamsBase' for 'sm_110'
      ptxas info    : Function properties for
      _Z30fast_hadamard_transform_kernelI37fast_hadamard_transform_kernel_traitsILi128ELi10EN3c108BFloat16EEEv18HadamardParamsBase
          0 bytes stack frame, 0 bytes spill stores, 0 bytes spill loads
      ptxas info    : Used 30 registers, used 1 barriers
      ptxas info    : Compile time = 9.601 ms
      ptxas info    : Compiling entry function
      '_Z30fast_hadamard_transform_kernelI37fast_hadamard_transform_kernel_traitsILi32ELi9EN3c108BFloat16EEEv18HadamardParamsBase' for 'sm_110'
      ptxas info    : Function properties for
      _Z30fast_hadamard_transform_kernelI37fast_hadamard_transform_kernel_traitsILi32ELi9EN3c108BFloat16EEEv18HadamardParamsBase
          0 bytes stack frame, 0 bytes spill stores, 0 bytes spill loads
      ptxas info    : Used 35 registers, used 0 barriers
      ptxas info    : Compile time = 13.455 ms
      ptxas info    : Compiling entry function
      '_Z30fast_hadamard_transform_kernelI37fast_hadamard_transform_kernel_traitsILi32ELi8EN3c108BFloat16EEEv18HadamardParamsBase' for 'sm_110'
      ptxas info    : Function properties for
      _Z30fast_hadamard_transform_kernelI37fast_hadamard_transform_kernel_traitsILi32ELi8EN3c108BFloat16EEEv18HadamardParamsBase
          0 bytes stack frame, 0 bytes spill stores, 0 bytes spill loads
      ptxas info    : Used 20 registers, used 0 barriers
      ptxas info    : Compile time = 7.033 ms
      ptxas info    : Compiling entry function
      '_Z30fast_hadamard_transform_kernelI37fast_hadamard_transform_kernel_traitsILi16ELi7EN3c108BFloat16EEEv18HadamardParamsBase' for 'sm_110'
      ptxas info    : Function properties for
      _Z30fast_hadamard_transform_kernelI37fast_hadamard_transform_kernel_traitsILi16ELi7EN3c108BFloat16EEEv18HadamardParamsBase
          0 bytes stack frame, 0 bytes spill stores, 0 bytes spill loads
      ptxas info    : Used 20 registers, used 0 barriers
      ptxas info    : Compile time = 6.324 ms
      ptxas info    : Compiling entry function
      '_Z30fast_hadamard_transform_kernelI37fast_hadamard_transform_kernel_traitsILi8ELi6EN3c108BFloat16EEEv18HadamardParamsBase' for 'sm_110'
      ptxas info    : Function properties for
      _Z30fast_hadamard_transform_kernelI37fast_hadamard_transform_kernel_traitsILi8ELi6EN3c108BFloat16EEEv18HadamardParamsBase
          0 bytes stack frame, 0 bytes spill stores, 0 bytes spill loads
      ptxas info    : Used 20 registers, used 0 barriers
      ptxas info    : Compile time = 5.618 ms
      ptxas info    : Compiling entry function
      '_Z30fast_hadamard_transform_kernelI37fast_hadamard_transform_kernel_traitsILi4ELi5EN3c108BFloat16EEEv18HadamardParamsBase' for 'sm_110'
      ptxas info    : Function properties for
      _Z30fast_hadamard_transform_kernelI37fast_hadamard_transform_kernel_traitsILi4ELi5EN3c108BFloat16EEEv18HadamardParamsBase
          0 bytes stack frame, 0 bytes spill stores, 0 bytes spill loads
      ptxas info    : Used 20 registers, used 0 barriers
      ptxas info    : Compile time = 4.907 ms
      ptxas info    : Compiling entry function
      '_Z30fast_hadamard_transform_kernelI37fast_hadamard_transform_kernel_traitsILi2ELi4EN3c108BFloat16EEEv18HadamardParamsBase' for 'sm_110'
      ptxas info    : Function properties for
      _Z30fast_hadamard_transform_kernelI37fast_hadamard_transform_kernel_traitsILi2ELi4EN3c108BFloat16EEEv18HadamardParamsBase
          0 bytes stack frame, 0 bytes spill stores, 0 bytes spill loads
      ptxas info    : Used 22 registers, used 0 barriers
      ptxas info    : Compile time = 4.150 ms
      ptxas info    : Compiling entry function
      '_Z30fast_hadamard_transform_kernelI37fast_hadamard_transform_kernel_traitsILi1ELi3EN3c108BFloat16EEEv18HadamardParamsBase' for 'sm_110'
      ptxas info    : Function properties for
      _Z30fast_hadamard_transform_kernelI37fast_hadamard_transform_kernel_traitsILi1ELi3EN3c108BFloat16EEEv18HadamardParamsBase
          0 bytes stack frame, 0 bytes spill stores, 0 bytes spill loads
      ptxas info    : Used 18 registers, used 0 barriers
      ptxas info    : Compile time = 3.302 ms
      ptxas info    : Compiling entry function
      '_Z30fast_hadamard_transform_kernelI37fast_hadamard_transform_kernel_traitsILi256ELi15EN3c104HalfEEEv18HadamardParamsBase' for 'sm_110'
      ptxas info    : Function properties for
      _Z30fast_hadamard_transform_kernelI37fast_hadamard_transform_kernel_traitsILi256ELi15EN3c104HalfEEEv18HadamardParamsBase
          0 bytes stack frame, 0 bytes spill stores, 0 bytes spill loads
      ptxas info    : Used 195 registers, used 1 barriers
      ptxas info    : Compile time = 355.912 ms
      ptxas info    : Compiling entry function
      '_Z30fast_hadamard_transform_kernelI37fast_hadamard_transform_kernel_traitsILi256ELi14EN3c104HalfEEEv18HadamardParamsBase' for 'sm_110'
      ptxas info    : Function properties for
      _Z30fast_hadamard_transform_kernelI37fast_hadamard_transform_kernel_traitsILi256ELi14EN3c104HalfEEEv18HadamardParamsBase
          0 bytes stack frame, 0 bytes spill stores, 0 bytes spill loads
      ptxas info    : Used 78 registers, used 1 barriers
      ptxas info    : Compile time = 110.900 ms
      ptxas info    : Compiling entry function
      '_Z30fast_hadamard_transform_kernelI37fast_hadamard_transform_kernel_traitsILi256ELi13EN3c104HalfEEEv18HadamardParamsBase' for 'sm_110'
      ptxas info    : Function properties for
      _Z30fast_hadamard_transform_kernelI37fast_hadamard_transform_kernel_traitsILi256ELi13EN3c104HalfEEEv18HadamardParamsBase
          0 bytes stack frame, 0 bytes spill stores, 0 bytes spill loads
      ptxas info    : Used 56 registers, used 1 barriers
      ptxas info    : Compile time = 43.458 ms
      ptxas info    : Compiling entry function
      '_Z30fast_hadamard_transform_kernelI37fast_hadamard_transform_kernel_traitsILi256ELi12EN3c104HalfEEEv18HadamardParamsBase' for 'sm_110'
      ptxas info    : Function properties for
      _Z30fast_hadamard_transform_kernelI37fast_hadamard_transform_kernel_traitsILi256ELi12EN3c104HalfEEEv18HadamardParamsBase
          0 bytes stack frame, 0 bytes spill stores, 0 bytes spill loads
      ptxas info    : Used 39 registers, used 1 barriers
      ptxas info    : Compile time = 20.780 ms
      ptxas info    : Compiling entry function
      '_Z30fast_hadamard_transform_kernelI37fast_hadamard_transform_kernel_traitsILi256ELi11EN3c104HalfEEEv18HadamardParamsBase' for 'sm_110'
      ptxas info    : Function properties for
      _Z30fast_hadamard_transform_kernelI37fast_hadamard_transform_kernel_traitsILi256ELi11EN3c104HalfEEEv18HadamardParamsBase
          0 bytes stack frame, 0 bytes spill stores, 0 bytes spill loads
      ptxas info    : Used 28 registers, used 1 barriers
      ptxas info    : Compile time = 10.643 ms
      ptxas info    : Compiling entry function
      '_Z30fast_hadamard_transform_kernelI37fast_hadamard_transform_kernel_traitsILi128ELi10EN3c104HalfEEEv18HadamardParamsBase' for 'sm_110'
      ptxas info    : Function properties for
      _Z30fast_hadamard_transform_kernelI37fast_hadamard_transform_kernel_traitsILi128ELi10EN3c104HalfEEEv18HadamardParamsBase
          0 bytes stack frame, 0 bytes spill stores, 0 bytes spill loads
      ptxas info    : Used 30 registers, used 1 barriers
      ptxas info    : Compile time = 9.953 ms
      ptxas info    : Compiling entry function
      '_Z30fast_hadamard_transform_kernelI37fast_hadamard_transform_kernel_traitsILi32ELi9EN3c104HalfEEEv18HadamardParamsBase' for 'sm_110'
      ptxas info    : Function properties for _Z30fast_hadamard_transform_kernelI37fast_hadamard_transform_kernel_traitsILi32ELi9EN3c104HalfEEEv18HadamardParamsBase
          0 bytes stack frame, 0 bytes spill stores, 0 bytes spill loads
      ptxas info    : Used 35 registers, used 0 barriers
      ptxas info    : Compile time = 13.432 ms
      ptxas info    : Compiling entry function
      '_Z30fast_hadamard_transform_kernelI37fast_hadamard_transform_kernel_traitsILi32ELi8EN3c104HalfEEEv18HadamardParamsBase' for 'sm_110'
      ptxas info    : Function properties for _Z30fast_hadamard_transform_kernelI37fast_hadamard_transform_kernel_traitsILi32ELi8EN3c104HalfEEEv18HadamardParamsBase
          0 bytes stack frame, 0 bytes spill stores, 0 bytes spill loads
      ptxas info    : Used 20 registers, used 0 barriers
      ptxas info    : Compile time = 7.074 ms
      ptxas info    : Compiling entry function
      '_Z30fast_hadamard_transform_kernelI37fast_hadamard_transform_kernel_traitsILi16ELi7EN3c104HalfEEEv18HadamardParamsBase' for 'sm_110'
      ptxas info    : Function properties for _Z30fast_hadamard_transform_kernelI37fast_hadamard_transform_kernel_traitsILi16ELi7EN3c104HalfEEEv18HadamardParamsBase
          0 bytes stack frame, 0 bytes spill stores, 0 bytes spill loads
      ptxas info    : Used 20 registers, used 0 barriers
      ptxas info    : Compile time = 6.337 ms
      ptxas info    : Compiling entry function
      '_Z30fast_hadamard_transform_kernelI37fast_hadamard_transform_kernel_traitsILi8ELi6EN3c104HalfEEEv18HadamardParamsBase' for 'sm_110'
      ptxas info    : Function properties for _Z30fast_hadamard_transform_kernelI37fast_hadamard_transform_kernel_traitsILi8ELi6EN3c104HalfEEEv18HadamardParamsBase
          0 bytes stack frame, 0 bytes spill stores, 0 bytes spill loads
      ptxas info    : Used 20 registers, used 0 barriers
      ptxas info    : Compile time = 5.695 ms
      ptxas info    : Compiling entry function
      '_Z30fast_hadamard_transform_kernelI37fast_hadamard_transform_kernel_traitsILi4ELi5EN3c104HalfEEEv18HadamardParamsBase' for 'sm_110'
      ptxas info    : Function properties for _Z30fast_hadamard_transform_kernelI37fast_hadamard_transform_kernel_traitsILi4ELi5EN3c104HalfEEEv18HadamardParamsBase
          0 bytes stack frame, 0 bytes spill stores, 0 bytes spill loads
      ptxas info    : Used 20 registers, used 0 barriers
      ptxas info    : Compile time = 4.878 ms
      ptxas info    : Compiling entry function
      '_Z30fast_hadamard_transform_kernelI37fast_hadamard_transform_kernel_traitsILi2ELi4EN3c104HalfEEEv18HadamardParamsBase' for 'sm_110'
      ptxas info    : Function properties for _Z30fast_hadamard_transform_kernelI37fast_hadamard_transform_kernel_traitsILi2ELi4EN3c104HalfEEEv18HadamardParamsBase
          0 bytes stack frame, 0 bytes spill stores, 0 bytes spill loads
      ptxas info    : Used 22 registers, used 0 barriers
      ptxas info    : Compile time = 4.065 ms
      ptxas info    : Compiling entry function
      '_Z30fast_hadamard_transform_kernelI37fast_hadamard_transform_kernel_traitsILi1ELi3EN3c104HalfEEEv18HadamardParamsBase' for 'sm_110'
      ptxas info    : Function properties for _Z30fast_hadamard_transform_kernelI37fast_hadamard_transform_kernel_traitsILi1ELi3EN3c104HalfEEEv18HadamardParamsBase
          0 bytes stack frame, 0 bytes spill stores, 0 bytes spill loads
      ptxas info    : Used 18 registers, used 0 barriers
      ptxas info    : Compile time = 3.294 ms
      ptxas info    : Compiling entry function '_Z30fast_hadamard_transform_kernelI37fast_hadamard_transform_kernel_traitsILi256ELi15EfEEv18HadamardParamsBase'
      for 'sm_110'
      ptxas info    : Function properties for _Z30fast_hadamard_transform_kernelI37fast_hadamard_transform_kernel_traitsILi256ELi15EfEEv18HadamardParamsBase
          0 bytes stack frame, 0 bytes spill stores, 0 bytes spill loads
      ptxas info    : Used 187 registers, used 1 barriers
      ptxas info    : Compile time = 365.627 ms
      ptxas info    : Compiling entry function '_Z30fast_hadamard_transform_kernelI37fast_hadamard_transform_kernel_traitsILi256ELi14EfEEv18HadamardParamsBase'
      for 'sm_110'
      ptxas info    : Function properties for _Z30fast_hadamard_transform_kernelI37fast_hadamard_transform_kernel_traitsILi256ELi14EfEEv18HadamardParamsBase
          0 bytes stack frame, 0 bytes spill stores, 0 bytes spill loads
      ptxas info    : Used 92 registers, used 1 barriers
      ptxas info    : Compile time = 125.315 ms
      ptxas info    : Compiling entry function '_Z30fast_hadamard_transform_kernelI37fast_hadamard_transform_kernel_traitsILi256ELi13EfEEv18HadamardParamsBase'
      for 'sm_110'
      ptxas info    : Function properties for _Z30fast_hadamard_transform_kernelI37fast_hadamard_transform_kernel_traitsILi256ELi13EfEEv18HadamardParamsBase
          0 bytes stack frame, 0 bytes spill stores, 0 bytes spill loads
      ptxas info    : Used 58 registers, used 1 barriers
      ptxas info    : Compile time = 44.312 ms
      ptxas info    : Compiling entry function '_Z30fast_hadamard_transform_kernelI37fast_hadamard_transform_kernel_traitsILi256ELi12EfEEv18HadamardParamsBase'
      for 'sm_110'
      ptxas info    : Function properties for _Z30fast_hadamard_transform_kernelI37fast_hadamard_transform_kernel_traitsILi256ELi12EfEEv18HadamardParamsBase
          0 bytes stack frame, 0 bytes spill stores, 0 bytes spill loads
      ptxas info    : Used 42 registers, used 1 barriers
      ptxas info    : Compile time = 21.688 ms
      ptxas info    : Compiling entry function '_Z30fast_hadamard_transform_kernelI37fast_hadamard_transform_kernel_traitsILi256ELi11EfEEv18HadamardParamsBase'
      for 'sm_110'
      ptxas info    : Function properties for _Z30fast_hadamard_transform_kernelI37fast_hadamard_transform_kernel_traitsILi256ELi11EfEEv18HadamardParamsBase
          0 bytes stack frame, 0 bytes spill stores, 0 bytes spill loads
      ptxas info    : Used 29 registers, used 1 barriers
      ptxas info    : Compile time = 10.821 ms
      ptxas info    : Compiling entry function '_Z30fast_hadamard_transform_kernelI37fast_hadamard_transform_kernel_traitsILi128ELi10EfEEv18HadamardParamsBase'
      for 'sm_110'
      ptxas info    : Function properties for _Z30fast_hadamard_transform_kernelI37fast_hadamard_transform_kernel_traitsILi128ELi10EfEEv18HadamardParamsBase
          0 bytes stack frame, 0 bytes spill stores, 0 bytes spill loads
      ptxas info    : Used 31 registers, used 1 barriers
      ptxas info    : Compile time = 9.946 ms
      ptxas info    : Compiling entry function '_Z30fast_hadamard_transform_kernelI37fast_hadamard_transform_kernel_traitsILi32ELi9EfEEv18HadamardParamsBase'
      for 'sm_110'
      ptxas info    : Function properties for _Z30fast_hadamard_transform_kernelI37fast_hadamard_transform_kernel_traitsILi32ELi9EfEEv18HadamardParamsBase
          0 bytes stack frame, 0 bytes spill stores, 0 bytes spill loads
      ptxas info    : Used 42 registers, used 0 barriers
      ptxas info    : Compile time = 13.761 ms
      ptxas info    : Compiling entry function '_Z30fast_hadamard_transform_kernelI37fast_hadamard_transform_kernel_traitsILi32ELi8EfEEv18HadamardParamsBase'
      for 'sm_110'
      ptxas info    : Function properties for _Z30fast_hadamard_transform_kernelI37fast_hadamard_transform_kernel_traitsILi32ELi8EfEEv18HadamardParamsBase
          0 bytes stack frame, 0 bytes spill stores, 0 bytes spill loads
      ptxas info    : Used 23 registers, used 0 barriers
      ptxas info    : Compile time = 7.194 ms
      ptxas info    : Compiling entry function '_Z30fast_hadamard_transform_kernelI37fast_hadamard_transform_kernel_traitsILi16ELi7EfEEv18HadamardParamsBase'
      for 'sm_110'
      ptxas info    : Function properties for _Z30fast_hadamard_transform_kernelI37fast_hadamard_transform_kernel_traitsILi16ELi7EfEEv18HadamardParamsBase
          0 bytes stack frame, 0 bytes spill stores, 0 bytes spill loads
      ptxas info    : Used 23 registers, used 0 barriers
      ptxas info    : Compile time = 6.404 ms
      ptxas info    : Compiling entry function '_Z30fast_hadamard_transform_kernelI37fast_hadamard_transform_kernel_traitsILi8ELi6EfEEv18HadamardParamsBase'
      for 'sm_110'
      ptxas info    : Function properties for _Z30fast_hadamard_transform_kernelI37fast_hadamard_transform_kernel_traitsILi8ELi6EfEEv18HadamardParamsBase
          0 bytes stack frame, 0 bytes spill stores, 0 bytes spill loads
      ptxas info    : Used 23 registers, used 0 barriers
      ptxas info    : Compile time = 5.717 ms
      ptxas info    : Compiling entry function '_Z30fast_hadamard_transform_kernelI37fast_hadamard_transform_kernel_traitsILi4ELi5EfEEv18HadamardParamsBase'
      for 'sm_110'
      ptxas info    : Function properties for _Z30fast_hadamard_transform_kernelI37fast_hadamard_transform_kernel_traitsILi4ELi5EfEEv18HadamardParamsBase
          0 bytes stack frame, 0 bytes spill stores, 0 bytes spill loads
      ptxas info    : Used 24 registers, used 0 barriers
      ptxas info    : Compile time = 4.957 ms
      ptxas info    : Compiling entry function '_Z30fast_hadamard_transform_kernelI37fast_hadamard_transform_kernel_traitsILi2ELi4EfEEv18HadamardParamsBase'
      for 'sm_110'
      ptxas info    : Function properties for _Z30fast_hadamard_transform_kernelI37fast_hadamard_transform_kernel_traitsILi2ELi4EfEEv18HadamardParamsBase
          0 bytes stack frame, 0 bytes spill stores, 0 bytes spill loads
      ptxas info    : Used 26 registers, used 0 barriers
      ptxas info    : Compile time = 4.211 ms
      ptxas info    : Compiling entry function '_Z30fast_hadamard_transform_kernelI37fast_hadamard_transform_kernel_traitsILi1ELi3EfEEv18HadamardParamsBase'
      for 'sm_110'
      ptxas info    : Function properties for _Z30fast_hadamard_transform_kernelI37fast_hadamard_transform_kernel_traitsILi1ELi3EfEEv18HadamardParamsBase
          0 bytes stack frame, 0 bytes spill stores, 0 bytes spill loads
      ptxas info    : Used 23 registers, used 0 barriers
      ptxas info    : Compile time = 3.302 ms
      ptxas info    : 0 bytes gmem
      ptxas info    : Compiling entry function
      '_Z30fast_hadamard_transform_kernelI41fast_hadamard_transform_40N_kernel_traitsILi256ELi10EN3c108BFloat16EEEv18HadamardParamsBase' for 'sm_75'
      ptxas info    : Function properties for
      _Z30fast_hadamard_transform_kernelI41fast_hadamard_transform_40N_kernel_traitsILi256ELi10EN3c108BFloat16EEEv18HadamardParamsBase
          112 bytes stack frame, 108 bytes spill stores, 108 bytes spill loads
      ptxas info    : Used 255 registers, used 1 barriers, 112 bytes cumulative stack size, 408 bytes cmem[0]
      ptxas info    : Compile time = 6583.812 ms
      ptxas info    : Compiling entry function
      '_Z30fast_hadamard_transform_kernelI41fast_hadamard_transform_40N_kernel_traitsILi128ELi9EN3c108BFloat16EEEv18HadamardParamsBase' for 'sm_75'
      ptxas info    : Function properties for
      _Z30fast_hadamard_transform_kernelI41fast_hadamard_transform_40N_kernel_traitsILi128ELi9EN3c108BFloat16EEEv18HadamardParamsBase
          112 bytes stack frame, 108 bytes spill stores, 108 bytes spill loads
      ptxas info    : Used 255 registers, used 1 barriers, 112 bytes cumulative stack size, 408 bytes cmem[0]
      ptxas info    : Compile time = 5471.070 ms
      ptxas info    : Compiling entry function
      '_Z30fast_hadamard_transform_kernelI41fast_hadamard_transform_40N_kernel_traitsILi64ELi8EN3c108BFloat16EEEv18HadamardParamsBase' for 'sm_75'
      ptxas info    : Function properties for
      _Z30fast_hadamard_transform_kernelI41fast_hadamard_transform_40N_kernel_traitsILi64ELi8EN3c108BFloat16EEEv18HadamardParamsBase
          104 bytes stack frame, 100 bytes spill stores, 100 bytes spill loads
      ptxas info    : Used 255 registers, used 1 barriers, 104 bytes cumulative stack size, 408 bytes cmem[0]
      ptxas info    : Compile time = 3864.382 ms
      ptxas info    : Compiling entry function
      '_Z30fast_hadamard_transform_kernelI41fast_hadamard_transform_40N_kernel_traitsILi32ELi7EN3c108BFloat16EEEv18HadamardParamsBase' for 'sm_75'
      ptxas info    : Function properties for
      _Z30fast_hadamard_transform_kernelI41fast_hadamard_transform_40N_kernel_traitsILi32ELi7EN3c108BFloat16EEEv18HadamardParamsBase
          104 bytes stack frame, 100 bytes spill stores, 100 bytes spill loads
      ptxas info    : Used 255 registers, used 0 barriers, 104 bytes cumulative stack size, 408 bytes cmem[0]
      ptxas info    : Compile time = 2894.849 ms
      ptxas info    : Compiling entry function
      '_Z30fast_hadamard_transform_kernelI41fast_hadamard_transform_40N_kernel_traitsILi16ELi6EN3c108BFloat16EEEv18HadamardParamsBase' for 'sm_75'
      ptxas info    : Function properties for
      _Z30fast_hadamard_transform_kernelI41fast_hadamard_transform_40N_kernel_traitsILi16ELi6EN3c108BFloat16EEEv18HadamardParamsBase
          112 bytes stack frame, 112 bytes spill stores, 112 bytes spill loads
      ptxas info    : Used 255 registers, used 0 barriers, 112 bytes cumulative stack size, 408 bytes cmem[0]
      ptxas info    : Compile time = 2297.810 ms
      ptxas info    : Compiling entry function
      '_Z30fast_hadamard_transform_kernelI41fast_hadamard_transform_40N_kernel_traitsILi8ELi5EN3c108BFloat16EEEv18HadamardParamsBase' for 'sm_75'
      ptxas info    : Function properties for
      _Z30fast_hadamard_transform_kernelI41fast_hadamard_transform_40N_kernel_traitsILi8ELi5EN3c108BFloat16EEEv18HadamardParamsBase
          96 bytes stack frame, 96 bytes spill stores, 96 bytes spill loads
      ptxas info    : Used 255 registers, used 0 barriers, 96 bytes cumulative stack size, 408 bytes cmem[0]
      ptxas info    : Compile time = 1781.775 ms
      ptxas info    : Compiling entry function
      '_Z30fast_hadamard_transform_kernelI41fast_hadamard_transform_40N_kernel_traitsILi4ELi4EN3c108BFloat16EEEv18HadamardParamsBase' for 'sm_75'
      ptxas info    : Function properties for
      _Z30fast_hadamard_transform_kernelI41fast_hadamard_transform_40N_kernel_traitsILi4ELi4EN3c108BFloat16EEEv18HadamardParamsBase
          104 bytes stack frame, 104 bytes spill stores, 104 bytes spill loads
      ptxas info    : Used 255 registers, used 0 barriers, 104 bytes cumulative stack size, 408 bytes cmem[0]
      ptxas info    : Compile time = 1369.516 ms
      ptxas info    : Compiling entry function
      '_Z30fast_hadamard_transform_kernelI41fast_hadamard_transform_40N_kernel_traitsILi2ELi3EN3c108BFloat16EEEv18HadamardParamsBase' for 'sm_75'
      ptxas info    : Function properties for
      _Z30fast_hadamard_transform_kernelI41fast_hadamard_transform_40N_kernel_traitsILi2ELi3EN3c108BFloat16EEEv18HadamardParamsBase
          112 bytes stack frame, 108 bytes spill stores, 108 bytes spill loads
      ptxas info    : Used 255 registers, used 0 barriers, 112 bytes cumulative stack size, 408 bytes cmem[0]
      ptxas info    : Compile time = 1112.813 ms
      ptxas info    : Compiling entry function
      '_Z30fast_hadamard_transform_kernelI41fast_hadamard_transform_40N_kernel_traitsILi1ELi2EN3c108BFloat16EEEv18HadamardParamsBase' for 'sm_75'
      ptxas info    : Function properties for
      _Z30fast_hadamard_transform_kernelI41fast_hadamard_transform_40N_kernel_traitsILi1ELi2EN3c108BFloat16EEEv18HadamardParamsBase
          168 bytes stack frame, 168 bytes spill stores, 168 bytes spill loads
      ptxas info    : Used 255 registers, used 0 barriers, 168 bytes cumulative stack size, 408 bytes cmem[0]
      ptxas info    : Compile time = 814.790 ms
      ptxas info    : Compiling entry function
      '_Z30fast_hadamard_transform_kernelI41fast_hadamard_transform_40N_kernel_traitsILi256ELi10EN3c104HalfEEEv18HadamardParamsBase' for 'sm_75'
      ptxas info    : Function properties for
      _Z30fast_hadamard_transform_kernelI41fast_hadamard_transform_40N_kernel_traitsILi256ELi10EN3c104HalfEEEv18HadamardParamsBase
          232 bytes stack frame, 228 bytes spill stores, 228 bytes spill loads
      ptxas info    : Used 255 registers, used 1 barriers, 232 bytes cumulative stack size, 408 bytes cmem[0]
      ptxas info    : Compile time = 4522.664 ms
      ptxas info    : Compiling entry function
      '_Z30fast_hadamard_transform_kernelI41fast_hadamard_transform_40N_kernel_traitsILi128ELi9EN3c104HalfEEEv18HadamardParamsBase' for 'sm_75'
      ptxas info    : Function properties for
      _Z30fast_hadamard_transform_kernelI41fast_hadamard_transform_40N_kernel_traitsILi128ELi9EN3c104HalfEEEv18HadamardParamsBase
          192 bytes stack frame, 188 bytes spill stores, 188 bytes spill loads
      ptxas info    : Used 255 registers, used 1 barriers, 192 bytes cumulative stack size, 408 bytes cmem[0]
      ptxas info    : Compile time = 3727.563 ms
      ptxas info    : Compiling entry function
      '_Z30fast_hadamard_transform_kernelI41fast_hadamard_transform_40N_kernel_traitsILi64ELi8EN3c104HalfEEEv18HadamardParamsBase' for 'sm_75'
      ptxas info    : Function properties for
      _Z30fast_hadamard_transform_kernelI41fast_hadamard_transform_40N_kernel_traitsILi64ELi8EN3c104HalfEEEv18HadamardParamsBase
          208 bytes stack frame, 204 bytes spill stores, 204 bytes spill loads
      ptxas info    : Used 255 registers, used 1 barriers, 208 bytes cumulative stack size, 408 bytes cmem[0]
      ptxas info    : Compile time = 2819.986 ms
      ptxas info    : Compiling entry function
      '_Z30fast_hadamard_transform_kernelI41fast_hadamard_transform_40N_kernel_traitsILi32ELi7EN3c104HalfEEEv18HadamardParamsBase' for 'sm_75'
      ptxas info    : Function properties for
      _Z30fast_hadamard_transform_kernelI41fast_hadamard_transform_40N_kernel_traitsILi32ELi7EN3c104HalfEEEv18HadamardParamsBase
          192 bytes stack frame, 192 bytes spill stores, 192 bytes spill loads
      ptxas info    : Used 255 registers, used 0 barriers, 192 bytes cumulative stack size, 408 bytes cmem[0]
      ptxas info    : Compile time = 2089.610 ms
      ptxas info    : Compiling entry function
      '_Z30fast_hadamard_transform_kernelI41fast_hadamard_transform_40N_kernel_traitsILi16ELi6EN3c104HalfEEEv18HadamardParamsBase' for 'sm_75'
      ptxas info    : Function properties for
      _Z30fast_hadamard_transform_kernelI41fast_hadamard_transform_40N_kernel_traitsILi16ELi6EN3c104HalfEEEv18HadamardParamsBase
          192 bytes stack frame, 192 bytes spill stores, 192 bytes spill loads
      ptxas info    : Used 255 registers, used 0 barriers, 192 bytes cumulative stack size, 408 bytes cmem[0]
      ptxas info    : Compile time = 1559.536 ms
      ptxas info    : Compiling entry function
      '_Z30fast_hadamard_transform_kernelI41fast_hadamard_transform_40N_kernel_traitsILi8ELi5EN3c104HalfEEEv18HadamardParamsBase' for 'sm_75'
      ptxas info    : Function properties for
      _Z30fast_hadamard_transform_kernelI41fast_hadamard_transform_40N_kernel_traitsILi8ELi5EN3c104HalfEEEv18HadamardParamsBase
          200 bytes stack frame, 196 bytes spill stores, 196 bytes spill loads
      ptxas info    : Used 255 registers, used 0 barriers, 200 bytes cumulative stack size, 408 bytes cmem[0]
      ptxas info    : Compile time = 1114.952 ms
      ptxas info    : Compiling entry function
      '_Z30fast_hadamard_transform_kernelI41fast_hadamard_transform_40N_kernel_traitsILi4ELi4EN3c104HalfEEEv18HadamardParamsBase' for 'sm_75'
      ptxas info    : Function properties for
      _Z30fast_hadamard_transform_kernelI41fast_hadamard_transform_40N_kernel_traitsILi4ELi4EN3c104HalfEEEv18HadamardParamsBase
          192 bytes stack frame, 192 bytes spill stores, 192 bytes spill loads
      ptxas info    : Used 255 registers, used 0 barriers, 192 bytes cumulative stack size, 408 bytes cmem[0]
      ptxas info    : Compile time = 791.692 ms
      ptxas info    : Compiling entry function
      '_Z30fast_hadamard_transform_kernelI41fast_hadamard_transform_40N_kernel_traitsILi2ELi3EN3c104HalfEEEv18HadamardParamsBase' for 'sm_75'
      ptxas info    : Function properties for
      _Z30fast_hadamard_transform_kernelI41fast_hadamard_transform_40N_kernel_traitsILi2ELi3EN3c104HalfEEEv18HadamardParamsBase
          192 bytes stack frame, 192 bytes spill stores, 192 bytes spill loads
      ptxas info    : Used 255 registers, used 0 barriers, 192 bytes cumulative stack size, 408 bytes cmem[0]
      ptxas info    : Compile time = 548.086 ms
      ptxas info    : Compiling entry function
      '_Z30fast_hadamard_transform_kernelI41fast_hadamard_transform_40N_kernel_traitsILi1ELi2EN3c104HalfEEEv18HadamardParamsBase' for 'sm_75'
      ptxas info    : Function properties for
      _Z30fast_hadamard_transform_kernelI41fast_hadamard_transform_40N_kernel_traitsILi1ELi2EN3c104HalfEEEv18HadamardParamsBase
          192 bytes stack frame, 192 bytes spill stores, 192 bytes spill loads
      ptxas info    : Used 255 registers, used 0 barriers, 192 bytes cumulative stack size, 408 bytes cmem[0]
      ptxas info    : Compile time = 446.558 ms
      ptxas info    : Compiling entry function '_Z30fast_hadamard_transform_kernelI41fast_hadamard_transform_40N_kernel_traitsILi256ELi10EfEEv18HadamardParamsBase'
      for 'sm_75'
      ptxas info    : Function properties for _Z30fast_hadamard_transform_kernelI41fast_hadamard_transform_40N_kernel_traitsILi256ELi10EfEEv18HadamardParamsBase
          72 bytes stack frame, 68 bytes spill stores, 68 bytes spill loads
      ptxas info    : Used 255 registers, used 1 barriers, 72 bytes cumulative stack size, 408 bytes cmem[0]
      ptxas info    : Compile time = 4425.548 ms
      ptxas info    : Compiling entry function '_Z30fast_hadamard_transform_kernelI41fast_hadamard_transform_40N_kernel_traitsILi128ELi9EfEEv18HadamardParamsBase'
      for 'sm_75'
      ptxas info    : Function properties for _Z30fast_hadamard_transform_kernelI41fast_hadamard_transform_40N_kernel_traitsILi128ELi9EfEEv18HadamardParamsBase
          72 bytes stack frame, 68 bytes spill stores, 68 bytes spill loads
      ptxas info    : Used 255 registers, used 1 barriers, 72 bytes cumulative stack size, 408 bytes cmem[0]
      ptxas info    : Compile time = 3589.243 ms
      ptxas info    : Compiling entry function '_Z30fast_hadamard_transform_kernelI41fast_hadamard_transform_40N_kernel_traitsILi64ELi8EfEEv18HadamardParamsBase'
      for 'sm_75'
      ptxas info    : Function properties for _Z30fast_hadamard_transform_kernelI41fast_hadamard_transform_40N_kernel_traitsILi64ELi8EfEEv18HadamardParamsBase
          64 bytes stack frame, 64 bytes spill stores, 64 bytes spill loads
      ptxas info    : Used 255 registers, used 1 barriers, 64 bytes cumulative stack size, 408 bytes cmem[0]
      ptxas info    : Compile time = 2636.966 ms
      ptxas info    : Compiling entry function '_Z30fast_hadamard_transform_kernelI41fast_hadamard_transform_40N_kernel_traitsILi32ELi7EfEEv18HadamardParamsBase'
      for 'sm_75'
      ptxas info    : Function properties for _Z30fast_hadamard_transform_kernelI41fast_hadamard_transform_40N_kernel_traitsILi32ELi7EfEEv18HadamardParamsBase
          64 bytes stack frame, 60 bytes spill stores, 60 bytes spill loads
      ptxas info    : Used 255 registers, used 0 barriers, 64 bytes cumulative stack size, 408 bytes cmem[0]
      ptxas info    : Compile time = 1908.801 ms
      ptxas info    : Compiling entry function '_Z30fast_hadamard_transform_kernelI41fast_hadamard_transform_40N_kernel_traitsILi16ELi6EfEEv18HadamardParamsBase'
      for 'sm_75'
      ptxas info    : Function properties for _Z30fast_hadamard_transform_kernelI41fast_hadamard_transform_40N_kernel_traitsILi16ELi6EfEEv18HadamardParamsBase
          56 bytes stack frame, 56 bytes spill stores, 56 bytes spill loads
      ptxas info    : Used 255 registers, used 0 barriers, 56 bytes cumulative stack size, 408 bytes cmem[0]
      ptxas info    : Compile time = 1353.392 ms
      ptxas info    : Compiling entry function '_Z30fast_hadamard_transform_kernelI41fast_hadamard_transform_40N_kernel_traitsILi8ELi5EfEEv18HadamardParamsBase'
      for 'sm_75'
      ptxas info    : Function properties for _Z30fast_hadamard_transform_kernelI41fast_hadamard_transform_40N_kernel_traitsILi8ELi5EfEEv18HadamardParamsBase
          56 bytes stack frame, 56 bytes spill stores, 56 bytes spill loads
      ptxas info    : Used 255 registers, used 0 barriers, 56 bytes cumulative stack size, 408 bytes cmem[0]
      ptxas info    : Compile time = 937.025 ms
      ptxas info    : Compiling entry function '_Z30fast_hadamard_transform_kernelI41fast_hadamard_transform_40N_kernel_traitsILi4ELi4EfEEv18HadamardParamsBase'
      for 'sm_75'
      ptxas info    : Function properties for _Z30fast_hadamard_transform_kernelI41fast_hadamard_transform_40N_kernel_traitsILi4ELi4EfEEv18HadamardParamsBase
          64 bytes stack frame, 64 bytes spill stores, 64 bytes spill loads
      ptxas info    : Used 255 registers, used 0 barriers, 64 bytes cumulative stack size, 408 bytes cmem[0]
      ptxas info    : Compile time = 613.765 ms
      ptxas info    : Compiling entry function '_Z30fast_hadamard_transform_kernelI41fast_hadamard_transform_40N_kernel_traitsILi2ELi3EfEEv18HadamardParamsBase'
      for 'sm_75'
      ptxas info    : Function properties for _Z30fast_hadamard_transform_kernelI41fast_hadamard_transform_40N_kernel_traitsILi2ELi3EfEEv18HadamardParamsBase
          64 bytes stack frame, 64 bytes spill stores, 64 bytes spill loads
      ptxas info    : Used 255 registers, used 0 barriers, 64 bytes cumulative stack size, 408 bytes cmem[0]
      ptxas info    : Compile time = 425.486 ms
      ptxas info    : Compiling entry function '_Z30fast_hadamard_transform_kernelI41fast_hadamard_transform_40N_kernel_traitsILi1ELi2EfEEv18HadamardParamsBase'
      for 'sm_75'
      ptxas info    : Function properties for _Z30fast_hadamard_transform_kernelI41fast_hadamard_transform_40N_kernel_traitsILi1ELi2EfEEv18HadamardParamsBase
          56 bytes stack frame, 56 bytes spill stores, 56 bytes spill loads
      ptxas info    : Used 255 registers, used 0 barriers, 56 bytes cumulative stack size, 408 bytes cmem[0]
      ptxas info    : Compile time = 304.383 ms
      ptxas info    : Compiling entry function
      '_Z30fast_hadamard_transform_kernelI41fast_hadamard_transform_28N_kernel_traitsILi256ELi10EN3c108BFloat16EEEv18HadamardParamsBase' for 'sm_75'
      ptxas info    : Function properties for
      _Z30fast_hadamard_transform_kernelI41fast_hadamard_transform_28N_kernel_traitsILi256ELi10EN3c108BFloat16EEEv18HadamardParamsBase
          24 bytes stack frame, 24 bytes spill stores, 24 bytes spill loads
      ptxas info    : Used 255 registers, used 1 barriers, 24 bytes cumulative stack size, 408 bytes cmem[0]
      ptxas info    : Compile time = 2530.583 ms
      ptxas info    : Compiling entry function
      '_Z30fast_hadamard_transform_kernelI41fast_hadamard_transform_28N_kernel_traitsILi128ELi9EN3c108BFloat16EEEv18HadamardParamsBase' for 'sm_75'
      ptxas info    : Function properties for
      _Z30fast_hadamard_transform_kernelI41fast_hadamard_transform_28N_kernel_traitsILi128ELi9EN3c108BFloat16EEEv18HadamardParamsBase
          0 bytes stack frame, 0 bytes spill stores, 0 bytes spill loads
      ptxas info    : Used 255 registers, used 1 barriers, 408 bytes cmem[0]
      ptxas info    : Compile time = 1914.363 ms
      ptxas info    : Compiling entry function
      '_Z30fast_hadamard_transform_kernelI41fast_hadamard_transform_28N_kernel_traitsILi64ELi8EN3c108BFloat16EEEv18HadamardParamsBase' for 'sm_75'
      ptxas info    : Function properties for
      _Z30fast_hadamard_transform_kernelI41fast_hadamard_transform_28N_kernel_traitsILi64ELi8EN3c108BFloat16EEEv18HadamardParamsBase
          0 bytes stack frame, 0 bytes spill stores, 0 bytes spill loads
      ptxas info    : Used 255 registers, used 1 barriers, 408 bytes cmem[0]
      ptxas info    : Compile time = 1515.231 ms
      ptxas info    : Compiling entry function
      '_Z30fast_hadamard_transform_kernelI41fast_hadamard_transform_28N_kernel_traitsILi32ELi7EN3c108BFloat16EEEv18HadamardParamsBase' for 'sm_75'
      ptxas info    : Function properties for
      _Z30fast_hadamard_transform_kernelI41fast_hadamard_transform_28N_kernel_traitsILi32ELi7EN3c108BFloat16EEEv18HadamardParamsBase
          0 bytes stack frame, 0 bytes spill stores, 0 bytes spill loads
      ptxas info    : Used 255 registers, used 0 barriers, 408 bytes cmem[0]
      ptxas info    : Compile time = 1273.622 ms
      ptxas info    : Compiling entry function
      '_Z30fast_hadamard_transform_kernelI41fast_hadamard_transform_28N_kernel_traitsILi16ELi6EN3c108BFloat16EEEv18HadamardParamsBase' for 'sm_75'
      ptxas info    : Function properties for
      _Z30fast_hadamard_transform_kernelI41fast_hadamard_transform_28N_kernel_traitsILi16ELi6EN3c108BFloat16EEEv18HadamardParamsBase
          0 bytes stack frame, 0 bytes spill stores, 0 bytes spill loads
      ptxas info    : Used 255 registers, used 0 barriers, 408 bytes cmem[0]
      ptxas info    : Compile time = 982.342 ms
      ptxas info    : Compiling entry function
      '_Z30fast_hadamard_transform_kernelI41fast_hadamard_transform_28N_kernel_traitsILi8ELi5EN3c108BFloat16EEEv18HadamardParamsBase' for 'sm_75'
      ptxas info    : Function properties for
      _Z30fast_hadamard_transform_kernelI41fast_hadamard_transform_28N_kernel_traitsILi8ELi5EN3c108BFloat16EEEv18HadamardParamsBase
          0 bytes stack frame, 0 bytes spill stores, 0 bytes spill loads
      ptxas info    : Used 254 registers, used 0 barriers, 408 bytes cmem[0]
      ptxas info    : Compile time = 752.647 ms
      ptxas info    : Compiling entry function
      '_Z30fast_hadamard_transform_kernelI41fast_hadamard_transform_28N_kernel_traitsILi4ELi4EN3c108BFloat16EEEv18HadamardParamsBase' for 'sm_75'
      ptxas info    : Function properties for
      _Z30fast_hadamard_transform_kernelI41fast_hadamard_transform_28N_kernel_traitsILi4ELi4EN3c108BFloat16EEEv18HadamardParamsBase
          0 bytes stack frame, 0 bytes spill stores, 0 bytes spill loads
      ptxas info    : Used 255 registers, used 0 barriers, 408 bytes cmem[0]
      ptxas info    : Compile time = 547.600 ms
      ptxas info    : Compiling entry function
      '_Z30fast_hadamard_transform_kernelI41fast_hadamard_transform_28N_kernel_traitsILi2ELi3EN3c108BFloat16EEEv18HadamardParamsBase' for 'sm_75'
      ptxas info    : Function properties for
      _Z30fast_hadamard_transform_kernelI41fast_hadamard_transform_28N_kernel_traitsILi2ELi3EN3c108BFloat16EEEv18HadamardParamsBase
          0 bytes stack frame, 0 bytes spill stores, 0 bytes spill loads
      ptxas info    : Used 255 registers, used 0 barriers, 408 bytes cmem[0]
      ptxas info    : Compile time = 410.132 ms
      ptxas info    : Compiling entry function
      '_Z30fast_hadamard_transform_kernelI41fast_hadamard_transform_28N_kernel_traitsILi1ELi2EN3c108BFloat16EEEv18HadamardParamsBase' for 'sm_75'
      ptxas info    : Function properties for
      _Z30fast_hadamard_transform_kernelI41fast_hadamard_transform_28N_kernel_traitsILi1ELi2EN3c108BFloat16EEEv18HadamardParamsBase
          0 bytes stack frame, 0 bytes spill stores, 0 bytes spill loads
      ptxas info    : Used 255 registers, used 0 barriers, 408 bytes cmem[0]
      ptxas info    : Compile time = 286.234 ms
      ptxas info    : Compiling entry function
      '_Z30fast_hadamard_transform_kernelI41fast_hadamard_transform_28N_kernel_traitsILi256ELi10EN3c104HalfEEEv18HadamardParamsBase' for 'sm_75'
      ptxas info    : Function properties for
      _Z30fast_hadamard_transform_kernelI41fast_hadamard_transform_28N_kernel_traitsILi256ELi10EN3c104HalfEEEv18HadamardParamsBase
          0 bytes stack frame, 0 bytes spill stores, 0 bytes spill loads
      ptxas info    : Used 254 registers, used 1 barriers, 408 bytes cmem[0]
      ptxas info    : Compile time = 1978.953 ms
      ptxas info    : Compiling entry function
      '_Z30fast_hadamard_transform_kernelI41fast_hadamard_transform_28N_kernel_traitsILi128ELi9EN3c104HalfEEEv18HadamardParamsBase' for 'sm_75'
      ptxas info    : Function properties for
      _Z30fast_hadamard_transform_kernelI41fast_hadamard_transform_28N_kernel_traitsILi128ELi9EN3c104HalfEEEv18HadamardParamsBase
          0 bytes stack frame, 0 bytes spill stores, 0 bytes spill loads
      ptxas info    : Used 255 registers, used 1 barriers, 408 bytes cmem[0]
      ptxas info    : Compile time = 1632.428 ms
      ptxas info    : Compiling entry function
      '_Z30fast_hadamard_transform_kernelI41fast_hadamard_transform_28N_kernel_traitsILi64ELi8EN3c104HalfEEEv18HadamardParamsBase' for 'sm_75'
      ptxas info    : Function properties for
      _Z30fast_hadamard_transform_kernelI41fast_hadamard_transform_28N_kernel_traitsILi64ELi8EN3c104HalfEEEv18HadamardParamsBase
          0 bytes stack frame, 0 bytes spill stores, 0 bytes spill loads
      ptxas info    : Used 255 registers, used 1 barriers, 408 bytes cmem[0]
      ptxas info    : Compile time = 1298.141 ms
      ptxas info    : Compiling entry function
      '_Z30fast_hadamard_transform_kernelI41fast_hadamard_transform_28N_kernel_traitsILi32ELi7EN3c104HalfEEEv18HadamardParamsBase' for 'sm_75'
      ptxas info    : Function properties for
      _Z30fast_hadamard_transform_kernelI41fast_hadamard_transform_28N_kernel_traitsILi32ELi7EN3c104HalfEEEv18HadamardParamsBase
          0 bytes stack frame, 0 bytes spill stores, 0 bytes spill loads
      ptxas info    : Used 224 registers, used 0 barriers, 408 bytes cmem[0]
      ptxas info    : Compile time = 918.107 ms
      ptxas info    : Compiling entry function
      '_Z30fast_hadamard_transform_kernelI41fast_hadamard_transform_28N_kernel_traitsILi16ELi6EN3c104HalfEEEv18HadamardParamsBase' for 'sm_75'
      ptxas info    : Function properties for
      _Z30fast_hadamard_transform_kernelI41fast_hadamard_transform_28N_kernel_traitsILi16ELi6EN3c104HalfEEEv18HadamardParamsBase
          0 bytes stack frame, 0 bytes spill stores, 0 bytes spill loads
      ptxas info    : Used 220 registers, used 0 barriers, 408 bytes cmem[0]
      ptxas info    : Compile time = 669.758 ms
      ptxas info    : Compiling entry function
      '_Z30fast_hadamard_transform_kernelI41fast_hadamard_transform_28N_kernel_traitsILi8ELi5EN3c104HalfEEEv18HadamardParamsBase' for 'sm_75'
      ptxas info    : Function properties for
      _Z30fast_hadamard_transform_kernelI41fast_hadamard_transform_28N_kernel_traitsILi8ELi5EN3c104HalfEEEv18HadamardParamsBase
          0 bytes stack frame, 0 bytes spill stores, 0 bytes spill loads
      ptxas info    : Used 220 registers, used 0 barriers, 408 bytes cmem[0]
      ptxas info    : Compile time = 479.509 ms
      ptxas info    : Compiling entry function
      '_Z30fast_hadamard_transform_kernelI41fast_hadamard_transform_28N_kernel_traitsILi4ELi4EN3c104HalfEEEv18HadamardParamsBase' for 'sm_75'
      ptxas info    : Function properties for
      _Z30fast_hadamard_transform_kernelI41fast_hadamard_transform_28N_kernel_traitsILi4ELi4EN3c104HalfEEEv18HadamardParamsBase
          0 bytes stack frame, 0 bytes spill stores, 0 bytes spill loads
      ptxas info    : Used 220 registers, used 0 barriers, 408 bytes cmem[0]
      ptxas info    : Compile time = 342.513 ms
      ptxas info    : Compiling entry function
      '_Z30fast_hadamard_transform_kernelI41fast_hadamard_transform_28N_kernel_traitsILi2ELi3EN3c104HalfEEEv18HadamardParamsBase' for 'sm_75'
      ptxas info    : Function properties for
      _Z30fast_hadamard_transform_kernelI41fast_hadamard_transform_28N_kernel_traitsILi2ELi3EN3c104HalfEEEv18HadamardParamsBase
          0 bytes stack frame, 0 bytes spill stores, 0 bytes spill loads
      ptxas info    : Used 220 registers, used 0 barriers, 408 bytes cmem[0]
      ptxas info    : Compile time = 254.193 ms
      ptxas info    : Compiling entry function
      '_Z30fast_hadamard_transform_kernelI41fast_hadamard_transform_28N_kernel_traitsILi1ELi2EN3c104HalfEEEv18HadamardParamsBase' for 'sm_75'
      ptxas info    : Function properties for
      _Z30fast_hadamard_transform_kernelI41fast_hadamard_transform_28N_kernel_traitsILi1ELi2EN3c104HalfEEEv18HadamardParamsBase
          0 bytes stack frame, 0 bytes spill stores, 0 bytes spill loads
      ptxas info    : Used 226 registers, used 0 barriers, 408 bytes cmem[0]
      ptxas info    : Compile time = 179.033 ms
      ptxas info    : Compiling entry function '_Z30fast_hadamard_transform_kernelI41fast_hadamard_transform_28N_kernel_traitsILi256ELi10EfEEv18HadamardParamsBase'
      for 'sm_75'
      ptxas info    : Function properties for _Z30fast_hadamard_transform_kernelI41fast_hadamard_transform_28N_kernel_traitsILi256ELi10EfEEv18HadamardParamsBase
          0 bytes stack frame, 0 bytes spill stores, 0 bytes spill loads
      ptxas info    : Used 255 registers, used 1 barriers, 408 bytes cmem[0]
      ptxas info    : Compile time = 1813.666 ms
      ptxas info    : Compiling entry function '_Z30fast_hadamard_transform_kernelI41fast_hadamard_transform_28N_kernel_traitsILi128ELi9EfEEv18HadamardParamsBase'
      for 'sm_75'
      ptxas info    : Function properties for _Z30fast_hadamard_transform_kernelI41fast_hadamard_transform_28N_kernel_traitsILi128ELi9EfEEv18HadamardParamsBase
          0 bytes stack frame, 0 bytes spill stores, 0 bytes spill loads
      ptxas info    : Used 254 registers, used 1 barriers, 408 bytes cmem[0]
      ptxas info    : Compile time = 1436.607 ms
      ptxas info    : Compiling entry function '_Z30fast_hadamard_transform_kernelI41fast_hadamard_transform_28N_kernel_traitsILi64ELi8EfEEv18HadamardParamsBase'
      for 'sm_75'
      ptxas info    : Function properties for _Z30fast_hadamard_transform_kernelI41fast_hadamard_transform_28N_kernel_traitsILi64ELi8EfEEv18HadamardParamsBase
          0 bytes stack frame, 0 bytes spill stores, 0 bytes spill loads
      ptxas info    : Used 254 registers, used 1 barriers, 408 bytes cmem[0]
      ptxas info    : Compile time = 1122.124 ms
      ptxas info    : Compiling entry function '_Z30fast_hadamard_transform_kernelI41fast_hadamard_transform_28N_kernel_traitsILi32ELi7EfEEv18HadamardParamsBase'
      for 'sm_75'
      ptxas info    : Function properties for _Z30fast_hadamard_transform_kernelI41fast_hadamard_transform_28N_kernel_traitsILi32ELi7EfEEv18HadamardParamsBase
          0 bytes stack frame, 0 bytes spill stores, 0 bytes spill loads
      ptxas info    : Used 204 registers, used 0 barriers, 408 bytes cmem[0]
      ptxas info    : Compile time = 800.174 ms
      ptxas info    : Compiling entry function '_Z30fast_hadamard_transform_kernelI41fast_hadamard_transform_28N_kernel_traitsILi16ELi6EfEEv18HadamardParamsBase'
      for 'sm_75'
      ptxas info    : Function properties for _Z30fast_hadamard_transform_kernelI41fast_hadamard_transform_28N_kernel_traitsILi16ELi6EfEEv18HadamardParamsBase
          0 bytes stack frame, 0 bytes spill stores, 0 bytes spill loads
      ptxas info    : Used 208 registers, used 0 barriers, 408 bytes cmem[0]
      ptxas info    : Compile time = 543.743 ms
      ptxas info    : Compiling entry function '_Z30fast_hadamard_transform_kernelI41fast_hadamard_transform_28N_kernel_traitsILi8ELi5EfEEv18HadamardParamsBase'
      for 'sm_75'
      ptxas info    : Function properties for _Z30fast_hadamard_transform_kernelI41fast_hadamard_transform_28N_kernel_traitsILi8ELi5EfEEv18HadamardParamsBase
          0 bytes stack frame, 0 bytes spill stores, 0 bytes spill loads
      ptxas info    : Used 204 registers, used 0 barriers, 408 bytes cmem[0]
      ptxas info    : Compile time = 385.829 ms
      ptxas info    : Compiling entry function '_Z30fast_hadamard_transform_kernelI41fast_hadamard_transform_28N_kernel_traitsILi4ELi4EfEEv18HadamardParamsBase'
      for 'sm_75'
      ptxas info    : Function properties for _Z30fast_hadamard_transform_kernelI41fast_hadamard_transform_28N_kernel_traitsILi4ELi4EfEEv18HadamardParamsBase
          0 bytes stack frame, 0 bytes spill stores, 0 bytes spill loads
      ptxas info    : Used 205 registers, used 0 barriers, 408 bytes cmem[0]
      ptxas info    : Compile time = 270.521 ms
      ptxas info    : Compiling entry function '_Z30fast_hadamard_transform_kernelI41fast_hadamard_transform_28N_kernel_traitsILi2ELi3EfEEv18HadamardParamsBase'
      for 'sm_75'
      ptxas info    : Function properties for _Z30fast_hadamard_transform_kernelI41fast_hadamard_transform_28N_kernel_traitsILi2ELi3EfEEv18HadamardParamsBase
          0 bytes stack frame, 0 bytes spill stores, 0 bytes spill loads
      ptxas info    : Used 204 registers, used 0 barriers, 408 bytes cmem[0]
      ptxas info    : Compile time = 202.903 ms
      ptxas info    : Compiling entry function '_Z30fast_hadamard_transform_kernelI41fast_hadamard_transform_28N_kernel_traitsILi1ELi2EfEEv18HadamardParamsBase'
      for 'sm_75'
      ptxas info    : Function properties for _Z30fast_hadamard_transform_kernelI41fast_hadamard_transform_28N_kernel_traitsILi1ELi2EfEEv18HadamardParamsBase
          0 bytes stack frame, 0 bytes spill stores, 0 bytes spill loads
      ptxas info    : Used 199 registers, used 0 barriers, 408 bytes cmem[0]
      ptxas info    : Compile time = 141.151 ms
      ptxas info    : Compiling entry function
      '_Z30fast_hadamard_transform_kernelI41fast_hadamard_transform_20N_kernel_traitsILi256ELi10EN3c108BFloat16EEEv18HadamardParamsBase' for 'sm_75'
      ptxas info    : Function properties for
      _Z30fast_hadamard_transform_kernelI41fast_hadamard_transform_20N_kernel_traitsILi256ELi10EN3c108BFloat16EEEv18HadamardParamsBase
          0 bytes stack frame, 0 bytes spill stores, 0 bytes spill loads
      ptxas info    : Used 206 registers, used 1 barriers, 408 bytes cmem[0]
      ptxas info    : Compile time = 1117.591 ms
      ptxas info    : Compiling entry function
      '_Z30fast_hadamard_transform_kernelI41fast_hadamard_transform_20N_kernel_traitsILi128ELi9EN3c108BFloat16EEEv18HadamardParamsBase' for 'sm_75'
      ptxas info    : Function properties for
      _Z30fast_hadamard_transform_kernelI41fast_hadamard_transform_20N_kernel_traitsILi128ELi9EN3c108BFloat16EEEv18HadamardParamsBase
          0 bytes stack frame, 0 bytes spill stores, 0 bytes spill loads
      ptxas info    : Used 168 registers, used 1 barriers, 408 bytes cmem[0]
      ptxas info    : Compile time = 868.234 ms
      ptxas info    : Compiling entry function
      '_Z30fast_hadamard_transform_kernelI41fast_hadamard_transform_20N_kernel_traitsILi64ELi8EN3c108BFloat16EEEv18HadamardParamsBase' for 'sm_75'
      ptxas info    : Function properties for
      _Z30fast_hadamard_transform_kernelI41fast_hadamard_transform_20N_kernel_traitsILi64ELi8EN3c108BFloat16EEEv18HadamardParamsBase
          0 bytes stack frame, 0 bytes spill stores, 0 bytes spill loads
      ptxas info    : Used 167 registers, used 1 barriers, 408 bytes cmem[0]
      ptxas info    : Compile time = 664.830 ms
      ptxas info    : Compiling entry function
      '_Z30fast_hadamard_transform_kernelI41fast_hadamard_transform_20N_kernel_traitsILi32ELi7EN3c108BFloat16EEEv18HadamardParamsBase' for 'sm_75'
      ptxas info    : Function properties for
      _Z30fast_hadamard_transform_kernelI41fast_hadamard_transform_20N_kernel_traitsILi32ELi7EN3c108BFloat16EEEv18HadamardParamsBase
          0 bytes stack frame, 0 bytes spill stores, 0 bytes spill loads
      ptxas info    : Used 167 registers, used 0 barriers, 408 bytes cmem[0]
      ptxas info    : Compile time = 479.172 ms
      ptxas info    : Compiling entry function
      '_Z30fast_hadamard_transform_kernelI41fast_hadamard_transform_20N_kernel_traitsILi16ELi6EN3c108BFloat16EEEv18HadamardParamsBase' for 'sm_75'
      ptxas info    : Function properties for
      _Z30fast_hadamard_transform_kernelI41fast_hadamard_transform_20N_kernel_traitsILi16ELi6EN3c108BFloat16EEEv18HadamardParamsBase
          0 bytes stack frame, 0 bytes spill stores, 0 bytes spill loads
      ptxas info    : Used 168 registers, used 0 barriers, 408 bytes cmem[0]
      ptxas info    : Compile time = 361.032 ms
      ptxas info    : Compiling entry function
      '_Z30fast_hadamard_transform_kernelI41fast_hadamard_transform_20N_kernel_traitsILi8ELi5EN3c108BFloat16EEEv18HadamardParamsBase' for 'sm_75'
      ptxas info    : Function properties for
      _Z30fast_hadamard_transform_kernelI41fast_hadamard_transform_20N_kernel_traitsILi8ELi5EN3c108BFloat16EEEv18HadamardParamsBase
          0 bytes stack frame, 0 bytes spill stores, 0 bytes spill loads
      ptxas info    : Used 167 registers, used 0 barriers, 408 bytes cmem[0]
      ptxas info    : Compile time = 279.069 ms
      ptxas info    : Compiling entry function
      '_Z30fast_hadamard_transform_kernelI41fast_hadamard_transform_20N_kernel_traitsILi4ELi4EN3c108BFloat16EEEv18HadamardParamsBase' for 'sm_75'
      ptxas info    : Function properties for
      _Z30fast_hadamard_transform_kernelI41fast_hadamard_transform_20N_kernel_traitsILi4ELi4EN3c108BFloat16EEEv18HadamardParamsBase
          0 bytes stack frame, 0 bytes spill stores, 0 bytes spill loads
      ptxas info    : Used 168 registers, used 0 barriers, 408 bytes cmem[0]
      ptxas info    : Compile time = 222.723 ms
      ptxas info    : Compiling entry function
      '_Z30fast_hadamard_transform_kernelI41fast_hadamard_transform_20N_kernel_traitsILi2ELi3EN3c108BFloat16EEEv18HadamardParamsBase' for 'sm_75'
      ptxas info    : Function properties for
      _Z30fast_hadamard_transform_kernelI41fast_hadamard_transform_20N_kernel_traitsILi2ELi3EN3c108BFloat16EEEv18HadamardParamsBase
          0 bytes stack frame, 0 bytes spill stores, 0 bytes spill loads
      ptxas info    : Used 167 registers, used 0 barriers, 408 bytes cmem[0]
      ptxas info    : Compile time = 175.793 ms
      ptxas info    : Compiling entry function
      '_Z30fast_hadamard_transform_kernelI41fast_hadamard_transform_20N_kernel_traitsILi1ELi2EN3c108BFloat16EEEv18HadamardParamsBase' for 'sm_75'
      ptxas info    : Function properties for
      _Z30fast_hadamard_transform_kernelI41fast_hadamard_transform_20N_kernel_traitsILi1ELi2EN3c108BFloat16EEEv18HadamardParamsBase
          0 bytes stack frame, 0 bytes spill stores, 0 bytes spill loads
      ptxas info    : Used 168 registers, used 0 barriers, 408 bytes cmem[0]
      ptxas info    : Compile time = 129.299 ms
      ptxas info    : Compiling entry function
      '_Z30fast_hadamard_transform_kernelI41fast_hadamard_transform_20N_kernel_traitsILi256ELi10EN3c104HalfEEEv18HadamardParamsBase' for 'sm_75'
      ptxas info    : Function properties for
      _Z30fast_hadamard_transform_kernelI41fast_hadamard_transform_20N_kernel_traitsILi256ELi10EN3c104HalfEEEv18HadamardParamsBase
          0 bytes stack frame, 0 bytes spill stores, 0 bytes spill loads
      ptxas info    : Used 209 registers, used 1 barriers, 408 bytes cmem[0]
      ptxas info    : Compile time = 953.582 ms
      ptxas info    : Compiling entry function
      '_Z30fast_hadamard_transform_kernelI41fast_hadamard_transform_20N_kernel_traitsILi128ELi9EN3c104HalfEEEv18HadamardParamsBase' for 'sm_75'
      ptxas info    : Function properties for
      _Z30fast_hadamard_transform_kernelI41fast_hadamard_transform_20N_kernel_traitsILi128ELi9EN3c104HalfEEEv18HadamardParamsBase
          0 bytes stack frame, 0 bytes spill stores, 0 bytes spill loads
      ptxas info    : Used 168 registers, used 1 barriers, 408 bytes cmem[0]
      ptxas info    : Compile time = 737.029 ms
      ptxas info    : Compiling entry function
      '_Z30fast_hadamard_transform_kernelI41fast_hadamard_transform_20N_kernel_traitsILi64ELi8EN3c104HalfEEEv18HadamardParamsBase' for 'sm_75'
      ptxas info    : Function properties for
      _Z30fast_hadamard_transform_kernelI41fast_hadamard_transform_20N_kernel_traitsILi64ELi8EN3c104HalfEEEv18HadamardParamsBase
          0 bytes stack frame, 0 bytes spill stores, 0 bytes spill loads
      ptxas info    : Used 167 registers, used 1 barriers, 408 bytes cmem[0]
      ptxas info    : Compile time = 555.819 ms
      ptxas info    : Compiling entry function
      '_Z30fast_hadamard_transform_kernelI41fast_hadamard_transform_20N_kernel_traitsILi32ELi7EN3c104HalfEEEv18HadamardParamsBase' for 'sm_75'
      ptxas info    : Function properties for
      _Z30fast_hadamard_transform_kernelI41fast_hadamard_transform_20N_kernel_traitsILi32ELi7EN3c104HalfEEEv18HadamardParamsBase
          0 bytes stack frame, 0 bytes spill stores, 0 bytes spill loads
      ptxas info    : Used 168 registers, used 0 barriers, 408 bytes cmem[0]
      ptxas info    : Compile time = 406.956 ms
      ptxas info    : Compiling entry function
      '_Z30fast_hadamard_transform_kernelI41fast_hadamard_transform_20N_kernel_traitsILi16ELi6EN3c104HalfEEEv18HadamardParamsBase' for 'sm_75'
      ptxas info    : Function properties for
      _Z30fast_hadamard_transform_kernelI41fast_hadamard_transform_20N_kernel_traitsILi16ELi6EN3c104HalfEEEv18HadamardParamsBase
          0 bytes stack frame, 0 bytes spill stores, 0 bytes spill loads
      ptxas info    : Used 168 registers, used 0 barriers, 408 bytes cmem[0]
      ptxas info    : Compile time = 296.195 ms
      ptxas info    : Compiling entry function
      '_Z30fast_hadamard_transform_kernelI41fast_hadamard_transform_20N_kernel_traitsILi8ELi5EN3c104HalfEEEv18HadamardParamsBase' for 'sm_75'
      ptxas info    : Function properties for
      _Z30fast_hadamard_transform_kernelI41fast_hadamard_transform_20N_kernel_traitsILi8ELi5EN3c104HalfEEEv18HadamardParamsBase
          0 bytes stack frame, 0 bytes spill stores, 0 bytes spill loads
      ptxas info    : Used 168 registers, used 0 barriers, 408 bytes cmem[0]
      ptxas info    : Compile time = 221.923 ms
      ptxas info    : Compiling entry function
      '_Z30fast_hadamard_transform_kernelI41fast_hadamard_transform_20N_kernel_traitsILi4ELi4EN3c104HalfEEEv18HadamardParamsBase' for 'sm_75'
      ptxas info    : Function properties for
      _Z30fast_hadamard_transform_kernelI41fast_hadamard_transform_20N_kernel_traitsILi4ELi4EN3c104HalfEEEv18HadamardParamsBase
          0 bytes stack frame, 0 bytes spill stores, 0 bytes spill loads
      ptxas info    : Used 168 registers, used 0 barriers, 408 bytes cmem[0]
      ptxas info    : Compile time = 170.754 ms
      ptxas info    : Compiling entry function
      '_Z30fast_hadamard_transform_kernelI41fast_hadamard_transform_20N_kernel_traitsILi2ELi3EN3c104HalfEEEv18HadamardParamsBase' for 'sm_75'
      ptxas info    : Function properties for
      _Z30fast_hadamard_transform_kernelI41fast_hadamard_transform_20N_kernel_traitsILi2ELi3EN3c104HalfEEEv18HadamardParamsBase
          0 bytes stack frame, 0 bytes spill stores, 0 bytes spill loads
      ptxas info    : Used 168 registers, used 0 barriers, 408 bytes cmem[0]
      ptxas info    : Compile time = 126.645 ms
      ptxas info    : Compiling entry function
      '_Z30fast_hadamard_transform_kernelI41fast_hadamard_transform_20N_kernel_traitsILi1ELi2EN3c104HalfEEEv18HadamardParamsBase' for 'sm_75'
      ptxas info    : Function properties for
      _Z30fast_hadamard_transform_kernelI41fast_hadamard_transform_20N_kernel_traitsILi1ELi2EN3c104HalfEEEv18HadamardParamsBase
          0 bytes stack frame, 0 bytes spill stores, 0 bytes spill loads
      ptxas info    : Used 168 registers, used 0 barriers, 408 bytes cmem[0]
      ptxas info    : Compile time = 90.472 ms
      ptxas info    : Compiling entry function '_Z30fast_hadamard_transform_kernelI41fast_hadamard_transform_20N_kernel_traitsILi256ELi10EfEEv18HadamardParamsBase'
      for 'sm_75'
      ptxas info    : Function properties for _Z30fast_hadamard_transform_kernelI41fast_hadamard_transform_20N_kernel_traitsILi256ELi10EfEEv18HadamardParamsBase
          0 bytes stack frame, 0 bytes spill stores, 0 bytes spill loads
      ptxas info    : Used 212 registers, used 1 barriers, 408 bytes cmem[0]
      ptxas info    : Compile time = 813.021 ms
      ptxas info    : Compiling entry function '_Z30fast_hadamard_transform_kernelI41fast_hadamard_transform_20N_kernel_traitsILi128ELi9EfEEv18HadamardParamsBase'
      for 'sm_75'
      ptxas info    : Function properties for _Z30fast_hadamard_transform_kernelI41fast_hadamard_transform_20N_kernel_traitsILi128ELi9EfEEv18HadamardParamsBase
          0 bytes stack frame, 0 bytes spill stores, 0 bytes spill loads
      ptxas info    : Used 168 registers, used 1 barriers, 408 bytes cmem[0]
      ptxas info    : Compile time = 629.987 ms
      ptxas info    : Compiling entry function '_Z30fast_hadamard_transform_kernelI41fast_hadamard_transform_20N_kernel_traitsILi64ELi8EfEEv18HadamardParamsBase'
      for 'sm_75'
      ptxas info    : Function properties for _Z30fast_hadamard_transform_kernelI41fast_hadamard_transform_20N_kernel_traitsILi64ELi8EfEEv18HadamardParamsBase
          0 bytes stack frame, 0 bytes spill stores, 0 bytes spill loads
      ptxas info    : Used 167 registers, used 1 barriers, 408 bytes cmem[0]
      ptxas info    : Compile time = 465.409 ms
      ptxas info    : Compiling entry function '_Z30fast_hadamard_transform_kernelI41fast_hadamard_transform_20N_kernel_traitsILi32ELi7EfEEv18HadamardParamsBase'
      for 'sm_75'
      ptxas info    : Function properties for _Z30fast_hadamard_transform_kernelI41fast_hadamard_transform_20N_kernel_traitsILi32ELi7EfEEv18HadamardParamsBase
          0 bytes stack frame, 0 bytes spill stores, 0 bytes spill loads
      ptxas info    : Used 168 registers, used 0 barriers, 408 bytes cmem[0]
      ptxas info    : Compile time = 318.223 ms
      ptxas info    : Compiling entry function '_Z30fast_hadamard_transform_kernelI41fast_hadamard_transform_20N_kernel_traitsILi16ELi6EfEEv18HadamardParamsBase'
      for 'sm_75'
      ptxas info    : Function properties for _Z30fast_hadamard_transform_kernelI41fast_hadamard_transform_20N_kernel_traitsILi16ELi6EfEEv18HadamardParamsBase
          0 bytes stack frame, 0 bytes spill stores, 0 bytes spill loads
      ptxas info    : Used 167 registers, used 0 barriers, 408 bytes cmem[0]
      ptxas info    : Compile time = 227.979 ms
      ptxas info    : Compiling entry function '_Z30fast_hadamard_transform_kernelI41fast_hadamard_transform_20N_kernel_traitsILi8ELi5EfEEv18HadamardParamsBase'
      for 'sm_75'
      ptxas info    : Function properties for _Z30fast_hadamard_transform_kernelI41fast_hadamard_transform_20N_kernel_traitsILi8ELi5EfEEv18HadamardParamsBase
          0 bytes stack frame, 0 bytes spill stores, 0 bytes spill loads
      ptxas info    : Used 167 registers, used 0 barriers, 408 bytes cmem[0]
      ptxas info    : Compile time = 169.192 ms
      ptxas info    : Compiling entry function '_Z30fast_hadamard_transform_kernelI41fast_hadamard_transform_20N_kernel_traitsILi4ELi4EfEEv18HadamardParamsBase'
      for 'sm_75'
      ptxas info    : Function properties for _Z30fast_hadamard_transform_kernelI41fast_hadamard_transform_20N_kernel_traitsILi4ELi4EfEEv18HadamardParamsBase
          0 bytes stack frame, 0 bytes spill stores, 0 bytes spill loads
      ptxas info    : Used 156 registers, used 0 barriers, 408 bytes cmem[0]
      ptxas info    : Compile time = 129.395 ms
      ptxas info    : Compiling entry function '_Z30fast_hadamard_transform_kernelI41fast_hadamard_transform_20N_kernel_traitsILi2ELi3EfEEv18HadamardParamsBase'
      for 'sm_75'
      ptxas info    : Function properties for _Z30fast_hadamard_transform_kernelI41fast_hadamard_transform_20N_kernel_traitsILi2ELi3EfEEv18HadamardParamsBase
          0 bytes stack frame, 0 bytes spill stores, 0 bytes spill loads
      ptxas info    : Used 162 registers, used 0 barriers, 408 bytes cmem[0]
      ptxas info    : Compile time = 87.467 ms
      ptxas info    : Compiling entry function '_Z30fast_hadamard_transform_kernelI41fast_hadamard_transform_20N_kernel_traitsILi1ELi2EfEEv18HadamardParamsBase'
      for 'sm_75'
      ptxas info    : Function properties for _Z30fast_hadamard_transform_kernelI41fast_hadamard_transform_20N_kernel_traitsILi1ELi2EfEEv18HadamardParamsBase
          0 bytes stack frame, 0 bytes spill stores, 0 bytes spill loads
      ptxas info    : Used 164 registers, used 0 barriers, 408 bytes cmem[0]
      ptxas info    : Compile time = 61.147 ms
      ptxas info    : Compiling entry function
      '_Z30fast_hadamard_transform_kernelI41fast_hadamard_transform_12N_kernel_traitsILi256ELi10EN3c108BFloat16EEEv18HadamardParamsBase' for 'sm_75'
      ptxas info    : Function properties for
      _Z30fast_hadamard_transform_kernelI41fast_hadamard_transform_12N_kernel_traitsILi256ELi10EN3c108BFloat16EEEv18HadamardParamsBase
          0 bytes stack frame, 0 bytes spill stores, 0 bytes spill loads
      ptxas info    : Used 105 registers, used 1 barriers, 408 bytes cmem[0]
      ptxas info    : Compile time = 295.996 ms
      ptxas info    : Compiling entry function
      '_Z30fast_hadamard_transform_kernelI41fast_hadamard_transform_12N_kernel_traitsILi128ELi9EN3c108BFloat16EEEv18HadamardParamsBase' for 'sm_75'
      ptxas info    : Function properties for
      _Z30fast_hadamard_transform_kernelI41fast_hadamard_transform_12N_kernel_traitsILi128ELi9EN3c108BFloat16EEEv18HadamardParamsBase
          0 bytes stack frame, 0 bytes spill stores, 0 bytes spill loads
      ptxas info    : Used 96 registers, used 1 barriers, 408 bytes cmem[0]
      ptxas info    : Compile time = 233.648 ms
      ptxas info    : Compiling entry function
      '_Z30fast_hadamard_transform_kernelI41fast_hadamard_transform_12N_kernel_traitsILi64ELi8EN3c108BFloat16EEEv18HadamardParamsBase' for 'sm_75'
      ptxas info    : Function properties for
      _Z30fast_hadamard_transform_kernelI41fast_hadamard_transform_12N_kernel_traitsILi64ELi8EN3c108BFloat16EEEv18HadamardParamsBase
          0 bytes stack frame, 0 bytes spill stores, 0 bytes spill loads
      ptxas info    : Used 96 registers, used 1 barriers, 408 bytes cmem[0]
      ptxas info    : Compile time = 192.817 ms
      ptxas info    : Compiling entry function
      '_Z30fast_hadamard_transform_kernelI41fast_hadamard_transform_12N_kernel_traitsILi32ELi7EN3c108BFloat16EEEv18HadamardParamsBase' for 'sm_75'
      ptxas info    : Function properties for
      _Z30fast_hadamard_transform_kernelI41fast_hadamard_transform_12N_kernel_traitsILi32ELi7EN3c108BFloat16EEEv18HadamardParamsBase
          0 bytes stack frame, 0 bytes spill stores, 0 bytes spill loads
      ptxas info    : Used 128 registers, used 0 barriers, 408 bytes cmem[0]
      ptxas info    : Compile time = 145.805 ms
      ptxas info    : Compiling entry function
      '_Z30fast_hadamard_transform_kernelI41fast_hadamard_transform_12N_kernel_traitsILi16ELi6EN3c108BFloat16EEEv18HadamardParamsBase' for 'sm_75'
      ptxas info    : Function properties for
      _Z30fast_hadamard_transform_kernelI41fast_hadamard_transform_12N_kernel_traitsILi16ELi6EN3c108BFloat16EEEv18HadamardParamsBase
          0 bytes stack frame, 0 bytes spill stores, 0 bytes spill loads
      ptxas info    : Used 128 registers, used 0 barriers, 408 bytes cmem[0]
      ptxas info    : Compile time = 117.501 ms
      ptxas info    : Compiling entry function
      '_Z30fast_hadamard_transform_kernelI41fast_hadamard_transform_12N_kernel_traitsILi8ELi5EN3c108BFloat16EEEv18HadamardParamsBase' for 'sm_75'
      ptxas info    : Function properties for
      _Z30fast_hadamard_transform_kernelI41fast_hadamard_transform_12N_kernel_traitsILi8ELi5EN3c108BFloat16EEEv18HadamardParamsBase
          0 bytes stack frame, 0 bytes spill stores, 0 bytes spill loads
      ptxas info    : Used 124 registers, used 0 barriers, 408 bytes cmem[0]
      ptxas info    : Compile time = 92.453 ms
      ptxas info    : Compiling entry function
      '_Z30fast_hadamard_transform_kernelI41fast_hadamard_transform_12N_kernel_traitsILi4ELi4EN3c108BFloat16EEEv18HadamardParamsBase' for 'sm_75'
      ptxas info    : Function properties for
      _Z30fast_hadamard_transform_kernelI41fast_hadamard_transform_12N_kernel_traitsILi4ELi4EN3c108BFloat16EEEv18HadamardParamsBase
          0 bytes stack frame, 0 bytes spill stores, 0 bytes spill loads
      ptxas info    : Used 128 registers, used 0 barriers, 408 bytes cmem[0]
      ptxas info    : Compile time = 73.000 ms
      ptxas info    : Compiling entry function
      '_Z30fast_hadamard_transform_kernelI41fast_hadamard_transform_12N_kernel_traitsILi2ELi3EN3c108BFloat16EEEv18HadamardParamsBase' for 'sm_75'
      ptxas info    : Function properties for
      _Z30fast_hadamard_transform_kernelI41fast_hadamard_transform_12N_kernel_traitsILi2ELi3EN3c108BFloat16EEEv18HadamardParamsBase
          0 bytes stack frame, 0 bytes spill stores, 0 bytes spill loads
      ptxas info    : Used 125 registers, used 0 barriers, 408 bytes cmem[0]
      ptxas info    : Compile time = 56.293 ms
      ptxas info    : Compiling entry function
      '_Z30fast_hadamard_transform_kernelI41fast_hadamard_transform_12N_kernel_traitsILi1ELi2EN3c108BFloat16EEEv18HadamardParamsBase' for 'sm_75'
      ptxas info    : Function properties for
      _Z30fast_hadamard_transform_kernelI41fast_hadamard_transform_12N_kernel_traitsILi1ELi2EN3c108BFloat16EEEv18HadamardParamsBase
          0 bytes stack frame, 0 bytes spill stores, 0 bytes spill loads
      ptxas info    : Used 128 registers, used 0 barriers, 408 bytes cmem[0]
      ptxas info    : Compile time = 40.626 ms
      ptxas info    : Compiling entry function
      '_Z30fast_hadamard_transform_kernelI41fast_hadamard_transform_12N_kernel_traitsILi256ELi10EN3c104HalfEEEv18HadamardParamsBase' for 'sm_75'
      ptxas info    : Function properties for
      _Z30fast_hadamard_transform_kernelI41fast_hadamard_transform_12N_kernel_traitsILi256ELi10EN3c104HalfEEEv18HadamardParamsBase
          0 bytes stack frame, 0 bytes spill stores, 0 bytes spill loads
      ptxas info    : Used 103 registers, used 1 barriers, 408 bytes cmem[0]
      ptxas info    : Compile time = 265.427 ms
      ptxas info    : Compiling entry function
      '_Z30fast_hadamard_transform_kernelI41fast_hadamard_transform_12N_kernel_traitsILi128ELi9EN3c104HalfEEEv18HadamardParamsBase' for 'sm_75'
      ptxas info    : Function properties for
      _Z30fast_hadamard_transform_kernelI41fast_hadamard_transform_12N_kernel_traitsILi128ELi9EN3c104HalfEEEv18HadamardParamsBase
          0 bytes stack frame, 0 bytes spill stores, 0 bytes spill loads
      ptxas info    : Used 96 registers, used 1 barriers, 408 bytes cmem[0]
      ptxas info    : Compile time = 200.762 ms
      ptxas info    : Compiling entry function
      '_Z30fast_hadamard_transform_kernelI41fast_hadamard_transform_12N_kernel_traitsILi64ELi8EN3c104HalfEEEv18HadamardParamsBase' for 'sm_75'
      ptxas info    : Function properties for
      _Z30fast_hadamard_transform_kernelI41fast_hadamard_transform_12N_kernel_traitsILi64ELi8EN3c104HalfEEEv18HadamardParamsBase
          0 bytes stack frame, 0 bytes spill stores, 0 bytes spill loads
      ptxas info    : Used 95 registers, used 1 barriers, 408 bytes cmem[0]
      ptxas info    : Compile time = 162.474 ms
      ptxas info    : Compiling entry function
      '_Z30fast_hadamard_transform_kernelI41fast_hadamard_transform_12N_kernel_traitsILi32ELi7EN3c104HalfEEEv18HadamardParamsBase' for 'sm_75'
      ptxas info    : Function properties for
      _Z30fast_hadamard_transform_kernelI41fast_hadamard_transform_12N_kernel_traitsILi32ELi7EN3c104HalfEEEv18HadamardParamsBase
          0 bytes stack frame, 0 bytes spill stores, 0 bytes spill loads
      ptxas info    : Used 100 registers, used 0 barriers, 408 bytes cmem[0]
      ptxas info    : Compile time = 120.226 ms
      ptxas info    : Compiling entry function
      '_Z30fast_hadamard_transform_kernelI41fast_hadamard_transform_12N_kernel_traitsILi16ELi6EN3c104HalfEEEv18HadamardParamsBase' for 'sm_75'
      ptxas info    : Function properties for
      _Z30fast_hadamard_transform_kernelI41fast_hadamard_transform_12N_kernel_traitsILi16ELi6EN3c104HalfEEEv18HadamardParamsBase
          0 bytes stack frame, 0 bytes spill stores, 0 bytes spill loads
      ptxas info    : Used 102 registers, used 0 barriers, 408 bytes cmem[0]
      ptxas info    : Compile time = 95.203 ms
      ptxas info    : Compiling entry function
      '_Z30fast_hadamard_transform_kernelI41fast_hadamard_transform_12N_kernel_traitsILi8ELi5EN3c104HalfEEEv18HadamardParamsBase' for 'sm_75'
      ptxas info    : Function properties for
      _Z30fast_hadamard_transform_kernelI41fast_hadamard_transform_12N_kernel_traitsILi8ELi5EN3c104HalfEEEv18HadamardParamsBase
          0 bytes stack frame, 0 bytes spill stores, 0 bytes spill loads
      ptxas info    : Used 104 registers, used 0 barriers, 408 bytes cmem[0]
      ptxas info    : Compile time = 72.558 ms
      ptxas info    : Compiling entry function
      '_Z30fast_hadamard_transform_kernelI41fast_hadamard_transform_12N_kernel_traitsILi4ELi4EN3c104HalfEEEv18HadamardParamsBase' for 'sm_75'
      ptxas info    : Function properties for
      _Z30fast_hadamard_transform_kernelI41fast_hadamard_transform_12N_kernel_traitsILi4ELi4EN3c104HalfEEEv18HadamardParamsBase
          0 bytes stack frame, 0 bytes spill stores, 0 bytes spill loads
      ptxas info    : Used 100 registers, used 0 barriers, 408 bytes cmem[0]
      ptxas info    : Compile time = 55.046 ms
      ptxas info    : Compiling entry function
      '_Z30fast_hadamard_transform_kernelI41fast_hadamard_transform_12N_kernel_traitsILi2ELi3EN3c104HalfEEEv18HadamardParamsBase' for 'sm_75'
      ptxas info    : Function properties for
      _Z30fast_hadamard_transform_kernelI41fast_hadamard_transform_12N_kernel_traitsILi2ELi3EN3c104HalfEEEv18HadamardParamsBase
          0 bytes stack frame, 0 bytes spill stores, 0 bytes spill loads
      ptxas info    : Used 95 registers, used 0 barriers, 408 bytes cmem[0]
      ptxas info    : Compile time = 40.036 ms
      ptxas info    : Compiling entry function
      '_Z30fast_hadamard_transform_kernelI41fast_hadamard_transform_12N_kernel_traitsILi1ELi2EN3c104HalfEEEv18HadamardParamsBase' for 'sm_75'
      ptxas info    : Function properties for
      _Z30fast_hadamard_transform_kernelI41fast_hadamard_transform_12N_kernel_traitsILi1ELi2EN3c104HalfEEEv18HadamardParamsBase
          0 bytes stack frame, 0 bytes spill stores, 0 bytes spill loads
      ptxas info    : Used 96 registers, used 0 barriers, 408 bytes cmem[0]
      ptxas info    : Compile time = 26.720 ms
      ptxas info    : Compiling entry function '_Z30fast_hadamard_transform_kernelI41fast_hadamard_transform_12N_kernel_traitsILi256ELi10EfEEv18HadamardParamsBase'
      for 'sm_75'
      ptxas info    : Function properties for _Z30fast_hadamard_transform_kernelI41fast_hadamard_transform_12N_kernel_traitsILi256ELi10EfEEv18HadamardParamsBase
          0 bytes stack frame, 0 bytes spill stores, 0 bytes spill loads
      ptxas info    : Used 115 registers, used 1 barriers, 408 bytes cmem[0]
      ptxas info    : Compile time = 217.974 ms
      ptxas info    : Compiling entry function '_Z30fast_hadamard_transform_kernelI41fast_hadamard_transform_12N_kernel_traitsILi128ELi9EfEEv18HadamardParamsBase'
      for 'sm_75'
      ptxas info    : Function properties for _Z30fast_hadamard_transform_kernelI41fast_hadamard_transform_12N_kernel_traitsILi128ELi9EfEEv18HadamardParamsBase
          0 bytes stack frame, 0 bytes spill stores, 0 bytes spill loads
      ptxas info    : Used 96 registers, used 1 barriers, 408 bytes cmem[0]
      ptxas info    : Compile time = 172.615 ms
      ptxas info    : Compiling entry function '_Z30fast_hadamard_transform_kernelI41fast_hadamard_transform_12N_kernel_traitsILi64ELi8EfEEv18HadamardParamsBase'
      for 'sm_75'
      ptxas info    : Function properties for _Z30fast_hadamard_transform_kernelI41fast_hadamard_transform_12N_kernel_traitsILi64ELi8EfEEv18HadamardParamsBase
          0 bytes stack frame, 0 bytes spill stores, 0 bytes spill loads
      ptxas info    : Used 95 registers, used 1 barriers, 408 bytes cmem[0]
      ptxas info    : Compile time = 139.644 ms
      ptxas info    : Compiling entry function '_Z30fast_hadamard_transform_kernelI41fast_hadamard_transform_12N_kernel_traitsILi32ELi7EfEEv18HadamardParamsBase'
      for 'sm_75'
      ptxas info    : Function properties for _Z30fast_hadamard_transform_kernelI41fast_hadamard_transform_12N_kernel_traitsILi32ELi7EfEEv18HadamardParamsBase
          0 bytes stack frame, 0 bytes spill stores, 0 bytes spill loads
      ptxas info    : Used 106 registers, used 0 barriers, 408 bytes cmem[0]
      ptxas info    : Compile time = 103.879 ms
      ptxas info    : Compiling entry function '_Z30fast_hadamard_transform_kernelI41fast_hadamard_transform_12N_kernel_traitsILi16ELi6EfEEv18HadamardParamsBase'
      for 'sm_75'
      ptxas info    : Function properties for _Z30fast_hadamard_transform_kernelI41fast_hadamard_transform_12N_kernel_traitsILi16ELi6EfEEv18HadamardParamsBase
          0 bytes stack frame, 0 bytes spill stores, 0 bytes spill loads
      ptxas info    : Used 104 registers, used 0 barriers, 408 bytes cmem[0]
      ptxas info    : Compile time = 80.582 ms
      ptxas info    : Compiling entry function '_Z30fast_hadamard_transform_kernelI41fast_hadamard_transform_12N_kernel_traitsILi8ELi5EfEEv18HadamardParamsBase'
      for 'sm_75'
      ptxas info    : Function properties for _Z30fast_hadamard_transform_kernelI41fast_hadamard_transform_12N_kernel_traitsILi8ELi5EfEEv18HadamardParamsBase
          0 bytes stack frame, 0 bytes spill stores, 0 bytes spill loads
      ptxas info    : Used 104 registers, used 0 barriers, 408 bytes cmem[0]
      ptxas info    : Compile time = 60.479 ms
      ptxas info    : Compiling entry function '_Z30fast_hadamard_transform_kernelI41fast_hadamard_transform_12N_kernel_traitsILi4ELi4EfEEv18HadamardParamsBase'
      for 'sm_75'
      ptxas info    : Function properties for _Z30fast_hadamard_transform_kernelI41fast_hadamard_transform_12N_kernel_traitsILi4ELi4EfEEv18HadamardParamsBase
          0 bytes stack frame, 0 bytes spill stores, 0 bytes spill loads
      ptxas info    : Used 108 registers, used 0 barriers, 408 bytes cmem[0]
      ptxas info    : Compile time = 44.991 ms
      ptxas info    : Compiling entry function '_Z30fast_hadamard_transform_kernelI41fast_hadamard_transform_12N_kernel_traitsILi2ELi3EfEEv18HadamardParamsBase'
      for 'sm_75'
      ptxas info    : Function properties for _Z30fast_hadamard_transform_kernelI41fast_hadamard_transform_12N_kernel_traitsILi2ELi3EfEEv18HadamardParamsBase
          0 bytes stack frame, 0 bytes spill stores, 0 bytes spill loads
      ptxas info    : Used 110 registers, used 0 barriers, 408 bytes cmem[0]
      ptxas info    : Compile time = 31.760 ms
      ptxas info    : Compiling entry function '_Z30fast_hadamard_transform_kernelI41fast_hadamard_transform_12N_kernel_traitsILi1ELi2EfEEv18HadamardParamsBase'
      for 'sm_75'
      ptxas info    : Function properties for _Z30fast_hadamard_transform_kernelI41fast_hadamard_transform_12N_kernel_traitsILi1ELi2EfEEv18HadamardParamsBase
          0 bytes stack frame, 0 bytes spill stores, 0 bytes spill loads
      ptxas info    : Used 89 registers, used 0 barriers, 408 bytes cmem[0]
      ptxas info    : Compile time = 20.103 ms
      ptxas info    : Compiling entry function
      '_Z30fast_hadamard_transform_kernelI37fast_hadamard_transform_kernel_traitsILi256ELi15EN3c108BFloat16EEEv18HadamardParamsBase' for 'sm_75'
      ptxas info    : Function properties for
      _Z30fast_hadamard_transform_kernelI37fast_hadamard_transform_kernel_traitsILi256ELi15EN3c108BFloat16EEEv18HadamardParamsBase
          0 bytes stack frame, 0 bytes spill stores, 0 bytes spill loads
      ptxas info    : Used 255 registers, used 1 barriers, 408 bytes cmem[0]
      ptxas info    : Compile time = 2619.738 ms
      ptxas info    : Compiling entry function
      '_Z30fast_hadamard_transform_kernelI37fast_hadamard_transform_kernel_traitsILi256ELi14EN3c108BFloat16EEEv18HadamardParamsBase' for 'sm_75'
      ptxas info    : Function properties for
      _Z30fast_hadamard_transform_kernelI37fast_hadamard_transform_kernel_traitsILi256ELi14EN3c108BFloat16EEEv18HadamardParamsBase
          0 bytes stack frame, 0 bytes spill stores, 0 bytes spill loads
      ptxas info    : Used 127 registers, used 1 barriers, 408 bytes cmem[0]
      ptxas info    : Compile time = 468.666 ms
      ptxas info    : Compiling entry function
      '_Z30fast_hadamard_transform_kernelI37fast_hadamard_transform_kernel_traitsILi256ELi13EN3c108BFloat16EEEv18HadamardParamsBase' for 'sm_75'
      ptxas info    : Function properties for
      _Z30fast_hadamard_transform_kernelI37fast_hadamard_transform_kernel_traitsILi256ELi13EN3c108BFloat16EEEv18HadamardParamsBase
          0 bytes stack frame, 0 bytes spill stores, 0 bytes spill loads
      ptxas info    : Used 64 registers, used 1 barriers, 408 bytes cmem[0]
      ptxas info    : Compile time = 112.352 ms
      ptxas info    : Compiling entry function
      '_Z30fast_hadamard_transform_kernelI37fast_hadamard_transform_kernel_traitsILi256ELi12EN3c108BFloat16EEEv18HadamardParamsBase' for 'sm_75'
      ptxas info    : Function properties for
      _Z30fast_hadamard_transform_kernelI37fast_hadamard_transform_kernel_traitsILi256ELi12EN3c108BFloat16EEEv18HadamardParamsBase
          0 bytes stack frame, 0 bytes spill stores, 0 bytes spill loads
      ptxas info    : Used 45 registers, used 1 barriers, 408 bytes cmem[0]
      ptxas info    : Compile time = 40.202 ms
      ptxas info    : Compiling entry function
      '_Z30fast_hadamard_transform_kernelI37fast_hadamard_transform_kernel_traitsILi256ELi11EN3c108BFloat16EEEv18HadamardParamsBase' for 'sm_75'
      ptxas info    : Function properties for
      _Z30fast_hadamard_transform_kernelI37fast_hadamard_transform_kernel_traitsILi256ELi11EN3c108BFloat16EEEv18HadamardParamsBase
          0 bytes stack frame, 0 bytes spill stores, 0 bytes spill loads
      ptxas info    : Used 35 registers, used 1 barriers, 408 bytes cmem[0]
      ptxas info    : Compile time = 17.314 ms
      ptxas info    : Compiling entry function
      '_Z30fast_hadamard_transform_kernelI37fast_hadamard_transform_kernel_traitsILi128ELi10EN3c108BFloat16EEEv18HadamardParamsBase' for 'sm_75'
      ptxas info    : Function properties for
      _Z30fast_hadamard_transform_kernelI37fast_hadamard_transform_kernel_traitsILi128ELi10EN3c108BFloat16EEEv18HadamardParamsBase
          0 bytes stack frame, 0 bytes spill stores, 0 bytes spill loads
      ptxas info    : Used 32 registers, used 1 barriers, 408 bytes cmem[0]
      ptxas info    : Compile time = 15.163 ms
      ptxas info    : Compiling entry function
      '_Z30fast_hadamard_transform_kernelI37fast_hadamard_transform_kernel_traitsILi32ELi9EN3c108BFloat16EEEv18HadamardParamsBase' for 'sm_75'
      ptxas info    : Function properties for
      _Z30fast_hadamard_transform_kernelI37fast_hadamard_transform_kernel_traitsILi32ELi9EN3c108BFloat16EEEv18HadamardParamsBase
          0 bytes stack frame, 0 bytes spill stores, 0 bytes spill loads
      ptxas info    : Used 45 registers, used 0 barriers, 408 bytes cmem[0]
      ptxas info    : Compile time = 24.189 ms
      ptxas info    : Compiling entry function
      '_Z30fast_hadamard_transform_kernelI37fast_hadamard_transform_kernel_traitsILi32ELi8EN3c108BFloat16EEEv18HadamardParamsBase' for 'sm_75'
      ptxas info    : Function properties for
      _Z30fast_hadamard_transform_kernelI37fast_hadamard_transform_kernel_traitsILi32ELi8EN3c108BFloat16EEEv18HadamardParamsBase
          0 bytes stack frame, 0 bytes spill stores, 0 bytes spill loads
      ptxas info    : Used 29 registers, used 0 barriers, 408 bytes cmem[0]
      ptxas info    : Compile time = 11.412 ms
      ptxas info    : Compiling entry function
      '_Z30fast_hadamard_transform_kernelI37fast_hadamard_transform_kernel_traitsILi16ELi7EN3c108BFloat16EEEv18HadamardParamsBase' for 'sm_75'
      ptxas info    : Function properties for
      _Z30fast_hadamard_transform_kernelI37fast_hadamard_transform_kernel_traitsILi16ELi7EN3c108BFloat16EEEv18HadamardParamsBase
          0 bytes stack frame, 0 bytes spill stores, 0 bytes spill loads
      ptxas info    : Used 31 registers, used 0 barriers, 408 bytes cmem[0]
      ptxas info    : Compile time = 9.889 ms
      ptxas info    : Compiling entry function
      '_Z30fast_hadamard_transform_kernelI37fast_hadamard_transform_kernel_traitsILi8ELi6EN3c108BFloat16EEEv18HadamardParamsBase' for 'sm_75'
      ptxas info    : Function properties for
      _Z30fast_hadamard_transform_kernelI37fast_hadamard_transform_kernel_traitsILi8ELi6EN3c108BFloat16EEEv18HadamardParamsBase
          0 bytes stack frame, 0 bytes spill stores, 0 bytes spill loads
      ptxas info    : Used 29 registers, used 0 barriers, 408 bytes cmem[0]
      ptxas info    : Compile time = 8.540 ms
      ptxas info    : Compiling entry function
      '_Z30fast_hadamard_transform_kernelI37fast_hadamard_transform_kernel_traitsILi4ELi5EN3c108BFloat16EEEv18HadamardParamsBase' for 'sm_75'
      ptxas info    : Function properties for
      _Z30fast_hadamard_transform_kernelI37fast_hadamard_transform_kernel_traitsILi4ELi5EN3c108BFloat16EEEv18HadamardParamsBase
          0 bytes stack frame, 0 bytes spill stores, 0 bytes spill loads
      ptxas info    : Used 29 registers, used 0 barriers, 408 bytes cmem[0]
      ptxas info    : Compile time = 7.432 ms
      ptxas info    : Compiling entry function
      '_Z30fast_hadamard_transform_kernelI37fast_hadamard_transform_kernel_traitsILi2ELi4EN3c108BFloat16EEEv18HadamardParamsBase' for 'sm_75'
      ptxas info    : Function properties for
      _Z30fast_hadamard_transform_kernelI37fast_hadamard_transform_kernel_traitsILi2ELi4EN3c108BFloat16EEEv18HadamardParamsBase
          0 bytes stack frame, 0 bytes spill stores, 0 bytes spill loads
      ptxas info    : Used 29 registers, used 0 barriers, 408 bytes cmem[0]
      ptxas info    : Compile time = 6.098 ms
      ptxas info    : Compiling entry function
      '_Z30fast_hadamard_transform_kernelI37fast_hadamard_transform_kernel_traitsILi1ELi3EN3c108BFloat16EEEv18HadamardParamsBase' for 'sm_75'
      ptxas info    : Function properties for
      _Z30fast_hadamard_transform_kernelI37fast_hadamard_transform_kernel_traitsILi1ELi3EN3c108BFloat16EEEv18HadamardParamsBase
          0 bytes stack frame, 0 bytes spill stores, 0 bytes spill loads
      ptxas info    : Used 29 registers, used 0 barriers, 408 bytes cmem[0]
      ptxas info    : Compile time = 4.333 ms
      ptxas info    : Compiling entry function
      '_Z30fast_hadamard_transform_kernelI37fast_hadamard_transform_kernel_traitsILi256ELi15EN3c104HalfEEEv18HadamardParamsBase' for 'sm_75'
      ptxas info    : Function properties for
      _Z30fast_hadamard_transform_kernelI37fast_hadamard_transform_kernel_traitsILi256ELi15EN3c104HalfEEEv18HadamardParamsBase
          0 bytes stack frame, 0 bytes spill stores, 0 bytes spill loads
      ptxas info    : Used 254 registers, used 1 barriers, 408 bytes cmem[0]
      ptxas info    : Compile time = 2065.890 ms
      ptxas info    : Compiling entry function
      '_Z30fast_hadamard_transform_kernelI37fast_hadamard_transform_kernel_traitsILi256ELi14EN3c104HalfEEEv18HadamardParamsBase' for 'sm_75'
      ptxas info    : Function properties for
      _Z30fast_hadamard_transform_kernelI37fast_hadamard_transform_kernel_traitsILi256ELi14EN3c104HalfEEEv18HadamardParamsBase
          0 bytes stack frame, 0 bytes spill stores, 0 bytes spill loads
      ptxas info    : Used 121 registers, used 1 barriers, 408 bytes cmem[0]
      ptxas info    : Compile time = 407.445 ms
      ptxas info    : Compiling entry function
      '_Z30fast_hadamard_transform_kernelI37fast_hadamard_transform_kernel_traitsILi256ELi13EN3c104HalfEEEv18HadamardParamsBase' for 'sm_75'
      ptxas info    : Function properties for
      _Z30fast_hadamard_transform_kernelI37fast_hadamard_transform_kernel_traitsILi256ELi13EN3c104HalfEEEv18HadamardParamsBase
          0 bytes stack frame, 0 bytes spill stores, 0 bytes spill loads
      ptxas info    : Used 64 registers, used 1 barriers, 408 bytes cmem[0]
      ptxas info    : Compile time = 101.876 ms
      ptxas info    : Compiling entry function
      '_Z30fast_hadamard_transform_kernelI37fast_hadamard_transform_kernel_traitsILi256ELi12EN3c104HalfEEEv18HadamardParamsBase' for 'sm_75'
      ptxas info    : Function properties for
      _Z30fast_hadamard_transform_kernelI37fast_hadamard_transform_kernel_traitsILi256ELi12EN3c104HalfEEEv18HadamardParamsBase
          0 bytes stack frame, 0 bytes spill stores, 0 bytes spill loads
      ptxas info    : Used 45 registers, used 1 barriers, 408 bytes cmem[0]
      ptxas info    : Compile time = 36.138 ms
      ptxas info    : Compiling entry function
      '_Z30fast_hadamard_transform_kernelI37fast_hadamard_transform_kernel_traitsILi256ELi11EN3c104HalfEEEv18HadamardParamsBase' for 'sm_75'
      ptxas info    : Function properties for
      _Z30fast_hadamard_transform_kernelI37fast_hadamard_transform_kernel_traitsILi256ELi11EN3c104HalfEEEv18HadamardParamsBase
          0 bytes stack frame, 0 bytes spill stores, 0 bytes spill loads
      ptxas info    : Used 35 registers, used 1 barriers, 408 bytes cmem[0]
      ptxas info    : Compile time = 16.326 ms
      ptxas info    : Compiling entry function
      '_Z30fast_hadamard_transform_kernelI37fast_hadamard_transform_kernel_traitsILi128ELi10EN3c104HalfEEEv18HadamardParamsBase' for 'sm_75'
      ptxas info    : Function properties for
      _Z30fast_hadamard_transform_kernelI37fast_hadamard_transform_kernel_traitsILi128ELi10EN3c104HalfEEEv18HadamardParamsBase
          0 bytes stack frame, 0 bytes spill stores, 0 bytes spill loads
      ptxas info    : Used 32 registers, used 1 barriers, 408 bytes cmem[0]
      ptxas info    : Compile time = 13.948 ms
      ptxas info    : Compiling entry function
      '_Z30fast_hadamard_transform_kernelI37fast_hadamard_transform_kernel_traitsILi32ELi9EN3c104HalfEEEv18HadamardParamsBase' for 'sm_75'
      ptxas info    : Function properties for _Z30fast_hadamard_transform_kernelI37fast_hadamard_transform_kernel_traitsILi32ELi9EN3c104HalfEEEv18HadamardParamsBase
          0 bytes stack frame, 0 bytes spill stores, 0 bytes spill loads
      ptxas info    : Used 41 registers, used 0 barriers, 408 bytes cmem[0]
      ptxas info    : Compile time = 20.936 ms
      ptxas info    : Compiling entry function
      '_Z30fast_hadamard_transform_kernelI37fast_hadamard_transform_kernel_traitsILi32ELi8EN3c104HalfEEEv18HadamardParamsBase' for 'sm_75'
      ptxas info    : Function properties for _Z30fast_hadamard_transform_kernelI37fast_hadamard_transform_kernel_traitsILi32ELi8EN3c104HalfEEEv18HadamardParamsBase
          0 bytes stack frame, 0 bytes spill stores, 0 bytes spill loads
      ptxas info    : Used 25 registers, used 0 barriers, 408 bytes cmem[0]
      ptxas info    : Compile time = 9.662 ms
      ptxas info    : Compiling entry function
      '_Z30fast_hadamard_transform_kernelI37fast_hadamard_transform_kernel_traitsILi16ELi7EN3c104HalfEEEv18HadamardParamsBase' for 'sm_75'
      ptxas info    : Function properties for _Z30fast_hadamard_transform_kernelI37fast_hadamard_transform_kernel_traitsILi16ELi7EN3c104HalfEEEv18HadamardParamsBase
          0 bytes stack frame, 0 bytes spill stores, 0 bytes spill loads
      ptxas info    : Used 25 registers, used 0 barriers, 408 bytes cmem[0]
      ptxas info    : Compile time = 8.397 ms
      ptxas info    : Compiling entry function
      '_Z30fast_hadamard_transform_kernelI37fast_hadamard_transform_kernel_traitsILi8ELi6EN3c104HalfEEEv18HadamardParamsBase' for 'sm_75'
      ptxas info    : Function properties for _Z30fast_hadamard_transform_kernelI37fast_hadamard_transform_kernel_traitsILi8ELi6EN3c104HalfEEEv18HadamardParamsBase
          0 bytes stack frame, 0 bytes spill stores, 0 bytes spill loads
      ptxas info    : Used 24 registers, used 0 barriers, 408 bytes cmem[0]
      ptxas info    : Compile time = 7.079 ms
      ptxas info    : Compiling entry function
      '_Z30fast_hadamard_transform_kernelI37fast_hadamard_transform_kernel_traitsILi4ELi5EN3c104HalfEEEv18HadamardParamsBase' for 'sm_75'
      ptxas info    : Function properties for _Z30fast_hadamard_transform_kernelI37fast_hadamard_transform_kernel_traitsILi4ELi5EN3c104HalfEEEv18HadamardParamsBase
          0 bytes stack frame, 0 bytes spill stores, 0 bytes spill loads
      ptxas info    : Used 24 registers, used 0 barriers, 408 bytes cmem[0]
      ptxas info    : Compile time = 7.766 ms
      ptxas info    : Compiling entry function
      '_Z30fast_hadamard_transform_kernelI37fast_hadamard_transform_kernel_traitsILi2ELi4EN3c104HalfEEEv18HadamardParamsBase' for 'sm_75'
      ptxas info    : Function properties for _Z30fast_hadamard_transform_kernelI37fast_hadamard_transform_kernel_traitsILi2ELi4EN3c104HalfEEEv18HadamardParamsBase
          0 bytes stack frame, 0 bytes spill stores, 0 bytes spill loads
      ptxas info    : Used 23 registers, used 0 barriers, 408 bytes cmem[0]
      ptxas info    : Compile time = 6.355 ms
      ptxas info    : Compiling entry function
      '_Z30fast_hadamard_transform_kernelI37fast_hadamard_transform_kernel_traitsILi1ELi3EN3c104HalfEEEv18HadamardParamsBase' for 'sm_75'
      ptxas info    : Function properties for _Z30fast_hadamard_transform_kernelI37fast_hadamard_transform_kernel_traitsILi1ELi3EN3c104HalfEEEv18HadamardParamsBase
          0 bytes stack frame, 0 bytes spill stores, 0 bytes spill loads
      ptxas info    : Used 20 registers, used 0 barriers, 408 bytes cmem[0]
      ptxas info    : Compile time = 3.698 ms
      ptxas info    : Compiling entry function '_Z30fast_hadamard_transform_kernelI37fast_hadamard_transform_kernel_traitsILi256ELi15EfEEv18HadamardParamsBase'
      for 'sm_75'
      ptxas info    : Function properties for _Z30fast_hadamard_transform_kernelI37fast_hadamard_transform_kernel_traitsILi256ELi15EfEEv18HadamardParamsBase
          48 bytes stack frame, 44 bytes spill stores, 44 bytes spill loads
      ptxas info    : Used 255 registers, used 1 barriers, 48 bytes cumulative stack size, 408 bytes cmem[0]
      ptxas info    : Compile time = 2580.550 ms
      ptxas info    : Compiling entry function '_Z30fast_hadamard_transform_kernelI37fast_hadamard_transform_kernel_traitsILi256ELi14EfEEv18HadamardParamsBase'
      for 'sm_75'
      ptxas info    : Function properties for _Z30fast_hadamard_transform_kernelI37fast_hadamard_transform_kernel_traitsILi256ELi14EfEEv18HadamardParamsBase
          0 bytes stack frame, 0 bytes spill stores, 0 bytes spill loads
      ptxas info    : Used 128 registers, used 1 barriers, 408 bytes cmem[0]
      ptxas info    : Compile time = 463.559 ms
      ptxas info    : Compiling entry function '_Z30fast_hadamard_transform_kernelI37fast_hadamard_transform_kernel_traitsILi256ELi13EfEEv18HadamardParamsBase'
      for 'sm_75'
      ptxas info    : Function properties for _Z30fast_hadamard_transform_kernelI37fast_hadamard_transform_kernel_traitsILi256ELi13EfEEv18HadamardParamsBase
          0 bytes stack frame, 0 bytes spill stores, 0 bytes spill loads
      ptxas info    : Used 80 registers, used 1 barriers, 408 bytes cmem[0]
      ptxas info    : Compile time = 116.671 ms
      ptxas info    : Compiling entry function '_Z30fast_hadamard_transform_kernelI37fast_hadamard_transform_kernel_traitsILi256ELi12EfEEv18HadamardParamsBase'
      for 'sm_75'
      ptxas info    : Function properties for _Z30fast_hadamard_transform_kernelI37fast_hadamard_transform_kernel_traitsILi256ELi12EfEEv18HadamardParamsBase
          0 bytes stack frame, 0 bytes spill stores, 0 bytes spill loads
      ptxas info    : Used 51 registers, used 1 barriers, 408 bytes cmem[0]
      ptxas info    : Compile time = 40.970 ms
      ptxas info    : Compiling entry function '_Z30fast_hadamard_transform_kernelI37fast_hadamard_transform_kernel_traitsILi256ELi11EfEEv18HadamardParamsBase'
      for 'sm_75'
      ptxas info    : Function properties for _Z30fast_hadamard_transform_kernelI37fast_hadamard_transform_kernel_traitsILi256ELi11EfEEv18HadamardParamsBase
          0 bytes stack frame, 0 bytes spill stores, 0 bytes spill loads
      ptxas info    : Used 34 registers, used 1 barriers, 408 bytes cmem[0]
      ptxas info    : Compile time = 17.978 ms
      ptxas info    : Compiling entry function '_Z30fast_hadamard_transform_kernelI37fast_hadamard_transform_kernel_traitsILi128ELi10EfEEv18HadamardParamsBase'
      for 'sm_75'
      ptxas info    : Function properties for _Z30fast_hadamard_transform_kernelI37fast_hadamard_transform_kernel_traitsILi128ELi10EfEEv18HadamardParamsBase
          0 bytes stack frame, 0 bytes spill stores, 0 bytes spill loads
      ptxas info    : Used 31 registers, used 1 barriers, 408 bytes cmem[0]
      ptxas info    : Compile time = 16.317 ms
      ptxas info    : Compiling entry function '_Z30fast_hadamard_transform_kernelI37fast_hadamard_transform_kernel_traitsILi32ELi9EfEEv18HadamardParamsBase'
      for 'sm_75'
      ptxas info    : Function properties for _Z30fast_hadamard_transform_kernelI37fast_hadamard_transform_kernel_traitsILi32ELi9EfEEv18HadamardParamsBase
          0 bytes stack frame, 0 bytes spill stores, 0 bytes spill loads
      ptxas info    : Used 50 registers, used 0 barriers, 408 bytes cmem[0]
      ptxas info    : Compile time = 23.321 ms
      ptxas info    : Compiling entry function '_Z30fast_hadamard_transform_kernelI37fast_hadamard_transform_kernel_traitsILi32ELi8EfEEv18HadamardParamsBase'
      for 'sm_75'
      ptxas info    : Function properties for _Z30fast_hadamard_transform_kernelI37fast_hadamard_transform_kernel_traitsILi32ELi8EfEEv18HadamardParamsBase
          0 bytes stack frame, 0 bytes spill stores, 0 bytes spill loads
      ptxas info    : Used 30 registers, used 0 barriers, 408 bytes cmem[0]
      ptxas info    : Compile time = 11.410 ms
      ptxas info    : Compiling entry function '_Z30fast_hadamard_transform_kernelI37fast_hadamard_transform_kernel_traitsILi16ELi7EfEEv18HadamardParamsBase'
      for 'sm_75'
      ptxas info    : Function properties for _Z30fast_hadamard_transform_kernelI37fast_hadamard_transform_kernel_traitsILi16ELi7EfEEv18HadamardParamsBase
          0 bytes stack frame, 0 bytes spill stores, 0 bytes spill loads
      ptxas info    : Used 26 registers, used 0 barriers, 408 bytes cmem[0]
      ptxas info    : Compile time = 9.704 ms
      ptxas info    : Compiling entry function '_Z30fast_hadamard_transform_kernelI37fast_hadamard_transform_kernel_traitsILi8ELi6EfEEv18HadamardParamsBase'
      for 'sm_75'
      ptxas info    : Function properties for _Z30fast_hadamard_transform_kernelI37fast_hadamard_transform_kernel_traitsILi8ELi6EfEEv18HadamardParamsBase
          0 bytes stack frame, 0 bytes spill stores, 0 bytes spill loads
      ptxas info    : Used 26 registers, used 0 barriers, 408 bytes cmem[0]
      ptxas info    : Compile time = 8.429 ms
      ptxas info    : Compiling entry function '_Z30fast_hadamard_transform_kernelI37fast_hadamard_transform_kernel_traitsILi4ELi5EfEEv18HadamardParamsBase'
      for 'sm_75'
      ptxas info    : Function properties for _Z30fast_hadamard_transform_kernelI37fast_hadamard_transform_kernel_traitsILi4ELi5EfEEv18HadamardParamsBase
          0 bytes stack frame, 0 bytes spill stores, 0 bytes spill loads
      ptxas info    : Used 26 registers, used 0 barriers, 408 bytes cmem[0]
      ptxas info    : Compile time = 6.881 ms
      ptxas info    : Compiling entry function '_Z30fast_hadamard_transform_kernelI37fast_hadamard_transform_kernel_traitsILi2ELi4EfEEv18HadamardParamsBase'
      for 'sm_75'
      ptxas info    : Function properties for _Z30fast_hadamard_transform_kernelI37fast_hadamard_transform_kernel_traitsILi2ELi4EfEEv18HadamardParamsBase
          0 bytes stack frame, 0 bytes spill stores, 0 bytes spill loads
      ptxas info    : Used 26 registers, used 0 barriers, 408 bytes cmem[0]
      ptxas info    : Compile time = 5.255 ms
      ptxas info    : Compiling entry function '_Z30fast_hadamard_transform_kernelI37fast_hadamard_transform_kernel_traitsILi1ELi3EfEEv18HadamardParamsBase'
      for 'sm_75'
      ptxas info    : Function properties for _Z30fast_hadamard_transform_kernelI37fast_hadamard_transform_kernel_traitsILi1ELi3EfEEv18HadamardParamsBase
          0 bytes stack frame, 0 bytes spill stores, 0 bytes spill loads
      ptxas info    : Used 26 registers, used 0 barriers, 408 bytes cmem[0]
      ptxas info    : Compile time = 3.313 ms
      ptxas info    : 0 bytes gmem
      ptxas info    : Compiling entry function
      '_Z30fast_hadamard_transform_kernelI41fast_hadamard_transform_40N_kernel_traitsILi256ELi10EN3c108BFloat16EEEv18HadamardParamsBase' for 'sm_120'
      ptxas info    : Function properties for
      _Z30fast_hadamard_transform_kernelI41fast_hadamard_transform_40N_kernel_traitsILi256ELi10EN3c108BFloat16EEEv18HadamardParamsBase
          208 bytes stack frame, 208 bytes spill stores, 208 bytes spill loads
      ptxas info    : Used 255 registers, used 1 barriers, 208 bytes cumulative stack size
      ptxas info    : Compile time = 867.696 ms
      ptxas info    : Compiling entry function
      '_Z30fast_hadamard_transform_kernelI41fast_hadamard_transform_40N_kernel_traitsILi128ELi9EN3c108BFloat16EEEv18HadamardParamsBase' for 'sm_120'
      ptxas info    : Function properties for
      _Z30fast_hadamard_transform_kernelI41fast_hadamard_transform_40N_kernel_traitsILi128ELi9EN3c108BFloat16EEEv18HadamardParamsBase
          136 bytes stack frame, 136 bytes spill stores, 136 bytes spill loads
      ptxas info    : Used 255 registers, used 1 barriers, 136 bytes cumulative stack size
      ptxas info    : Compile time = 787.047 ms
      ptxas info    : Compiling entry function
      '_Z30fast_hadamard_transform_kernelI41fast_hadamard_transform_40N_kernel_traitsILi64ELi8EN3c108BFloat16EEEv18HadamardParamsBase' for 'sm_120'
      ptxas info    : Function properties for
      _Z30fast_hadamard_transform_kernelI41fast_hadamard_transform_40N_kernel_traitsILi64ELi8EN3c108BFloat16EEEv18HadamardParamsBase
          144 bytes stack frame, 140 bytes spill stores, 140 bytes spill loads
      ptxas info    : Used 255 registers, used 1 barriers, 144 bytes cumulative stack size
      ptxas info    : Compile time = 732.895 ms
      ptxas info    : Compiling entry function
      '_Z30fast_hadamard_transform_kernelI41fast_hadamard_transform_40N_kernel_traitsILi32ELi7EN3c108BFloat16EEEv18HadamardParamsBase' for 'sm_120'
      ptxas info    : Function properties for
      _Z30fast_hadamard_transform_kernelI41fast_hadamard_transform_40N_kernel_traitsILi32ELi7EN3c108BFloat16EEEv18HadamardParamsBase
          216 bytes stack frame, 212 bytes spill stores, 212 bytes spill loads
      ptxas info    : Used 255 registers, used 0 barriers, 216 bytes cumulative stack size
      ptxas info    : Compile time = 703.954 ms
      ptxas info    : Compiling entry function
      '_Z30fast_hadamard_transform_kernelI41fast_hadamard_transform_40N_kernel_traitsILi16ELi6EN3c108BFloat16EEEv18HadamardParamsBase' for 'sm_120'
      ptxas info    : Function properties for
      _Z30fast_hadamard_transform_kernelI41fast_hadamard_transform_40N_kernel_traitsILi16ELi6EN3c108BFloat16EEEv18HadamardParamsBase
          232 bytes stack frame, 224 bytes spill stores, 224 bytes spill loads
      ptxas info    : Used 255 registers, used 0 barriers, 232 bytes cumulative stack size
      ptxas info    : Compile time = 664.119 ms
      ptxas info    : Compiling entry function
      '_Z30fast_hadamard_transform_kernelI41fast_hadamard_transform_40N_kernel_traitsILi8ELi5EN3c108BFloat16EEEv18HadamardParamsBase' for 'sm_120'
      ptxas info    : Function properties for
      _Z30fast_hadamard_transform_kernelI41fast_hadamard_transform_40N_kernel_traitsILi8ELi5EN3c108BFloat16EEEv18HadamardParamsBase
          240 bytes stack frame, 232 bytes spill stores, 232 bytes spill loads
      ptxas info    : Used 255 registers, used 0 barriers, 240 bytes cumulative stack size
      ptxas info    : Compile time = 573.857 ms
      ptxas info    : Compiling entry function
      '_Z30fast_hadamard_transform_kernelI41fast_hadamard_transform_40N_kernel_traitsILi4ELi4EN3c108BFloat16EEEv18HadamardParamsBase' for 'sm_120'
      ptxas info    : Function properties for
      _Z30fast_hadamard_transform_kernelI41fast_hadamard_transform_40N_kernel_traitsILi4ELi4EN3c108BFloat16EEEv18HadamardParamsBase
          248 bytes stack frame, 252 bytes spill stores, 252 bytes spill loads
      ptxas info    : Used 255 registers, used 0 barriers, 248 bytes cumulative stack size
      ptxas info    : Compile time = 570.491 ms
      ptxas info    : Compiling entry function
      '_Z30fast_hadamard_transform_kernelI41fast_hadamard_transform_40N_kernel_traitsILi2ELi3EN3c108BFloat16EEEv18HadamardParamsBase' for 'sm_120'
      ptxas info    : Function properties for
      _Z30fast_hadamard_transform_kernelI41fast_hadamard_transform_40N_kernel_traitsILi2ELi3EN3c108BFloat16EEEv18HadamardParamsBase
          240 bytes stack frame, 232 bytes spill stores, 232 bytes spill loads
      ptxas info    : Used 255 registers, used 0 barriers, 240 bytes cumulative stack size
      ptxas info    : Compile time = 507.697 ms
      ptxas info    : Compiling entry function
      '_Z30fast_hadamard_transform_kernelI41fast_hadamard_transform_40N_kernel_traitsILi1ELi2EN3c108BFloat16EEEv18HadamardParamsBase' for 'sm_120'
      ptxas info    : Function properties for
      _Z30fast_hadamard_transform_kernelI41fast_hadamard_transform_40N_kernel_traitsILi1ELi2EN3c108BFloat16EEEv18HadamardParamsBase
          224 bytes stack frame, 220 bytes spill stores, 220 bytes spill loads
      ptxas info    : Used 255 registers, used 0 barriers, 224 bytes cumulative stack size
      ptxas info    : Compile time = 447.485 ms
      ptxas info    : Compiling entry function
      '_Z30fast_hadamard_transform_kernelI41fast_hadamard_transform_40N_kernel_traitsILi256ELi10EN3c104HalfEEEv18HadamardParamsBase' for 'sm_120'
      ptxas info    : Function properties for
      _Z30fast_hadamard_transform_kernelI41fast_hadamard_transform_40N_kernel_traitsILi256ELi10EN3c104HalfEEEv18HadamardParamsBase
          208 bytes stack frame, 208 bytes spill stores, 208 bytes spill loads
      ptxas info    : Used 255 registers, used 1 barriers, 208 bytes cumulative stack size
      ptxas info    : Compile time = 1005.818 ms
      ptxas info    : Compiling entry function
      '_Z30fast_hadamard_transform_kernelI41fast_hadamard_transform_40N_kernel_traitsILi128ELi9EN3c104HalfEEEv18HadamardParamsBase' for 'sm_120'
      ptxas info    : Function properties for
      _Z30fast_hadamard_transform_kernelI41fast_hadamard_transform_40N_kernel_traitsILi128ELi9EN3c104HalfEEEv18HadamardParamsBase
          136 bytes stack frame, 136 bytes spill stores, 136 bytes spill loads
      ptxas info    : Used 255 registers, used 1 barriers, 136 bytes cumulative stack size
      ptxas info    : Compile time = 920.109 ms
      ptxas info    : Compiling entry function
      '_Z30fast_hadamard_transform_kernelI41fast_hadamard_transform_40N_kernel_traitsILi64ELi8EN3c104HalfEEEv18HadamardParamsBase' for 'sm_120'
      ptxas info    : Function properties for
      _Z30fast_hadamard_transform_kernelI41fast_hadamard_transform_40N_kernel_traitsILi64ELi8EN3c104HalfEEEv18HadamardParamsBase
          144 bytes stack frame, 140 bytes spill stores, 140 bytes spill loads
      ptxas info    : Used 255 registers, used 1 barriers, 144 bytes cumulative stack size
      ptxas info    : Compile time = 843.946 ms
      ptxas info    : Compiling entry function
      '_Z30fast_hadamard_transform_kernelI41fast_hadamard_transform_40N_kernel_traitsILi32ELi7EN3c104HalfEEEv18HadamardParamsBase' for 'sm_120'
      ptxas info    : Function properties for
      _Z30fast_hadamard_transform_kernelI41fast_hadamard_transform_40N_kernel_traitsILi32ELi7EN3c104HalfEEEv18HadamardParamsBase
          216 bytes stack frame, 212 bytes spill stores, 212 bytes spill loads
      ptxas info    : Used 255 registers, used 0 barriers, 216 bytes cumulative stack size
      ptxas info    : Compile time = 807.316 ms
      ptxas info    : Compiling entry function
      '_Z30fast_hadamard_transform_kernelI41fast_hadamard_transform_40N_kernel_traitsILi16ELi6EN3c104HalfEEEv18HadamardParamsBase' for 'sm_120'
      ptxas info    : Function properties for
      _Z30fast_hadamard_transform_kernelI41fast_hadamard_transform_40N_kernel_traitsILi16ELi6EN3c104HalfEEEv18HadamardParamsBase
          232 bytes stack frame, 224 bytes spill stores, 224 bytes spill loads
      ptxas info    : Used 255 registers, used 0 barriers, 232 bytes cumulative stack size
      ptxas info    : Compile time = 717.706 ms
      ptxas info    : Compiling entry function
      '_Z30fast_hadamard_transform_kernelI41fast_hadamard_transform_40N_kernel_traitsILi8ELi5EN3c104HalfEEEv18HadamardParamsBase' for 'sm_120'
      ptxas info    : Function properties for
      _Z30fast_hadamard_transform_kernelI41fast_hadamard_transform_40N_kernel_traitsILi8ELi5EN3c104HalfEEEv18HadamardParamsBase
          240 bytes stack frame, 232 bytes spill stores, 232 bytes spill loads
      ptxas info    : Used 255 registers, used 0 barriers, 240 bytes cumulative stack size
      ptxas info    : Compile time = 567.511 ms
      ptxas info    : Compiling entry function
      '_Z30fast_hadamard_transform_kernelI41fast_hadamard_transform_40N_kernel_traitsILi4ELi4EN3c104HalfEEEv18HadamardParamsBase' for 'sm_120'
      ptxas info    : Function properties for
      _Z30fast_hadamard_transform_kernelI41fast_hadamard_transform_40N_kernel_traitsILi4ELi4EN3c104HalfEEEv18HadamardParamsBase
          248 bytes stack frame, 252 bytes spill stores, 252 bytes spill loads
      ptxas info    : Used 255 registers, used 0 barriers, 248 bytes cumulative stack size
      ptxas info    : Compile time = 494.074 ms
      ptxas info    : Compiling entry function
      '_Z30fast_hadamard_transform_kernelI41fast_hadamard_transform_40N_kernel_traitsILi2ELi3EN3c104HalfEEEv18HadamardParamsBase' for 'sm_120'
      ptxas info    : Function properties for
      _Z30fast_hadamard_transform_kernelI41fast_hadamard_transform_40N_kernel_traitsILi2ELi3EN3c104HalfEEEv18HadamardParamsBase
          240 bytes stack frame, 232 bytes spill stores, 232 bytes spill loads
      ptxas info    : Used 255 registers, used 0 barriers, 240 bytes cumulative stack size
      ptxas info    : Compile time = 439.165 ms
      ptxas info    : Compiling entry function
      '_Z30fast_hadamard_transform_kernelI41fast_hadamard_transform_40N_kernel_traitsILi1ELi2EN3c104HalfEEEv18HadamardParamsBase' for 'sm_120'
      ptxas info    : Function properties for
      _Z30fast_hadamard_transform_kernelI41fast_hadamard_transform_40N_kernel_traitsILi1ELi2EN3c104HalfEEEv18HadamardParamsBase
          224 bytes stack frame, 220 bytes spill stores, 220 bytes spill loads
      ptxas info    : Used 255 registers, used 0 barriers, 224 bytes cumulative stack size
      ptxas info    : Compile time = 388.153 ms
      ptxas info    : Compiling entry function '_Z30fast_hadamard_transform_kernelI41fast_hadamard_transform_40N_kernel_traitsILi256ELi10EfEEv18HadamardParamsBase'
      for 'sm_120'
      ptxas info    : Function properties for _Z30fast_hadamard_transform_kernelI41fast_hadamard_transform_40N_kernel_traitsILi256ELi10EfEEv18HadamardParamsBase
          96 bytes stack frame, 92 bytes spill stores, 92 bytes spill loads
      ptxas info    : Used 255 registers, used 1 barriers, 96 bytes cumulative stack size
      ptxas info    : Compile time = 863.764 ms
      ptxas info    : Compiling entry function '_Z30fast_hadamard_transform_kernelI41fast_hadamard_transform_40N_kernel_traitsILi128ELi9EfEEv18HadamardParamsBase'
      for 'sm_120'
      ptxas info    : Function properties for _Z30fast_hadamard_transform_kernelI41fast_hadamard_transform_40N_kernel_traitsILi128ELi9EfEEv18HadamardParamsBase
          88 bytes stack frame, 84 bytes spill stores, 84 bytes spill loads
      ptxas info    : Used 255 registers, used 1 barriers, 88 bytes cumulative stack size
      ptxas info    : Compile time = 804.117 ms
      ptxas info    : Compiling entry function '_Z30fast_hadamard_transform_kernelI41fast_hadamard_transform_40N_kernel_traitsILi64ELi8EfEEv18HadamardParamsBase'
      for 'sm_120'
      ptxas info    : Function properties for _Z30fast_hadamard_transform_kernelI41fast_hadamard_transform_40N_kernel_traitsILi64ELi8EfEEv18HadamardParamsBase
          16 bytes stack frame, 12 bytes spill stores, 12 bytes spill loads
      ptxas info    : Used 255 registers, used 1 barriers, 16 bytes cumulative stack size
      ptxas info    : Compile time = 765.049 ms
      ptxas info    : Compiling entry function '_Z30fast_hadamard_transform_kernelI41fast_hadamard_transform_40N_kernel_traitsILi32ELi7EfEEv18HadamardParamsBase'
      for 'sm_120'
      ptxas info    : Function properties for _Z30fast_hadamard_transform_kernelI41fast_hadamard_transform_40N_kernel_traitsILi32ELi7EfEEv18HadamardParamsBase
          136 bytes stack frame, 136 bytes spill stores, 136 bytes spill loads
      ptxas info    : Used 255 registers, used 0 barriers, 136 bytes cumulative stack size
      ptxas info    : Compile time = 900.864 ms
      ptxas info    : Compiling entry function '_Z30fast_hadamard_transform_kernelI41fast_hadamard_transform_40N_kernel_traitsILi16ELi6EfEEv18HadamardParamsBase'
      for 'sm_120'
      ptxas info    : Function properties for _Z30fast_hadamard_transform_kernelI41fast_hadamard_transform_40N_kernel_traitsILi16ELi6EfEEv18HadamardParamsBase
          120 bytes stack frame, 116 bytes spill stores, 116 bytes spill loads
      ptxas info    : Used 255 registers, used 0 barriers, 120 bytes cumulative stack size
      ptxas info    : Compile time = 768.913 ms
      ptxas info    : Compiling entry function '_Z30fast_hadamard_transform_kernelI41fast_hadamard_transform_40N_kernel_traitsILi8ELi5EfEEv18HadamardParamsBase'
      for 'sm_120'
      ptxas info    : Function properties for _Z30fast_hadamard_transform_kernelI41fast_hadamard_transform_40N_kernel_traitsILi8ELi5EfEEv18HadamardParamsBase
          112 bytes stack frame, 108 bytes spill stores, 108 bytes spill loads
      ptxas info    : Used 255 registers, used 0 barriers, 112 bytes cumulative stack size
      ptxas info    : Compile time = 640.503 ms
      ptxas info    : Compiling entry function '_Z30fast_hadamard_transform_kernelI41fast_hadamard_transform_40N_kernel_traitsILi4ELi4EfEEv18HadamardParamsBase'
      for 'sm_120'
      ptxas info    : Function properties for _Z30fast_hadamard_transform_kernelI41fast_hadamard_transform_40N_kernel_traitsILi4ELi4EfEEv18HadamardParamsBase
          64 bytes stack frame, 64 bytes spill stores, 64 bytes spill loads
      ptxas info    : Used 255 registers, used 0 barriers, 64 bytes cumulative stack size
      ptxas info    : Compile time = 518.981 ms
      ptxas info    : Compiling entry function '_Z30fast_hadamard_transform_kernelI41fast_hadamard_transform_40N_kernel_traitsILi2ELi3EfEEv18HadamardParamsBase'
      for 'sm_120'
      ptxas info    : Function properties for _Z30fast_hadamard_transform_kernelI41fast_hadamard_transform_40N_kernel_traitsILi2ELi3EfEEv18HadamardParamsBase
          48 bytes stack frame, 44 bytes spill stores, 44 bytes spill loads
      ptxas info    : Used 255 registers, used 0 barriers, 48 bytes cumulative stack size
      ptxas info    : Compile time = 443.627 ms
      ptxas info    : Compiling entry function '_Z30fast_hadamard_transform_kernelI41fast_hadamard_transform_40N_kernel_traitsILi1ELi2EfEEv18HadamardParamsBase'
      for 'sm_120'
      ptxas info    : Function properties for _Z30fast_hadamard_transform_kernelI41fast_hadamard_transform_40N_kernel_traitsILi1ELi2EfEEv18HadamardParamsBase
          48 bytes stack frame, 44 bytes spill stores, 44 bytes spill loads
      ptxas info    : Used 255 registers, used 0 barriers, 48 bytes cumulative stack size
      ptxas info    : Compile time = 380.093 ms
      ptxas info    : Compiling entry function
      '_Z30fast_hadamard_transform_kernelI41fast_hadamard_transform_28N_kernel_traitsILi256ELi10EN3c108BFloat16EEEv18HadamardParamsBase' for 'sm_120'
      ptxas info    : Function properties for
      _Z30fast_hadamard_transform_kernelI41fast_hadamard_transform_28N_kernel_traitsILi256ELi10EN3c108BFloat16EEEv18HadamardParamsBase
          0 bytes stack frame, 0 bytes spill stores, 0 bytes spill loads
      ptxas info    : Used 177 registers, used 1 barriers
      ptxas info    : Compile time = 497.203 ms
      ptxas info    : Compiling entry function
      '_Z30fast_hadamard_transform_kernelI41fast_hadamard_transform_28N_kernel_traitsILi128ELi9EN3c108BFloat16EEEv18HadamardParamsBase' for 'sm_120'
      ptxas info    : Function properties for
      _Z30fast_hadamard_transform_kernelI41fast_hadamard_transform_28N_kernel_traitsILi128ELi9EN3c108BFloat16EEEv18HadamardParamsBase
          0 bytes stack frame, 0 bytes spill stores, 0 bytes spill loads
      ptxas info    : Used 186 registers, used 1 barriers
      ptxas info    : Compile time = 454.656 ms
      ptxas info    : Compiling entry function
      '_Z30fast_hadamard_transform_kernelI41fast_hadamard_transform_28N_kernel_traitsILi64ELi8EN3c108BFloat16EEEv18HadamardParamsBase' for 'sm_120'
      ptxas info    : Function properties for
      _Z30fast_hadamard_transform_kernelI41fast_hadamard_transform_28N_kernel_traitsILi64ELi8EN3c108BFloat16EEEv18HadamardParamsBase
          0 bytes stack frame, 0 bytes spill stores, 0 bytes spill loads
      ptxas info    : Used 198 registers, used 1 barriers
      ptxas info    : Compile time = 385.246 ms
      ptxas info    : Compiling entry function
      '_Z30fast_hadamard_transform_kernelI41fast_hadamard_transform_28N_kernel_traitsILi32ELi7EN3c108BFloat16EEEv18HadamardParamsBase' for 'sm_120'
      ptxas info    : Function properties for
      _Z30fast_hadamard_transform_kernelI41fast_hadamard_transform_28N_kernel_traitsILi32ELi7EN3c108BFloat16EEEv18HadamardParamsBase
          0 bytes stack frame, 0 bytes spill stores, 0 bytes spill loads
      ptxas info    : Used 222 registers, used 0 barriers
      ptxas info    : Compile time = 376.317 ms
      ptxas info    : Compiling entry function
      '_Z30fast_hadamard_transform_kernelI41fast_hadamard_transform_28N_kernel_traitsILi16ELi6EN3c108BFloat16EEEv18HadamardParamsBase' for 'sm_120'
      ptxas info    : Function properties for
      _Z30fast_hadamard_transform_kernelI41fast_hadamard_transform_28N_kernel_traitsILi16ELi6EN3c108BFloat16EEEv18HadamardParamsBase
          0 bytes stack frame, 0 bytes spill stores, 0 bytes spill loads
      ptxas info    : Used 228 registers, used 0 barriers
      ptxas info    : Compile time = 330.344 ms
      ptxas info    : Compiling entry function
      '_Z30fast_hadamard_transform_kernelI41fast_hadamard_transform_28N_kernel_traitsILi8ELi5EN3c108BFloat16EEEv18HadamardParamsBase' for 'sm_120'
      ptxas info    : Function properties for
      _Z30fast_hadamard_transform_kernelI41fast_hadamard_transform_28N_kernel_traitsILi8ELi5EN3c108BFloat16EEEv18HadamardParamsBase
          0 bytes stack frame, 0 bytes spill stores, 0 bytes spill loads
      ptxas info    : Used 230 registers, used 0 barriers
      ptxas info    : Compile time = 294.286 ms
      ptxas info    : Compiling entry function
      '_Z30fast_hadamard_transform_kernelI41fast_hadamard_transform_28N_kernel_traitsILi4ELi4EN3c108BFloat16EEEv18HadamardParamsBase' for 'sm_120'
      ptxas info    : Function properties for
      _Z30fast_hadamard_transform_kernelI41fast_hadamard_transform_28N_kernel_traitsILi4ELi4EN3c108BFloat16EEEv18HadamardParamsBase
          0 bytes stack frame, 0 bytes spill stores, 0 bytes spill loads
      ptxas info    : Used 230 registers, used 0 barriers
      ptxas info    : Compile time = 281.626 ms
      ptxas info    : Compiling entry function
      '_Z30fast_hadamard_transform_kernelI41fast_hadamard_transform_28N_kernel_traitsILi2ELi3EN3c108BFloat16EEEv18HadamardParamsBase' for 'sm_120'
      ptxas info    : Function properties for
      _Z30fast_hadamard_transform_kernelI41fast_hadamard_transform_28N_kernel_traitsILi2ELi3EN3c108BFloat16EEEv18HadamardParamsBase
          0 bytes stack frame, 0 bytes spill stores, 0 bytes spill loads
      ptxas info    : Used 216 registers, used 0 barriers
      ptxas info    : Compile time = 257.638 ms
      ptxas info    : Compiling entry function
      '_Z30fast_hadamard_transform_kernelI41fast_hadamard_transform_28N_kernel_traitsILi1ELi2EN3c108BFloat16EEEv18HadamardParamsBase' for 'sm_120'
      ptxas info    : Function properties for
      _Z30fast_hadamard_transform_kernelI41fast_hadamard_transform_28N_kernel_traitsILi1ELi2EN3c108BFloat16EEEv18HadamardParamsBase
          0 bytes stack frame, 0 bytes spill stores, 0 bytes spill loads
      ptxas info    : Used 210 registers, used 0 barriers
      ptxas info    : Compile time = 207.726 ms
      ptxas info    : Compiling entry function
      '_Z30fast_hadamard_transform_kernelI41fast_hadamard_transform_28N_kernel_traitsILi256ELi10EN3c104HalfEEEv18HadamardParamsBase' for 'sm_120'
      ptxas info    : Function properties for
      _Z30fast_hadamard_transform_kernelI41fast_hadamard_transform_28N_kernel_traitsILi256ELi10EN3c104HalfEEEv18HadamardParamsBase
          0 bytes stack frame, 0 bytes spill stores, 0 bytes spill loads
      ptxas info    : Used 177 registers, used 1 barriers
      ptxas info    : Compile time = 443.041 ms
      ptxas info    : Compiling entry function
      '_Z30fast_hadamard_transform_kernelI41fast_hadamard_transform_28N_kernel_traitsILi128ELi9EN3c104HalfEEEv18HadamardParamsBase' for 'sm_120'
      ptxas info    : Function properties for
      _Z30fast_hadamard_transform_kernelI41fast_hadamard_transform_28N_kernel_traitsILi128ELi9EN3c104HalfEEEv18HadamardParamsBase
          0 bytes stack frame, 0 bytes spill stores, 0 bytes spill loads
      ptxas info    : Used 186 registers, used 1 barriers
      ptxas info    : Compile time = 404.230 ms
      ptxas info    : Compiling entry function
      '_Z30fast_hadamard_transform_kernelI41fast_hadamard_transform_28N_kernel_traitsILi64ELi8EN3c104HalfEEEv18HadamardParamsBase' for 'sm_120'
      ptxas info    : Function properties for
      _Z30fast_hadamard_transform_kernelI41fast_hadamard_transform_28N_kernel_traitsILi64ELi8EN3c104HalfEEEv18HadamardParamsBase
          0 bytes stack frame, 0 bytes spill stores, 0 bytes spill loads
      ptxas info    : Used 199 registers, used 1 barriers
      ptxas info    : Compile time = 363.107 ms
      ptxas info    : Compiling entry function
      '_Z30fast_hadamard_transform_kernelI41fast_hadamard_transform_28N_kernel_traitsILi32ELi7EN3c104HalfEEEv18HadamardParamsBase' for 'sm_120'
      ptxas info    : Function properties for
      _Z30fast_hadamard_transform_kernelI41fast_hadamard_transform_28N_kernel_traitsILi32ELi7EN3c104HalfEEEv18HadamardParamsBase
          0 bytes stack frame, 0 bytes spill stores, 0 bytes spill loads
      ptxas info    : Used 222 registers, used 0 barriers
      ptxas info    : Compile time = 352.758 ms
      ptxas info    : Compiling entry function
      '_Z30fast_hadamard_transform_kernelI41fast_hadamard_transform_28N_kernel_traitsILi16ELi6EN3c104HalfEEEv18HadamardParamsBase' for 'sm_120'
      ptxas info    : Function properties for
      _Z30fast_hadamard_transform_kernelI41fast_hadamard_transform_28N_kernel_traitsILi16ELi6EN3c104HalfEEEv18HadamardParamsBase
          0 bytes stack frame, 0 bytes spill stores, 0 bytes spill loads
      ptxas info    : Used 228 registers, used 0 barriers
      ptxas info    : Compile time = 319.774 ms
      ptxas info    : Compiling entry function
      '_Z30fast_hadamard_transform_kernelI41fast_hadamard_transform_28N_kernel_traitsILi8ELi5EN3c104HalfEEEv18HadamardParamsBase' for 'sm_120'
      ptxas info    : Function properties for
      _Z30fast_hadamard_transform_kernelI41fast_hadamard_transform_28N_kernel_traitsILi8ELi5EN3c104HalfEEEv18HadamardParamsBase
          0 bytes stack frame, 0 bytes spill stores, 0 bytes spill loads
      ptxas info    : Used 230 registers, used 0 barriers
      ptxas info    : Compile time = 320.823 ms
      ptxas info    : Compiling entry function
      '_Z30fast_hadamard_transform_kernelI41fast_hadamard_transform_28N_kernel_traitsILi4ELi4EN3c104HalfEEEv18HadamardParamsBase' for 'sm_120'
      ptxas info    : Function properties for
      _Z30fast_hadamard_transform_kernelI41fast_hadamard_transform_28N_kernel_traitsILi4ELi4EN3c104HalfEEEv18HadamardParamsBase
          0 bytes stack frame, 0 bytes spill stores, 0 bytes spill loads
      ptxas info    : Used 230 registers, used 0 barriers
      ptxas info    : Compile time = 287.853 ms
      ptxas info    : Compiling entry function
      '_Z30fast_hadamard_transform_kernelI41fast_hadamard_transform_28N_kernel_traitsILi2ELi3EN3c104HalfEEEv18HadamardParamsBase' for 'sm_120'
      ptxas info    : Function properties for
      _Z30fast_hadamard_transform_kernelI41fast_hadamard_transform_28N_kernel_traitsILi2ELi3EN3c104HalfEEEv18HadamardParamsBase
          0 bytes stack frame, 0 bytes spill stores, 0 bytes spill loads
      ptxas info    : Used 218 registers, used 0 barriers
      ptxas info    : Compile time = 257.623 ms
      ptxas info    : Compiling entry function
      '_Z30fast_hadamard_transform_kernelI41fast_hadamard_transform_28N_kernel_traitsILi1ELi2EN3c104HalfEEEv18HadamardParamsBase' for 'sm_120'
      ptxas info    : Function properties for
      _Z30fast_hadamard_transform_kernelI41fast_hadamard_transform_28N_kernel_traitsILi1ELi2EN3c104HalfEEEv18HadamardParamsBase
          0 bytes stack frame, 0 bytes spill stores, 0 bytes spill loads
      ptxas info    : Used 214 registers, used 0 barriers
      ptxas info    : Compile time = 225.403 ms
      ptxas info    : Compiling entry function '_Z30fast_hadamard_transform_kernelI41fast_hadamard_transform_28N_kernel_traitsILi256ELi10EfEEv18HadamardParamsBase'
      for 'sm_120'
      ptxas info    : Function properties for _Z30fast_hadamard_transform_kernelI41fast_hadamard_transform_28N_kernel_traitsILi256ELi10EfEEv18HadamardParamsBase
          0 bytes stack frame, 0 bytes spill stores, 0 bytes spill loads
      ptxas info    : Used 250 registers, used 1 barriers
      ptxas info    : Compile time = 580.824 ms
      ptxas info    : Compiling entry function '_Z30fast_hadamard_transform_kernelI41fast_hadamard_transform_28N_kernel_traitsILi128ELi9EfEEv18HadamardParamsBase'
      for 'sm_120'
      ptxas info    : Function properties for _Z30fast_hadamard_transform_kernelI41fast_hadamard_transform_28N_kernel_traitsILi128ELi9EfEEv18HadamardParamsBase
          0 bytes stack frame, 0 bytes spill stores, 0 bytes spill loads
      ptxas info    : Used 193 registers, used 1 barriers
      ptxas info    : Compile time = 444.739 ms
      ptxas info    : Compiling entry function '_Z30fast_hadamard_transform_kernelI41fast_hadamard_transform_28N_kernel_traitsILi64ELi8EfEEv18HadamardParamsBase'
      for 'sm_120'
      ptxas info    : Function properties for _Z30fast_hadamard_transform_kernelI41fast_hadamard_transform_28N_kernel_traitsILi64ELi8EfEEv18HadamardParamsBase
          0 bytes stack frame, 0 bytes spill stores, 0 bytes spill loads
      ptxas info    : Used 184 registers, used 1 barriers
      ptxas info    : Compile time = 424.049 ms
      ptxas info    : Compiling entry function '_Z30fast_hadamard_transform_kernelI41fast_hadamard_transform_28N_kernel_traitsILi32ELi7EfEEv18HadamardParamsBase'
      for 'sm_120'
      ptxas info    : Function properties for _Z30fast_hadamard_transform_kernelI41fast_hadamard_transform_28N_kernel_traitsILi32ELi7EfEEv18HadamardParamsBase
          0 bytes stack frame, 0 bytes spill stores, 0 bytes spill loads
      ptxas info    : Used 255 registers, used 0 barriers
      ptxas info    : Compile time = 397.346 ms
      ptxas info    : Compiling entry function '_Z30fast_hadamard_transform_kernelI41fast_hadamard_transform_28N_kernel_traitsILi16ELi6EfEEv18HadamardParamsBase'
      for 'sm_120'
      ptxas info    : Function properties for _Z30fast_hadamard_transform_kernelI41fast_hadamard_transform_28N_kernel_traitsILi16ELi6EfEEv18HadamardParamsBase
          0 bytes stack frame, 0 bytes spill stores, 0 bytes spill loads
      ptxas info    : Used 192 registers, used 0 barriers
      ptxas info    : Compile time = 347.849 ms
      ptxas info    : Compiling entry function '_Z30fast_hadamard_transform_kernelI41fast_hadamard_transform_28N_kernel_traitsILi8ELi5EfEEv18HadamardParamsBase'
      for 'sm_120'
      ptxas info    : Function properties for _Z30fast_hadamard_transform_kernelI41fast_hadamard_transform_28N_kernel_traitsILi8ELi5EfEEv18HadamardParamsBase
          0 bytes stack frame, 0 bytes spill stores, 0 bytes spill loads
      ptxas info    : Used 255 registers, used 0 barriers
      ptxas info    : Compile time = 310.691 ms
      ptxas info    : Compiling entry function '_Z30fast_hadamard_transform_kernelI41fast_hadamard_transform_28N_kernel_traitsILi4ELi4EfEEv18HadamardParamsBase'
      for 'sm_120'
      ptxas info    : Function properties for _Z30fast_hadamard_transform_kernelI41fast_hadamard_transform_28N_kernel_traitsILi4ELi4EfEEv18HadamardParamsBase
          0 bytes stack frame, 0 bytes spill stores, 0 bytes spill loads
      ptxas info    : Used 194 registers, used 0 barriers
      ptxas info    : Compile time = 268.031 ms
      ptxas info    : Compiling entry function '_Z30fast_hadamard_transform_kernelI41fast_hadamard_transform_28N_kernel_traitsILi2ELi3EfEEv18HadamardParamsBase'
      for 'sm_120'
      ptxas info    : Function properties for _Z30fast_hadamard_transform_kernelI41fast_hadamard_transform_28N_kernel_traitsILi2ELi3EfEEv18HadamardParamsBase
          0 bytes stack frame, 0 bytes spill stores, 0 bytes spill loads
      ptxas info    : Used 184 registers, used 0 barriers
      ptxas info    : Compile time = 233.654 ms
      ptxas info    : Compiling entry function '_Z30fast_hadamard_transform_kernelI41fast_hadamard_transform_28N_kernel_traitsILi1ELi2EfEEv18HadamardParamsBase'
      for 'sm_120'
      ptxas info    : Function properties for _Z30fast_hadamard_transform_kernelI41fast_hadamard_transform_28N_kernel_traitsILi1ELi2EfEEv18HadamardParamsBase
          0 bytes stack frame, 0 bytes spill stores, 0 bytes spill loads
      ptxas info    : Used 191 registers, used 0 barriers
      ptxas info    : Compile time = 200.067 ms
      ptxas info    : Compiling entry function
      '_Z30fast_hadamard_transform_kernelI41fast_hadamard_transform_20N_kernel_traitsILi256ELi10EN3c108BFloat16EEEv18HadamardParamsBase' for 'sm_120'
      ptxas info    : Function properties for
      _Z30fast_hadamard_transform_kernelI41fast_hadamard_transform_20N_kernel_traitsILi256ELi10EN3c108BFloat16EEEv18HadamardParamsBase
          8 bytes stack frame, 4 bytes spill stores, 4 bytes spill loads
      ptxas info    : Used 128 registers, used 1 barriers, 8 bytes cumulative stack size
      ptxas info    : Compile time = 351.527 ms
      ptxas info    : Compiling entry function
      '_Z30fast_hadamard_transform_kernelI41fast_hadamard_transform_20N_kernel_traitsILi128ELi9EN3c108BFloat16EEEv18HadamardParamsBase' for 'sm_120'
      ptxas info    : Function properties for
      _Z30fast_hadamard_transform_kernelI41fast_hadamard_transform_20N_kernel_traitsILi128ELi9EN3c108BFloat16EEEv18HadamardParamsBase
          0 bytes stack frame, 0 bytes spill stores, 0 bytes spill loads
      ptxas info    : Used 128 registers, used 1 barriers
      ptxas info    : Compile time = 280.379 ms
      ptxas info    : Compiling entry function
      '_Z30fast_hadamard_transform_kernelI41fast_hadamard_transform_20N_kernel_traitsILi64ELi8EN3c108BFloat16EEEv18HadamardParamsBase' for 'sm_120'
      ptxas info    : Function properties for
      _Z30fast_hadamard_transform_kernelI41fast_hadamard_transform_20N_kernel_traitsILi64ELi8EN3c108BFloat16EEEv18HadamardParamsBase
          0 bytes stack frame, 0 bytes spill stores, 0 bytes spill loads
      ptxas info    : Used 166 registers, used 1 barriers
      ptxas info    : Compile time = 259.119 ms
      ptxas info    : Compiling entry function
      '_Z30fast_hadamard_transform_kernelI41fast_hadamard_transform_20N_kernel_traitsILi32ELi7EN3c108BFloat16EEEv18HadamardParamsBase' for 'sm_120'
      ptxas info    : Function properties for
      _Z30fast_hadamard_transform_kernelI41fast_hadamard_transform_20N_kernel_traitsILi32ELi7EN3c108BFloat16EEEv18HadamardParamsBase
          0 bytes stack frame, 0 bytes spill stores, 0 bytes spill loads
      ptxas info    : Used 168 registers, used 0 barriers
      ptxas info    : Compile time = 225.596 ms
      ptxas info    : Compiling entry function
      '_Z30fast_hadamard_transform_kernelI41fast_hadamard_transform_20N_kernel_traitsILi16ELi6EN3c108BFloat16EEEv18HadamardParamsBase' for 'sm_120'
      ptxas info    : Function properties for
      _Z30fast_hadamard_transform_kernelI41fast_hadamard_transform_20N_kernel_traitsILi16ELi6EN3c108BFloat16EEEv18HadamardParamsBase
          0 bytes stack frame, 0 bytes spill stores, 0 bytes spill loads
      ptxas info    : Used 168 registers, used 0 barriers
      ptxas info    : Compile time = 199.311 ms
      ptxas info    : Compiling entry function
      '_Z30fast_hadamard_transform_kernelI41fast_hadamard_transform_20N_kernel_traitsILi8ELi5EN3c108BFloat16EEEv18HadamardParamsBase' for 'sm_120'
      ptxas info    : Function properties for
      _Z30fast_hadamard_transform_kernelI41fast_hadamard_transform_20N_kernel_traitsILi8ELi5EN3c108BFloat16EEEv18HadamardParamsBase
          0 bytes stack frame, 0 bytes spill stores, 0 bytes spill loads
      ptxas info    : Used 168 registers, used 0 barriers
      ptxas info    : Compile time = 184.257 ms
      ptxas info    : Compiling entry function
      '_Z30fast_hadamard_transform_kernelI41fast_hadamard_transform_20N_kernel_traitsILi4ELi4EN3c108BFloat16EEEv18HadamardParamsBase' for 'sm_120'
      ptxas info    : Function properties for
      _Z30fast_hadamard_transform_kernelI41fast_hadamard_transform_20N_kernel_traitsILi4ELi4EN3c108BFloat16EEEv18HadamardParamsBase
          0 bytes stack frame, 0 bytes spill stores, 0 bytes spill loads
      ptxas info    : Used 168 registers, used 0 barriers
      ptxas info    : Compile time = 158.044 ms
      ptxas info    : Compiling entry function
      '_Z30fast_hadamard_transform_kernelI41fast_hadamard_transform_20N_kernel_traitsILi2ELi3EN3c108BFloat16EEEv18HadamardParamsBase' for 'sm_120'
      ptxas info    : Function properties for
      _Z30fast_hadamard_transform_kernelI41fast_hadamard_transform_20N_kernel_traitsILi2ELi3EN3c108BFloat16EEEv18HadamardParamsBase
          0 bytes stack frame, 0 bytes spill stores, 0 bytes spill loads
      ptxas info    : Used 168 registers, used 0 barriers
      ptxas info    : Compile time = 133.418 ms
      ptxas info    : Compiling entry function
      '_Z30fast_hadamard_transform_kernelI41fast_hadamard_transform_20N_kernel_traitsILi1ELi2EN3c108BFloat16EEEv18HadamardParamsBase' for 'sm_120'
      ptxas info    : Function properties for
      _Z30fast_hadamard_transform_kernelI41fast_hadamard_transform_20N_kernel_traitsILi1ELi2EN3c108BFloat16EEEv18HadamardParamsBase
          0 bytes stack frame, 0 bytes spill stores, 0 bytes spill loads
      ptxas info    : Used 168 registers, used 0 barriers
      ptxas info    : Compile time = 110.795 ms
      ptxas info    : Compiling entry function
      '_Z30fast_hadamard_transform_kernelI41fast_hadamard_transform_20N_kernel_traitsILi256ELi10EN3c104HalfEEEv18HadamardParamsBase' for 'sm_120'
      ptxas info    : Function properties for
      _Z30fast_hadamard_transform_kernelI41fast_hadamard_transform_20N_kernel_traitsILi256ELi10EN3c104HalfEEEv18HadamardParamsBase
          8 bytes stack frame, 4 bytes spill stores, 4 bytes spill loads
      ptxas info    : Used 128 registers, used 1 barriers, 8 bytes cumulative stack size
      ptxas info    : Compile time = 351.425 ms
      ptxas info    : Compiling entry function
      '_Z30fast_hadamard_transform_kernelI41fast_hadamard_transform_20N_kernel_traitsILi128ELi9EN3c104HalfEEEv18HadamardParamsBase' for 'sm_120'
      ptxas info    : Function properties for
      _Z30fast_hadamard_transform_kernelI41fast_hadamard_transform_20N_kernel_traitsILi128ELi9EN3c104HalfEEEv18HadamardParamsBase
          0 bytes stack frame, 0 bytes spill stores, 0 bytes spill loads
      ptxas info    : Used 128 registers, used 1 barriers
      ptxas info    : Compile time = 278.618 ms
      ptxas info    : Compiling entry function
      '_Z30fast_hadamard_transform_kernelI41fast_hadamard_transform_20N_kernel_traitsILi64ELi8EN3c104HalfEEEv18HadamardParamsBase' for 'sm_120'
      ptxas info    : Function properties for
      _Z30fast_hadamard_transform_kernelI41fast_hadamard_transform_20N_kernel_traitsILi64ELi8EN3c104HalfEEEv18HadamardParamsBase
          0 bytes stack frame, 0 bytes spill stores, 0 bytes spill loads
      ptxas info    : Used 166 registers, used 1 barriers
      ptxas info    : Compile time = 256.832 ms
      ptxas info    : Compiling entry function
      '_Z30fast_hadamard_transform_kernelI41fast_hadamard_transform_20N_kernel_traitsILi32ELi7EN3c104HalfEEEv18HadamardParamsBase' for 'sm_120'
      ptxas info    : Function properties for
      _Z30fast_hadamard_transform_kernelI41fast_hadamard_transform_20N_kernel_traitsILi32ELi7EN3c104HalfEEEv18HadamardParamsBase
          0 bytes stack frame, 0 bytes spill stores, 0 bytes spill loads
      ptxas info    : Used 168 registers, used 0 barriers
      ptxas info    : Compile time = 225.183 ms
      ptxas info    : Compiling entry function
      '_Z30fast_hadamard_transform_kernelI41fast_hadamard_transform_20N_kernel_traitsILi16ELi6EN3c104HalfEEEv18HadamardParamsBase' for 'sm_120'
      ptxas info    : Function properties for
      _Z30fast_hadamard_transform_kernelI41fast_hadamard_transform_20N_kernel_traitsILi16ELi6EN3c104HalfEEEv18HadamardParamsBase
          0 bytes stack frame, 0 bytes spill stores, 0 bytes spill loads
      ptxas info    : Used 168 registers, used 0 barriers
      ptxas info    : Compile time = 196.049 ms
      ptxas info    : Compiling entry function
      '_Z30fast_hadamard_transform_kernelI41fast_hadamard_transform_20N_kernel_traitsILi8ELi5EN3c104HalfEEEv18HadamardParamsBase' for 'sm_120'
      ptxas info    : Function properties for
      _Z30fast_hadamard_transform_kernelI41fast_hadamard_transform_20N_kernel_traitsILi8ELi5EN3c104HalfEEEv18HadamardParamsBase
          0 bytes stack frame, 0 bytes spill stores, 0 bytes spill loads
      ptxas info    : Used 168 registers, used 0 barriers
      ptxas info    : Compile time = 182.000 ms
      ptxas info    : Compiling entry function
      '_Z30fast_hadamard_transform_kernelI41fast_hadamard_transform_20N_kernel_traitsILi4ELi4EN3c104HalfEEEv18HadamardParamsBase' for 'sm_120'
      ptxas info    : Function properties for
      _Z30fast_hadamard_transform_kernelI41fast_hadamard_transform_20N_kernel_traitsILi4ELi4EN3c104HalfEEEv18HadamardParamsBase
          0 bytes stack frame, 0 bytes spill stores, 0 bytes spill loads
      ptxas info    : Used 168 registers, used 0 barriers
      ptxas info    : Compile time = 158.021 ms
      ptxas info    : Compiling entry function
      '_Z30fast_hadamard_transform_kernelI41fast_hadamard_transform_20N_kernel_traitsILi2ELi3EN3c104HalfEEEv18HadamardParamsBase' for 'sm_120'
      ptxas info    : Function properties for
      _Z30fast_hadamard_transform_kernelI41fast_hadamard_transform_20N_kernel_traitsILi2ELi3EN3c104HalfEEEv18HadamardParamsBase
          0 bytes stack frame, 0 bytes spill stores, 0 bytes spill loads
      ptxas info    : Used 168 registers, used 0 barriers
      ptxas info    : Compile time = 136.003 ms
      ptxas info    : Compiling entry function
      '_Z30fast_hadamard_transform_kernelI41fast_hadamard_transform_20N_kernel_traitsILi1ELi2EN3c104HalfEEEv18HadamardParamsBase' for 'sm_120'
      ptxas info    : Function properties for
      _Z30fast_hadamard_transform_kernelI41fast_hadamard_transform_20N_kernel_traitsILi1ELi2EN3c104HalfEEEv18HadamardParamsBase
          0 bytes stack frame, 0 bytes spill stores, 0 bytes spill loads
      ptxas info    : Used 168 registers, used 0 barriers
      ptxas info    : Compile time = 113.784 ms
      ptxas info    : Compiling entry function '_Z30fast_hadamard_transform_kernelI41fast_hadamard_transform_20N_kernel_traitsILi256ELi10EfEEv18HadamardParamsBase'
      for 'sm_120'
      ptxas info    : Function properties for _Z30fast_hadamard_transform_kernelI41fast_hadamard_transform_20N_kernel_traitsILi256ELi10EfEEv18HadamardParamsBase
          0 bytes stack frame, 0 bytes spill stores, 0 bytes spill loads
      ptxas info    : Used 167 registers, used 1 barriers
      ptxas info    : Compile time = 281.954 ms
      ptxas info    : Compiling entry function '_Z30fast_hadamard_transform_kernelI41fast_hadamard_transform_20N_kernel_traitsILi128ELi9EfEEv18HadamardParamsBase'
      for 'sm_120'
      ptxas info    : Function properties for _Z30fast_hadamard_transform_kernelI41fast_hadamard_transform_20N_kernel_traitsILi128ELi9EfEEv18HadamardParamsBase
          0 bytes stack frame, 0 bytes spill stores, 0 bytes spill loads
      ptxas info    : Used 139 registers, used 1 barriers
      ptxas info    : Compile time = 267.472 ms
      ptxas info    : Compiling entry function '_Z30fast_hadamard_transform_kernelI41fast_hadamard_transform_20N_kernel_traitsILi64ELi8EfEEv18HadamardParamsBase'
      for 'sm_120'
      ptxas info    : Function properties for _Z30fast_hadamard_transform_kernelI41fast_hadamard_transform_20N_kernel_traitsILi64ELi8EfEEv18HadamardParamsBase
          0 bytes stack frame, 0 bytes spill stores, 0 bytes spill loads
      ptxas info    : Used 162 registers, used 1 barriers
      ptxas info    : Compile time = 228.389 ms
      ptxas info    : Compiling entry function '_Z30fast_hadamard_transform_kernelI41fast_hadamard_transform_20N_kernel_traitsILi32ELi7EfEEv18HadamardParamsBase'
      for 'sm_120'
      ptxas info    : Function properties for _Z30fast_hadamard_transform_kernelI41fast_hadamard_transform_20N_kernel_traitsILi32ELi7EfEEv18HadamardParamsBase
          0 bytes stack frame, 0 bytes spill stores, 0 bytes spill loads
      ptxas info    : Used 162 registers, used 0 barriers
      ptxas info    : Compile time = 201.387 ms
      ptxas info    : Compiling entry function '_Z30fast_hadamard_transform_kernelI41fast_hadamard_transform_20N_kernel_traitsILi16ELi6EfEEv18HadamardParamsBase'
      for 'sm_120'
      ptxas info    : Function properties for _Z30fast_hadamard_transform_kernelI41fast_hadamard_transform_20N_kernel_traitsILi16ELi6EfEEv18HadamardParamsBase
          0 bytes stack frame, 0 bytes spill stores, 0 bytes spill loads
      ptxas info    : Used 158 registers, used 0 barriers
      ptxas info    : Compile time = 180.246 ms
      ptxas info    : Compiling entry function '_Z30fast_hadamard_transform_kernelI41fast_hadamard_transform_20N_kernel_traitsILi8ELi5EfEEv18HadamardParamsBase'
      for 'sm_120'
      ptxas info    : Function properties for _Z30fast_hadamard_transform_kernelI41fast_hadamard_transform_20N_kernel_traitsILi8ELi5EfEEv18HadamardParamsBase
          0 bytes stack frame, 0 bytes spill stores, 0 bytes spill loads
      ptxas info    : Used 162 registers, used 0 barriers
      ptxas info    : Compile time = 148.335 ms
      ptxas info    : Compiling entry function '_Z30fast_hadamard_transform_kernelI41fast_hadamard_transform_20N_kernel_traitsILi4ELi4EfEEv18HadamardParamsBase'
      for 'sm_120'
      ptxas info    : Function properties for _Z30fast_hadamard_transform_kernelI41fast_hadamard_transform_20N_kernel_traitsILi4ELi4EfEEv18HadamardParamsBase
          0 bytes stack frame, 0 bytes spill stores, 0 bytes spill loads
      ptxas info    : Used 156 registers, used 0 barriers
      ptxas info    : Compile time = 125.752 ms
      ptxas info    : Compiling entry function '_Z30fast_hadamard_transform_kernelI41fast_hadamard_transform_20N_kernel_traitsILi2ELi3EfEEv18HadamardParamsBase'
      for 'sm_120'
      ptxas info    : Function properties for _Z30fast_hadamard_transform_kernelI41fast_hadamard_transform_20N_kernel_traitsILi2ELi3EfEEv18HadamardParamsBase
          0 bytes stack frame, 0 bytes spill stores, 0 bytes spill loads
      ptxas info    : Used 163 registers, used 0 barriers
      ptxas info    : Compile time = 102.755 ms
      ptxas info    : Compiling entry function '_Z30fast_hadamard_transform_kernelI41fast_hadamard_transform_20N_kernel_traitsILi1ELi2EfEEv18HadamardParamsBase'
      for 'sm_120'
      ptxas info    : Function properties for _Z30fast_hadamard_transform_kernelI41fast_hadamard_transform_20N_kernel_traitsILi1ELi2EfEEv18HadamardParamsBase
          0 bytes stack frame, 0 bytes spill stores, 0 bytes spill loads
      ptxas info    : Used 156 registers, used 0 barriers
      ptxas info    : Compile time = 85.341 ms
      ptxas info    : Compiling entry function
      '_Z30fast_hadamard_transform_kernelI41fast_hadamard_transform_12N_kernel_traitsILi256ELi10EN3c108BFloat16EEEv18HadamardParamsBase' for 'sm_120'
      ptxas info    : Function properties for
      _Z30fast_hadamard_transform_kernelI41fast_hadamard_transform_12N_kernel_traitsILi256ELi10EN3c108BFloat16EEEv18HadamardParamsBase
          0 bytes stack frame, 0 bytes spill stores, 0 bytes spill loads
      ptxas info    : Used 80 registers, used 1 barriers
      ptxas info    : Compile time = 118.136 ms
      ptxas info    : Compiling entry function
      '_Z30fast_hadamard_transform_kernelI41fast_hadamard_transform_12N_kernel_traitsILi128ELi9EN3c108BFloat16EEEv18HadamardParamsBase' for 'sm_120'
      ptxas info    : Function properties for
      _Z30fast_hadamard_transform_kernelI41fast_hadamard_transform_12N_kernel_traitsILi128ELi9EN3c108BFloat16EEEv18HadamardParamsBase
          0 bytes stack frame, 0 bytes spill stores, 0 bytes spill loads
      ptxas info    : Used 71 registers, used 1 barriers
      ptxas info    : Compile time = 102.095 ms
      ptxas info    : Compiling entry function
      '_Z30fast_hadamard_transform_kernelI41fast_hadamard_transform_12N_kernel_traitsILi64ELi8EN3c108BFloat16EEEv18HadamardParamsBase' for 'sm_120'
      ptxas info    : Function properties for
      _Z30fast_hadamard_transform_kernelI41fast_hadamard_transform_12N_kernel_traitsILi64ELi8EN3c108BFloat16EEEv18HadamardParamsBase
          0 bytes stack frame, 0 bytes spill stores, 0 bytes spill loads
      ptxas info    : Used 94 registers, used 1 barriers
      ptxas info    : Compile time = 101.233 ms
      ptxas info    : Compiling entry function
      '_Z30fast_hadamard_transform_kernelI41fast_hadamard_transform_12N_kernel_traitsILi32ELi7EN3c108BFloat16EEEv18HadamardParamsBase' for 'sm_120'
      ptxas info    : Function properties for
      _Z30fast_hadamard_transform_kernelI41fast_hadamard_transform_12N_kernel_traitsILi32ELi7EN3c108BFloat16EEEv18HadamardParamsBase
          0 bytes stack frame, 0 bytes spill stores, 0 bytes spill loads
      ptxas info    : Used 91 registers, used 0 barriers
      ptxas info    : Compile time = 81.528 ms
      ptxas info    : Compiling entry function
      '_Z30fast_hadamard_transform_kernelI41fast_hadamard_transform_12N_kernel_traitsILi16ELi6EN3c108BFloat16EEEv18HadamardParamsBase' for 'sm_120'
      ptxas info    : Function properties for
      _Z30fast_hadamard_transform_kernelI41fast_hadamard_transform_12N_kernel_traitsILi16ELi6EN3c108BFloat16EEEv18HadamardParamsBase
          0 bytes stack frame, 0 bytes spill stores, 0 bytes spill loads
      ptxas info    : Used 90 registers, used 0 barriers
      ptxas info    : Compile time = 71.194 ms
      ptxas info    : Compiling entry function
      '_Z30fast_hadamard_transform_kernelI41fast_hadamard_transform_12N_kernel_traitsILi8ELi5EN3c108BFloat16EEEv18HadamardParamsBase' for 'sm_120'
      ptxas info    : Function properties for
      _Z30fast_hadamard_transform_kernelI41fast_hadamard_transform_12N_kernel_traitsILi8ELi5EN3c108BFloat16EEEv18HadamardParamsBase
          0 bytes stack frame, 0 bytes spill stores, 0 bytes spill loads
      ptxas info    : Used 88 registers, used 0 barriers
      ptxas info    : Compile time = 60.320 ms
      ptxas info    : Compiling entry function
      '_Z30fast_hadamard_transform_kernelI41fast_hadamard_transform_12N_kernel_traitsILi4ELi4EN3c108BFloat16EEEv18HadamardParamsBase' for 'sm_120'
      ptxas info    : Function properties for
      _Z30fast_hadamard_transform_kernelI41fast_hadamard_transform_12N_kernel_traitsILi4ELi4EN3c108BFloat16EEEv18HadamardParamsBase
          0 bytes stack frame, 0 bytes spill stores, 0 bytes spill loads
      ptxas info    : Used 89 registers, used 0 barriers
      ptxas info    : Compile time = 52.934 ms
      ptxas info    : Compiling entry function
      '_Z30fast_hadamard_transform_kernelI41fast_hadamard_transform_12N_kernel_traitsILi2ELi3EN3c108BFloat16EEEv18HadamardParamsBase' for 'sm_120'
      ptxas info    : Function properties for
      _Z30fast_hadamard_transform_kernelI41fast_hadamard_transform_12N_kernel_traitsILi2ELi3EN3c108BFloat16EEEv18HadamardParamsBase
          0 bytes stack frame, 0 bytes spill stores, 0 bytes spill loads
      ptxas info    : Used 94 registers, used 0 barriers
      ptxas info    : Compile time = 47.890 ms
      ptxas info    : Compiling entry function
      '_Z30fast_hadamard_transform_kernelI41fast_hadamard_transform_12N_kernel_traitsILi1ELi2EN3c108BFloat16EEEv18HadamardParamsBase' for 'sm_120'
      ptxas info    : Function properties for
      _Z30fast_hadamard_transform_kernelI41fast_hadamard_transform_12N_kernel_traitsILi1ELi2EN3c108BFloat16EEEv18HadamardParamsBase
          0 bytes stack frame, 0 bytes spill stores, 0 bytes spill loads
      ptxas info    : Used 94 registers, used 0 barriers
      ptxas info    : Compile time = 36.925 ms
      ptxas info    : Compiling entry function
      '_Z30fast_hadamard_transform_kernelI41fast_hadamard_transform_12N_kernel_traitsILi256ELi10EN3c104HalfEEEv18HadamardParamsBase' for 'sm_120'
      ptxas info    : Function properties for
      _Z30fast_hadamard_transform_kernelI41fast_hadamard_transform_12N_kernel_traitsILi256ELi10EN3c104HalfEEEv18HadamardParamsBase
          0 bytes stack frame, 0 bytes spill stores, 0 bytes spill loads
      ptxas info    : Used 80 registers, used 1 barriers
      ptxas info    : Compile time = 125.806 ms
      ptxas info    : Compiling entry function
      '_Z30fast_hadamard_transform_kernelI41fast_hadamard_transform_12N_kernel_traitsILi128ELi9EN3c104HalfEEEv18HadamardParamsBase' for 'sm_120'
      ptxas info    : Function properties for
      _Z30fast_hadamard_transform_kernelI41fast_hadamard_transform_12N_kernel_traitsILi128ELi9EN3c104HalfEEEv18HadamardParamsBase
          0 bytes stack frame, 0 bytes spill stores, 0 bytes spill loads
      ptxas info    : Used 71 registers, used 1 barriers
      ptxas info    : Compile time = 103.338 ms
      ptxas info    : Compiling entry function
      '_Z30fast_hadamard_transform_kernelI41fast_hadamard_transform_12N_kernel_traitsILi64ELi8EN3c104HalfEEEv18HadamardParamsBase' for 'sm_120'
      ptxas info    : Function properties for
      _Z30fast_hadamard_transform_kernelI41fast_hadamard_transform_12N_kernel_traitsILi64ELi8EN3c104HalfEEEv18HadamardParamsBase
          0 bytes stack frame, 0 bytes spill stores, 0 bytes spill loads
      ptxas info    : Used 94 registers, used 1 barriers
      ptxas info    : Compile time = 107.256 ms
      ptxas info    : Compiling entry function
      '_Z30fast_hadamard_transform_kernelI41fast_hadamard_transform_12N_kernel_traitsILi32ELi7EN3c104HalfEEEv18HadamardParamsBase' for 'sm_120'
      ptxas info    : Function properties for
      _Z30fast_hadamard_transform_kernelI41fast_hadamard_transform_12N_kernel_traitsILi32ELi7EN3c104HalfEEEv18HadamardParamsBase
          0 bytes stack frame, 0 bytes spill stores, 0 bytes spill loads
      ptxas info    : Used 91 registers, used 0 barriers
      ptxas info    : Compile time = 79.352 ms
      ptxas info    : Compiling entry function
      '_Z30fast_hadamard_transform_kernelI41fast_hadamard_transform_12N_kernel_traitsILi16ELi6EN3c104HalfEEEv18HadamardParamsBase' for 'sm_120'
      ptxas info    : Function properties for
      _Z30fast_hadamard_transform_kernelI41fast_hadamard_transform_12N_kernel_traitsILi16ELi6EN3c104HalfEEEv18HadamardParamsBase
          0 bytes stack frame, 0 bytes spill stores, 0 bytes spill loads
      ptxas info    : Used 90 registers, used 0 barriers
      ptxas info    : Compile time = 69.851 ms
      ptxas info    : Compiling entry function
      '_Z30fast_hadamard_transform_kernelI41fast_hadamard_transform_12N_kernel_traitsILi8ELi5EN3c104HalfEEEv18HadamardParamsBase' for 'sm_120'
      ptxas info    : Function properties for
      _Z30fast_hadamard_transform_kernelI41fast_hadamard_transform_12N_kernel_traitsILi8ELi5EN3c104HalfEEEv18HadamardParamsBase
          0 bytes stack frame, 0 bytes spill stores, 0 bytes spill loads
      ptxas info    : Used 88 registers, used 0 barriers
      ptxas info    : Compile time = 60.644 ms
      ptxas info    : Compiling entry function
      '_Z30fast_hadamard_transform_kernelI41fast_hadamard_transform_12N_kernel_traitsILi4ELi4EN3c104HalfEEEv18HadamardParamsBase' for 'sm_120'
      ptxas info    : Function properties for
      _Z30fast_hadamard_transform_kernelI41fast_hadamard_transform_12N_kernel_traitsILi4ELi4EN3c104HalfEEEv18HadamardParamsBase
          0 bytes stack frame, 0 bytes spill stores, 0 bytes spill loads
      ptxas info    : Used 89 registers, used 0 barriers
      ptxas info    : Compile time = 50.918 ms
      ptxas info    : Compiling entry function
      '_Z30fast_hadamard_transform_kernelI41fast_hadamard_transform_12N_kernel_traitsILi2ELi3EN3c104HalfEEEv18HadamardParamsBase' for 'sm_120'
      ptxas info    : Function properties for
      _Z30fast_hadamard_transform_kernelI41fast_hadamard_transform_12N_kernel_traitsILi2ELi3EN3c104HalfEEEv18HadamardParamsBase
          0 bytes stack frame, 0 bytes spill stores, 0 bytes spill loads
      ptxas info    : Used 94 registers, used 0 barriers
      ptxas info    : Compile time = 42.679 ms
      ptxas info    : Compiling entry function
      '_Z30fast_hadamard_transform_kernelI41fast_hadamard_transform_12N_kernel_traitsILi1ELi2EN3c104HalfEEEv18HadamardParamsBase' for 'sm_120'
      ptxas info    : Function properties for
      _Z30fast_hadamard_transform_kernelI41fast_hadamard_transform_12N_kernel_traitsILi1ELi2EN3c104HalfEEEv18HadamardParamsBase
          0 bytes stack frame, 0 bytes spill stores, 0 bytes spill loads
      ptxas info    : Used 94 registers, used 0 barriers
      ptxas info    : Compile time = 37.048 ms
      ptxas info    : Compiling entry function '_Z30fast_hadamard_transform_kernelI41fast_hadamard_transform_12N_kernel_traitsILi256ELi10EfEEv18HadamardParamsBase'
      for 'sm_120'
      ptxas info    : Function properties for _Z30fast_hadamard_transform_kernelI41fast_hadamard_transform_12N_kernel_traitsILi256ELi10EfEEv18HadamardParamsBase
          0 bytes stack frame, 0 bytes spill stores, 0 bytes spill loads
      ptxas info    : Used 91 registers, used 1 barriers
      ptxas info    : Compile time = 112.314 ms
      ptxas info    : Compiling entry function '_Z30fast_hadamard_transform_kernelI41fast_hadamard_transform_12N_kernel_traitsILi128ELi9EfEEv18HadamardParamsBase'
      for 'sm_120'
      ptxas info    : Function properties for _Z30fast_hadamard_transform_kernelI41fast_hadamard_transform_12N_kernel_traitsILi128ELi9EfEEv18HadamardParamsBase
          0 bytes stack frame, 0 bytes spill stores, 0 bytes spill loads
      ptxas info    : Used 93 registers, used 1 barriers
      ptxas info    : Compile time = 103.007 ms
      ptxas info    : Compiling entry function '_Z30fast_hadamard_transform_kernelI41fast_hadamard_transform_12N_kernel_traitsILi64ELi8EfEEv18HadamardParamsBase'
      for 'sm_120'
      ptxas info    : Function properties for _Z30fast_hadamard_transform_kernelI41fast_hadamard_transform_12N_kernel_traitsILi64ELi8EfEEv18HadamardParamsBase
          0 bytes stack frame, 0 bytes spill stores, 0 bytes spill loads
      ptxas info    : Used 91 registers, used 1 barriers
      ptxas info    : Compile time = 98.337 ms
      ptxas info    : Compiling entry function '_Z30fast_hadamard_transform_kernelI41fast_hadamard_transform_12N_kernel_traitsILi32ELi7EfEEv18HadamardParamsBase'
      for 'sm_120'
      ptxas info    : Function properties for _Z30fast_hadamard_transform_kernelI41fast_hadamard_transform_12N_kernel_traitsILi32ELi7EfEEv18HadamardParamsBase
          0 bytes stack frame, 0 bytes spill stores, 0 bytes spill loads
      ptxas info    : Used 94 registers, used 0 barriers
      ptxas info    : Compile time = 72.523 ms
      ptxas info    : Compiling entry function '_Z30fast_hadamard_transform_kernelI41fast_hadamard_transform_12N_kernel_traitsILi16ELi6EfEEv18HadamardParamsBase'
      for 'sm_120'
      ptxas info    : Function properties for _Z30fast_hadamard_transform_kernelI41fast_hadamard_transform_12N_kernel_traitsILi16ELi6EfEEv18HadamardParamsBase
          0 bytes stack frame, 0 bytes spill stores, 0 bytes spill loads
      ptxas info    : Used 90 registers, used 0 barriers
      ptxas info    : Compile time = 62.946 ms
      ptxas info    : Compiling entry function '_Z30fast_hadamard_transform_kernelI41fast_hadamard_transform_12N_kernel_traitsILi8ELi5EfEEv18HadamardParamsBase'
      for 'sm_120'
      ptxas info    : Function properties for _Z30fast_hadamard_transform_kernelI41fast_hadamard_transform_12N_kernel_traitsILi8ELi5EfEEv18HadamardParamsBase
          0 bytes stack frame, 0 bytes spill stores, 0 bytes spill loads
      ptxas info    : Used 90 registers, used 0 barriers
      ptxas info    : Compile time = 53.699 ms
      ptxas info    : Compiling entry function '_Z30fast_hadamard_transform_kernelI41fast_hadamard_transform_12N_kernel_traitsILi4ELi4EfEEv18HadamardParamsBase'
      for 'sm_120'
      ptxas info    : Function properties for _Z30fast_hadamard_transform_kernelI41fast_hadamard_transform_12N_kernel_traitsILi4ELi4EfEEv18HadamardParamsBase
          0 bytes stack frame, 0 bytes spill stores, 0 bytes spill loads
      ptxas info    : Used 89 registers, used 0 barriers
      ptxas info    : Compile time = 46.462 ms
      ptxas info    : Compiling entry function '_Z30fast_hadamard_transform_kernelI41fast_hadamard_transform_12N_kernel_traitsILi2ELi3EfEEv18HadamardParamsBase'
      for 'sm_120'
      ptxas info    : Function properties for _Z30fast_hadamard_transform_kernelI41fast_hadamard_transform_12N_kernel_traitsILi2ELi3EfEEv18HadamardParamsBase
          0 bytes stack frame, 0 bytes spill stores, 0 bytes spill loads
      ptxas info    : Used 86 registers, used 0 barriers
      ptxas info    : Compile time = 37.294 ms
      ptxas info    : Compiling entry function '_Z30fast_hadamard_transform_kernelI41fast_hadamard_transform_12N_kernel_traitsILi1ELi2EfEEv18HadamardParamsBase'
      for 'sm_120'
      ptxas info    : Function properties for _Z30fast_hadamard_transform_kernelI41fast_hadamard_transform_12N_kernel_traitsILi1ELi2EfEEv18HadamardParamsBase
          0 bytes stack frame, 0 bytes spill stores, 0 bytes spill loads
      ptxas info    : Used 91 registers, used 0 barriers
      ptxas info    : Compile time = 30.621 ms
      ptxas info    : Compiling entry function
      '_Z30fast_hadamard_transform_kernelI37fast_hadamard_transform_kernel_traitsILi256ELi15EN3c108BFloat16EEEv18HadamardParamsBase' for 'sm_120'
      ptxas info    : Function properties for
      _Z30fast_hadamard_transform_kernelI37fast_hadamard_transform_kernel_traitsILi256ELi15EN3c108BFloat16EEEv18HadamardParamsBase
          0 bytes stack frame, 0 bytes spill stores, 0 bytes spill loads
      ptxas info    : Used 195 registers, used 1 barriers
      ptxas info    : Compile time = 447.158 ms
      ptxas info    : Compiling entry function
      '_Z30fast_hadamard_transform_kernelI37fast_hadamard_transform_kernel_traitsILi256ELi14EN3c108BFloat16EEEv18HadamardParamsBase' for 'sm_120'
      ptxas info    : Function properties for
      _Z30fast_hadamard_transform_kernelI37fast_hadamard_transform_kernel_traitsILi256ELi14EN3c108BFloat16EEEv18HadamardParamsBase
          0 bytes stack frame, 0 bytes spill stores, 0 bytes spill loads
      ptxas info    : Used 78 registers, used 1 barriers
      ptxas info    : Compile time = 138.055 ms
      ptxas info    : Compiling entry function
      '_Z30fast_hadamard_transform_kernelI37fast_hadamard_transform_kernel_traitsILi256ELi13EN3c108BFloat16EEEv18HadamardParamsBase' for 'sm_120'
      ptxas info    : Function properties for
      _Z30fast_hadamard_transform_kernelI37fast_hadamard_transform_kernel_traitsILi256ELi13EN3c108BFloat16EEEv18HadamardParamsBase
          0 bytes stack frame, 0 bytes spill stores, 0 bytes spill loads
      ptxas info    : Used 56 registers, used 1 barriers
      ptxas info    : Compile time = 53.267 ms
      ptxas info    : Compiling entry function
      '_Z30fast_hadamard_transform_kernelI37fast_hadamard_transform_kernel_traitsILi256ELi12EN3c108BFloat16EEEv18HadamardParamsBase' for 'sm_120'
      ptxas info    : Function properties for
      _Z30fast_hadamard_transform_kernelI37fast_hadamard_transform_kernel_traitsILi256ELi12EN3c108BFloat16EEEv18HadamardParamsBase
          0 bytes stack frame, 0 bytes spill stores, 0 bytes spill loads
      ptxas info    : Used 39 registers, used 1 barriers
      ptxas info    : Compile time = 25.597 ms
      ptxas info    : Compiling entry function
      '_Z30fast_hadamard_transform_kernelI37fast_hadamard_transform_kernel_traitsILi256ELi11EN3c108BFloat16EEEv18HadamardParamsBase' for 'sm_120'
      ptxas info    : Function properties for
      _Z30fast_hadamard_transform_kernelI37fast_hadamard_transform_kernel_traitsILi256ELi11EN3c108BFloat16EEEv18HadamardParamsBase
          0 bytes stack frame, 0 bytes spill stores, 0 bytes spill loads
      ptxas info    : Used 28 registers, used 1 barriers
      ptxas info    : Compile time = 13.159 ms
      ptxas info    : Compiling entry function
      '_Z30fast_hadamard_transform_kernelI37fast_hadamard_transform_kernel_traitsILi128ELi10EN3c108BFloat16EEEv18HadamardParamsBase' for 'sm_120'
      ptxas info    : Function properties for
      _Z30fast_hadamard_transform_kernelI37fast_hadamard_transform_kernel_traitsILi128ELi10EN3c108BFloat16EEEv18HadamardParamsBase
          0 bytes stack frame, 0 bytes spill stores, 0 bytes spill loads
      ptxas info    : Used 30 registers, used 1 barriers
      ptxas info    : Compile time = 12.216 ms
      ptxas info    : Compiling entry function
      '_Z30fast_hadamard_transform_kernelI37fast_hadamard_transform_kernel_traitsILi32ELi9EN3c108BFloat16EEEv18HadamardParamsBase' for 'sm_120'
      ptxas info    : Function properties for
      _Z30fast_hadamard_transform_kernelI37fast_hadamard_transform_kernel_traitsILi32ELi9EN3c108BFloat16EEEv18HadamardParamsBase
          0 bytes stack frame, 0 bytes spill stores, 0 bytes spill loads
      ptxas info    : Used 35 registers, used 0 barriers
      ptxas info    : Compile time = 16.760 ms
      ptxas info    : Compiling entry function
      '_Z30fast_hadamard_transform_kernelI37fast_hadamard_transform_kernel_traitsILi32ELi8EN3c108BFloat16EEEv18HadamardParamsBase' for 'sm_120'
      ptxas info    : Function properties for
      _Z30fast_hadamard_transform_kernelI37fast_hadamard_transform_kernel_traitsILi32ELi8EN3c108BFloat16EEEv18HadamardParamsBase
          0 bytes stack frame, 0 bytes spill stores, 0 bytes spill loads
      ptxas info    : Used 20 registers, used 0 barriers
      ptxas info    : Compile time = 8.917 ms
      ptxas info    : Compiling entry function
      '_Z30fast_hadamard_transform_kernelI37fast_hadamard_transform_kernel_traitsILi16ELi7EN3c108BFloat16EEEv18HadamardParamsBase' for 'sm_120'
      ptxas info    : Function properties for
      _Z30fast_hadamard_transform_kernelI37fast_hadamard_transform_kernel_traitsILi16ELi7EN3c108BFloat16EEEv18HadamardParamsBase
          0 bytes stack frame, 0 bytes spill stores, 0 bytes spill loads
      ptxas info    : Used 20 registers, used 0 barriers
      ptxas info    : Compile time = 7.968 ms
      ptxas info    : Compiling entry function
      '_Z30fast_hadamard_transform_kernelI37fast_hadamard_transform_kernel_traitsILi8ELi6EN3c108BFloat16EEEv18HadamardParamsBase' for 'sm_120'
      ptxas info    : Function properties for
      _Z30fast_hadamard_transform_kernelI37fast_hadamard_transform_kernel_traitsILi8ELi6EN3c108BFloat16EEEv18HadamardParamsBase
          0 bytes stack frame, 0 bytes spill stores, 0 bytes spill loads
      ptxas info    : Used 20 registers, used 0 barriers
      ptxas info    : Compile time = 7.094 ms
      ptxas info    : Compiling entry function
      '_Z30fast_hadamard_transform_kernelI37fast_hadamard_transform_kernel_traitsILi4ELi5EN3c108BFloat16EEEv18HadamardParamsBase' for 'sm_120'
      ptxas info    : Function properties for
      _Z30fast_hadamard_transform_kernelI37fast_hadamard_transform_kernel_traitsILi4ELi5EN3c108BFloat16EEEv18HadamardParamsBase
          0 bytes stack frame, 0 bytes spill stores, 0 bytes spill loads
      ptxas info    : Used 20 registers, used 0 barriers
      ptxas info    : Compile time = 6.045 ms
      ptxas info    : Compiling entry function
      '_Z30fast_hadamard_transform_kernelI37fast_hadamard_transform_kernel_traitsILi2ELi4EN3c108BFloat16EEEv18HadamardParamsBase' for 'sm_120'
      ptxas info    : Function properties for
      _Z30fast_hadamard_transform_kernelI37fast_hadamard_transform_kernel_traitsILi2ELi4EN3c108BFloat16EEEv18HadamardParamsBase
          0 bytes stack frame, 0 bytes spill stores, 0 bytes spill loads
      ptxas info    : Used 22 registers, used 0 barriers
      ptxas info    : Compile time = 5.091 ms
      ptxas info    : Compiling entry function
      '_Z30fast_hadamard_transform_kernelI37fast_hadamard_transform_kernel_traitsILi1ELi3EN3c108BFloat16EEEv18HadamardParamsBase' for 'sm_120'
      ptxas info    : Function properties for
      _Z30fast_hadamard_transform_kernelI37fast_hadamard_transform_kernel_traitsILi1ELi3EN3c108BFloat16EEEv18HadamardParamsBase
          0 bytes stack frame, 0 bytes spill stores, 0 bytes spill loads
      ptxas info    : Used 18 registers, used 0 barriers
      ptxas info    : Compile time = 4.069 ms
      ptxas info    : Compiling entry function
      '_Z30fast_hadamard_transform_kernelI37fast_hadamard_transform_kernel_traitsILi256ELi15EN3c104HalfEEEv18HadamardParamsBase' for 'sm_120'
      ptxas info    : Function properties for
      _Z30fast_hadamard_transform_kernelI37fast_hadamard_transform_kernel_traitsILi256ELi15EN3c104HalfEEEv18HadamardParamsBase
          0 bytes stack frame, 0 bytes spill stores, 0 bytes spill loads
      ptxas info    : Used 195 registers, used 1 barriers
      ptxas info    : Compile time = 423.006 ms
      ptxas info    : Compiling entry function
      '_Z30fast_hadamard_transform_kernelI37fast_hadamard_transform_kernel_traitsILi256ELi14EN3c104HalfEEEv18HadamardParamsBase' for 'sm_120'
      ptxas info    : Function properties for
      _Z30fast_hadamard_transform_kernelI37fast_hadamard_transform_kernel_traitsILi256ELi14EN3c104HalfEEEv18HadamardParamsBase
          0 bytes stack frame, 0 bytes spill stores, 0 bytes spill loads
      ptxas info    : Used 78 registers, used 1 barriers
      ptxas info    : Compile time = 131.596 ms
      ptxas info    : Compiling entry function
      '_Z30fast_hadamard_transform_kernelI37fast_hadamard_transform_kernel_traitsILi256ELi13EN3c104HalfEEEv18HadamardParamsBase' for 'sm_120'
      ptxas info    : Function properties for
      _Z30fast_hadamard_transform_kernelI37fast_hadamard_transform_kernel_traitsILi256ELi13EN3c104HalfEEEv18HadamardParamsBase
          0 bytes stack frame, 0 bytes spill stores, 0 bytes spill loads
      ptxas info    : Used 56 registers, used 1 barriers
      ptxas info    : Compile time = 52.819 ms
      ptxas info    : Compiling entry function
      '_Z30fast_hadamard_transform_kernelI37fast_hadamard_transform_kernel_traitsILi256ELi12EN3c104HalfEEEv18HadamardParamsBase' for 'sm_120'
      ptxas info    : Function properties for
      _Z30fast_hadamard_transform_kernelI37fast_hadamard_transform_kernel_traitsILi256ELi12EN3c104HalfEEEv18HadamardParamsBase
          0 bytes stack frame, 0 bytes spill stores, 0 bytes spill loads
      ptxas info    : Used 39 registers, used 1 barriers
      ptxas info    : Compile time = 25.167 ms
      ptxas info    : Compiling entry function
      '_Z30fast_hadamard_transform_kernelI37fast_hadamard_transform_kernel_traitsILi256ELi11EN3c104HalfEEEv18HadamardParamsBase' for 'sm_120'
      ptxas info    : Function properties for
      _Z30fast_hadamard_transform_kernelI37fast_hadamard_transform_kernel_traitsILi256ELi11EN3c104HalfEEEv18HadamardParamsBase
          0 bytes stack frame, 0 bytes spill stores, 0 bytes spill loads
      ptxas info    : Used 28 registers, used 1 barriers
      ptxas info    : Compile time = 13.173 ms
      ptxas info    : Compiling entry function
      '_Z30fast_hadamard_transform_kernelI37fast_hadamard_transform_kernel_traitsILi128ELi10EN3c104HalfEEEv18HadamardParamsBase' for 'sm_120'
      ptxas info    : Function properties for
      _Z30fast_hadamard_transform_kernelI37fast_hadamard_transform_kernel_traitsILi128ELi10EN3c104HalfEEEv18HadamardParamsBase
          0 bytes stack frame, 0 bytes spill stores, 0 bytes spill loads
      ptxas info    : Used 30 registers, used 1 barriers
      ptxas info    : Compile time = 12.194 ms
      ptxas info    : Compiling entry function
      '_Z30fast_hadamard_transform_kernelI37fast_hadamard_transform_kernel_traitsILi32ELi9EN3c104HalfEEEv18HadamardParamsBase' for 'sm_120'
      ptxas info    : Function properties for _Z30fast_hadamard_transform_kernelI37fast_hadamard_transform_kernel_traitsILi32ELi9EN3c104HalfEEEv18HadamardParamsBase
          0 bytes stack frame, 0 bytes spill stores, 0 bytes spill loads
      ptxas info    : Used 35 registers, used 0 barriers
      ptxas info    : Compile time = 16.712 ms
      ptxas info    : Compiling entry function
      '_Z30fast_hadamard_transform_kernelI37fast_hadamard_transform_kernel_traitsILi32ELi8EN3c104HalfEEEv18HadamardParamsBase' for 'sm_120'
      ptxas info    : Function properties for _Z30fast_hadamard_transform_kernelI37fast_hadamard_transform_kernel_traitsILi32ELi8EN3c104HalfEEEv18HadamardParamsBase
          0 bytes stack frame, 0 bytes spill stores, 0 bytes spill loads
      ptxas info    : Used 20 registers, used 0 barriers
      ptxas info    : Compile time = 8.908 ms
      ptxas info    : Compiling entry function
      '_Z30fast_hadamard_transform_kernelI37fast_hadamard_transform_kernel_traitsILi16ELi7EN3c104HalfEEEv18HadamardParamsBase' for 'sm_120'
      ptxas info    : Function properties for _Z30fast_hadamard_transform_kernelI37fast_hadamard_transform_kernel_traitsILi16ELi7EN3c104HalfEEEv18HadamardParamsBase
          0 bytes stack frame, 0 bytes spill stores, 0 bytes spill loads
      ptxas info    : Used 20 registers, used 0 barriers
      ptxas info    : Compile time = 7.888 ms
      ptxas info    : Compiling entry function
      '_Z30fast_hadamard_transform_kernelI37fast_hadamard_transform_kernel_traitsILi8ELi6EN3c104HalfEEEv18HadamardParamsBase' for 'sm_120'
      ptxas info    : Function properties for _Z30fast_hadamard_transform_kernelI37fast_hadamard_transform_kernel_traitsILi8ELi6EN3c104HalfEEEv18HadamardParamsBase
          0 bytes stack frame, 0 bytes spill stores, 0 bytes spill loads
      ptxas info    : Used 20 registers, used 0 barriers
      ptxas info    : Compile time = 7.028 ms
      ptxas info    : Compiling entry function
      '_Z30fast_hadamard_transform_kernelI37fast_hadamard_transform_kernel_traitsILi4ELi5EN3c104HalfEEEv18HadamardParamsBase' for 'sm_120'
      ptxas info    : Function properties for _Z30fast_hadamard_transform_kernelI37fast_hadamard_transform_kernel_traitsILi4ELi5EN3c104HalfEEEv18HadamardParamsBase
          0 bytes stack frame, 0 bytes spill stores, 0 bytes spill loads
      ptxas info    : Used 20 registers, used 0 barriers
      ptxas info    : Compile time = 6.003 ms
      ptxas info    : Compiling entry function
      '_Z30fast_hadamard_transform_kernelI37fast_hadamard_transform_kernel_traitsILi2ELi4EN3c104HalfEEEv18HadamardParamsBase' for 'sm_120'
      ptxas info    : Function properties for _Z30fast_hadamard_transform_kernelI37fast_hadamard_transform_kernel_traitsILi2ELi4EN3c104HalfEEEv18HadamardParamsBase
          0 bytes stack frame, 0 bytes spill stores, 0 bytes spill loads
      ptxas info    : Used 22 registers, used 0 barriers
      ptxas info    : Compile time = 4.971 ms
      ptxas info    : Compiling entry function
      '_Z30fast_hadamard_transform_kernelI37fast_hadamard_transform_kernel_traitsILi1ELi3EN3c104HalfEEEv18HadamardParamsBase' for 'sm_120'
      ptxas info    : Function properties for _Z30fast_hadamard_transform_kernelI37fast_hadamard_transform_kernel_traitsILi1ELi3EN3c104HalfEEEv18HadamardParamsBase
          0 bytes stack frame, 0 bytes spill stores, 0 bytes spill loads
      ptxas info    : Used 18 registers, used 0 barriers
      ptxas info    : Compile time = 4.001 ms
      ptxas info    : Compiling entry function '_Z30fast_hadamard_transform_kernelI37fast_hadamard_transform_kernel_traitsILi256ELi15EfEEv18HadamardParamsBase'
      for 'sm_120'
      ptxas info    : Function properties for _Z30fast_hadamard_transform_kernelI37fast_hadamard_transform_kernel_traitsILi256ELi15EfEEv18HadamardParamsBase
          0 bytes stack frame, 0 bytes spill stores, 0 bytes spill loads
      ptxas info    : Used 196 registers, used 1 barriers
      ptxas info    : Compile time = 429.778 ms
      ptxas info    : Compiling entry function '_Z30fast_hadamard_transform_kernelI37fast_hadamard_transform_kernel_traitsILi256ELi14EfEEv18HadamardParamsBase'
      for 'sm_120'
      ptxas info    : Function properties for _Z30fast_hadamard_transform_kernelI37fast_hadamard_transform_kernel_traitsILi256ELi14EfEEv18HadamardParamsBase
          0 bytes stack frame, 0 bytes spill stores, 0 bytes spill loads
      ptxas info    : Used 92 registers, used 1 barriers
      ptxas info    : Compile time = 149.232 ms
      ptxas info    : Compiling entry function '_Z30fast_hadamard_transform_kernelI37fast_hadamard_transform_kernel_traitsILi256ELi13EfEEv18HadamardParamsBase'
      for 'sm_120'
      ptxas info    : Function properties for _Z30fast_hadamard_transform_kernelI37fast_hadamard_transform_kernel_traitsILi256ELi13EfEEv18HadamardParamsBase
          0 bytes stack frame, 0 bytes spill stores, 0 bytes spill loads
      ptxas info    : Used 58 registers, used 1 barriers
      ptxas info    : Compile time = 53.375 ms
      ptxas info    : Compiling entry function '_Z30fast_hadamard_transform_kernelI37fast_hadamard_transform_kernel_traitsILi256ELi12EfEEv18HadamardParamsBase'
      for 'sm_120'
      ptxas info    : Function properties for _Z30fast_hadamard_transform_kernelI37fast_hadamard_transform_kernel_traitsILi256ELi12EfEEv18HadamardParamsBase
          0 bytes stack frame, 0 bytes spill stores, 0 bytes spill loads
      ptxas info    : Used 42 registers, used 1 barriers
      ptxas info    : Compile time = 26.052 ms
      ptxas info    : Compiling entry function '_Z30fast_hadamard_transform_kernelI37fast_hadamard_transform_kernel_traitsILi256ELi11EfEEv18HadamardParamsBase'
      for 'sm_120'
      ptxas info    : Function properties for _Z30fast_hadamard_transform_kernelI37fast_hadamard_transform_kernel_traitsILi256ELi11EfEEv18HadamardParamsBase
          0 bytes stack frame, 0 bytes spill stores, 0 bytes spill loads
      ptxas info    : Used 29 registers, used 1 barriers
      ptxas info    : Compile time = 13.188 ms
      ptxas info    : Compiling entry function '_Z30fast_hadamard_transform_kernelI37fast_hadamard_transform_kernel_traitsILi128ELi10EfEEv18HadamardParamsBase'
      for 'sm_120'
      ptxas info    : Function properties for _Z30fast_hadamard_transform_kernelI37fast_hadamard_transform_kernel_traitsILi128ELi10EfEEv18HadamardParamsBase
          0 bytes stack frame, 0 bytes spill stores, 0 bytes spill loads
      ptxas info    : Used 31 registers, used 1 barriers
      ptxas info    : Compile time = 12.251 ms
      ptxas info    : Compiling entry function '_Z30fast_hadamard_transform_kernelI37fast_hadamard_transform_kernel_traitsILi32ELi9EfEEv18HadamardParamsBase'
      for 'sm_120'
      ptxas info    : Function properties for _Z30fast_hadamard_transform_kernelI37fast_hadamard_transform_kernel_traitsILi32ELi9EfEEv18HadamardParamsBase
          0 bytes stack frame, 0 bytes spill stores, 0 bytes spill loads
      ptxas info    : Used 41 registers, used 0 barriers
      ptxas info    : Compile time = 16.815 ms
      ptxas info    : Compiling entry function '_Z30fast_hadamard_transform_kernelI37fast_hadamard_transform_kernel_traitsILi32ELi8EfEEv18HadamardParamsBase'
      for 'sm_120'
      ptxas info    : Function properties for _Z30fast_hadamard_transform_kernelI37fast_hadamard_transform_kernel_traitsILi32ELi8EfEEv18HadamardParamsBase
          0 bytes stack frame, 0 bytes spill stores, 0 bytes spill loads
      ptxas info    : Used 23 registers, used 0 barriers
      ptxas info    : Compile time = 8.975 ms
      ptxas info    : Compiling entry function '_Z30fast_hadamard_transform_kernelI37fast_hadamard_transform_kernel_traitsILi16ELi7EfEEv18HadamardParamsBase'
      for 'sm_120'
      ptxas info    : Function properties for _Z30fast_hadamard_transform_kernelI37fast_hadamard_transform_kernel_traitsILi16ELi7EfEEv18HadamardParamsBase
          0 bytes stack frame, 0 bytes spill stores, 0 bytes spill loads
      ptxas info    : Used 23 registers, used 0 barriers
      ptxas info    : Compile time = 7.971 ms
      ptxas info    : Compiling entry function '_Z30fast_hadamard_transform_kernelI37fast_hadamard_transform_kernel_traitsILi8ELi6EfEEv18HadamardParamsBase'
      for 'sm_120'
      ptxas info    : Function properties for _Z30fast_hadamard_transform_kernelI37fast_hadamard_transform_kernel_traitsILi8ELi6EfEEv18HadamardParamsBase
          0 bytes stack frame, 0 bytes spill stores, 0 bytes spill loads
      ptxas info    : Used 23 registers, used 0 barriers
      ptxas info    : Compile time = 6.969 ms
      ptxas info    : Compiling entry function '_Z30fast_hadamard_transform_kernelI37fast_hadamard_transform_kernel_traitsILi4ELi5EfEEv18HadamardParamsBase'
      for 'sm_120'
      ptxas info    : Function properties for _Z30fast_hadamard_transform_kernelI37fast_hadamard_transform_kernel_traitsILi4ELi5EfEEv18HadamardParamsBase
          0 bytes stack frame, 0 bytes spill stores, 0 bytes spill loads
      ptxas info    : Used 24 registers, used 0 barriers
      ptxas info    : Compile time = 6.048 ms
      ptxas info    : Compiling entry function '_Z30fast_hadamard_transform_kernelI37fast_hadamard_transform_kernel_traitsILi2ELi4EfEEv18HadamardParamsBase'
      for 'sm_120'
      ptxas info    : Function properties for _Z30fast_hadamard_transform_kernelI37fast_hadamard_transform_kernel_traitsILi2ELi4EfEEv18HadamardParamsBase
          0 bytes stack frame, 0 bytes spill stores, 0 bytes spill loads
      ptxas info    : Used 26 registers, used 0 barriers
      ptxas info    : Compile time = 5.146 ms
      ptxas info    : Compiling entry function '_Z30fast_hadamard_transform_kernelI37fast_hadamard_transform_kernel_traitsILi1ELi3EfEEv18HadamardParamsBase'
      for 'sm_120'
      ptxas info    : Function properties for _Z30fast_hadamard_transform_kernelI37fast_hadamard_transform_kernel_traitsILi1ELi3EfEEv18HadamardParamsBase
          0 bytes stack frame, 0 bytes spill stores, 0 bytes spill loads
      ptxas info    : Used 23 registers, used 0 barriers
      ptxas info    : Compile time = 3.934 ms
      ptxas info    : 0 bytes gmem
      ptxas info    : Compiling entry function
      '_Z30fast_hadamard_transform_kernelI41fast_hadamard_transform_40N_kernel_traitsILi256ELi10EN3c108BFloat16EEEv18HadamardParamsBase' for 'sm_121'
      ptxas info    : Function properties for
      _Z30fast_hadamard_transform_kernelI41fast_hadamard_transform_40N_kernel_traitsILi256ELi10EN3c108BFloat16EEEv18HadamardParamsBase
          208 bytes stack frame, 208 bytes spill stores, 208 bytes spill loads
      ptxas info    : Used 255 registers, used 1 barriers, 208 bytes cumulative stack size
      ptxas info    : Compile time = 894.858 ms
      ptxas info    : Compiling entry function
      '_Z30fast_hadamard_transform_kernelI41fast_hadamard_transform_40N_kernel_traitsILi128ELi9EN3c108BFloat16EEEv18HadamardParamsBase' for 'sm_121'
      ptxas info    : Function properties for
      _Z30fast_hadamard_transform_kernelI41fast_hadamard_transform_40N_kernel_traitsILi128ELi9EN3c108BFloat16EEEv18HadamardParamsBase
          136 bytes stack frame, 136 bytes spill stores, 136 bytes spill loads
      ptxas info    : Used 255 registers, used 1 barriers, 136 bytes cumulative stack size
      ptxas info    : Compile time = 869.543 ms
      ptxas info    : Compiling entry function
      '_Z30fast_hadamard_transform_kernelI41fast_hadamard_transform_40N_kernel_traitsILi64ELi8EN3c108BFloat16EEEv18HadamardParamsBase' for 'sm_121'
      ptxas info    : Function properties for
      _Z30fast_hadamard_transform_kernelI41fast_hadamard_transform_40N_kernel_traitsILi64ELi8EN3c108BFloat16EEEv18HadamardParamsBase
          144 bytes stack frame, 140 bytes spill stores, 140 bytes spill loads
      ptxas info    : Used 255 registers, used 1 barriers, 144 bytes cumulative stack size
      ptxas info    : Compile time = 810.824 ms
      ptxas info    : Compiling entry function
      '_Z30fast_hadamard_transform_kernelI41fast_hadamard_transform_40N_kernel_traitsILi32ELi7EN3c108BFloat16EEEv18HadamardParamsBase' for 'sm_121'
      ptxas info    : Function properties for
      _Z30fast_hadamard_transform_kernelI41fast_hadamard_transform_40N_kernel_traitsILi32ELi7EN3c108BFloat16EEEv18HadamardParamsBase
          216 bytes stack frame, 212 bytes spill stores, 212 bytes spill loads
      ptxas info    : Used 255 registers, used 0 barriers, 216 bytes cumulative stack size
      ptxas info    : Compile time = 809.786 ms
      ptxas info    : Compiling entry function
      '_Z30fast_hadamard_transform_kernelI41fast_hadamard_transform_40N_kernel_traitsILi16ELi6EN3c108BFloat16EEEv18HadamardParamsBase' for 'sm_121'
      ptxas info    : Function properties for
      _Z30fast_hadamard_transform_kernelI41fast_hadamard_transform_40N_kernel_traitsILi16ELi6EN3c108BFloat16EEEv18HadamardParamsBase
          232 bytes stack frame, 224 bytes spill stores, 224 bytes spill loads
      ptxas info    : Used 255 registers, used 0 barriers, 232 bytes cumulative stack size
      ptxas info    : Compile time = 773.204 ms
      ptxas info    : Compiling entry function
      '_Z30fast_hadamard_transform_kernelI41fast_hadamard_transform_40N_kernel_traitsILi8ELi5EN3c108BFloat16EEEv18HadamardParamsBase' for 'sm_121'
      ptxas info    : Function properties for
      _Z30fast_hadamard_transform_kernelI41fast_hadamard_transform_40N_kernel_traitsILi8ELi5EN3c108BFloat16EEEv18HadamardParamsBase
          240 bytes stack frame, 232 bytes spill stores, 232 bytes spill loads
      ptxas info    : Used 255 registers, used 0 barriers, 240 bytes cumulative stack size
      ptxas info    : Compile time = 641.082 ms
      ptxas info    : Compiling entry function
      '_Z30fast_hadamard_transform_kernelI41fast_hadamard_transform_40N_kernel_traitsILi4ELi4EN3c108BFloat16EEEv18HadamardParamsBase' for 'sm_121'
      ptxas info    : Function properties for
      _Z30fast_hadamard_transform_kernelI41fast_hadamard_transform_40N_kernel_traitsILi4ELi4EN3c108BFloat16EEEv18HadamardParamsBase
          248 bytes stack frame, 252 bytes spill stores, 252 bytes spill loads
      ptxas info    : Used 255 registers, used 0 barriers, 248 bytes cumulative stack size
      ptxas info    : Compile time = 499.013 ms
      ptxas info    : Compiling entry function
      '_Z30fast_hadamard_transform_kernelI41fast_hadamard_transform_40N_kernel_traitsILi2ELi3EN3c108BFloat16EEEv18HadamardParamsBase' for 'sm_121'
      ptxas info    : Function properties for
      _Z30fast_hadamard_transform_kernelI41fast_hadamard_transform_40N_kernel_traitsILi2ELi3EN3c108BFloat16EEEv18HadamardParamsBase
          240 bytes stack frame, 232 bytes spill stores, 232 bytes spill loads
      ptxas info    : Used 255 registers, used 0 barriers, 240 bytes cumulative stack size
      ptxas info    : Compile time = 455.835 ms
      ptxas info    : Compiling entry function
      '_Z30fast_hadamard_transform_kernelI41fast_hadamard_transform_40N_kernel_traitsILi1ELi2EN3c108BFloat16EEEv18HadamardParamsBase' for 'sm_121'
      ptxas info    : Function properties for
      _Z30fast_hadamard_transform_kernelI41fast_hadamard_transform_40N_kernel_traitsILi1ELi2EN3c108BFloat16EEEv18HadamardParamsBase
          224 bytes stack frame, 220 bytes spill stores, 220 bytes spill loads
      ptxas info    : Used 255 registers, used 0 barriers, 224 bytes cumulative stack size
      ptxas info    : Compile time = 399.688 ms
      ptxas info    : Compiling entry function
      '_Z30fast_hadamard_transform_kernelI41fast_hadamard_transform_40N_kernel_traitsILi256ELi10EN3c104HalfEEEv18HadamardParamsBase' for 'sm_121'
      ptxas info    : Function properties for
      _Z30fast_hadamard_transform_kernelI41fast_hadamard_transform_40N_kernel_traitsILi256ELi10EN3c104HalfEEEv18HadamardParamsBase
          208 bytes stack frame, 208 bytes spill stores, 208 bytes spill loads
      ptxas info    : Used 255 registers, used 1 barriers, 208 bytes cumulative stack size
      ptxas info    : Compile time = 889.728 ms
      ptxas info    : Compiling entry function
      '_Z30fast_hadamard_transform_kernelI41fast_hadamard_transform_40N_kernel_traitsILi128ELi9EN3c104HalfEEEv18HadamardParamsBase' for 'sm_121'
      ptxas info    : Function properties for
      _Z30fast_hadamard_transform_kernelI41fast_hadamard_transform_40N_kernel_traitsILi128ELi9EN3c104HalfEEEv18HadamardParamsBase
          136 bytes stack frame, 136 bytes spill stores, 136 bytes spill loads
      ptxas info    : Used 255 registers, used 1 barriers, 136 bytes cumulative stack size
      ptxas info    : Compile time = 824.981 ms
      ptxas info    : Compiling entry function
      '_Z30fast_hadamard_transform_kernelI41fast_hadamard_transform_40N_kernel_traitsILi64ELi8EN3c104HalfEEEv18HadamardParamsBase' for 'sm_121'
      ptxas info    : Function properties for
      _Z30fast_hadamard_transform_kernelI41fast_hadamard_transform_40N_kernel_traitsILi64ELi8EN3c104HalfEEEv18HadamardParamsBase
          144 bytes stack frame, 140 bytes spill stores, 140 bytes spill loads
      ptxas info    : Used 255 registers, used 1 barriers, 144 bytes cumulative stack size
      ptxas info    : Compile time = 881.274 ms
      ptxas info    : Compiling entry function
      '_Z30fast_hadamard_transform_kernelI41fast_hadamard_transform_40N_kernel_traitsILi32ELi7EN3c104HalfEEEv18HadamardParamsBase' for 'sm_121'
      ptxas info    : Function properties for
      _Z30fast_hadamard_transform_kernelI41fast_hadamard_transform_40N_kernel_traitsILi32ELi7EN3c104HalfEEEv18HadamardParamsBase
          216 bytes stack frame, 212 bytes spill stores, 212 bytes spill loads
      ptxas info    : Used 255 registers, used 0 barriers, 216 bytes cumulative stack size
      ptxas info    : Compile time = 844.915 ms
      ptxas info    : Compiling entry function
      '_Z30fast_hadamard_transform_kernelI41fast_hadamard_transform_40N_kernel_traitsILi16ELi6EN3c104HalfEEEv18HadamardParamsBase' for 'sm_121'
      ptxas info    : Function properties for
      _Z30fast_hadamard_transform_kernelI41fast_hadamard_transform_40N_kernel_traitsILi16ELi6EN3c104HalfEEEv18HadamardParamsBase
          232 bytes stack frame, 224 bytes spill stores, 224 bytes spill loads
      ptxas info    : Used 255 registers, used 0 barriers, 232 bytes cumulative stack size
      ptxas info    : Compile time = 952.617 ms
      ptxas info    : Compiling entry function
      '_Z30fast_hadamard_transform_kernelI41fast_hadamard_transform_40N_kernel_traitsILi8ELi5EN3c104HalfEEEv18HadamardParamsBase' for 'sm_121'
      ptxas info    : Function properties for
      _Z30fast_hadamard_transform_kernelI41fast_hadamard_transform_40N_kernel_traitsILi8ELi5EN3c104HalfEEEv18HadamardParamsBase
          240 bytes stack frame, 232 bytes spill stores, 232 bytes spill loads
      ptxas info    : Used 255 registers, used 0 barriers, 240 bytes cumulative stack size
      ptxas info    : Compile time = 718.761 ms
      ptxas info    : Compiling entry function
      '_Z30fast_hadamard_transform_kernelI41fast_hadamard_transform_40N_kernel_traitsILi4ELi4EN3c104HalfEEEv18HadamardParamsBase' for 'sm_121'
      ptxas info    : Function properties for
      _Z30fast_hadamard_transform_kernelI41fast_hadamard_transform_40N_kernel_traitsILi4ELi4EN3c104HalfEEEv18HadamardParamsBase
          248 bytes stack frame, 252 bytes spill stores, 252 bytes spill loads
      ptxas info    : Used 255 registers, used 0 barriers, 248 bytes cumulative stack size
      ptxas info    : Compile time = 911.842 ms
      ptxas info    : Compiling entry function
      '_Z30fast_hadamard_transform_kernelI41fast_hadamard_transform_40N_kernel_traitsILi2ELi3EN3c104HalfEEEv18HadamardParamsBase' for 'sm_121'
      ptxas info    : Function properties for
      _Z30fast_hadamard_transform_kernelI41fast_hadamard_transform_40N_kernel_traitsILi2ELi3EN3c104HalfEEEv18HadamardParamsBase
          240 bytes stack frame, 232 bytes spill stores, 232 bytes spill loads
      ptxas info    : Used 255 registers, used 0 barriers, 240 bytes cumulative stack size
      ptxas info    : Compile time = 1046.990 ms
      ptxas info    : Compiling entry function
      '_Z30fast_hadamard_transform_kernelI41fast_hadamard_transform_40N_kernel_traitsILi1ELi2EN3c104HalfEEEv18HadamardParamsBase' for 'sm_121'
      ptxas info    : Function properties for
      _Z30fast_hadamard_transform_kernelI41fast_hadamard_transform_40N_kernel_traitsILi1ELi2EN3c104HalfEEEv18HadamardParamsBase
          224 bytes stack frame, 220 bytes spill stores, 220 bytes spill loads
      ptxas info    : Used 255 registers, used 0 barriers, 224 bytes cumulative stack size
      ptxas info    : Compile time = 833.567 ms
      ptxas info    : Compiling entry function '_Z30fast_hadamard_transform_kernelI41fast_hadamard_transform_40N_kernel_traitsILi256ELi10EfEEv18HadamardParamsBase'
      for 'sm_121'
      ptxas info    : Function properties for _Z30fast_hadamard_transform_kernelI41fast_hadamard_transform_40N_kernel_traitsILi256ELi10EfEEv18HadamardParamsBase
          96 bytes stack frame, 92 bytes spill stores, 92 bytes spill loads
      ptxas info    : Used 255 registers, used 1 barriers, 96 bytes cumulative stack size
      ptxas info    : Compile time = 1557.073 ms
      ptxas info    : Compiling entry function '_Z30fast_hadamard_transform_kernelI41fast_hadamard_transform_40N_kernel_traitsILi128ELi9EfEEv18HadamardParamsBase'
      for 'sm_121'
      ptxas info    : Function properties for _Z30fast_hadamard_transform_kernelI41fast_hadamard_transform_40N_kernel_traitsILi128ELi9EfEEv18HadamardParamsBase
          88 bytes stack frame, 84 bytes spill stores, 84 bytes spill loads
      ptxas info    : Used 255 registers, used 1 barriers, 88 bytes cumulative stack size
      ptxas info    : Compile time = 859.079 ms
      ptxas info    : Compiling entry function '_Z30fast_hadamard_transform_kernelI41fast_hadamard_transform_40N_kernel_traitsILi64ELi8EfEEv18HadamardParamsBase'
      for 'sm_121'
      ptxas info    : Function properties for _Z30fast_hadamard_transform_kernelI41fast_hadamard_transform_40N_kernel_traitsILi64ELi8EfEEv18HadamardParamsBase
          16 bytes stack frame, 12 bytes spill stores, 12 bytes spill loads
      ptxas info    : Used 255 registers, used 1 barriers, 16 bytes cumulative stack size
      ptxas info    : Compile time = 650.556 ms
      ptxas info    : Compiling entry function '_Z30fast_hadamard_transform_kernelI41fast_hadamard_transform_40N_kernel_traitsILi32ELi7EfEEv18HadamardParamsBase'
      for 'sm_121'
      ptxas info    : Function properties for _Z30fast_hadamard_transform_kernelI41fast_hadamard_transform_40N_kernel_traitsILi32ELi7EfEEv18HadamardParamsBase
          136 bytes stack frame, 136 bytes spill stores, 136 bytes spill loads
      ptxas info    : Used 255 registers, used 0 barriers, 136 bytes cumulative stack size
      ptxas info    : Compile time = 719.325 ms
      ptxas info    : Compiling entry function '_Z30fast_hadamard_transform_kernelI41fast_hadamard_transform_40N_kernel_traitsILi16ELi6EfEEv18HadamardParamsBase'
      for 'sm_121'
      ptxas info    : Function properties for _Z30fast_hadamard_transform_kernelI41fast_hadamard_transform_40N_kernel_traitsILi16ELi6EfEEv18HadamardParamsBase
          120 bytes stack frame, 116 bytes spill stores, 116 bytes spill loads
      ptxas info    : Used 255 registers, used 0 barriers, 120 bytes cumulative stack size
      ptxas info    : Compile time = 643.538 ms
      ptxas info    : Compiling entry function '_Z30fast_hadamard_transform_kernelI41fast_hadamard_transform_40N_kernel_traitsILi8ELi5EfEEv18HadamardParamsBase'
      for 'sm_121'
      ptxas info    : Function properties for _Z30fast_hadamard_transform_kernelI41fast_hadamard_transform_40N_kernel_traitsILi8ELi5EfEEv18HadamardParamsBase
          112 bytes stack frame, 108 bytes spill stores, 108 bytes spill loads
      ptxas info    : Used 255 registers, used 0 barriers, 112 bytes cumulative stack size
      ptxas info    : Compile time = 549.131 ms
      ptxas info    : Compiling entry function '_Z30fast_hadamard_transform_kernelI41fast_hadamard_transform_40N_kernel_traitsILi4ELi4EfEEv18HadamardParamsBase'
      for 'sm_121'
      ptxas info    : Function properties for _Z30fast_hadamard_transform_kernelI41fast_hadamard_transform_40N_kernel_traitsILi4ELi4EfEEv18HadamardParamsBase
          64 bytes stack frame, 64 bytes spill stores, 64 bytes spill loads
      ptxas info    : Used 255 registers, used 0 barriers, 64 bytes cumulative stack size
      ptxas info    : Compile time = 455.620 ms
      ptxas info    : Compiling entry function '_Z30fast_hadamard_transform_kernelI41fast_hadamard_transform_40N_kernel_traitsILi2ELi3EfEEv18HadamardParamsBase'
      for 'sm_121'
      ptxas info    : Function properties for _Z30fast_hadamard_transform_kernelI41fast_hadamard_transform_40N_kernel_traitsILi2ELi3EfEEv18HadamardParamsBase
          48 bytes stack frame, 44 bytes spill stores, 44 bytes spill loads
      ptxas info    : Used 255 registers, used 0 barriers, 48 bytes cumulative stack size
      ptxas info    : Compile time = 388.336 ms
      ptxas info    : Compiling entry function '_Z30fast_hadamard_transform_kernelI41fast_hadamard_transform_40N_kernel_traitsILi1ELi2EfEEv18HadamardParamsBase'
      for 'sm_121'
      ptxas info    : Function properties for _Z30fast_hadamard_transform_kernelI41fast_hadamard_transform_40N_kernel_traitsILi1ELi2EfEEv18HadamardParamsBase
          48 bytes stack frame, 44 bytes spill stores, 44 bytes spill loads
      ptxas info    : Used 255 registers, used 0 barriers, 48 bytes cumulative stack size
      ptxas info    : Compile time = 332.260 ms
      ptxas info    : Compiling entry function
      '_Z30fast_hadamard_transform_kernelI41fast_hadamard_transform_28N_kernel_traitsILi256ELi10EN3c108BFloat16EEEv18HadamardParamsBase' for 'sm_121'
      ptxas info    : Function properties for
      _Z30fast_hadamard_transform_kernelI41fast_hadamard_transform_28N_kernel_traitsILi256ELi10EN3c108BFloat16EEEv18HadamardParamsBase
          0 bytes stack frame, 0 bytes spill stores, 0 bytes spill loads
      ptxas info    : Used 177 registers, used 1 barriers
      ptxas info    : Compile time = 436.567 ms
      ptxas info    : Compiling entry function
      '_Z30fast_hadamard_transform_kernelI41fast_hadamard_transform_28N_kernel_traitsILi128ELi9EN3c108BFloat16EEEv18HadamardParamsBase' for 'sm_121'
      ptxas info    : Function properties for
      _Z30fast_hadamard_transform_kernelI41fast_hadamard_transform_28N_kernel_traitsILi128ELi9EN3c108BFloat16EEEv18HadamardParamsBase
          0 bytes stack frame, 0 bytes spill stores, 0 bytes spill loads
      ptxas info    : Used 186 registers, used 1 barriers
      ptxas info    : Compile time = 401.740 ms
      ptxas info    : Compiling entry function
      '_Z30fast_hadamard_transform_kernelI41fast_hadamard_transform_28N_kernel_traitsILi64ELi8EN3c108BFloat16EEEv18HadamardParamsBase' for 'sm_121'
      ptxas info    : Function properties for
      _Z30fast_hadamard_transform_kernelI41fast_hadamard_transform_28N_kernel_traitsILi64ELi8EN3c108BFloat16EEEv18HadamardParamsBase
          0 bytes stack frame, 0 bytes spill stores, 0 bytes spill loads
      ptxas info    : Used 198 registers, used 1 barriers
      ptxas info    : Compile time = 362.047 ms
      ptxas info    : Compiling entry function
      '_Z30fast_hadamard_transform_kernelI41fast_hadamard_transform_28N_kernel_traitsILi32ELi7EN3c108BFloat16EEEv18HadamardParamsBase' for 'sm_121'
      ptxas info    : Function properties for
      _Z30fast_hadamard_transform_kernelI41fast_hadamard_transform_28N_kernel_traitsILi32ELi7EN3c108BFloat16EEEv18HadamardParamsBase
          0 bytes stack frame, 0 bytes spill stores, 0 bytes spill loads
      ptxas info    : Used 222 registers, used 0 barriers
      ptxas info    : Compile time = 353.896 ms
      ptxas info    : Compiling entry function
      '_Z30fast_hadamard_transform_kernelI41fast_hadamard_transform_28N_kernel_traitsILi16ELi6EN3c108BFloat16EEEv18HadamardParamsBase' for 'sm_121'
      ptxas info    : Function properties for
      _Z30fast_hadamard_transform_kernelI41fast_hadamard_transform_28N_kernel_traitsILi16ELi6EN3c108BFloat16EEEv18HadamardParamsBase
          0 bytes stack frame, 0 bytes spill stores, 0 bytes spill loads
      ptxas info    : Used 228 registers, used 0 barriers
      ptxas info    : Compile time = 312.156 ms
      ptxas info    : Compiling entry function
      '_Z30fast_hadamard_transform_kernelI41fast_hadamard_transform_28N_kernel_traitsILi8ELi5EN3c108BFloat16EEEv18HadamardParamsBase' for 'sm_121'
      ptxas info    : Function properties for
      _Z30fast_hadamard_transform_kernelI41fast_hadamard_transform_28N_kernel_traitsILi8ELi5EN3c108BFloat16EEEv18HadamardParamsBase
          0 bytes stack frame, 0 bytes spill stores, 0 bytes spill loads
      ptxas info    : Used 230 registers, used 0 barriers
      ptxas info    : Compile time = 273.600 ms
      ptxas info    : Compiling entry function
      '_Z30fast_hadamard_transform_kernelI41fast_hadamard_transform_28N_kernel_traitsILi4ELi4EN3c108BFloat16EEEv18HadamardParamsBase' for 'sm_121'
      ptxas info    : Function properties for
      _Z30fast_hadamard_transform_kernelI41fast_hadamard_transform_28N_kernel_traitsILi4ELi4EN3c108BFloat16EEEv18HadamardParamsBase
          0 bytes stack frame, 0 bytes spill stores, 0 bytes spill loads
      ptxas info    : Used 230 registers, used 0 barriers
      ptxas info    : Compile time = 238.443 ms
      ptxas info    : Compiling entry function
      '_Z30fast_hadamard_transform_kernelI41fast_hadamard_transform_28N_kernel_traitsILi2ELi3EN3c108BFloat16EEEv18HadamardParamsBase' for 'sm_121'
      ptxas info    : Function properties for
      _Z30fast_hadamard_transform_kernelI41fast_hadamard_transform_28N_kernel_traitsILi2ELi3EN3c108BFloat16EEEv18HadamardParamsBase
          0 bytes stack frame, 0 bytes spill stores, 0 bytes spill loads
      ptxas info    : Used 216 registers, used 0 barriers
      ptxas info    : Compile time = 220.092 ms
      ptxas info    : Compiling entry function
      '_Z30fast_hadamard_transform_kernelI41fast_hadamard_transform_28N_kernel_traitsILi1ELi2EN3c108BFloat16EEEv18HadamardParamsBase' for 'sm_121'
      ptxas info    : Function properties for
      _Z30fast_hadamard_transform_kernelI41fast_hadamard_transform_28N_kernel_traitsILi1ELi2EN3c108BFloat16EEEv18HadamardParamsBase
          0 bytes stack frame, 0 bytes spill stores, 0 bytes spill loads
      ptxas info    : Used 210 registers, used 0 barriers
      ptxas info    : Compile time = 190.756 ms
      ptxas info    : Compiling entry function
      '_Z30fast_hadamard_transform_kernelI41fast_hadamard_transform_28N_kernel_traitsILi256ELi10EN3c104HalfEEEv18HadamardParamsBase' for 'sm_121'
      ptxas info    : Function properties for
      _Z30fast_hadamard_transform_kernelI41fast_hadamard_transform_28N_kernel_traitsILi256ELi10EN3c104HalfEEEv18HadamardParamsBase
          0 bytes stack frame, 0 bytes spill stores, 0 bytes spill loads
      ptxas info    : Used 177 registers, used 1 barriers
      ptxas info    : Compile time = 439.168 ms
      ptxas info    : Compiling entry function
      '_Z30fast_hadamard_transform_kernelI41fast_hadamard_transform_28N_kernel_traitsILi128ELi9EN3c104HalfEEEv18HadamardParamsBase' for 'sm_121'
      ptxas info    : Function properties for
      _Z30fast_hadamard_transform_kernelI41fast_hadamard_transform_28N_kernel_traitsILi128ELi9EN3c104HalfEEEv18HadamardParamsBase
          0 bytes stack frame, 0 bytes spill stores, 0 bytes spill loads
      ptxas info    : Used 186 registers, used 1 barriers
      ptxas info    : Compile time = 411.860 ms
      ptxas info    : Compiling entry function
      '_Z30fast_hadamard_transform_kernelI41fast_hadamard_transform_28N_kernel_traitsILi64ELi8EN3c104HalfEEEv18HadamardParamsBase' for 'sm_121'
      ptxas info    : Function properties for
      _Z30fast_hadamard_transform_kernelI41fast_hadamard_transform_28N_kernel_traitsILi64ELi8EN3c104HalfEEEv18HadamardParamsBase
          0 bytes stack frame, 0 bytes spill stores, 0 bytes spill loads
      ptxas info    : Used 199 registers, used 1 barriers
      ptxas info    : Compile time = 367.435 ms
      ptxas info    : Compiling entry function
      '_Z30fast_hadamard_transform_kernelI41fast_hadamard_transform_28N_kernel_traitsILi32ELi7EN3c104HalfEEEv18HadamardParamsBase' for 'sm_121'
      ptxas info    : Function properties for
      _Z30fast_hadamard_transform_kernelI41fast_hadamard_transform_28N_kernel_traitsILi32ELi7EN3c104HalfEEEv18HadamardParamsBase
          0 bytes stack frame, 0 bytes spill stores, 0 bytes spill loads
      ptxas info    : Used 222 registers, used 0 barriers
      ptxas info    : Compile time = 356.383 ms
      ptxas info    : Compiling entry function
      '_Z30fast_hadamard_transform_kernelI41fast_hadamard_transform_28N_kernel_traitsILi16ELi6EN3c104HalfEEEv18HadamardParamsBase' for 'sm_121'
      ptxas info    : Function properties for
      _Z30fast_hadamard_transform_kernelI41fast_hadamard_transform_28N_kernel_traitsILi16ELi6EN3c104HalfEEEv18HadamardParamsBase
          0 bytes stack frame, 0 bytes spill stores, 0 bytes spill loads
      ptxas info    : Used 228 registers, used 0 barriers
      ptxas info    : Compile time = 313.451 ms
      ptxas info    : Compiling entry function
      '_Z30fast_hadamard_transform_kernelI41fast_hadamard_transform_28N_kernel_traitsILi8ELi5EN3c104HalfEEEv18HadamardParamsBase' for 'sm_121'
      ptxas info    : Function properties for
      _Z30fast_hadamard_transform_kernelI41fast_hadamard_transform_28N_kernel_traitsILi8ELi5EN3c104HalfEEEv18HadamardParamsBase
          0 bytes stack frame, 0 bytes spill stores, 0 bytes spill loads
      ptxas info    : Used 230 registers, used 0 barriers
      ptxas info    : Compile time = 274.450 ms
      ptxas info    : Compiling entry function
      '_Z30fast_hadamard_transform_kernelI41fast_hadamard_transform_28N_kernel_traitsILi4ELi4EN3c104HalfEEEv18HadamardParamsBase' for 'sm_121'
      ptxas info    : Function properties for
      _Z30fast_hadamard_transform_kernelI41fast_hadamard_transform_28N_kernel_traitsILi4ELi4EN3c104HalfEEEv18HadamardParamsBase
          0 bytes stack frame, 0 bytes spill stores, 0 bytes spill loads
      ptxas info    : Used 230 registers, used 0 barriers
      ptxas info    : Compile time = 239.665 ms
      ptxas info    : Compiling entry function
      '_Z30fast_hadamard_transform_kernelI41fast_hadamard_transform_28N_kernel_traitsILi2ELi3EN3c104HalfEEEv18HadamardParamsBase' for 'sm_121'
      ptxas info    : Function properties for
      _Z30fast_hadamard_transform_kernelI41fast_hadamard_transform_28N_kernel_traitsILi2ELi3EN3c104HalfEEEv18HadamardParamsBase
          0 bytes stack frame, 0 bytes spill stores, 0 bytes spill loads
      ptxas info    : Used 218 registers, used 0 barriers
      ptxas info    : Compile time = 220.633 ms
      ptxas info    : Compiling entry function
      '_Z30fast_hadamard_transform_kernelI41fast_hadamard_transform_28N_kernel_traitsILi1ELi2EN3c104HalfEEEv18HadamardParamsBase' for 'sm_121'
      ptxas info    : Function properties for
      _Z30fast_hadamard_transform_kernelI41fast_hadamard_transform_28N_kernel_traitsILi1ELi2EN3c104HalfEEEv18HadamardParamsBase
          0 bytes stack frame, 0 bytes spill stores, 0 bytes spill loads
      ptxas info    : Used 214 registers, used 0 barriers
      ptxas info    : Compile time = 193.204 ms
      ptxas info    : Compiling entry function '_Z30fast_hadamard_transform_kernelI41fast_hadamard_transform_28N_kernel_traitsILi256ELi10EfEEv18HadamardParamsBase'
      for 'sm_121'
      ptxas info    : Function properties for _Z30fast_hadamard_transform_kernelI41fast_hadamard_transform_28N_kernel_traitsILi256ELi10EfEEv18HadamardParamsBase
          0 bytes stack frame, 0 bytes spill stores, 0 bytes spill loads
      ptxas info    : Used 250 registers, used 1 barriers
      ptxas info    : Compile time = 502.423 ms
      ptxas info    : Compiling entry function '_Z30fast_hadamard_transform_kernelI41fast_hadamard_transform_28N_kernel_traitsILi128ELi9EfEEv18HadamardParamsBase'
      for 'sm_121'
      ptxas info    : Function properties for _Z30fast_hadamard_transform_kernelI41fast_hadamard_transform_28N_kernel_traitsILi128ELi9EfEEv18HadamardParamsBase
          0 bytes stack frame, 0 bytes spill stores, 0 bytes spill loads
      ptxas info    : Used 193 registers, used 1 barriers
      ptxas info    : Compile time = 378.317 ms
      ptxas info    : Compiling entry function '_Z30fast_hadamard_transform_kernelI41fast_hadamard_transform_28N_kernel_traitsILi64ELi8EfEEv18HadamardParamsBase'
      for 'sm_121'
      ptxas info    : Function properties for _Z30fast_hadamard_transform_kernelI41fast_hadamard_transform_28N_kernel_traitsILi64ELi8EfEEv18HadamardParamsBase
          0 bytes stack frame, 0 bytes spill stores, 0 bytes spill loads
      ptxas info    : Used 184 registers, used 1 barriers
      ptxas info    : Compile time = 341.889 ms
      ptxas info    : Compiling entry function '_Z30fast_hadamard_transform_kernelI41fast_hadamard_transform_28N_kernel_traitsILi32ELi7EfEEv18HadamardParamsBase'
      for 'sm_121'
      ptxas info    : Function properties for _Z30fast_hadamard_transform_kernelI41fast_hadamard_transform_28N_kernel_traitsILi32ELi7EfEEv18HadamardParamsBase
          0 bytes stack frame, 0 bytes spill stores, 0 bytes spill loads
      ptxas info    : Used 255 registers, used 0 barriers
      ptxas info    : Compile time = 322.074 ms
      ptxas info    : Compiling entry function '_Z30fast_hadamard_transform_kernelI41fast_hadamard_transform_28N_kernel_traitsILi16ELi6EfEEv18HadamardParamsBase'
      for 'sm_121'
      ptxas info    : Function properties for _Z30fast_hadamard_transform_kernelI41fast_hadamard_transform_28N_kernel_traitsILi16ELi6EfEEv18HadamardParamsBase
          0 bytes stack frame, 0 bytes spill stores, 0 bytes spill loads
      ptxas info    : Used 192 registers, used 0 barriers
      ptxas info    : Compile time = 279.952 ms
      ptxas info    : Compiling entry function '_Z30fast_hadamard_transform_kernelI41fast_hadamard_transform_28N_kernel_traitsILi8ELi5EfEEv18HadamardParamsBase'
      for 'sm_121'
      ptxas info    : Function properties for _Z30fast_hadamard_transform_kernelI41fast_hadamard_transform_28N_kernel_traitsILi8ELi5EfEEv18HadamardParamsBase
          0 bytes stack frame, 0 bytes spill stores, 0 bytes spill loads
      ptxas info    : Used 255 registers, used 0 barriers
      ptxas info    : Compile time = 249.892 ms
      ptxas info    : Compiling entry function '_Z30fast_hadamard_transform_kernelI41fast_hadamard_transform_28N_kernel_traitsILi4ELi4EfEEv18HadamardParamsBase'
      for 'sm_121'
      ptxas info    : Function properties for _Z30fast_hadamard_transform_kernelI41fast_hadamard_transform_28N_kernel_traitsILi4ELi4EfEEv18HadamardParamsBase
          0 bytes stack frame, 0 bytes spill stores, 0 bytes spill loads
      ptxas info    : Used 194 registers, used 0 barriers
      ptxas info    : Compile time = 217.248 ms
      ptxas info    : Compiling entry function '_Z30fast_hadamard_transform_kernelI41fast_hadamard_transform_28N_kernel_traitsILi2ELi3EfEEv18HadamardParamsBase'
      for 'sm_121'
      ptxas info    : Function properties for _Z30fast_hadamard_transform_kernelI41fast_hadamard_transform_28N_kernel_traitsILi2ELi3EfEEv18HadamardParamsBase
          0 bytes stack frame, 0 bytes spill stores, 0 bytes spill loads
      ptxas info    : Used 184 registers, used 0 barriers
      ptxas info    : Compile time = 189.707 ms
      ptxas info    : Compiling entry function '_Z30fast_hadamard_transform_kernelI41fast_hadamard_transform_28N_kernel_traitsILi1ELi2EfEEv18HadamardParamsBase'
      for 'sm_121'
      ptxas info    : Function properties for _Z30fast_hadamard_transform_kernelI41fast_hadamard_transform_28N_kernel_traitsILi1ELi2EfEEv18HadamardParamsBase
          0 bytes stack frame, 0 bytes spill stores, 0 bytes spill loads
      ptxas info    : Used 191 registers, used 0 barriers
      ptxas info    : Compile time = 160.387 ms
      ptxas info    : Compiling entry function
      '_Z30fast_hadamard_transform_kernelI41fast_hadamard_transform_20N_kernel_traitsILi256ELi10EN3c108BFloat16EEEv18HadamardParamsBase' for 'sm_121'
      ptxas info    : Function properties for
      _Z30fast_hadamard_transform_kernelI41fast_hadamard_transform_20N_kernel_traitsILi256ELi10EN3c108BFloat16EEEv18HadamardParamsBase
          8 bytes stack frame, 4 bytes spill stores, 4 bytes spill loads
      ptxas info    : Used 128 registers, used 1 barriers, 8 bytes cumulative stack size
      ptxas info    : Compile time = 285.343 ms
      ptxas info    : Compiling entry function
      '_Z30fast_hadamard_transform_kernelI41fast_hadamard_transform_20N_kernel_traitsILi128ELi9EN3c108BFloat16EEEv18HadamardParamsBase' for 'sm_121'
      ptxas info    : Function properties for
      _Z30fast_hadamard_transform_kernelI41fast_hadamard_transform_20N_kernel_traitsILi128ELi9EN3c108BFloat16EEEv18HadamardParamsBase
          0 bytes stack frame, 0 bytes spill stores, 0 bytes spill loads
      ptxas info    : Used 128 registers, used 1 barriers
      ptxas info    : Compile time = 227.277 ms
      ptxas info    : Compiling entry function
      '_Z30fast_hadamard_transform_kernelI41fast_hadamard_transform_20N_kernel_traitsILi64ELi8EN3c108BFloat16EEEv18HadamardParamsBase' for 'sm_121'
      ptxas info    : Function properties for
      _Z30fast_hadamard_transform_kernelI41fast_hadamard_transform_20N_kernel_traitsILi64ELi8EN3c108BFloat16EEEv18HadamardParamsBase
          0 bytes stack frame, 0 bytes spill stores, 0 bytes spill loads
      ptxas info    : Used 166 registers, used 1 barriers
      ptxas info    : Compile time = 210.733 ms
      ptxas info    : Compiling entry function
      '_Z30fast_hadamard_transform_kernelI41fast_hadamard_transform_20N_kernel_traitsILi32ELi7EN3c108BFloat16EEEv18HadamardParamsBase' for 'sm_121'
      ptxas info    : Function properties for
      _Z30fast_hadamard_transform_kernelI41fast_hadamard_transform_20N_kernel_traitsILi32ELi7EN3c108BFloat16EEEv18HadamardParamsBase
          0 bytes stack frame, 0 bytes spill stores, 0 bytes spill loads
      ptxas info    : Used 168 registers, used 0 barriers
      ptxas info    : Compile time = 183.274 ms
      ptxas info    : Compiling entry function
      '_Z30fast_hadamard_transform_kernelI41fast_hadamard_transform_20N_kernel_traitsILi16ELi6EN3c108BFloat16EEEv18HadamardParamsBase' for 'sm_121'
      ptxas info    : Function properties for
      _Z30fast_hadamard_transform_kernelI41fast_hadamard_transform_20N_kernel_traitsILi16ELi6EN3c108BFloat16EEEv18HadamardParamsBase
          0 bytes stack frame, 0 bytes spill stores, 0 bytes spill loads
      ptxas info    : Used 168 registers, used 0 barriers
      ptxas info    : Compile time = 159.885 ms
      ptxas info    : Compiling entry function
      '_Z30fast_hadamard_transform_kernelI41fast_hadamard_transform_20N_kernel_traitsILi8ELi5EN3c108BFloat16EEEv18HadamardParamsBase' for 'sm_121'
      ptxas info    : Function properties for
      _Z30fast_hadamard_transform_kernelI41fast_hadamard_transform_20N_kernel_traitsILi8ELi5EN3c108BFloat16EEEv18HadamardParamsBase
          0 bytes stack frame, 0 bytes spill stores, 0 bytes spill loads
      ptxas info    : Used 168 registers, used 0 barriers
      ptxas info    : Compile time = 149.579 ms
      ptxas info    : Compiling entry function
      '_Z30fast_hadamard_transform_kernelI41fast_hadamard_transform_20N_kernel_traitsILi4ELi4EN3c108BFloat16EEEv18HadamardParamsBase' for 'sm_121'
      ptxas info    : Function properties for
      _Z30fast_hadamard_transform_kernelI41fast_hadamard_transform_20N_kernel_traitsILi4ELi4EN3c108BFloat16EEEv18HadamardParamsBase
          0 bytes stack frame, 0 bytes spill stores, 0 bytes spill loads
      ptxas info    : Used 168 registers, used 0 barriers
      ptxas info    : Compile time = 129.932 ms
      ptxas info    : Compiling entry function
      '_Z30fast_hadamard_transform_kernelI41fast_hadamard_transform_20N_kernel_traitsILi2ELi3EN3c108BFloat16EEEv18HadamardParamsBase' for 'sm_121'
      ptxas info    : Function properties for
      _Z30fast_hadamard_transform_kernelI41fast_hadamard_transform_20N_kernel_traitsILi2ELi3EN3c108BFloat16EEEv18HadamardParamsBase
          0 bytes stack frame, 0 bytes spill stores, 0 bytes spill loads
      ptxas info    : Used 168 registers, used 0 barriers
      ptxas info    : Compile time = 108.893 ms
      ptxas info    : Compiling entry function
      '_Z30fast_hadamard_transform_kernelI41fast_hadamard_transform_20N_kernel_traitsILi1ELi2EN3c108BFloat16EEEv18HadamardParamsBase' for 'sm_121'
      ptxas info    : Function properties for
      _Z30fast_hadamard_transform_kernelI41fast_hadamard_transform_20N_kernel_traitsILi1ELi2EN3c108BFloat16EEEv18HadamardParamsBase
          0 bytes stack frame, 0 bytes spill stores, 0 bytes spill loads
      ptxas info    : Used 168 registers, used 0 barriers
      ptxas info    : Compile time = 91.857 ms
      ptxas info    : Compiling entry function
      '_Z30fast_hadamard_transform_kernelI41fast_hadamard_transform_20N_kernel_traitsILi256ELi10EN3c104HalfEEEv18HadamardParamsBase' for 'sm_121'
      ptxas info    : Function properties for
      _Z30fast_hadamard_transform_kernelI41fast_hadamard_transform_20N_kernel_traitsILi256ELi10EN3c104HalfEEEv18HadamardParamsBase
          8 bytes stack frame, 4 bytes spill stores, 4 bytes spill loads
      ptxas info    : Used 128 registers, used 1 barriers, 8 bytes cumulative stack size
      ptxas info    : Compile time = 288.046 ms
      ptxas info    : Compiling entry function
      '_Z30fast_hadamard_transform_kernelI41fast_hadamard_transform_20N_kernel_traitsILi128ELi9EN3c104HalfEEEv18HadamardParamsBase' for 'sm_121'
      ptxas info    : Function properties for
      _Z30fast_hadamard_transform_kernelI41fast_hadamard_transform_20N_kernel_traitsILi128ELi9EN3c104HalfEEEv18HadamardParamsBase
          0 bytes stack frame, 0 bytes spill stores, 0 bytes spill loads
      ptxas info    : Used 128 registers, used 1 barriers
      ptxas info    : Compile time = 228.886 ms
      ptxas info    : Compiling entry function
      '_Z30fast_hadamard_transform_kernelI41fast_hadamard_transform_20N_kernel_traitsILi64ELi8EN3c104HalfEEEv18HadamardParamsBase' for 'sm_121'
      ptxas info    : Function properties for
      _Z30fast_hadamard_transform_kernelI41fast_hadamard_transform_20N_kernel_traitsILi64ELi8EN3c104HalfEEEv18HadamardParamsBase
          0 bytes stack frame, 0 bytes spill stores, 0 bytes spill loads
      ptxas info    : Used 166 registers, used 1 barriers
      ptxas info    : Compile time = 213.925 ms
      ptxas info    : Compiling entry function
      '_Z30fast_hadamard_transform_kernelI41fast_hadamard_transform_20N_kernel_traitsILi32ELi7EN3c104HalfEEEv18HadamardParamsBase' for 'sm_121'
      ptxas info    : Function properties for
      _Z30fast_hadamard_transform_kernelI41fast_hadamard_transform_20N_kernel_traitsILi32ELi7EN3c104HalfEEEv18HadamardParamsBase
          0 bytes stack frame, 0 bytes spill stores, 0 bytes spill loads
      ptxas info    : Used 168 registers, used 0 barriers
      ptxas info    : Compile time = 185.118 ms
      ptxas info    : Compiling entry function
      '_Z30fast_hadamard_transform_kernelI41fast_hadamard_transform_20N_kernel_traitsILi16ELi6EN3c104HalfEEEv18HadamardParamsBase' for 'sm_121'
      ptxas info    : Function properties for
      _Z30fast_hadamard_transform_kernelI41fast_hadamard_transform_20N_kernel_traitsILi16ELi6EN3c104HalfEEEv18HadamardParamsBase
          0 bytes stack frame, 0 bytes spill stores, 0 bytes spill loads
      ptxas info    : Used 168 registers, used 0 barriers
      ptxas info    : Compile time = 161.180 ms
      ptxas info    : Compiling entry function
      '_Z30fast_hadamard_transform_kernelI41fast_hadamard_transform_20N_kernel_traitsILi8ELi5EN3c104HalfEEEv18HadamardParamsBase' for 'sm_121'
      ptxas info    : Function properties for
      _Z30fast_hadamard_transform_kernelI41fast_hadamard_transform_20N_kernel_traitsILi8ELi5EN3c104HalfEEEv18HadamardParamsBase
          0 bytes stack frame, 0 bytes spill stores, 0 bytes spill loads
      ptxas info    : Used 168 registers, used 0 barriers
      ptxas info    : Compile time = 150.256 ms
      ptxas info    : Compiling entry function
      '_Z30fast_hadamard_transform_kernelI41fast_hadamard_transform_20N_kernel_traitsILi4ELi4EN3c104HalfEEEv18HadamardParamsBase' for 'sm_121'
      ptxas info    : Function properties for
      _Z30fast_hadamard_transform_kernelI41fast_hadamard_transform_20N_kernel_traitsILi4ELi4EN3c104HalfEEEv18HadamardParamsBase
          0 bytes stack frame, 0 bytes spill stores, 0 bytes spill loads
      ptxas info    : Used 168 registers, used 0 barriers
      ptxas info    : Compile time = 130.801 ms
      ptxas info    : Compiling entry function
      '_Z30fast_hadamard_transform_kernelI41fast_hadamard_transform_20N_kernel_traitsILi2ELi3EN3c104HalfEEEv18HadamardParamsBase' for 'sm_121'
      ptxas info    : Function properties for
      _Z30fast_hadamard_transform_kernelI41fast_hadamard_transform_20N_kernel_traitsILi2ELi3EN3c104HalfEEEv18HadamardParamsBase
          0 bytes stack frame, 0 bytes spill stores, 0 bytes spill loads
      ptxas info    : Used 168 registers, used 0 barriers
      ptxas info    : Compile time = 109.346 ms
      ptxas info    : Compiling entry function
      '_Z30fast_hadamard_transform_kernelI41fast_hadamard_transform_20N_kernel_traitsILi1ELi2EN3c104HalfEEEv18HadamardParamsBase' for 'sm_121'
      ptxas info    : Function properties for
      _Z30fast_hadamard_transform_kernelI41fast_hadamard_transform_20N_kernel_traitsILi1ELi2EN3c104HalfEEEv18HadamardParamsBase
          0 bytes stack frame, 0 bytes spill stores, 0 bytes spill loads
      ptxas info    : Used 168 registers, used 0 barriers
      ptxas info    : Compile time = 91.300 ms
      ptxas info    : Compiling entry function '_Z30fast_hadamard_transform_kernelI41fast_hadamard_transform_20N_kernel_traitsILi256ELi10EfEEv18HadamardParamsBase'
      for 'sm_121'
      ptxas info    : Function properties for _Z30fast_hadamard_transform_kernelI41fast_hadamard_transform_20N_kernel_traitsILi256ELi10EfEEv18HadamardParamsBase
          0 bytes stack frame, 0 bytes spill stores, 0 bytes spill loads
      ptxas info    : Used 167 registers, used 1 barriers
      ptxas info    : Compile time = 233.492 ms
      ptxas info    : Compiling entry function '_Z30fast_hadamard_transform_kernelI41fast_hadamard_transform_20N_kernel_traitsILi128ELi9EfEEv18HadamardParamsBase'
      for 'sm_121'
      ptxas info    : Function properties for _Z30fast_hadamard_transform_kernelI41fast_hadamard_transform_20N_kernel_traitsILi128ELi9EfEEv18HadamardParamsBase
          0 bytes stack frame, 0 bytes spill stores, 0 bytes spill loads
      ptxas info    : Used 139 registers, used 1 barriers
      ptxas info    : Compile time = 221.722 ms
      ptxas info    : Compiling entry function '_Z30fast_hadamard_transform_kernelI41fast_hadamard_transform_20N_kernel_traitsILi64ELi8EfEEv18HadamardParamsBase'
      for 'sm_121'
      ptxas info    : Function properties for _Z30fast_hadamard_transform_kernelI41fast_hadamard_transform_20N_kernel_traitsILi64ELi8EfEEv18HadamardParamsBase
          0 bytes stack frame, 0 bytes spill stores, 0 bytes spill loads
      ptxas info    : Used 162 registers, used 1 barriers
      ptxas info    : Compile time = 188.746 ms
      ptxas info    : Compiling entry function '_Z30fast_hadamard_transform_kernelI41fast_hadamard_transform_20N_kernel_traitsILi32ELi7EfEEv18HadamardParamsBase'
      for 'sm_121'
      ptxas info    : Function properties for _Z30fast_hadamard_transform_kernelI41fast_hadamard_transform_20N_kernel_traitsILi32ELi7EfEEv18HadamardParamsBase
          0 bytes stack frame, 0 bytes spill stores, 0 bytes spill loads
      ptxas info    : Used 162 registers, used 0 barriers
      ptxas info    : Compile time = 167.390 ms
      ptxas info    : Compiling entry function '_Z30fast_hadamard_transform_kernelI41fast_hadamard_transform_20N_kernel_traitsILi16ELi6EfEEv18HadamardParamsBase'
      for 'sm_121'
      ptxas info    : Function properties for _Z30fast_hadamard_transform_kernelI41fast_hadamard_transform_20N_kernel_traitsILi16ELi6EfEEv18HadamardParamsBase
          0 bytes stack frame, 0 bytes spill stores, 0 bytes spill loads
      ptxas info    : Used 158 registers, used 0 barriers
      ptxas info    : Compile time = 148.512 ms
      ptxas info    : Compiling entry function '_Z30fast_hadamard_transform_kernelI41fast_hadamard_transform_20N_kernel_traitsILi8ELi5EfEEv18HadamardParamsBase'
      for 'sm_121'
      ptxas info    : Function properties for _Z30fast_hadamard_transform_kernelI41fast_hadamard_transform_20N_kernel_traitsILi8ELi5EfEEv18HadamardParamsBase
          0 bytes stack frame, 0 bytes spill stores, 0 bytes spill loads
      ptxas info    : Used 162 registers, used 0 barriers
      ptxas info    : Compile time = 121.748 ms
      ptxas info    : Compiling entry function '_Z30fast_hadamard_transform_kernelI41fast_hadamard_transform_20N_kernel_traitsILi4ELi4EfEEv18HadamardParamsBase'
      for 'sm_121'
      ptxas info    : Function properties for _Z30fast_hadamard_transform_kernelI41fast_hadamard_transform_20N_kernel_traitsILi4ELi4EfEEv18HadamardParamsBase
          0 bytes stack frame, 0 bytes spill stores, 0 bytes spill loads
      ptxas info    : Used 156 registers, used 0 barriers
      ptxas info    : Compile time = 103.958 ms
      ptxas info    : Compiling entry function '_Z30fast_hadamard_transform_kernelI41fast_hadamard_transform_20N_kernel_traitsILi2ELi3EfEEv18HadamardParamsBase'
      for 'sm_121'
      ptxas info    : Function properties for _Z30fast_hadamard_transform_kernelI41fast_hadamard_transform_20N_kernel_traitsILi2ELi3EfEEv18HadamardParamsBase
          0 bytes stack frame, 0 bytes spill stores, 0 bytes spill loads
      ptxas info    : Used 163 registers, used 0 barriers
      ptxas info    : Compile time = 84.123 ms
      ptxas info    : Compiling entry function '_Z30fast_hadamard_transform_kernelI41fast_hadamard_transform_20N_kernel_traitsILi1ELi2EfEEv18HadamardParamsBase'
      for 'sm_121'
      ptxas info    : Function properties for _Z30fast_hadamard_transform_kernelI41fast_hadamard_transform_20N_kernel_traitsILi1ELi2EfEEv18HadamardParamsBase
          0 bytes stack frame, 0 bytes spill stores, 0 bytes spill loads
      ptxas info    : Used 156 registers, used 0 barriers
      ptxas info    : Compile time = 70.497 ms
      ptxas info    : Compiling entry function
      '_Z30fast_hadamard_transform_kernelI41fast_hadamard_transform_12N_kernel_traitsILi256ELi10EN3c108BFloat16EEEv18HadamardParamsBase' for 'sm_121'
      ptxas info    : Function properties for
      _Z30fast_hadamard_transform_kernelI41fast_hadamard_transform_12N_kernel_traitsILi256ELi10EN3c108BFloat16EEEv18HadamardParamsBase
          0 bytes stack frame, 0 bytes spill stores, 0 bytes spill loads
      ptxas info    : Used 80 registers, used 1 barriers
      ptxas info    : Compile time = 97.144 ms
      ptxas info    : Compiling entry function
      '_Z30fast_hadamard_transform_kernelI41fast_hadamard_transform_12N_kernel_traitsILi128ELi9EN3c108BFloat16EEEv18HadamardParamsBase' for 'sm_121'
      ptxas info    : Function properties for
      _Z30fast_hadamard_transform_kernelI41fast_hadamard_transform_12N_kernel_traitsILi128ELi9EN3c108BFloat16EEEv18HadamardParamsBase
          0 bytes stack frame, 0 bytes spill stores, 0 bytes spill loads
      ptxas info    : Used 71 registers, used 1 barriers
      ptxas info    : Compile time = 83.622 ms
      ptxas info    : Compiling entry function
      '_Z30fast_hadamard_transform_kernelI41fast_hadamard_transform_12N_kernel_traitsILi64ELi8EN3c108BFloat16EEEv18HadamardParamsBase' for 'sm_121'
      ptxas info    : Function properties for
      _Z30fast_hadamard_transform_kernelI41fast_hadamard_transform_12N_kernel_traitsILi64ELi8EN3c108BFloat16EEEv18HadamardParamsBase
          0 bytes stack frame, 0 bytes spill stores, 0 bytes spill loads
      ptxas info    : Used 94 registers, used 1 barriers
      ptxas info    : Compile time = 83.356 ms
      ptxas info    : Compiling entry function
      '_Z30fast_hadamard_transform_kernelI41fast_hadamard_transform_12N_kernel_traitsILi32ELi7EN3c108BFloat16EEEv18HadamardParamsBase' for 'sm_121'
      ptxas info    : Function properties for
      _Z30fast_hadamard_transform_kernelI41fast_hadamard_transform_12N_kernel_traitsILi32ELi7EN3c108BFloat16EEEv18HadamardParamsBase
          0 bytes stack frame, 0 bytes spill stores, 0 bytes spill loads
      ptxas info    : Used 91 registers, used 0 barriers
      ptxas info    : Compile time = 64.056 ms
      ptxas info    : Compiling entry function
      '_Z30fast_hadamard_transform_kernelI41fast_hadamard_transform_12N_kernel_traitsILi16ELi6EN3c108BFloat16EEEv18HadamardParamsBase' for 'sm_121'
      ptxas info    : Function properties for
      _Z30fast_hadamard_transform_kernelI41fast_hadamard_transform_12N_kernel_traitsILi16ELi6EN3c108BFloat16EEEv18HadamardParamsBase
          0 bytes stack frame, 0 bytes spill stores, 0 bytes spill loads
      ptxas info    : Used 90 registers, used 0 barriers
      ptxas info    : Compile time = 56.324 ms
      ptxas info    : Compiling entry function
      '_Z30fast_hadamard_transform_kernelI41fast_hadamard_transform_12N_kernel_traitsILi8ELi5EN3c108BFloat16EEEv18HadamardParamsBase' for 'sm_121'
      ptxas info    : Function properties for
      _Z30fast_hadamard_transform_kernelI41fast_hadamard_transform_12N_kernel_traitsILi8ELi5EN3c108BFloat16EEEv18HadamardParamsBase
          0 bytes stack frame, 0 bytes spill stores, 0 bytes spill loads
      ptxas info    : Used 88 registers, used 0 barriers
      ptxas info    : Compile time = 49.023 ms
      ptxas info    : Compiling entry function
      '_Z30fast_hadamard_transform_kernelI41fast_hadamard_transform_12N_kernel_traitsILi4ELi4EN3c108BFloat16EEEv18HadamardParamsBase' for 'sm_121'
      ptxas info    : Function properties for
      _Z30fast_hadamard_transform_kernelI41fast_hadamard_transform_12N_kernel_traitsILi4ELi4EN3c108BFloat16EEEv18HadamardParamsBase
          0 bytes stack frame, 0 bytes spill stores, 0 bytes spill loads
      ptxas info    : Used 89 registers, used 0 barriers
      ptxas info    : Compile time = 42.128 ms
      ptxas info    : Compiling entry function
      '_Z30fast_hadamard_transform_kernelI41fast_hadamard_transform_12N_kernel_traitsILi2ELi3EN3c108BFloat16EEEv18HadamardParamsBase' for 'sm_121'
      ptxas info    : Function properties for
      _Z30fast_hadamard_transform_kernelI41fast_hadamard_transform_12N_kernel_traitsILi2ELi3EN3c108BFloat16EEEv18HadamardParamsBase
          0 bytes stack frame, 0 bytes spill stores, 0 bytes spill loads
      ptxas info    : Used 94 registers, used 0 barriers
      ptxas info    : Compile time = 35.618 ms
      ptxas info    : Compiling entry function
      '_Z30fast_hadamard_transform_kernelI41fast_hadamard_transform_12N_kernel_traitsILi1ELi2EN3c108BFloat16EEEv18HadamardParamsBase' for 'sm_121'
      ptxas info    : Function properties for
      _Z30fast_hadamard_transform_kernelI41fast_hadamard_transform_12N_kernel_traitsILi1ELi2EN3c108BFloat16EEEv18HadamardParamsBase
          0 bytes stack frame, 0 bytes spill stores, 0 bytes spill loads
      ptxas info    : Used 94 registers, used 0 barriers
      ptxas info    : Compile time = 29.546 ms
      ptxas info    : Compiling entry function
      '_Z30fast_hadamard_transform_kernelI41fast_hadamard_transform_12N_kernel_traitsILi256ELi10EN3c104HalfEEEv18HadamardParamsBase' for 'sm_121'
      ptxas info    : Function properties for
      _Z30fast_hadamard_transform_kernelI41fast_hadamard_transform_12N_kernel_traitsILi256ELi10EN3c104HalfEEEv18HadamardParamsBase
          0 bytes stack frame, 0 bytes spill stores, 0 bytes spill loads
      ptxas info    : Used 80 registers, used 1 barriers
      ptxas info    : Compile time = 97.285 ms
      ptxas info    : Compiling entry function
      '_Z30fast_hadamard_transform_kernelI41fast_hadamard_transform_12N_kernel_traitsILi128ELi9EN3c104HalfEEEv18HadamardParamsBase' for 'sm_121'
      ptxas info    : Function properties for
      _Z30fast_hadamard_transform_kernelI41fast_hadamard_transform_12N_kernel_traitsILi128ELi9EN3c104HalfEEEv18HadamardParamsBase
          0 bytes stack frame, 0 bytes spill stores, 0 bytes spill loads
      ptxas info    : Used 71 registers, used 1 barriers
      ptxas info    : Compile time = 85.464 ms
      ptxas info    : Compiling entry function
      '_Z30fast_hadamard_transform_kernelI41fast_hadamard_transform_12N_kernel_traitsILi64ELi8EN3c104HalfEEEv18HadamardParamsBase' for 'sm_121'
      ptxas info    : Function properties for
      _Z30fast_hadamard_transform_kernelI41fast_hadamard_transform_12N_kernel_traitsILi64ELi8EN3c104HalfEEEv18HadamardParamsBase
          0 bytes stack frame, 0 bytes spill stores, 0 bytes spill loads
      ptxas info    : Used 94 registers, used 1 barriers
      ptxas info    : Compile time = 83.634 ms
      ptxas info    : Compiling entry function
      '_Z30fast_hadamard_transform_kernelI41fast_hadamard_transform_12N_kernel_traitsILi32ELi7EN3c104HalfEEEv18HadamardParamsBase' for 'sm_121'
      ptxas info    : Function properties for
      _Z30fast_hadamard_transform_kernelI41fast_hadamard_transform_12N_kernel_traitsILi32ELi7EN3c104HalfEEEv18HadamardParamsBase
          0 bytes stack frame, 0 bytes spill stores, 0 bytes spill loads
      ptxas info    : Used 91 registers, used 0 barriers
      ptxas info    : Compile time = 64.160 ms
      ptxas info    : Compiling entry function
      '_Z30fast_hadamard_transform_kernelI41fast_hadamard_transform_12N_kernel_traitsILi16ELi6EN3c104HalfEEEv18HadamardParamsBase' for 'sm_121'
      ptxas info    : Function properties for
      _Z30fast_hadamard_transform_kernelI41fast_hadamard_transform_12N_kernel_traitsILi16ELi6EN3c104HalfEEEv18HadamardParamsBase
          0 bytes stack frame, 0 bytes spill stores, 0 bytes spill loads
      ptxas info    : Used 90 registers, used 0 barriers
      ptxas info    : Compile time = 57.096 ms
      ptxas info    : Compiling entry function
      '_Z30fast_hadamard_transform_kernelI41fast_hadamard_transform_12N_kernel_traitsILi8ELi5EN3c104HalfEEEv18HadamardParamsBase' for 'sm_121'
      ptxas info    : Function properties for
      _Z30fast_hadamard_transform_kernelI41fast_hadamard_transform_12N_kernel_traitsILi8ELi5EN3c104HalfEEEv18HadamardParamsBase
          0 bytes stack frame, 0 bytes spill stores, 0 bytes spill loads
      ptxas info    : Used 88 registers, used 0 barriers
      ptxas info    : Compile time = 53.160 ms
      ptxas info    : Compiling entry function
      '_Z30fast_hadamard_transform_kernelI41fast_hadamard_transform_12N_kernel_traitsILi4ELi4EN3c104HalfEEEv18HadamardParamsBase' for 'sm_121'
      ptxas info    : Function properties for
      _Z30fast_hadamard_transform_kernelI41fast_hadamard_transform_12N_kernel_traitsILi4ELi4EN3c104HalfEEEv18HadamardParamsBase
          0 bytes stack frame, 0 bytes spill stores, 0 bytes spill loads
      ptxas info    : Used 89 registers, used 0 barriers
      ptxas info    : Compile time = 42.401 ms
      ptxas info    : Compiling entry function
      '_Z30fast_hadamard_transform_kernelI41fast_hadamard_transform_12N_kernel_traitsILi2ELi3EN3c104HalfEEEv18HadamardParamsBase' for 'sm_121'
      ptxas info    : Function properties for
      _Z30fast_hadamard_transform_kernelI41fast_hadamard_transform_12N_kernel_traitsILi2ELi3EN3c104HalfEEEv18HadamardParamsBase
          0 bytes stack frame, 0 bytes spill stores, 0 bytes spill loads
      ptxas info    : Used 94 registers, used 0 barriers
      ptxas info    : Compile time = 35.390 ms
      ptxas info    : Compiling entry function
      '_Z30fast_hadamard_transform_kernelI41fast_hadamard_transform_12N_kernel_traitsILi1ELi2EN3c104HalfEEEv18HadamardParamsBase' for 'sm_121'
      ptxas info    : Function properties for
      _Z30fast_hadamard_transform_kernelI41fast_hadamard_transform_12N_kernel_traitsILi1ELi2EN3c104HalfEEEv18HadamardParamsBase
          0 bytes stack frame, 0 bytes spill stores, 0 bytes spill loads
      ptxas info    : Used 94 registers, used 0 barriers
      ptxas info    : Compile time = 29.892 ms
      ptxas info    : Compiling entry function '_Z30fast_hadamard_transform_kernelI41fast_hadamard_transform_12N_kernel_traitsILi256ELi10EfEEv18HadamardParamsBase'
      for 'sm_121'
      ptxas info    : Function properties for _Z30fast_hadamard_transform_kernelI41fast_hadamard_transform_12N_kernel_traitsILi256ELi10EfEEv18HadamardParamsBase
          0 bytes stack frame, 0 bytes spill stores, 0 bytes spill loads
      ptxas info    : Used 91 registers, used 1 barriers
      ptxas info    : Compile time = 92.232 ms
      ptxas info    : Compiling entry function '_Z30fast_hadamard_transform_kernelI41fast_hadamard_transform_12N_kernel_traitsILi128ELi9EfEEv18HadamardParamsBase'
      for 'sm_121'
      ptxas info    : Function properties for _Z30fast_hadamard_transform_kernelI41fast_hadamard_transform_12N_kernel_traitsILi128ELi9EfEEv18HadamardParamsBase
          0 bytes stack frame, 0 bytes spill stores, 0 bytes spill loads
      ptxas info    : Used 93 registers, used 1 barriers
      ptxas info    : Compile time = 82.943 ms
      ptxas info    : Compiling entry function '_Z30fast_hadamard_transform_kernelI41fast_hadamard_transform_12N_kernel_traitsILi64ELi8EfEEv18HadamardParamsBase'
      for 'sm_121'
      ptxas info    : Function properties for _Z30fast_hadamard_transform_kernelI41fast_hadamard_transform_12N_kernel_traitsILi64ELi8EfEEv18HadamardParamsBase
          0 bytes stack frame, 0 bytes spill stores, 0 bytes spill loads
      ptxas info    : Used 91 registers, used 1 barriers
      ptxas info    : Compile time = 75.306 ms
      ptxas info    : Compiling entry function '_Z30fast_hadamard_transform_kernelI41fast_hadamard_transform_12N_kernel_traitsILi32ELi7EfEEv18HadamardParamsBase'
      for 'sm_121'
      ptxas info    : Function properties for _Z30fast_hadamard_transform_kernelI41fast_hadamard_transform_12N_kernel_traitsILi32ELi7EfEEv18HadamardParamsBase
          0 bytes stack frame, 0 bytes spill stores, 0 bytes spill loads
      ptxas info    : Used 94 registers, used 0 barriers
      ptxas info    : Compile time = 58.270 ms
      ptxas info    : Compiling entry function '_Z30fast_hadamard_transform_kernelI41fast_hadamard_transform_12N_kernel_traitsILi16ELi6EfEEv18HadamardParamsBase'
      for 'sm_121'
      ptxas info    : Function properties for _Z30fast_hadamard_transform_kernelI41fast_hadamard_transform_12N_kernel_traitsILi16ELi6EfEEv18HadamardParamsBase
          0 bytes stack frame, 0 bytes spill stores, 0 bytes spill loads
      ptxas info    : Used 90 registers, used 0 barriers
      ptxas info    : Compile time = 50.960 ms
      ptxas info    : Compiling entry function '_Z30fast_hadamard_transform_kernelI41fast_hadamard_transform_12N_kernel_traitsILi8ELi5EfEEv18HadamardParamsBase'
      for 'sm_121'
      ptxas info    : Function properties for _Z30fast_hadamard_transform_kernelI41fast_hadamard_transform_12N_kernel_traitsILi8ELi5EfEEv18HadamardParamsBase
          0 bytes stack frame, 0 bytes spill stores, 0 bytes spill loads
      ptxas info    : Used 90 registers, used 0 barriers
      ptxas info    : Compile time = 43.924 ms
      ptxas info    : Compiling entry function '_Z30fast_hadamard_transform_kernelI41fast_hadamard_transform_12N_kernel_traitsILi4ELi4EfEEv18HadamardParamsBase'
      for 'sm_121'
      ptxas info    : Function properties for _Z30fast_hadamard_transform_kernelI41fast_hadamard_transform_12N_kernel_traitsILi4ELi4EfEEv18HadamardParamsBase
          0 bytes stack frame, 0 bytes spill stores, 0 bytes spill loads
      ptxas info    : Used 89 registers, used 0 barriers
      ptxas info    : Compile time = 36.884 ms
      ptxas info    : Compiling entry function '_Z30fast_hadamard_transform_kernelI41fast_hadamard_transform_12N_kernel_traitsILi2ELi3EfEEv18HadamardParamsBase'
      for 'sm_121'
      ptxas info    : Function properties for _Z30fast_hadamard_transform_kernelI41fast_hadamard_transform_12N_kernel_traitsILi2ELi3EfEEv18HadamardParamsBase
          0 bytes stack frame, 0 bytes spill stores, 0 bytes spill loads
      ptxas info    : Used 86 registers, used 0 barriers
      ptxas info    : Compile time = 30.492 ms
      ptxas info    : Compiling entry function '_Z30fast_hadamard_transform_kernelI41fast_hadamard_transform_12N_kernel_traitsILi1ELi2EfEEv18HadamardParamsBase'
      for 'sm_121'
      ptxas info    : Function properties for _Z30fast_hadamard_transform_kernelI41fast_hadamard_transform_12N_kernel_traitsILi1ELi2EfEEv18HadamardParamsBase
          0 bytes stack frame, 0 bytes spill stores, 0 bytes spill loads
      ptxas info    : Used 91 registers, used 0 barriers
      ptxas info    : Compile time = 24.471 ms
      ptxas info    : Compiling entry function
      '_Z30fast_hadamard_transform_kernelI37fast_hadamard_transform_kernel_traitsILi256ELi15EN3c108BFloat16EEEv18HadamardParamsBase' for 'sm_121'
      ptxas info    : Function properties for
      _Z30fast_hadamard_transform_kernelI37fast_hadamard_transform_kernel_traitsILi256ELi15EN3c108BFloat16EEEv18HadamardParamsBase
          0 bytes stack frame, 0 bytes spill stores, 0 bytes spill loads
      ptxas info    : Used 195 registers, used 1 barriers
      ptxas info    : Compile time = 375.642 ms
      ptxas info    : Compiling entry function
      '_Z30fast_hadamard_transform_kernelI37fast_hadamard_transform_kernel_traitsILi256ELi14EN3c108BFloat16EEEv18HadamardParamsBase' for 'sm_121'
      ptxas info    : Function properties for
      _Z30fast_hadamard_transform_kernelI37fast_hadamard_transform_kernel_traitsILi256ELi14EN3c108BFloat16EEEv18HadamardParamsBase
          0 bytes stack frame, 0 bytes spill stores, 0 bytes spill loads
      ptxas info    : Used 78 registers, used 1 barriers
      ptxas info    : Compile time = 113.690 ms
      ptxas info    : Compiling entry function
      '_Z30fast_hadamard_transform_kernelI37fast_hadamard_transform_kernel_traitsILi256ELi13EN3c108BFloat16EEEv18HadamardParamsBase' for 'sm_121'
      ptxas info    : Function properties for
      _Z30fast_hadamard_transform_kernelI37fast_hadamard_transform_kernel_traitsILi256ELi13EN3c108BFloat16EEEv18HadamardParamsBase
          0 bytes stack frame, 0 bytes spill stores, 0 bytes spill loads
      ptxas info    : Used 56 registers, used 1 barriers
      ptxas info    : Compile time = 44.873 ms
      ptxas info    : Compiling entry function
      '_Z30fast_hadamard_transform_kernelI37fast_hadamard_transform_kernel_traitsILi256ELi12EN3c108BFloat16EEEv18HadamardParamsBase' for 'sm_121'
      ptxas info    : Function properties for
      _Z30fast_hadamard_transform_kernelI37fast_hadamard_transform_kernel_traitsILi256ELi12EN3c108BFloat16EEEv18HadamardParamsBase
          0 bytes stack frame, 0 bytes spill stores, 0 bytes spill loads
      ptxas info    : Used 39 registers, used 1 barriers
      ptxas info    : Compile time = 21.507 ms
      ptxas info    : Compiling entry function
      '_Z30fast_hadamard_transform_kernelI37fast_hadamard_transform_kernel_traitsILi256ELi11EN3c108BFloat16EEEv18HadamardParamsBase' for 'sm_121'
      ptxas info    : Function properties for
      _Z30fast_hadamard_transform_kernelI37fast_hadamard_transform_kernel_traitsILi256ELi11EN3c108BFloat16EEEv18HadamardParamsBase
          0 bytes stack frame, 0 bytes spill stores, 0 bytes spill loads
      ptxas info    : Used 28 registers, used 1 barriers
      ptxas info    : Compile time = 11.505 ms
      ptxas info    : Compiling entry function
      '_Z30fast_hadamard_transform_kernelI37fast_hadamard_transform_kernel_traitsILi128ELi10EN3c108BFloat16EEEv18HadamardParamsBase' for 'sm_121'
      ptxas info    : Function properties for
      _Z30fast_hadamard_transform_kernelI37fast_hadamard_transform_kernel_traitsILi128ELi10EN3c108BFloat16EEEv18HadamardParamsBase
          0 bytes stack frame, 0 bytes spill stores, 0 bytes spill loads
      ptxas info    : Used 30 registers, used 1 barriers
      ptxas info    : Compile time = 10.194 ms
      ptxas info    : Compiling entry function
      '_Z30fast_hadamard_transform_kernelI37fast_hadamard_transform_kernel_traitsILi32ELi9EN3c108BFloat16EEEv18HadamardParamsBase' for 'sm_121'
      ptxas info    : Function properties for
      _Z30fast_hadamard_transform_kernelI37fast_hadamard_transform_kernel_traitsILi32ELi9EN3c108BFloat16EEEv18HadamardParamsBase
          0 bytes stack frame, 0 bytes spill stores, 0 bytes spill loads
      ptxas info    : Used 35 registers, used 0 barriers
      ptxas info    : Compile time = 14.131 ms
      ptxas info    : Compiling entry function
      '_Z30fast_hadamard_transform_kernelI37fast_hadamard_transform_kernel_traitsILi32ELi8EN3c108BFloat16EEEv18HadamardParamsBase' for 'sm_121'
      ptxas info    : Function properties for
      _Z30fast_hadamard_transform_kernelI37fast_hadamard_transform_kernel_traitsILi32ELi8EN3c108BFloat16EEEv18HadamardParamsBase
          0 bytes stack frame, 0 bytes spill stores, 0 bytes spill loads
      ptxas info    : Used 20 registers, used 0 barriers
      ptxas info    : Compile time = 7.532 ms
      ptxas info    : Compiling entry function
      '_Z30fast_hadamard_transform_kernelI37fast_hadamard_transform_kernel_traitsILi16ELi7EN3c108BFloat16EEEv18HadamardParamsBase' for 'sm_121'
      ptxas info    : Function properties for
      _Z30fast_hadamard_transform_kernelI37fast_hadamard_transform_kernel_traitsILi16ELi7EN3c108BFloat16EEEv18HadamardParamsBase
          0 bytes stack frame, 0 bytes spill stores, 0 bytes spill loads
      ptxas info    : Used 20 registers, used 0 barriers
      ptxas info    : Compile time = 6.686 ms
      ptxas info    : Compiling entry function
      '_Z30fast_hadamard_transform_kernelI37fast_hadamard_transform_kernel_traitsILi8ELi6EN3c108BFloat16EEEv18HadamardParamsBase' for 'sm_121'
      ptxas info    : Function properties for
      _Z30fast_hadamard_transform_kernelI37fast_hadamard_transform_kernel_traitsILi8ELi6EN3c108BFloat16EEEv18HadamardParamsBase
          0 bytes stack frame, 0 bytes spill stores, 0 bytes spill loads
      ptxas info    : Used 20 registers, used 0 barriers
      ptxas info    : Compile time = 5.987 ms
      ptxas info    : Compiling entry function
      '_Z30fast_hadamard_transform_kernelI37fast_hadamard_transform_kernel_traitsILi4ELi5EN3c108BFloat16EEEv18HadamardParamsBase' for 'sm_121'
      ptxas info    : Function properties for
      _Z30fast_hadamard_transform_kernelI37fast_hadamard_transform_kernel_traitsILi4ELi5EN3c108BFloat16EEEv18HadamardParamsBase
          0 bytes stack frame, 0 bytes spill stores, 0 bytes spill loads
      ptxas info    : Used 20 registers, used 0 barriers
      ptxas info    : Compile time = 5.111 ms
      ptxas info    : Compiling entry function
      '_Z30fast_hadamard_transform_kernelI37fast_hadamard_transform_kernel_traitsILi2ELi4EN3c108BFloat16EEEv18HadamardParamsBase' for 'sm_121'
      ptxas info    : Function properties for
      _Z30fast_hadamard_transform_kernelI37fast_hadamard_transform_kernel_traitsILi2ELi4EN3c108BFloat16EEEv18HadamardParamsBase
          0 bytes stack frame, 0 bytes spill stores, 0 bytes spill loads
      ptxas info    : Used 22 registers, used 0 barriers
      ptxas info    : Compile time = 4.304 ms
      ptxas info    : Compiling entry function
      '_Z30fast_hadamard_transform_kernelI37fast_hadamard_transform_kernel_traitsILi1ELi3EN3c108BFloat16EEEv18HadamardParamsBase' for 'sm_121'
      ptxas info    : Function properties for
      _Z30fast_hadamard_transform_kernelI37fast_hadamard_transform_kernel_traitsILi1ELi3EN3c108BFloat16EEEv18HadamardParamsBase
          0 bytes stack frame, 0 bytes spill stores, 0 bytes spill loads
      ptxas info    : Used 18 registers, used 0 barriers
      ptxas info    : Compile time = 3.372 ms
      ptxas info    : Compiling entry function
      '_Z30fast_hadamard_transform_kernelI37fast_hadamard_transform_kernel_traitsILi256ELi15EN3c104HalfEEEv18HadamardParamsBase' for 'sm_121'
      ptxas info    : Function properties for
      _Z30fast_hadamard_transform_kernelI37fast_hadamard_transform_kernel_traitsILi256ELi15EN3c104HalfEEEv18HadamardParamsBase
          0 bytes stack frame, 0 bytes spill stores, 0 bytes spill loads
      ptxas info    : Used 195 registers, used 1 barriers
      ptxas info    : Compile time = 364.613 ms
      ptxas info    : Compiling entry function
      '_Z30fast_hadamard_transform_kernelI37fast_hadamard_transform_kernel_traitsILi256ELi14EN3c104HalfEEEv18HadamardParamsBase' for 'sm_121'
      ptxas info    : Function properties for
      _Z30fast_hadamard_transform_kernelI37fast_hadamard_transform_kernel_traitsILi256ELi14EN3c104HalfEEEv18HadamardParamsBase
          0 bytes stack frame, 0 bytes spill stores, 0 bytes spill loads
      ptxas info    : Used 78 registers, used 1 barriers
      ptxas info    : Compile time = 112.313 ms
      ptxas info    : Compiling entry function
      '_Z30fast_hadamard_transform_kernelI37fast_hadamard_transform_kernel_traitsILi256ELi13EN3c104HalfEEEv18HadamardParamsBase' for 'sm_121'
      ptxas info    : Function properties for
      _Z30fast_hadamard_transform_kernelI37fast_hadamard_transform_kernel_traitsILi256ELi13EN3c104HalfEEEv18HadamardParamsBase
          0 bytes stack frame, 0 bytes spill stores, 0 bytes spill loads
      ptxas info    : Used 56 registers, used 1 barriers
      ptxas info    : Compile time = 44.558 ms
      ptxas info    : Compiling entry function
      '_Z30fast_hadamard_transform_kernelI37fast_hadamard_transform_kernel_traitsILi256ELi12EN3c104HalfEEEv18HadamardParamsBase' for 'sm_121'
      ptxas info    : Function properties for
      _Z30fast_hadamard_transform_kernelI37fast_hadamard_transform_kernel_traitsILi256ELi12EN3c104HalfEEEv18HadamardParamsBase
          0 bytes stack frame, 0 bytes spill stores, 0 bytes spill loads
      ptxas info    : Used 39 registers, used 1 barriers
      ptxas info    : Compile time = 21.187 ms
      ptxas info    : Compiling entry function
      '_Z30fast_hadamard_transform_kernelI37fast_hadamard_transform_kernel_traitsILi256ELi11EN3c104HalfEEEv18HadamardParamsBase' for 'sm_121'
      ptxas info    : Function properties for
      _Z30fast_hadamard_transform_kernelI37fast_hadamard_transform_kernel_traitsILi256ELi11EN3c104HalfEEEv18HadamardParamsBase
          0 bytes stack frame, 0 bytes spill stores, 0 bytes spill loads
      ptxas info    : Used 28 registers, used 1 barriers
      ptxas info    : Compile time = 11.023 ms
      ptxas info    : Compiling entry function
      '_Z30fast_hadamard_transform_kernelI37fast_hadamard_transform_kernel_traitsILi128ELi10EN3c104HalfEEEv18HadamardParamsBase' for 'sm_121'
      ptxas info    : Function properties for
      _Z30fast_hadamard_transform_kernelI37fast_hadamard_transform_kernel_traitsILi128ELi10EN3c104HalfEEEv18HadamardParamsBase
          0 bytes stack frame, 0 bytes spill stores, 0 bytes spill loads
      ptxas info    : Used 30 registers, used 1 barriers
      ptxas info    : Compile time = 10.208 ms
      ptxas info    : Compiling entry function
      '_Z30fast_hadamard_transform_kernelI37fast_hadamard_transform_kernel_traitsILi32ELi9EN3c104HalfEEEv18HadamardParamsBase' for 'sm_121'
      ptxas info    : Function properties for _Z30fast_hadamard_transform_kernelI37fast_hadamard_transform_kernel_traitsILi32ELi9EN3c104HalfEEEv18HadamardParamsBase
          0 bytes stack frame, 0 bytes spill stores, 0 bytes spill loads
      ptxas info    : Used 35 registers, used 0 barriers
      ptxas info    : Compile time = 14.021 ms
      ptxas info    : Compiling entry function
      '_Z30fast_hadamard_transform_kernelI37fast_hadamard_transform_kernel_traitsILi32ELi8EN3c104HalfEEEv18HadamardParamsBase' for 'sm_121'
      ptxas info    : Function properties for _Z30fast_hadamard_transform_kernelI37fast_hadamard_transform_kernel_traitsILi32ELi8EN3c104HalfEEEv18HadamardParamsBase
          0 bytes stack frame, 0 bytes spill stores, 0 bytes spill loads
      ptxas info    : Used 20 registers, used 0 barriers
      ptxas info    : Compile time = 7.452 ms
      ptxas info    : Compiling entry function
      '_Z30fast_hadamard_transform_kernelI37fast_hadamard_transform_kernel_traitsILi16ELi7EN3c104HalfEEEv18HadamardParamsBase' for 'sm_121'
      ptxas info    : Function properties for _Z30fast_hadamard_transform_kernelI37fast_hadamard_transform_kernel_traitsILi16ELi7EN3c104HalfEEEv18HadamardParamsBase
          0 bytes stack frame, 0 bytes spill stores, 0 bytes spill loads
      ptxas info    : Used 20 registers, used 0 barriers
      ptxas info    : Compile time = 6.667 ms
      ptxas info    : Compiling entry function
      '_Z30fast_hadamard_transform_kernelI37fast_hadamard_transform_kernel_traitsILi8ELi6EN3c104HalfEEEv18HadamardParamsBase' for 'sm_121'
      ptxas info    : Function properties for _Z30fast_hadamard_transform_kernelI37fast_hadamard_transform_kernel_traitsILi8ELi6EN3c104HalfEEEv18HadamardParamsBase
          0 bytes stack frame, 0 bytes spill stores, 0 bytes spill loads
      ptxas info    : Used 20 registers, used 0 barriers
      ptxas info    : Compile time = 5.846 ms
      ptxas info    : Compiling entry function
      '_Z30fast_hadamard_transform_kernelI37fast_hadamard_transform_kernel_traitsILi4ELi5EN3c104HalfEEEv18HadamardParamsBase' for 'sm_121'
      ptxas info    : Function properties for _Z30fast_hadamard_transform_kernelI37fast_hadamard_transform_kernel_traitsILi4ELi5EN3c104HalfEEEv18HadamardParamsBase
          0 bytes stack frame, 0 bytes spill stores, 0 bytes spill loads
      ptxas info    : Used 20 registers, used 0 barriers
      ptxas info    : Compile time = 5.058 ms
      ptxas info    : Compiling entry function
      '_Z30fast_hadamard_transform_kernelI37fast_hadamard_transform_kernel_traitsILi2ELi4EN3c104HalfEEEv18HadamardParamsBase' for 'sm_121'
      ptxas info    : Function properties for _Z30fast_hadamard_transform_kernelI37fast_hadamard_transform_kernel_traitsILi2ELi4EN3c104HalfEEEv18HadamardParamsBase
          0 bytes stack frame, 0 bytes spill stores, 0 bytes spill loads
      ptxas info    : Used 22 registers, used 0 barriers
      ptxas info    : Compile time = 4.217 ms
      ptxas info    : Compiling entry function
      '_Z30fast_hadamard_transform_kernelI37fast_hadamard_transform_kernel_traitsILi1ELi3EN3c104HalfEEEv18HadamardParamsBase' for 'sm_121'
      ptxas info    : Function properties for _Z30fast_hadamard_transform_kernelI37fast_hadamard_transform_kernel_traitsILi1ELi3EN3c104HalfEEEv18HadamardParamsBase
          0 bytes stack frame, 0 bytes spill stores, 0 bytes spill loads
      ptxas info    : Used 18 registers, used 0 barriers
      ptxas info    : Compile time = 3.378 ms
      ptxas info    : Compiling entry function '_Z30fast_hadamard_transform_kernelI37fast_hadamard_transform_kernel_traitsILi256ELi15EfEEv18HadamardParamsBase'
      for 'sm_121'
      ptxas info    : Function properties for _Z30fast_hadamard_transform_kernelI37fast_hadamard_transform_kernel_traitsILi256ELi15EfEEv18HadamardParamsBase
          0 bytes stack frame, 0 bytes spill stores, 0 bytes spill loads
      ptxas info    : Used 196 registers, used 1 barriers
      ptxas info    : Compile time = 373.132 ms
      ptxas info    : Compiling entry function '_Z30fast_hadamard_transform_kernelI37fast_hadamard_transform_kernel_traitsILi256ELi14EfEEv18HadamardParamsBase'
      for 'sm_121'
      ptxas info    : Function properties for _Z30fast_hadamard_transform_kernelI37fast_hadamard_transform_kernel_traitsILi256ELi14EfEEv18HadamardParamsBase
          0 bytes stack frame, 0 bytes spill stores, 0 bytes spill loads
      ptxas info    : Used 92 registers, used 1 barriers
      ptxas info    : Compile time = 127.469 ms
      ptxas info    : Compiling entry function '_Z30fast_hadamard_transform_kernelI37fast_hadamard_transform_kernel_traitsILi256ELi13EfEEv18HadamardParamsBase'
      for 'sm_121'
      ptxas info    : Function properties for _Z30fast_hadamard_transform_kernelI37fast_hadamard_transform_kernel_traitsILi256ELi13EfEEv18HadamardParamsBase
          0 bytes stack frame, 0 bytes spill stores, 0 bytes spill loads
      ptxas info    : Used 58 registers, used 1 barriers
      ptxas info    : Compile time = 44.842 ms
      ptxas info    : Compiling entry function '_Z30fast_hadamard_transform_kernelI37fast_hadamard_transform_kernel_traitsILi256ELi12EfEEv18HadamardParamsBase'
      for 'sm_121'
      ptxas info    : Function properties for _Z30fast_hadamard_transform_kernelI37fast_hadamard_transform_kernel_traitsILi256ELi12EfEEv18HadamardParamsBase
          0 bytes stack frame, 0 bytes spill stores, 0 bytes spill loads
      ptxas info    : Used 42 registers, used 1 barriers
      ptxas info    : Compile time = 21.348 ms
      ptxas info    : Compiling entry function '_Z30fast_hadamard_transform_kernelI37fast_hadamard_transform_kernel_traitsILi256ELi11EfEEv18HadamardParamsBase'
      for 'sm_121'
      ptxas info    : Function properties for _Z30fast_hadamard_transform_kernelI37fast_hadamard_transform_kernel_traitsILi256ELi11EfEEv18HadamardParamsBase
          0 bytes stack frame, 0 bytes spill stores, 0 bytes spill loads
      ptxas info    : Used 29 registers, used 1 barriers
      ptxas info    : Compile time = 11.044 ms
      ptxas info    : Compiling entry function '_Z30fast_hadamard_transform_kernelI37fast_hadamard_transform_kernel_traitsILi128ELi10EfEEv18HadamardParamsBase'
      for 'sm_121'
      ptxas info    : Function properties for _Z30fast_hadamard_transform_kernelI37fast_hadamard_transform_kernel_traitsILi128ELi10EfEEv18HadamardParamsBase
          0 bytes stack frame, 0 bytes spill stores, 0 bytes spill loads
      ptxas info    : Used 31 registers, used 1 barriers
      ptxas info    : Compile time = 10.173 ms
      ptxas info    : Compiling entry function '_Z30fast_hadamard_transform_kernelI37fast_hadamard_transform_kernel_traitsILi32ELi9EfEEv18HadamardParamsBase'
      for 'sm_121'
      ptxas info    : Function properties for _Z30fast_hadamard_transform_kernelI37fast_hadamard_transform_kernel_traitsILi32ELi9EfEEv18HadamardParamsBase
          0 bytes stack frame, 0 bytes spill stores, 0 bytes spill loads
      ptxas info    : Used 41 registers, used 0 barriers
      ptxas info    : Compile time = 14.768 ms
      ptxas info    : Compiling entry function '_Z30fast_hadamard_transform_kernelI37fast_hadamard_transform_kernel_traitsILi32ELi8EfEEv18HadamardParamsBase'
      for 'sm_121'
      ptxas info    : Function properties for _Z30fast_hadamard_transform_kernelI37fast_hadamard_transform_kernel_traitsILi32ELi8EfEEv18HadamardParamsBase
          0 bytes stack frame, 0 bytes spill stores, 0 bytes spill loads
      ptxas info    : Used 23 registers, used 0 barriers
      ptxas info    : Compile time = 7.494 ms
      ptxas info    : Compiling entry function '_Z30fast_hadamard_transform_kernelI37fast_hadamard_transform_kernel_traitsILi16ELi7EfEEv18HadamardParamsBase'
      for 'sm_121'
      ptxas info    : Function properties for _Z30fast_hadamard_transform_kernelI37fast_hadamard_transform_kernel_traitsILi16ELi7EfEEv18HadamardParamsBase
          0 bytes stack frame, 0 bytes spill stores, 0 bytes spill loads
      ptxas info    : Used 23 registers, used 0 barriers
      ptxas info    : Compile time = 6.701 ms
      ptxas info    : Compiling entry function '_Z30fast_hadamard_transform_kernelI37fast_hadamard_transform_kernel_traitsILi8ELi6EfEEv18HadamardParamsBase'
      for 'sm_121'
      ptxas info    : Function properties for _Z30fast_hadamard_transform_kernelI37fast_hadamard_transform_kernel_traitsILi8ELi6EfEEv18HadamardParamsBase
          0 bytes stack frame, 0 bytes spill stores, 0 bytes spill loads
      ptxas info    : Used 23 registers, used 0 barriers
      ptxas info    : Compile time = 5.908 ms
      ptxas info    : Compiling entry function '_Z30fast_hadamard_transform_kernelI37fast_hadamard_transform_kernel_traitsILi4ELi5EfEEv18HadamardParamsBase'
      for 'sm_121'
      ptxas info    : Function properties for _Z30fast_hadamard_transform_kernelI37fast_hadamard_transform_kernel_traitsILi4ELi5EfEEv18HadamardParamsBase
          0 bytes stack frame, 0 bytes spill stores, 0 bytes spill loads
      ptxas info    : Used 24 registers, used 0 barriers
      ptxas info    : Compile time = 5.101 ms
      ptxas info    : Compiling entry function '_Z30fast_hadamard_transform_kernelI37fast_hadamard_transform_kernel_traitsILi2ELi4EfEEv18HadamardParamsBase'
      for 'sm_121'
      ptxas info    : Function properties for _Z30fast_hadamard_transform_kernelI37fast_hadamard_transform_kernel_traitsILi2ELi4EfEEv18HadamardParamsBase
          0 bytes stack frame, 0 bytes spill stores, 0 bytes spill loads
      ptxas info    : Used 26 registers, used 0 barriers
      ptxas info    : Compile time = 4.306 ms
      ptxas info    : Compiling entry function '_Z30fast_hadamard_transform_kernelI37fast_hadamard_transform_kernel_traitsILi1ELi3EfEEv18HadamardParamsBase'
      for 'sm_121'
      ptxas info    : Function properties for _Z30fast_hadamard_transform_kernelI37fast_hadamard_transform_kernel_traitsILi1ELi3EfEEv18HadamardParamsBase
          0 bytes stack frame, 0 bytes spill stores, 0 bytes spill loads
      ptxas info    : Used 23 registers, used 0 barriers
      ptxas info    : Compile time = 3.365 ms
      ptxas info    : 0 bytes gmem
      ptxas info    : Compiling entry function
      '_Z30fast_hadamard_transform_kernelI41fast_hadamard_transform_40N_kernel_traitsILi256ELi10EN3c108BFloat16EEEv18HadamardParamsBase' for 'sm_103'
      ptxas info    : Function properties for
      _Z30fast_hadamard_transform_kernelI41fast_hadamard_transform_40N_kernel_traitsILi256ELi10EN3c108BFloat16EEEv18HadamardParamsBase
          208 bytes stack frame, 208 bytes spill stores, 208 bytes spill loads
      ptxas info    : Used 255 registers, used 1 barriers, 208 bytes cumulative stack size
      ptxas info    : Compile time = 1013.219 ms
      ptxas info    : Compiling entry function
      '_Z30fast_hadamard_transform_kernelI41fast_hadamard_transform_40N_kernel_traitsILi128ELi9EN3c108BFloat16EEEv18HadamardParamsBase' for 'sm_103'
      ptxas info    : Function properties for
      _Z30fast_hadamard_transform_kernelI41fast_hadamard_transform_40N_kernel_traitsILi128ELi9EN3c108BFloat16EEEv18HadamardParamsBase
          136 bytes stack frame, 136 bytes spill stores, 136 bytes spill loads
      ptxas info    : Used 255 registers, used 1 barriers, 136 bytes cumulative stack size
      ptxas info    : Compile time = 1308.224 ms
      ptxas info    : Compiling entry function
      '_Z30fast_hadamard_transform_kernelI41fast_hadamard_transform_40N_kernel_traitsILi64ELi8EN3c108BFloat16EEEv18HadamardParamsBase' for 'sm_103'
      ptxas info    : Function properties for
      _Z30fast_hadamard_transform_kernelI41fast_hadamard_transform_40N_kernel_traitsILi64ELi8EN3c108BFloat16EEEv18HadamardParamsBase
          144 bytes stack frame, 140 bytes spill stores, 140 bytes spill loads
      ptxas info    : Used 255 registers, used 1 barriers, 144 bytes cumulative stack size
      ptxas info    : Compile time = 1007.423 ms
      ptxas info    : Compiling entry function
      '_Z30fast_hadamard_transform_kernelI41fast_hadamard_transform_40N_kernel_traitsILi32ELi7EN3c108BFloat16EEEv18HadamardParamsBase' for 'sm_103'
      ptxas info    : Function properties for
      _Z30fast_hadamard_transform_kernelI41fast_hadamard_transform_40N_kernel_traitsILi32ELi7EN3c108BFloat16EEEv18HadamardParamsBase
          216 bytes stack frame, 212 bytes spill stores, 212 bytes spill loads
      ptxas info    : Used 255 registers, used 0 barriers, 216 bytes cumulative stack size
      ptxas info    : Compile time = 852.177 ms
      ptxas info    : Compiling entry function
      '_Z30fast_hadamard_transform_kernelI41fast_hadamard_transform_40N_kernel_traitsILi16ELi6EN3c108BFloat16EEEv18HadamardParamsBase' for 'sm_103'
      ptxas info    : Function properties for
      _Z30fast_hadamard_transform_kernelI41fast_hadamard_transform_40N_kernel_traitsILi16ELi6EN3c108BFloat16EEEv18HadamardParamsBase
          216 bytes stack frame, 212 bytes spill stores, 212 bytes spill loads
      ptxas info    : Used 255 registers, used 0 barriers, 216 bytes cumulative stack size
      ptxas info    : Compile time = 795.015 ms
      ptxas info    : Compiling entry function
      '_Z30fast_hadamard_transform_kernelI41fast_hadamard_transform_40N_kernel_traitsILi8ELi5EN3c108BFloat16EEEv18HadamardParamsBase' for 'sm_103'
      ptxas info    : Function properties for
      _Z30fast_hadamard_transform_kernelI41fast_hadamard_transform_40N_kernel_traitsILi8ELi5EN3c108BFloat16EEEv18HadamardParamsBase
          240 bytes stack frame, 232 bytes spill stores, 232 bytes spill loads
      ptxas info    : Used 255 registers, used 0 barriers, 240 bytes cumulative stack size
      ptxas info    : Compile time = 687.141 ms
      ptxas info    : Compiling entry function
      '_Z30fast_hadamard_transform_kernelI41fast_hadamard_transform_40N_kernel_traitsILi4ELi4EN3c108BFloat16EEEv18HadamardParamsBase' for 'sm_103'
      ptxas info    : Function properties for
      _Z30fast_hadamard_transform_kernelI41fast_hadamard_transform_40N_kernel_traitsILi4ELi4EN3c108BFloat16EEEv18HadamardParamsBase
          248 bytes stack frame, 252 bytes spill stores, 252 bytes spill loads
      ptxas info    : Used 255 registers, used 0 barriers, 248 bytes cumulative stack size
      ptxas info    : Compile time = 591.804 ms
      ptxas info    : Compiling entry function
      '_Z30fast_hadamard_transform_kernelI41fast_hadamard_transform_40N_kernel_traitsILi2ELi3EN3c108BFloat16EEEv18HadamardParamsBase' for 'sm_103'
      ptxas info    : Function properties for
      _Z30fast_hadamard_transform_kernelI41fast_hadamard_transform_40N_kernel_traitsILi2ELi3EN3c108BFloat16EEEv18HadamardParamsBase
          240 bytes stack frame, 232 bytes spill stores, 232 bytes spill loads
      ptxas info    : Used 255 registers, used 0 barriers, 240 bytes cumulative stack size
      ptxas info    : Compile time = 524.295 ms
      ptxas info    : Compiling entry function
      '_Z30fast_hadamard_transform_kernelI41fast_hadamard_transform_40N_kernel_traitsILi1ELi2EN3c108BFloat16EEEv18HadamardParamsBase' for 'sm_103'
      ptxas info    : Function properties for
      _Z30fast_hadamard_transform_kernelI41fast_hadamard_transform_40N_kernel_traitsILi1ELi2EN3c108BFloat16EEEv18HadamardParamsBase
          224 bytes stack frame, 220 bytes spill stores, 220 bytes spill loads
      ptxas info    : Used 255 registers, used 0 barriers, 224 bytes cumulative stack size
      ptxas info    : Compile time = 484.418 ms
      ptxas info    : Compiling entry function
      '_Z30fast_hadamard_transform_kernelI41fast_hadamard_transform_40N_kernel_traitsILi256ELi10EN3c104HalfEEEv18HadamardParamsBase' for 'sm_103'
      ptxas info    : Function properties for
      _Z30fast_hadamard_transform_kernelI41fast_hadamard_transform_40N_kernel_traitsILi256ELi10EN3c104HalfEEEv18HadamardParamsBase
          208 bytes stack frame, 208 bytes spill stores, 208 bytes spill loads
      ptxas info    : Used 255 registers, used 1 barriers, 208 bytes cumulative stack size
      ptxas info    : Compile time = 1319.974 ms
      ptxas info    : Compiling entry function
      '_Z30fast_hadamard_transform_kernelI41fast_hadamard_transform_40N_kernel_traitsILi128ELi9EN3c104HalfEEEv18HadamardParamsBase' for 'sm_103'
      ptxas info    : Function properties for
      _Z30fast_hadamard_transform_kernelI41fast_hadamard_transform_40N_kernel_traitsILi128ELi9EN3c104HalfEEEv18HadamardParamsBase
          136 bytes stack frame, 136 bytes spill stores, 136 bytes spill loads
      ptxas info    : Used 255 registers, used 1 barriers, 136 bytes cumulative stack size
      ptxas info    : Compile time = 943.038 ms
      ptxas info    : Compiling entry function
      '_Z30fast_hadamard_transform_kernelI41fast_hadamard_transform_40N_kernel_traitsILi64ELi8EN3c104HalfEEEv18HadamardParamsBase' for 'sm_103'
      ptxas info    : Function properties for
      _Z30fast_hadamard_transform_kernelI41fast_hadamard_transform_40N_kernel_traitsILi64ELi8EN3c104HalfEEEv18HadamardParamsBase
          144 bytes stack frame, 140 bytes spill stores, 140 bytes spill loads
      ptxas info    : Used 255 registers, used 1 barriers, 144 bytes cumulative stack size
      ptxas info    : Compile time = 771.993 ms
      ptxas info    : Compiling entry function
      '_Z30fast_hadamard_transform_kernelI41fast_hadamard_transform_40N_kernel_traitsILi32ELi7EN3c104HalfEEEv18HadamardParamsBase' for 'sm_103'
      ptxas info    : Function properties for
      _Z30fast_hadamard_transform_kernelI41fast_hadamard_transform_40N_kernel_traitsILi32ELi7EN3c104HalfEEEv18HadamardParamsBase
          216 bytes stack frame, 212 bytes spill stores, 212 bytes spill loads
      ptxas info    : Used 255 registers, used 0 barriers, 216 bytes cumulative stack size
      ptxas info    : Compile time = 840.038 ms
      ptxas info    : Compiling entry function
      '_Z30fast_hadamard_transform_kernelI41fast_hadamard_transform_40N_kernel_traitsILi16ELi6EN3c104HalfEEEv18HadamardParamsBase' for 'sm_103'
      ptxas info    : Function properties for
      _Z30fast_hadamard_transform_kernelI41fast_hadamard_transform_40N_kernel_traitsILi16ELi6EN3c104HalfEEEv18HadamardParamsBase
          232 bytes stack frame, 224 bytes spill stores, 224 bytes spill loads
      ptxas info    : Used 255 registers, used 0 barriers, 232 bytes cumulative stack size
      ptxas info    : Compile time = 656.018 ms
      ptxas info    : Compiling entry function
      '_Z30fast_hadamard_transform_kernelI41fast_hadamard_transform_40N_kernel_traitsILi8ELi5EN3c104HalfEEEv18HadamardParamsBase' for 'sm_103'
      ptxas info    : Function properties for
      _Z30fast_hadamard_transform_kernelI41fast_hadamard_transform_40N_kernel_traitsILi8ELi5EN3c104HalfEEEv18HadamardParamsBase
          240 bytes stack frame, 232 bytes spill stores, 232 bytes spill loads
      ptxas info    : Used 255 registers, used 0 barriers, 240 bytes cumulative stack size
      ptxas info    : Compile time = 563.459 ms
      ptxas info    : Compiling entry function
      '_Z30fast_hadamard_transform_kernelI41fast_hadamard_transform_40N_kernel_traitsILi4ELi4EN3c104HalfEEEv18HadamardParamsBase' for 'sm_103'
      ptxas info    : Function properties for
      _Z30fast_hadamard_transform_kernelI41fast_hadamard_transform_40N_kernel_traitsILi4ELi4EN3c104HalfEEEv18HadamardParamsBase
          256 bytes stack frame, 252 bytes spill stores, 252 bytes spill loads
      ptxas info    : Used 255 registers, used 0 barriers, 256 bytes cumulative stack size
      ptxas info    : Compile time = 485.618 ms
      ptxas info    : Compiling entry function
      '_Z30fast_hadamard_transform_kernelI41fast_hadamard_transform_40N_kernel_traitsILi2ELi3EN3c104HalfEEEv18HadamardParamsBase' for 'sm_103'
      ptxas info    : Function properties for
      _Z30fast_hadamard_transform_kernelI41fast_hadamard_transform_40N_kernel_traitsILi2ELi3EN3c104HalfEEEv18HadamardParamsBase
          240 bytes stack frame, 232 bytes spill stores, 232 bytes spill loads
      ptxas info    : Used 255 registers, used 0 barriers, 240 bytes cumulative stack size
      ptxas info    : Compile time = 417.235 ms
      ptxas info    : Compiling entry function
      '_Z30fast_hadamard_transform_kernelI41fast_hadamard_transform_40N_kernel_traitsILi1ELi2EN3c104HalfEEEv18HadamardParamsBase' for 'sm_103'
      ptxas info    : Function properties for
      _Z30fast_hadamard_transform_kernelI41fast_hadamard_transform_40N_kernel_traitsILi1ELi2EN3c104HalfEEEv18HadamardParamsBase
          224 bytes stack frame, 220 bytes spill stores, 220 bytes spill loads
      ptxas info    : Used 255 registers, used 0 barriers, 224 bytes cumulative stack size
      ptxas info    : Compile time = 370.895 ms
      ptxas info    : Compiling entry function '_Z30fast_hadamard_transform_kernelI41fast_hadamard_transform_40N_kernel_traitsILi256ELi10EfEEv18HadamardParamsBase'
      for 'sm_103'
      ptxas info    : Function properties for _Z30fast_hadamard_transform_kernelI41fast_hadamard_transform_40N_kernel_traitsILi256ELi10EfEEv18HadamardParamsBase
          96 bytes stack frame, 92 bytes spill stores, 92 bytes spill loads
      ptxas info    : Used 255 registers, used 1 barriers, 96 bytes cumulative stack size
      ptxas info    : Compile time = 820.267 ms
      ptxas info    : Compiling entry function '_Z30fast_hadamard_transform_kernelI41fast_hadamard_transform_40N_kernel_traitsILi128ELi9EfEEv18HadamardParamsBase'
      for 'sm_103'
      ptxas info    : Function properties for _Z30fast_hadamard_transform_kernelI41fast_hadamard_transform_40N_kernel_traitsILi128ELi9EfEEv18HadamardParamsBase
          80 bytes stack frame, 80 bytes spill stores, 80 bytes spill loads
      ptxas info    : Used 255 registers, used 1 barriers, 80 bytes cumulative stack size
      ptxas info    : Compile time = 745.555 ms
      ptxas info    : Compiling entry function '_Z30fast_hadamard_transform_kernelI41fast_hadamard_transform_40N_kernel_traitsILi64ELi8EfEEv18HadamardParamsBase'
      for 'sm_103'
      ptxas info    : Function properties for _Z30fast_hadamard_transform_kernelI41fast_hadamard_transform_40N_kernel_traitsILi64ELi8EfEEv18HadamardParamsBase
          16 bytes stack frame, 12 bytes spill stores, 12 bytes spill loads
      ptxas info    : Used 255 registers, used 1 barriers, 16 bytes cumulative stack size
      ptxas info    : Compile time = 626.731 ms
      ptxas info    : Compiling entry function '_Z30fast_hadamard_transform_kernelI41fast_hadamard_transform_40N_kernel_traitsILi32ELi7EfEEv18HadamardParamsBase'
      for 'sm_103'
      ptxas info    : Function properties for _Z30fast_hadamard_transform_kernelI41fast_hadamard_transform_40N_kernel_traitsILi32ELi7EfEEv18HadamardParamsBase
          136 bytes stack frame, 136 bytes spill stores, 136 bytes spill loads
      ptxas info    : Used 255 registers, used 0 barriers, 136 bytes cumulative stack size
      ptxas info    : Compile time = 699.406 ms
      ptxas info    : Compiling entry function '_Z30fast_hadamard_transform_kernelI41fast_hadamard_transform_40N_kernel_traitsILi16ELi6EfEEv18HadamardParamsBase'
      for 'sm_103'
      ptxas info    : Function properties for _Z30fast_hadamard_transform_kernelI41fast_hadamard_transform_40N_kernel_traitsILi16ELi6EfEEv18HadamardParamsBase
          120 bytes stack frame, 116 bytes spill stores, 116 bytes spill loads
      ptxas info    : Used 255 registers, used 0 barriers, 120 bytes cumulative stack size
      ptxas info    : Compile time = 631.830 ms
      ptxas info    : Compiling entry function '_Z30fast_hadamard_transform_kernelI41fast_hadamard_transform_40N_kernel_traitsILi8ELi5EfEEv18HadamardParamsBase'
      for 'sm_103'
      ptxas info    : Function properties for _Z30fast_hadamard_transform_kernelI41fast_hadamard_transform_40N_kernel_traitsILi8ELi5EfEEv18HadamardParamsBase
          112 bytes stack frame, 108 bytes spill stores, 108 bytes spill loads
      ptxas info    : Used 255 registers, used 0 barriers, 112 bytes cumulative stack size
      ptxas info    : Compile time = 534.996 ms
      ptxas info    : Compiling entry function '_Z30fast_hadamard_transform_kernelI41fast_hadamard_transform_40N_kernel_traitsILi4ELi4EfEEv18HadamardParamsBase'
      for 'sm_103'
      ptxas info    : Function properties for _Z30fast_hadamard_transform_kernelI41fast_hadamard_transform_40N_kernel_traitsILi4ELi4EfEEv18HadamardParamsBase
          64 bytes stack frame, 64 bytes spill stores, 64 bytes spill loads
      ptxas info    : Used 255 registers, used 0 barriers, 64 bytes cumulative stack size
      ptxas info    : Compile time = 443.950 ms
      ptxas info    : Compiling entry function '_Z30fast_hadamard_transform_kernelI41fast_hadamard_transform_40N_kernel_traitsILi2ELi3EfEEv18HadamardParamsBase'
      for 'sm_103'
      ptxas info    : Function properties for _Z30fast_hadamard_transform_kernelI41fast_hadamard_transform_40N_kernel_traitsILi2ELi3EfEEv18HadamardParamsBase
          48 bytes stack frame, 44 bytes spill stores, 44 bytes spill loads
      ptxas info    : Used 255 registers, used 0 barriers, 48 bytes cumulative stack size
      ptxas info    : Compile time = 379.619 ms
      ptxas info    : Compiling entry function '_Z30fast_hadamard_transform_kernelI41fast_hadamard_transform_40N_kernel_traitsILi1ELi2EfEEv18HadamardParamsBase'
      for 'sm_103'
      ptxas info    : Function properties for _Z30fast_hadamard_transform_kernelI41fast_hadamard_transform_40N_kernel_traitsILi1ELi2EfEEv18HadamardParamsBase
          48 bytes stack frame, 44 bytes spill stores, 44 bytes spill loads
      ptxas info    : Used 255 registers, used 0 barriers, 48 bytes cumulative stack size
      ptxas info    : Compile time = 328.947 ms
      ptxas info    : Compiling entry function
      '_Z30fast_hadamard_transform_kernelI41fast_hadamard_transform_28N_kernel_traitsILi256ELi10EN3c108BFloat16EEEv18HadamardParamsBase' for 'sm_103'
      ptxas info    : Function properties for
      _Z30fast_hadamard_transform_kernelI41fast_hadamard_transform_28N_kernel_traitsILi256ELi10EN3c108BFloat16EEEv18HadamardParamsBase
          0 bytes stack frame, 0 bytes spill stores, 0 bytes spill loads
      ptxas info    : Used 182 registers, used 1 barriers
      ptxas info    : Compile time = 423.750 ms
      ptxas info    : Compiling entry function
      '_Z30fast_hadamard_transform_kernelI41fast_hadamard_transform_28N_kernel_traitsILi128ELi9EN3c108BFloat16EEEv18HadamardParamsBase' for 'sm_103'
      ptxas info    : Function properties for
      _Z30fast_hadamard_transform_kernelI41fast_hadamard_transform_28N_kernel_traitsILi128ELi9EN3c108BFloat16EEEv18HadamardParamsBase
          0 bytes stack frame, 0 bytes spill stores, 0 bytes spill loads
      ptxas info    : Used 186 registers, used 1 barriers
      ptxas info    : Compile time = 401.802 ms
      ptxas info    : Compiling entry function
      '_Z30fast_hadamard_transform_kernelI41fast_hadamard_transform_28N_kernel_traitsILi64ELi8EN3c108BFloat16EEEv18HadamardParamsBase' for 'sm_103'
      ptxas info    : Function properties for
      _Z30fast_hadamard_transform_kernelI41fast_hadamard_transform_28N_kernel_traitsILi64ELi8EN3c108BFloat16EEEv18HadamardParamsBase
          0 bytes stack frame, 0 bytes spill stores, 0 bytes spill loads
      ptxas info    : Used 198 registers, used 1 barriers
      ptxas info    : Compile time = 357.315 ms
      ptxas info    : Compiling entry function
      '_Z30fast_hadamard_transform_kernelI41fast_hadamard_transform_28N_kernel_traitsILi32ELi7EN3c108BFloat16EEEv18HadamardParamsBase' for 'sm_103'
      ptxas info    : Function properties for
      _Z30fast_hadamard_transform_kernelI41fast_hadamard_transform_28N_kernel_traitsILi32ELi7EN3c108BFloat16EEEv18HadamardParamsBase
          0 bytes stack frame, 0 bytes spill stores, 0 bytes spill loads
      ptxas info    : Used 222 registers, used 0 barriers
      ptxas info    : Compile time = 344.327 ms
      ptxas info    : Compiling entry function
      '_Z30fast_hadamard_transform_kernelI41fast_hadamard_transform_28N_kernel_traitsILi16ELi6EN3c108BFloat16EEEv18HadamardParamsBase' for 'sm_103'
      ptxas info    : Function properties for
      _Z30fast_hadamard_transform_kernelI41fast_hadamard_transform_28N_kernel_traitsILi16ELi6EN3c108BFloat16EEEv18HadamardParamsBase
          0 bytes stack frame, 0 bytes spill stores, 0 bytes spill loads
      ptxas info    : Used 228 registers, used 0 barriers
      ptxas info    : Compile time = 302.464 ms
      ptxas info    : Compiling entry function
      '_Z30fast_hadamard_transform_kernelI41fast_hadamard_transform_28N_kernel_traitsILi8ELi5EN3c108BFloat16EEEv18HadamardParamsBase' for 'sm_103'
      ptxas info    : Function properties for
      _Z30fast_hadamard_transform_kernelI41fast_hadamard_transform_28N_kernel_traitsILi8ELi5EN3c108BFloat16EEEv18HadamardParamsBase
          0 bytes stack frame, 0 bytes spill stores, 0 bytes spill loads
      ptxas info    : Used 230 registers, used 0 barriers
      ptxas info    : Compile time = 267.746 ms
      ptxas info    : Compiling entry function
      '_Z30fast_hadamard_transform_kernelI41fast_hadamard_transform_28N_kernel_traitsILi4ELi4EN3c108BFloat16EEEv18HadamardParamsBase' for 'sm_103'
      ptxas info    : Function properties for
      _Z30fast_hadamard_transform_kernelI41fast_hadamard_transform_28N_kernel_traitsILi4ELi4EN3c108BFloat16EEEv18HadamardParamsBase
          0 bytes stack frame, 0 bytes spill stores, 0 bytes spill loads
      ptxas info    : Used 230 registers, used 0 barriers
      ptxas info    : Compile time = 233.258 ms
      ptxas info    : Compiling entry function
      '_Z30fast_hadamard_transform_kernelI41fast_hadamard_transform_28N_kernel_traitsILi2ELi3EN3c108BFloat16EEEv18HadamardParamsBase' for 'sm_103'
      ptxas info    : Function properties for
      _Z30fast_hadamard_transform_kernelI41fast_hadamard_transform_28N_kernel_traitsILi2ELi3EN3c108BFloat16EEEv18HadamardParamsBase
          0 bytes stack frame, 0 bytes spill stores, 0 bytes spill loads
      ptxas info    : Used 216 registers, used 0 barriers
      ptxas info    : Compile time = 213.129 ms
      ptxas info    : Compiling entry function
      '_Z30fast_hadamard_transform_kernelI41fast_hadamard_transform_28N_kernel_traitsILi1ELi2EN3c108BFloat16EEEv18HadamardParamsBase' for 'sm_103'
      ptxas info    : Function properties for
      _Z30fast_hadamard_transform_kernelI41fast_hadamard_transform_28N_kernel_traitsILi1ELi2EN3c108BFloat16EEEv18HadamardParamsBase
          0 bytes stack frame, 0 bytes spill stores, 0 bytes spill loads
      ptxas info    : Used 214 registers, used 0 barriers
      ptxas info    : Compile time = 188.676 ms
      ptxas info    : Compiling entry function
      '_Z30fast_hadamard_transform_kernelI41fast_hadamard_transform_28N_kernel_traitsILi256ELi10EN3c104HalfEEEv18HadamardParamsBase' for 'sm_103'
      ptxas info    : Function properties for
      _Z30fast_hadamard_transform_kernelI41fast_hadamard_transform_28N_kernel_traitsILi256ELi10EN3c104HalfEEEv18HadamardParamsBase
          0 bytes stack frame, 0 bytes spill stores, 0 bytes spill loads
      ptxas info    : Used 177 registers, used 1 barriers
      ptxas info    : Compile time = 422.634 ms
      ptxas info    : Compiling entry function
      '_Z30fast_hadamard_transform_kernelI41fast_hadamard_transform_28N_kernel_traitsILi128ELi9EN3c104HalfEEEv18HadamardParamsBase' for 'sm_103'
      ptxas info    : Function properties for
      _Z30fast_hadamard_transform_kernelI41fast_hadamard_transform_28N_kernel_traitsILi128ELi9EN3c104HalfEEEv18HadamardParamsBase
          0 bytes stack frame, 0 bytes spill stores, 0 bytes spill loads
      ptxas info    : Used 186 registers, used 1 barriers
      ptxas info    : Compile time = 392.250 ms
      ptxas info    : Compiling entry function
      '_Z30fast_hadamard_transform_kernelI41fast_hadamard_transform_28N_kernel_traitsILi64ELi8EN3c104HalfEEEv18HadamardParamsBase' for 'sm_103'
      ptxas info    : Function properties for
      _Z30fast_hadamard_transform_kernelI41fast_hadamard_transform_28N_kernel_traitsILi64ELi8EN3c104HalfEEEv18HadamardParamsBase
          0 bytes stack frame, 0 bytes spill stores, 0 bytes spill loads
      ptxas info    : Used 199 registers, used 1 barriers
      ptxas info    : Compile time = 355.278 ms
      ptxas info    : Compiling entry function
      '_Z30fast_hadamard_transform_kernelI41fast_hadamard_transform_28N_kernel_traitsILi32ELi7EN3c104HalfEEEv18HadamardParamsBase' for 'sm_103'
      ptxas info    : Function properties for
      _Z30fast_hadamard_transform_kernelI41fast_hadamard_transform_28N_kernel_traitsILi32ELi7EN3c104HalfEEEv18HadamardParamsBase
          0 bytes stack frame, 0 bytes spill stores, 0 bytes spill loads
      ptxas info    : Used 222 registers, used 0 barriers
      ptxas info    : Compile time = 391.983 ms
      ptxas info    : Compiling entry function
      '_Z30fast_hadamard_transform_kernelI41fast_hadamard_transform_28N_kernel_traitsILi16ELi6EN3c104HalfEEEv18HadamardParamsBase' for 'sm_103'
      ptxas info    : Function properties for
      _Z30fast_hadamard_transform_kernelI41fast_hadamard_transform_28N_kernel_traitsILi16ELi6EN3c104HalfEEEv18HadamardParamsBase
          0 bytes stack frame, 0 bytes spill stores, 0 bytes spill loads
      ptxas info    : Used 228 registers, used 0 barriers
      ptxas info    : Compile time = 356.973 ms
      ptxas info    : Compiling entry function
      '_Z30fast_hadamard_transform_kernelI41fast_hadamard_transform_28N_kernel_traitsILi8ELi5EN3c104HalfEEEv18HadamardParamsBase' for 'sm_103'
      ptxas info    : Function properties for
      _Z30fast_hadamard_transform_kernelI41fast_hadamard_transform_28N_kernel_traitsILi8ELi5EN3c104HalfEEEv18HadamardParamsBase
          0 bytes stack frame, 0 bytes spill stores, 0 bytes spill loads
      ptxas info    : Used 230 registers, used 0 barriers
      ptxas info    : Compile time = 316.334 ms
      ptxas info    : Compiling entry function
      '_Z30fast_hadamard_transform_kernelI41fast_hadamard_transform_28N_kernel_traitsILi4ELi4EN3c104HalfEEEv18HadamardParamsBase' for 'sm_103'
      ptxas info    : Function properties for
      _Z30fast_hadamard_transform_kernelI41fast_hadamard_transform_28N_kernel_traitsILi4ELi4EN3c104HalfEEEv18HadamardParamsBase
          0 bytes stack frame, 0 bytes spill stores, 0 bytes spill loads
      ptxas info    : Used 230 registers, used 0 barriers
      ptxas info    : Compile time = 282.367 ms
      ptxas info    : Compiling entry function
      '_Z30fast_hadamard_transform_kernelI41fast_hadamard_transform_28N_kernel_traitsILi2ELi3EN3c104HalfEEEv18HadamardParamsBase' for 'sm_103'
      ptxas info    : Function properties for
      _Z30fast_hadamard_transform_kernelI41fast_hadamard_transform_28N_kernel_traitsILi2ELi3EN3c104HalfEEEv18HadamardParamsBase
          0 bytes stack frame, 0 bytes spill stores, 0 bytes spill loads
      ptxas info    : Used 218 registers, used 0 barriers
      ptxas info    : Compile time = 243.148 ms
      ptxas info    : Compiling entry function
      '_Z30fast_hadamard_transform_kernelI41fast_hadamard_transform_28N_kernel_traitsILi1ELi2EN3c104HalfEEEv18HadamardParamsBase' for 'sm_103'
      ptxas info    : Function properties for
      _Z30fast_hadamard_transform_kernelI41fast_hadamard_transform_28N_kernel_traitsILi1ELi2EN3c104HalfEEEv18HadamardParamsBase
          0 bytes stack frame, 0 bytes spill stores, 0 bytes spill loads
      ptxas info    : Used 214 registers, used 0 barriers
      ptxas info    : Compile time = 195.874 ms
      ptxas info    : Compiling entry function '_Z30fast_hadamard_transform_kernelI41fast_hadamard_transform_28N_kernel_traitsILi256ELi10EfEEv18HadamardParamsBase'
      for 'sm_103'
      ptxas info    : Function properties for _Z30fast_hadamard_transform_kernelI41fast_hadamard_transform_28N_kernel_traitsILi256ELi10EfEEv18HadamardParamsBase
          0 bytes stack frame, 0 bytes spill stores, 0 bytes spill loads
      ptxas info    : Used 250 registers, used 1 barriers
      ptxas info    : Compile time = 508.569 ms
      ptxas info    : Compiling entry function '_Z30fast_hadamard_transform_kernelI41fast_hadamard_transform_28N_kernel_traitsILi128ELi9EfEEv18HadamardParamsBase'
      for 'sm_103'
      ptxas info    : Function properties for _Z30fast_hadamard_transform_kernelI41fast_hadamard_transform_28N_kernel_traitsILi128ELi9EfEEv18HadamardParamsBase
          0 bytes stack frame, 0 bytes spill stores, 0 bytes spill loads
      ptxas info    : Used 193 registers, used 1 barriers
      ptxas info    : Compile time = 450.502 ms
      ptxas info    : Compiling entry function '_Z30fast_hadamard_transform_kernelI41fast_hadamard_transform_28N_kernel_traitsILi64ELi8EfEEv18HadamardParamsBase'
      for 'sm_103'
      ptxas info    : Function properties for _Z30fast_hadamard_transform_kernelI41fast_hadamard_transform_28N_kernel_traitsILi64ELi8EfEEv18HadamardParamsBase
          0 bytes stack frame, 0 bytes spill stores, 0 bytes spill loads
      ptxas info    : Used 182 registers, used 1 barriers
      ptxas info    : Compile time = 420.879 ms
      ptxas info    : Compiling entry function '_Z30fast_hadamard_transform_kernelI41fast_hadamard_transform_28N_kernel_traitsILi32ELi7EfEEv18HadamardParamsBase'
      for 'sm_103'
      ptxas info    : Function properties for _Z30fast_hadamard_transform_kernelI41fast_hadamard_transform_28N_kernel_traitsILi32ELi7EfEEv18HadamardParamsBase
          0 bytes stack frame, 0 bytes spill stores, 0 bytes spill loads
      ptxas info    : Used 255 registers, used 0 barriers
      ptxas info    : Compile time = 384.300 ms
      ptxas info    : Compiling entry function '_Z30fast_hadamard_transform_kernelI41fast_hadamard_transform_28N_kernel_traitsILi16ELi6EfEEv18HadamardParamsBase'
      for 'sm_103'
      ptxas info    : Function properties for _Z30fast_hadamard_transform_kernelI41fast_hadamard_transform_28N_kernel_traitsILi16ELi6EfEEv18HadamardParamsBase
          0 bytes stack frame, 0 bytes spill stores, 0 bytes spill loads
      ptxas info    : Used 192 registers, used 0 barriers
      ptxas info    : Compile time = 285.675 ms
      ptxas info    : Compiling entry function '_Z30fast_hadamard_transform_kernelI41fast_hadamard_transform_28N_kernel_traitsILi8ELi5EfEEv18HadamardParamsBase'
      for 'sm_103'
      ptxas info    : Function properties for _Z30fast_hadamard_transform_kernelI41fast_hadamard_transform_28N_kernel_traitsILi8ELi5EfEEv18HadamardParamsBase
          0 bytes stack frame, 0 bytes spill stores, 0 bytes spill loads
      ptxas info    : Used 255 registers, used 0 barriers
      ptxas info    : Compile time = 257.025 ms
      ptxas info    : Compiling entry function '_Z30fast_hadamard_transform_kernelI41fast_hadamard_transform_28N_kernel_traitsILi4ELi4EfEEv18HadamardParamsBase'
      for 'sm_103'
      ptxas info    : Function properties for _Z30fast_hadamard_transform_kernelI41fast_hadamard_transform_28N_kernel_traitsILi4ELi4EfEEv18HadamardParamsBase
          0 bytes stack frame, 0 bytes spill stores, 0 bytes spill loads
      ptxas info    : Used 194 registers, used 0 barriers
      ptxas info    : Compile time = 221.902 ms
      ptxas info    : Compiling entry function '_Z30fast_hadamard_transform_kernelI41fast_hadamard_transform_28N_kernel_traitsILi2ELi3EfEEv18HadamardParamsBase'
      for 'sm_103'
      ptxas info    : Function properties for _Z30fast_hadamard_transform_kernelI41fast_hadamard_transform_28N_kernel_traitsILi2ELi3EfEEv18HadamardParamsBase
          0 bytes stack frame, 0 bytes spill stores, 0 bytes spill loads
      ptxas info    : Used 184 registers, used 0 barriers
      ptxas info    : Compile time = 195.019 ms
      ptxas info    : Compiling entry function '_Z30fast_hadamard_transform_kernelI41fast_hadamard_transform_28N_kernel_traitsILi1ELi2EfEEv18HadamardParamsBase'
      for 'sm_103'
      ptxas info    : Function properties for _Z30fast_hadamard_transform_kernelI41fast_hadamard_transform_28N_kernel_traitsILi1ELi2EfEEv18HadamardParamsBase
          0 bytes stack frame, 0 bytes spill stores, 0 bytes spill loads
      ptxas info    : Used 191 registers, used 0 barriers
      ptxas info    : Compile time = 175.281 ms
      ptxas info    : Compiling entry function
      '_Z30fast_hadamard_transform_kernelI41fast_hadamard_transform_20N_kernel_traitsILi256ELi10EN3c108BFloat16EEEv18HadamardParamsBase' for 'sm_103'
      ptxas info    : Function properties for
      _Z30fast_hadamard_transform_kernelI41fast_hadamard_transform_20N_kernel_traitsILi256ELi10EN3c108BFloat16EEEv18HadamardParamsBase
          0 bytes stack frame, 0 bytes spill stores, 0 bytes spill loads
      ptxas info    : Used 128 registers, used 1 barriers
      ptxas info    : Compile time = 344.183 ms
      ptxas info    : Compiling entry function
      '_Z30fast_hadamard_transform_kernelI41fast_hadamard_transform_20N_kernel_traitsILi128ELi9EN3c108BFloat16EEEv18HadamardParamsBase' for 'sm_103'
      ptxas info    : Function properties for
      _Z30fast_hadamard_transform_kernelI41fast_hadamard_transform_20N_kernel_traitsILi128ELi9EN3c108BFloat16EEEv18HadamardParamsBase
          0 bytes stack frame, 0 bytes spill stores, 0 bytes spill loads
      ptxas info    : Used 128 registers, used 1 barriers
      ptxas info    : Compile time = 270.241 ms
      ptxas info    : Compiling entry function
      '_Z30fast_hadamard_transform_kernelI41fast_hadamard_transform_20N_kernel_traitsILi64ELi8EN3c108BFloat16EEEv18HadamardParamsBase' for 'sm_103'
      ptxas info    : Function properties for
      _Z30fast_hadamard_transform_kernelI41fast_hadamard_transform_20N_kernel_traitsILi64ELi8EN3c108BFloat16EEEv18HadamardParamsBase
          0 bytes stack frame, 0 bytes spill stores, 0 bytes spill loads
      ptxas info    : Used 168 registers, used 1 barriers
      ptxas info    : Compile time = 265.255 ms
      ptxas info    : Compiling entry function
      '_Z30fast_hadamard_transform_kernelI41fast_hadamard_transform_20N_kernel_traitsILi32ELi7EN3c108BFloat16EEEv18HadamardParamsBase' for 'sm_103'
      ptxas info    : Function properties for
      _Z30fast_hadamard_transform_kernelI41fast_hadamard_transform_20N_kernel_traitsILi32ELi7EN3c108BFloat16EEEv18HadamardParamsBase
          0 bytes stack frame, 0 bytes spill stores, 0 bytes spill loads
      ptxas info    : Used 168 registers, used 0 barriers
      ptxas info    : Compile time = 230.032 ms
      ptxas info    : Compiling entry function
      '_Z30fast_hadamard_transform_kernelI41fast_hadamard_transform_20N_kernel_traitsILi16ELi6EN3c108BFloat16EEEv18HadamardParamsBase' for 'sm_103'
      ptxas info    : Function properties for
      _Z30fast_hadamard_transform_kernelI41fast_hadamard_transform_20N_kernel_traitsILi16ELi6EN3c108BFloat16EEEv18HadamardParamsBase
          0 bytes stack frame, 0 bytes spill stores, 0 bytes spill loads
      ptxas info    : Used 168 registers, used 0 barriers
      ptxas info    : Compile time = 199.495 ms
      ptxas info    : Compiling entry function
      '_Z30fast_hadamard_transform_kernelI41fast_hadamard_transform_20N_kernel_traitsILi8ELi5EN3c108BFloat16EEEv18HadamardParamsBase' for 'sm_103'
      ptxas info    : Function properties for
      _Z30fast_hadamard_transform_kernelI41fast_hadamard_transform_20N_kernel_traitsILi8ELi5EN3c108BFloat16EEEv18HadamardParamsBase
          0 bytes stack frame, 0 bytes spill stores, 0 bytes spill loads
      ptxas info    : Used 168 registers, used 0 barriers
      ptxas info    : Compile time = 174.025 ms
      ptxas info    : Compiling entry function
      '_Z30fast_hadamard_transform_kernelI41fast_hadamard_transform_20N_kernel_traitsILi4ELi4EN3c108BFloat16EEEv18HadamardParamsBase' for 'sm_103'
      ptxas info    : Function properties for
      _Z30fast_hadamard_transform_kernelI41fast_hadamard_transform_20N_kernel_traitsILi4ELi4EN3c108BFloat16EEEv18HadamardParamsBase
          0 bytes stack frame, 0 bytes spill stores, 0 bytes spill loads
      ptxas info    : Used 168 registers, used 0 barriers
      ptxas info    : Compile time = 148.199 ms
      ptxas info    : Compiling entry function
      '_Z30fast_hadamard_transform_kernelI41fast_hadamard_transform_20N_kernel_traitsILi2ELi3EN3c108BFloat16EEEv18HadamardParamsBase' for 'sm_103'
      ptxas info    : Function properties for
      _Z30fast_hadamard_transform_kernelI41fast_hadamard_transform_20N_kernel_traitsILi2ELi3EN3c108BFloat16EEEv18HadamardParamsBase
          0 bytes stack frame, 0 bytes spill stores, 0 bytes spill loads
      ptxas info    : Used 168 registers, used 0 barriers
      ptxas info    : Compile time = 125.365 ms
      ptxas info    : Compiling entry function
      '_Z30fast_hadamard_transform_kernelI41fast_hadamard_transform_20N_kernel_traitsILi1ELi2EN3c108BFloat16EEEv18HadamardParamsBase' for 'sm_103'
      ptxas info    : Function properties for
      _Z30fast_hadamard_transform_kernelI41fast_hadamard_transform_20N_kernel_traitsILi1ELi2EN3c108BFloat16EEEv18HadamardParamsBase
          0 bytes stack frame, 0 bytes spill stores, 0 bytes spill loads
      ptxas info    : Used 168 registers, used 0 barriers
      ptxas info    : Compile time = 105.823 ms
      ptxas info    : Compiling entry function
      '_Z30fast_hadamard_transform_kernelI41fast_hadamard_transform_20N_kernel_traitsILi256ELi10EN3c104HalfEEEv18HadamardParamsBase' for 'sm_103'
      ptxas info    : Function properties for
      _Z30fast_hadamard_transform_kernelI41fast_hadamard_transform_20N_kernel_traitsILi256ELi10EN3c104HalfEEEv18HadamardParamsBase
          8 bytes stack frame, 4 bytes spill stores, 4 bytes spill loads
      ptxas info    : Used 128 registers, used 1 barriers, 8 bytes cumulative stack size
      ptxas info    : Compile time = 327.287 ms
      ptxas info    : Compiling entry function
      '_Z30fast_hadamard_transform_kernelI41fast_hadamard_transform_20N_kernel_traitsILi128ELi9EN3c104HalfEEEv18HadamardParamsBase' for 'sm_103'
      ptxas info    : Function properties for
      _Z30fast_hadamard_transform_kernelI41fast_hadamard_transform_20N_kernel_traitsILi128ELi9EN3c104HalfEEEv18HadamardParamsBase
          0 bytes stack frame, 0 bytes spill stores, 0 bytes spill loads
      ptxas info    : Used 128 registers, used 1 barriers
      ptxas info    : Compile time = 258.287 ms
      ptxas info    : Compiling entry function
      '_Z30fast_hadamard_transform_kernelI41fast_hadamard_transform_20N_kernel_traitsILi64ELi8EN3c104HalfEEEv18HadamardParamsBase' for 'sm_103'
      ptxas info    : Function properties for
      _Z30fast_hadamard_transform_kernelI41fast_hadamard_transform_20N_kernel_traitsILi64ELi8EN3c104HalfEEEv18HadamardParamsBase
          0 bytes stack frame, 0 bytes spill stores, 0 bytes spill loads
      ptxas info    : Used 168 registers, used 1 barriers
      ptxas info    : Compile time = 242.459 ms
      ptxas info    : Compiling entry function
      '_Z30fast_hadamard_transform_kernelI41fast_hadamard_transform_20N_kernel_traitsILi32ELi7EN3c104HalfEEEv18HadamardParamsBase' for 'sm_103'
      ptxas info    : Function properties for
      _Z30fast_hadamard_transform_kernelI41fast_hadamard_transform_20N_kernel_traitsILi32ELi7EN3c104HalfEEEv18HadamardParamsBase
          0 bytes stack frame, 0 bytes spill stores, 0 bytes spill loads
      ptxas info    : Used 168 registers, used 0 barriers
      ptxas info    : Compile time = 227.548 ms
      ptxas info    : Compiling entry function
      '_Z30fast_hadamard_transform_kernelI41fast_hadamard_transform_20N_kernel_traitsILi16ELi6EN3c104HalfEEEv18HadamardParamsBase' for 'sm_103'
      ptxas info    : Function properties for
      _Z30fast_hadamard_transform_kernelI41fast_hadamard_transform_20N_kernel_traitsILi16ELi6EN3c104HalfEEEv18HadamardParamsBase
          0 bytes stack frame, 0 bytes spill stores, 0 bytes spill loads
      ptxas info    : Used 168 registers, used 0 barriers
      ptxas info    : Compile time = 198.178 ms
      ptxas info    : Compiling entry function
      '_Z30fast_hadamard_transform_kernelI41fast_hadamard_transform_20N_kernel_traitsILi8ELi5EN3c104HalfEEEv18HadamardParamsBase' for 'sm_103'
      ptxas info    : Function properties for
      _Z30fast_hadamard_transform_kernelI41fast_hadamard_transform_20N_kernel_traitsILi8ELi5EN3c104HalfEEEv18HadamardParamsBase
          0 bytes stack frame, 0 bytes spill stores, 0 bytes spill loads
      ptxas info    : Used 168 registers, used 0 barriers
      ptxas info    : Compile time = 171.450 ms
      ptxas info    : Compiling entry function
      '_Z30fast_hadamard_transform_kernelI41fast_hadamard_transform_20N_kernel_traitsILi4ELi4EN3c104HalfEEEv18HadamardParamsBase' for 'sm_103'
      ptxas info    : Function properties for
      _Z30fast_hadamard_transform_kernelI41fast_hadamard_transform_20N_kernel_traitsILi4ELi4EN3c104HalfEEEv18HadamardParamsBase
          0 bytes stack frame, 0 bytes spill stores, 0 bytes spill loads
      ptxas info    : Used 168 registers, used 0 barriers
      ptxas info    : Compile time = 146.211 ms
      ptxas info    : Compiling entry function
      '_Z30fast_hadamard_transform_kernelI41fast_hadamard_transform_20N_kernel_traitsILi2ELi3EN3c104HalfEEEv18HadamardParamsBase' for 'sm_103'
      ptxas info    : Function properties for
      _Z30fast_hadamard_transform_kernelI41fast_hadamard_transform_20N_kernel_traitsILi2ELi3EN3c104HalfEEEv18HadamardParamsBase
          0 bytes stack frame, 0 bytes spill stores, 0 bytes spill loads
      ptxas info    : Used 168 registers, used 0 barriers
      ptxas info    : Compile time = 125.205 ms
      ptxas info    : Compiling entry function
      '_Z30fast_hadamard_transform_kernelI41fast_hadamard_transform_20N_kernel_traitsILi1ELi2EN3c104HalfEEEv18HadamardParamsBase' for 'sm_103'
      ptxas info    : Function properties for
      _Z30fast_hadamard_transform_kernelI41fast_hadamard_transform_20N_kernel_traitsILi1ELi2EN3c104HalfEEEv18HadamardParamsBase
          0 bytes stack frame, 0 bytes spill stores, 0 bytes spill loads
      ptxas info    : Used 168 registers, used 0 barriers
      ptxas info    : Compile time = 103.891 ms
      ptxas info    : Compiling entry function '_Z30fast_hadamard_transform_kernelI41fast_hadamard_transform_20N_kernel_traitsILi256ELi10EfEEv18HadamardParamsBase'
      for 'sm_103'
      ptxas info    : Function properties for _Z30fast_hadamard_transform_kernelI41fast_hadamard_transform_20N_kernel_traitsILi256ELi10EfEEv18HadamardParamsBase
          0 bytes stack frame, 0 bytes spill stores, 0 bytes spill loads
      ptxas info    : Used 167 registers, used 1 barriers
      ptxas info    : Compile time = 263.242 ms
      ptxas info    : Compiling entry function '_Z30fast_hadamard_transform_kernelI41fast_hadamard_transform_20N_kernel_traitsILi128ELi9EfEEv18HadamardParamsBase'
      for 'sm_103'
      ptxas info    : Function properties for _Z30fast_hadamard_transform_kernelI41fast_hadamard_transform_20N_kernel_traitsILi128ELi9EfEEv18HadamardParamsBase
          0 bytes stack frame, 0 bytes spill stores, 0 bytes spill loads
      ptxas info    : Used 146 registers, used 1 barriers
      ptxas info    : Compile time = 249.616 ms
      ptxas info    : Compiling entry function '_Z30fast_hadamard_transform_kernelI41fast_hadamard_transform_20N_kernel_traitsILi64ELi8EfEEv18HadamardParamsBase'
      for 'sm_103'
      ptxas info    : Function properties for _Z30fast_hadamard_transform_kernelI41fast_hadamard_transform_20N_kernel_traitsILi64ELi8EfEEv18HadamardParamsBase
          0 bytes stack frame, 0 bytes spill stores, 0 bytes spill loads
      ptxas info    : Used 162 registers, used 1 barriers
      ptxas info    : Compile time = 215.206 ms
      ptxas info    : Compiling entry function '_Z30fast_hadamard_transform_kernelI41fast_hadamard_transform_20N_kernel_traitsILi32ELi7EfEEv18HadamardParamsBase'
      for 'sm_103'
      ptxas info    : Function properties for _Z30fast_hadamard_transform_kernelI41fast_hadamard_transform_20N_kernel_traitsILi32ELi7EfEEv18HadamardParamsBase
          0 bytes stack frame, 0 bytes spill stores, 0 bytes spill loads
      ptxas info    : Used 162 registers, used 0 barriers
      ptxas info    : Compile time = 189.649 ms
      ptxas info    : Compiling entry function '_Z30fast_hadamard_transform_kernelI41fast_hadamard_transform_20N_kernel_traitsILi16ELi6EfEEv18HadamardParamsBase'
      for 'sm_103'
      ptxas info    : Function properties for _Z30fast_hadamard_transform_kernelI41fast_hadamard_transform_20N_kernel_traitsILi16ELi6EfEEv18HadamardParamsBase
          0 bytes stack frame, 0 bytes spill stores, 0 bytes spill loads
      ptxas info    : Used 158 registers, used 0 barriers
      ptxas info    : Compile time = 167.936 ms
      ptxas info    : Compiling entry function '_Z30fast_hadamard_transform_kernelI41fast_hadamard_transform_20N_kernel_traitsILi8ELi5EfEEv18HadamardParamsBase'
      for 'sm_103'
      ptxas info    : Function properties for _Z30fast_hadamard_transform_kernelI41fast_hadamard_transform_20N_kernel_traitsILi8ELi5EfEEv18HadamardParamsBase
          0 bytes stack frame, 0 bytes spill stores, 0 bytes spill loads
      ptxas info    : Used 162 registers, used 0 barriers
      ptxas info    : Compile time = 137.154 ms
      ptxas info    : Compiling entry function '_Z30fast_hadamard_transform_kernelI41fast_hadamard_transform_20N_kernel_traitsILi4ELi4EfEEv18HadamardParamsBase'
      for 'sm_103'
      ptxas info    : Function properties for _Z30fast_hadamard_transform_kernelI41fast_hadamard_transform_20N_kernel_traitsILi4ELi4EfEEv18HadamardParamsBase
          0 bytes stack frame, 0 bytes spill stores, 0 bytes spill loads
      ptxas info    : Used 160 registers, used 0 barriers
      ptxas info    : Compile time = 116.673 ms
      ptxas info    : Compiling entry function '_Z30fast_hadamard_transform_kernelI41fast_hadamard_transform_20N_kernel_traitsILi2ELi3EfEEv18HadamardParamsBase'
      for 'sm_103'
      ptxas info    : Function properties for _Z30fast_hadamard_transform_kernelI41fast_hadamard_transform_20N_kernel_traitsILi2ELi3EfEEv18HadamardParamsBase
          0 bytes stack frame, 0 bytes spill stores, 0 bytes spill loads
      ptxas info    : Used 163 registers, used 0 barriers
      ptxas info    : Compile time = 96.263 ms
      ptxas info    : Compiling entry function '_Z30fast_hadamard_transform_kernelI41fast_hadamard_transform_20N_kernel_traitsILi1ELi2EfEEv18HadamardParamsBase'
      for 'sm_103'
      ptxas info    : Function properties for _Z30fast_hadamard_transform_kernelI41fast_hadamard_transform_20N_kernel_traitsILi1ELi2EfEEv18HadamardParamsBase
          0 bytes stack frame, 0 bytes spill stores, 0 bytes spill loads
      ptxas info    : Used 156 registers, used 0 barriers
      ptxas info    : Compile time = 80.600 ms
      ptxas info    : Compiling entry function
      '_Z30fast_hadamard_transform_kernelI41fast_hadamard_transform_12N_kernel_traitsILi256ELi10EN3c108BFloat16EEEv18HadamardParamsBase' for 'sm_103'
      ptxas info    : Function properties for
      _Z30fast_hadamard_transform_kernelI41fast_hadamard_transform_12N_kernel_traitsILi256ELi10EN3c108BFloat16EEEv18HadamardParamsBase
          0 bytes stack frame, 0 bytes spill stores, 0 bytes spill loads
      ptxas info    : Used 80 registers, used 1 barriers
      ptxas info    : Compile time = 107.080 ms
      ptxas info    : Compiling entry function
      '_Z30fast_hadamard_transform_kernelI41fast_hadamard_transform_12N_kernel_traitsILi128ELi9EN3c108BFloat16EEEv18HadamardParamsBase' for 'sm_103'
      ptxas info    : Function properties for
      _Z30fast_hadamard_transform_kernelI41fast_hadamard_transform_12N_kernel_traitsILi128ELi9EN3c108BFloat16EEEv18HadamardParamsBase
          0 bytes stack frame, 0 bytes spill stores, 0 bytes spill loads
      ptxas info    : Used 71 registers, used 1 barriers
      ptxas info    : Compile time = 94.236 ms
      ptxas info    : Compiling entry function
      '_Z30fast_hadamard_transform_kernelI41fast_hadamard_transform_12N_kernel_traitsILi64ELi8EN3c108BFloat16EEEv18HadamardParamsBase' for 'sm_103'
      ptxas info    : Function properties for
      _Z30fast_hadamard_transform_kernelI41fast_hadamard_transform_12N_kernel_traitsILi64ELi8EN3c108BFloat16EEEv18HadamardParamsBase
          0 bytes stack frame, 0 bytes spill stores, 0 bytes spill loads
      ptxas info    : Used 94 registers, used 1 barriers
      ptxas info    : Compile time = 93.245 ms
      ptxas info    : Compiling entry function
      '_Z30fast_hadamard_transform_kernelI41fast_hadamard_transform_12N_kernel_traitsILi32ELi7EN3c108BFloat16EEEv18HadamardParamsBase' for 'sm_103'
      ptxas info    : Function properties for
      _Z30fast_hadamard_transform_kernelI41fast_hadamard_transform_12N_kernel_traitsILi32ELi7EN3c108BFloat16EEEv18HadamardParamsBase
          0 bytes stack frame, 0 bytes spill stores, 0 bytes spill loads
      ptxas info    : Used 93 registers, used 0 barriers
      ptxas info    : Compile time = 72.263 ms
      ptxas info    : Compiling entry function
      '_Z30fast_hadamard_transform_kernelI41fast_hadamard_transform_12N_kernel_traitsILi16ELi6EN3c108BFloat16EEEv18HadamardParamsBase' for 'sm_103'
      ptxas info    : Function properties for
      _Z30fast_hadamard_transform_kernelI41fast_hadamard_transform_12N_kernel_traitsILi16ELi6EN3c108BFloat16EEEv18HadamardParamsBase
          0 bytes stack frame, 0 bytes spill stores, 0 bytes spill loads
      ptxas info    : Used 93 registers, used 0 barriers
      ptxas info    : Compile time = 65.061 ms
      ptxas info    : Compiling entry function
      '_Z30fast_hadamard_transform_kernelI41fast_hadamard_transform_12N_kernel_traitsILi8ELi5EN3c108BFloat16EEEv18HadamardParamsBase' for 'sm_103'
      ptxas info    : Function properties for
      _Z30fast_hadamard_transform_kernelI41fast_hadamard_transform_12N_kernel_traitsILi8ELi5EN3c108BFloat16EEEv18HadamardParamsBase
          0 bytes stack frame, 0 bytes spill stores, 0 bytes spill loads
      ptxas info    : Used 94 registers, used 0 barriers
      ptxas info    : Compile time = 56.496 ms
      ptxas info    : Compiling entry function
      '_Z30fast_hadamard_transform_kernelI41fast_hadamard_transform_12N_kernel_traitsILi4ELi4EN3c108BFloat16EEEv18HadamardParamsBase' for 'sm_103'
      ptxas info    : Function properties for
      _Z30fast_hadamard_transform_kernelI41fast_hadamard_transform_12N_kernel_traitsILi4ELi4EN3c108BFloat16EEEv18HadamardParamsBase
          0 bytes stack frame, 0 bytes spill stores, 0 bytes spill loads
      ptxas info    : Used 92 registers, used 0 barriers
      ptxas info    : Compile time = 49.059 ms
      ptxas info    : Compiling entry function
      '_Z30fast_hadamard_transform_kernelI41fast_hadamard_transform_12N_kernel_traitsILi2ELi3EN3c108BFloat16EEEv18HadamardParamsBase' for 'sm_103'
      ptxas info    : Function properties for
      _Z30fast_hadamard_transform_kernelI41fast_hadamard_transform_12N_kernel_traitsILi2ELi3EN3c108BFloat16EEEv18HadamardParamsBase
          0 bytes stack frame, 0 bytes spill stores, 0 bytes spill loads
      ptxas info    : Used 94 registers, used 0 barriers
      ptxas info    : Compile time = 40.040 ms
      ptxas info    : Compiling entry function
      '_Z30fast_hadamard_transform_kernelI41fast_hadamard_transform_12N_kernel_traitsILi1ELi2EN3c108BFloat16EEEv18HadamardParamsBase' for 'sm_103'
      ptxas info    : Function properties for
      _Z30fast_hadamard_transform_kernelI41fast_hadamard_transform_12N_kernel_traitsILi1ELi2EN3c108BFloat16EEEv18HadamardParamsBase
          0 bytes stack frame, 0 bytes spill stores, 0 bytes spill loads
      ptxas info    : Used 94 registers, used 0 barriers
      ptxas info    : Compile time = 35.133 ms
      ptxas info    : Compiling entry function
      '_Z30fast_hadamard_transform_kernelI41fast_hadamard_transform_12N_kernel_traitsILi256ELi10EN3c104HalfEEEv18HadamardParamsBase' for 'sm_103'
      ptxas info    : Function properties for
      _Z30fast_hadamard_transform_kernelI41fast_hadamard_transform_12N_kernel_traitsILi256ELi10EN3c104HalfEEEv18HadamardParamsBase
          0 bytes stack frame, 0 bytes spill stores, 0 bytes spill loads
      ptxas info    : Used 80 registers, used 1 barriers
      ptxas info    : Compile time = 108.739 ms
      ptxas info    : Compiling entry function
      '_Z30fast_hadamard_transform_kernelI41fast_hadamard_transform_12N_kernel_traitsILi128ELi9EN3c104HalfEEEv18HadamardParamsBase' for 'sm_103'
      ptxas info    : Function properties for
      _Z30fast_hadamard_transform_kernelI41fast_hadamard_transform_12N_kernel_traitsILi128ELi9EN3c104HalfEEEv18HadamardParamsBase
          0 bytes stack frame, 0 bytes spill stores, 0 bytes spill loads
      ptxas info    : Used 71 registers, used 1 barriers
      ptxas info    : Compile time = 95.575 ms
      ptxas info    : Compiling entry function
      '_Z30fast_hadamard_transform_kernelI41fast_hadamard_transform_12N_kernel_traitsILi64ELi8EN3c104HalfEEEv18HadamardParamsBase' for 'sm_103'
      ptxas info    : Function properties for
      _Z30fast_hadamard_transform_kernelI41fast_hadamard_transform_12N_kernel_traitsILi64ELi8EN3c104HalfEEEv18HadamardParamsBase
          0 bytes stack frame, 0 bytes spill stores, 0 bytes spill loads
      ptxas info    : Used 94 registers, used 1 barriers
      ptxas info    : Compile time = 97.427 ms
      ptxas info    : Compiling entry function
      '_Z30fast_hadamard_transform_kernelI41fast_hadamard_transform_12N_kernel_traitsILi32ELi7EN3c104HalfEEEv18HadamardParamsBase' for 'sm_103'
      ptxas info    : Function properties for
      _Z30fast_hadamard_transform_kernelI41fast_hadamard_transform_12N_kernel_traitsILi32ELi7EN3c104HalfEEEv18HadamardParamsBase
          0 bytes stack frame, 0 bytes spill stores, 0 bytes spill loads
      ptxas info    : Used 93 registers, used 0 barriers
      ptxas info    : Compile time = 75.412 ms
      ptxas info    : Compiling entry function
      '_Z30fast_hadamard_transform_kernelI41fast_hadamard_transform_12N_kernel_traitsILi16ELi6EN3c104HalfEEEv18HadamardParamsBase' for 'sm_103'
      ptxas info    : Function properties for
      _Z30fast_hadamard_transform_kernelI41fast_hadamard_transform_12N_kernel_traitsILi16ELi6EN3c104HalfEEEv18HadamardParamsBase
          0 bytes stack frame, 0 bytes spill stores, 0 bytes spill loads
      ptxas info    : Used 93 registers, used 0 barriers
      ptxas info    : Compile time = 68.635 ms
      ptxas info    : Compiling entry function
      '_Z30fast_hadamard_transform_kernelI41fast_hadamard_transform_12N_kernel_traitsILi8ELi5EN3c104HalfEEEv18HadamardParamsBase' for 'sm_103'
      ptxas info    : Function properties for
      _Z30fast_hadamard_transform_kernelI41fast_hadamard_transform_12N_kernel_traitsILi8ELi5EN3c104HalfEEEv18HadamardParamsBase
          0 bytes stack frame, 0 bytes spill stores, 0 bytes spill loads
      ptxas info    : Used 94 registers, used 0 barriers
      ptxas info    : Compile time = 59.241 ms
      ptxas info    : Compiling entry function
      '_Z30fast_hadamard_transform_kernelI41fast_hadamard_transform_12N_kernel_traitsILi4ELi4EN3c104HalfEEEv18HadamardParamsBase' for 'sm_103'
      ptxas info    : Function properties for
      _Z30fast_hadamard_transform_kernelI41fast_hadamard_transform_12N_kernel_traitsILi4ELi4EN3c104HalfEEEv18HadamardParamsBase
          0 bytes stack frame, 0 bytes spill stores, 0 bytes spill loads
      ptxas info    : Used 92 registers, used 0 barriers
      ptxas info    : Compile time = 51.006 ms
      ptxas info    : Compiling entry function
      '_Z30fast_hadamard_transform_kernelI41fast_hadamard_transform_12N_kernel_traitsILi2ELi3EN3c104HalfEEEv18HadamardParamsBase' for 'sm_103'
      ptxas info    : Function properties for
      _Z30fast_hadamard_transform_kernelI41fast_hadamard_transform_12N_kernel_traitsILi2ELi3EN3c104HalfEEEv18HadamardParamsBase
          0 bytes stack frame, 0 bytes spill stores, 0 bytes spill loads
      ptxas info    : Used 94 registers, used 0 barriers
      ptxas info    : Compile time = 42.049 ms
      ptxas info    : Compiling entry function
      '_Z30fast_hadamard_transform_kernelI41fast_hadamard_transform_12N_kernel_traitsILi1ELi2EN3c104HalfEEEv18HadamardParamsBase' for 'sm_103'
      ptxas info    : Function properties for
      _Z30fast_hadamard_transform_kernelI41fast_hadamard_transform_12N_kernel_traitsILi1ELi2EN3c104HalfEEEv18HadamardParamsBase
          0 bytes stack frame, 0 bytes spill stores, 0 bytes spill loads
      ptxas info    : Used 94 registers, used 0 barriers
      ptxas info    : Compile time = 35.861 ms
      ptxas info    : Compiling entry function '_Z30fast_hadamard_transform_kernelI41fast_hadamard_transform_12N_kernel_traitsILi256ELi10EfEEv18HadamardParamsBase'
      for 'sm_103'
      ptxas info    : Function properties for _Z30fast_hadamard_transform_kernelI41fast_hadamard_transform_12N_kernel_traitsILi256ELi10EfEEv18HadamardParamsBase
          0 bytes stack frame, 0 bytes spill stores, 0 bytes spill loads
      ptxas info    : Used 91 registers, used 1 barriers
      ptxas info    : Compile time = 106.563 ms
      ptxas info    : Compiling entry function '_Z30fast_hadamard_transform_kernelI41fast_hadamard_transform_12N_kernel_traitsILi128ELi9EfEEv18HadamardParamsBase'
      for 'sm_103'
      ptxas info    : Function properties for _Z30fast_hadamard_transform_kernelI41fast_hadamard_transform_12N_kernel_traitsILi128ELi9EfEEv18HadamardParamsBase
          0 bytes stack frame, 0 bytes spill stores, 0 bytes spill loads
      ptxas info    : Used 93 registers, used 1 barriers
      ptxas info    : Compile time = 97.280 ms
      ptxas info    : Compiling entry function '_Z30fast_hadamard_transform_kernelI41fast_hadamard_transform_12N_kernel_traitsILi64ELi8EfEEv18HadamardParamsBase'
      for 'sm_103'
      ptxas info    : Function properties for _Z30fast_hadamard_transform_kernelI41fast_hadamard_transform_12N_kernel_traitsILi64ELi8EfEEv18HadamardParamsBase
          0 bytes stack frame, 0 bytes spill stores, 0 bytes spill loads
      ptxas info    : Used 91 registers, used 1 barriers
      ptxas info    : Compile time = 88.052 ms
      ptxas info    : Compiling entry function '_Z30fast_hadamard_transform_kernelI41fast_hadamard_transform_12N_kernel_traitsILi32ELi7EfEEv18HadamardParamsBase'
      for 'sm_103'
      ptxas info    : Function properties for _Z30fast_hadamard_transform_kernelI41fast_hadamard_transform_12N_kernel_traitsILi32ELi7EfEEv18HadamardParamsBase
          0 bytes stack frame, 0 bytes spill stores, 0 bytes spill loads
      ptxas info    : Used 90 registers, used 0 barriers
      ptxas info    : Compile time = 66.725 ms
      ptxas info    : Compiling entry function '_Z30fast_hadamard_transform_kernelI41fast_hadamard_transform_12N_kernel_traitsILi16ELi6EfEEv18HadamardParamsBase'
      for 'sm_103'
      ptxas info    : Function properties for _Z30fast_hadamard_transform_kernelI41fast_hadamard_transform_12N_kernel_traitsILi16ELi6EfEEv18HadamardParamsBase
          0 bytes stack frame, 0 bytes spill stores, 0 bytes spill loads
      ptxas info    : Used 91 registers, used 0 barriers
      ptxas info    : Compile time = 59.591 ms
      ptxas info    : Compiling entry function '_Z30fast_hadamard_transform_kernelI41fast_hadamard_transform_12N_kernel_traitsILi8ELi5EfEEv18HadamardParamsBase'
      for 'sm_103'
      ptxas info    : Function properties for _Z30fast_hadamard_transform_kernelI41fast_hadamard_transform_12N_kernel_traitsILi8ELi5EfEEv18HadamardParamsBase
          0 bytes stack frame, 0 bytes spill stores, 0 bytes spill loads
      ptxas info    : Used 90 registers, used 0 barriers
      ptxas info    : Compile time = 53.443 ms
      ptxas info    : Compiling entry function '_Z30fast_hadamard_transform_kernelI41fast_hadamard_transform_12N_kernel_traitsILi4ELi4EfEEv18HadamardParamsBase'
      for 'sm_103'
      ptxas info    : Function properties for _Z30fast_hadamard_transform_kernelI41fast_hadamard_transform_12N_kernel_traitsILi4ELi4EfEEv18HadamardParamsBase
          0 bytes stack frame, 0 bytes spill stores, 0 bytes spill loads
      ptxas info    : Used 89 registers, used 0 barriers
      ptxas info    : Compile time = 43.394 ms
      ptxas info    : Compiling entry function '_Z30fast_hadamard_transform_kernelI41fast_hadamard_transform_12N_kernel_traitsILi2ELi3EfEEv18HadamardParamsBase'
      for 'sm_103'
      ptxas info    : Function properties for _Z30fast_hadamard_transform_kernelI41fast_hadamard_transform_12N_kernel_traitsILi2ELi3EfEEv18HadamardParamsBase
          0 bytes stack frame, 0 bytes spill stores, 0 bytes spill loads
      ptxas info    : Used 86 registers, used 0 barriers
      ptxas info    : Compile time = 40.111 ms
      ptxas info    : Compiling entry function '_Z30fast_hadamard_transform_kernelI41fast_hadamard_transform_12N_kernel_traitsILi1ELi2EfEEv18HadamardParamsBase'
      for 'sm_103'
      ptxas info    : Function properties for _Z30fast_hadamard_transform_kernelI41fast_hadamard_transform_12N_kernel_traitsILi1ELi2EfEEv18HadamardParamsBase
          0 bytes stack frame, 0 bytes spill stores, 0 bytes spill loads
      ptxas info    : Used 91 registers, used 0 barriers
      ptxas info    : Compile time = 29.750 ms
      ptxas info    : Compiling entry function
      '_Z30fast_hadamard_transform_kernelI37fast_hadamard_transform_kernel_traitsILi256ELi15EN3c108BFloat16EEEv18HadamardParamsBase' for 'sm_103'
      ptxas info    : Function properties for
      _Z30fast_hadamard_transform_kernelI37fast_hadamard_transform_kernel_traitsILi256ELi15EN3c108BFloat16EEEv18HadamardParamsBase
          0 bytes stack frame, 0 bytes spill stores, 0 bytes spill loads
      ptxas info    : Used 195 registers, used 1 barriers
      ptxas info    : Compile time = 433.736 ms
      ptxas info    : Compiling entry function
      '_Z30fast_hadamard_transform_kernelI37fast_hadamard_transform_kernel_traitsILi256ELi14EN3c108BFloat16EEEv18HadamardParamsBase' for 'sm_103'
      ptxas info    : Function properties for
      _Z30fast_hadamard_transform_kernelI37fast_hadamard_transform_kernel_traitsILi256ELi14EN3c108BFloat16EEEv18HadamardParamsBase
          0 bytes stack frame, 0 bytes spill stores, 0 bytes spill loads
      ptxas info    : Used 78 registers, used 1 barriers
      ptxas info    : Compile time = 135.649 ms
      ptxas info    : Compiling entry function
      '_Z30fast_hadamard_transform_kernelI37fast_hadamard_transform_kernel_traitsILi256ELi13EN3c108BFloat16EEEv18HadamardParamsBase' for 'sm_103'
      ptxas info    : Function properties for
      _Z30fast_hadamard_transform_kernelI37fast_hadamard_transform_kernel_traitsILi256ELi13EN3c108BFloat16EEEv18HadamardParamsBase
          0 bytes stack frame, 0 bytes spill stores, 0 bytes spill loads
      ptxas info    : Used 56 registers, used 1 barriers
      ptxas info    : Compile time = 55.605 ms
      ptxas info    : Compiling entry function
      '_Z30fast_hadamard_transform_kernelI37fast_hadamard_transform_kernel_traitsILi256ELi12EN3c108BFloat16EEEv18HadamardParamsBase' for 'sm_103'
      ptxas info    : Function properties for
      _Z30fast_hadamard_transform_kernelI37fast_hadamard_transform_kernel_traitsILi256ELi12EN3c108BFloat16EEEv18HadamardParamsBase
          0 bytes stack frame, 0 bytes spill stores, 0 bytes spill loads
      ptxas info    : Used 42 registers, used 1 barriers
      ptxas info    : Compile time = 24.829 ms
      ptxas info    : Compiling entry function
      '_Z30fast_hadamard_transform_kernelI37fast_hadamard_transform_kernel_traitsILi256ELi11EN3c108BFloat16EEEv18HadamardParamsBase' for 'sm_103'
      ptxas info    : Function properties for
      _Z30fast_hadamard_transform_kernelI37fast_hadamard_transform_kernel_traitsILi256ELi11EN3c108BFloat16EEEv18HadamardParamsBase
          0 bytes stack frame, 0 bytes spill stores, 0 bytes spill loads
      ptxas info    : Used 28 registers, used 1 barriers
      ptxas info    : Compile time = 13.131 ms
      ptxas info    : Compiling entry function
      '_Z30fast_hadamard_transform_kernelI37fast_hadamard_transform_kernel_traitsILi128ELi10EN3c108BFloat16EEEv18HadamardParamsBase' for 'sm_103'
      ptxas info    : Function properties for
      _Z30fast_hadamard_transform_kernelI37fast_hadamard_transform_kernel_traitsILi128ELi10EN3c108BFloat16EEEv18HadamardParamsBase
          0 bytes stack frame, 0 bytes spill stores, 0 bytes spill loads
      ptxas info    : Used 30 registers, used 1 barriers
      ptxas info    : Compile time = 11.769 ms
      ptxas info    : Compiling entry function
      '_Z30fast_hadamard_transform_kernelI37fast_hadamard_transform_kernel_traitsILi32ELi9EN3c108BFloat16EEEv18HadamardParamsBase' for 'sm_103'
      ptxas info    : Function properties for
      _Z30fast_hadamard_transform_kernelI37fast_hadamard_transform_kernel_traitsILi32ELi9EN3c108BFloat16EEEv18HadamardParamsBase
          0 bytes stack frame, 0 bytes spill stores, 0 bytes spill loads
      ptxas info    : Used 35 registers, used 0 barriers
      ptxas info    : Compile time = 16.385 ms
      ptxas info    : Compiling entry function
      '_Z30fast_hadamard_transform_kernelI37fast_hadamard_transform_kernel_traitsILi32ELi8EN3c108BFloat16EEEv18HadamardParamsBase' for 'sm_103'
      ptxas info    : Function properties for
      _Z30fast_hadamard_transform_kernelI37fast_hadamard_transform_kernel_traitsILi32ELi8EN3c108BFloat16EEEv18HadamardParamsBase
          0 bytes stack frame, 0 bytes spill stores, 0 bytes spill loads
      ptxas info    : Used 20 registers, used 0 barriers
      ptxas info    : Compile time = 8.395 ms
      ptxas info    : Compiling entry function
      '_Z30fast_hadamard_transform_kernelI37fast_hadamard_transform_kernel_traitsILi16ELi7EN3c108BFloat16EEEv18HadamardParamsBase' for 'sm_103'
      ptxas info    : Function properties for
      _Z30fast_hadamard_transform_kernelI37fast_hadamard_transform_kernel_traitsILi16ELi7EN3c108BFloat16EEEv18HadamardParamsBase
          0 bytes stack frame, 0 bytes spill stores, 0 bytes spill loads
      ptxas info    : Used 20 registers, used 0 barriers
      ptxas info    : Compile time = 7.545 ms
      ptxas info    : Compiling entry function
      '_Z30fast_hadamard_transform_kernelI37fast_hadamard_transform_kernel_traitsILi8ELi6EN3c108BFloat16EEEv18HadamardParamsBase' for 'sm_103'
      ptxas info    : Function properties for
      _Z30fast_hadamard_transform_kernelI37fast_hadamard_transform_kernel_traitsILi8ELi6EN3c108BFloat16EEEv18HadamardParamsBase
          0 bytes stack frame, 0 bytes spill stores, 0 bytes spill loads
      ptxas info    : Used 20 registers, used 0 barriers
      ptxas info    : Compile time = 6.698 ms
      ptxas info    : Compiling entry function
      '_Z30fast_hadamard_transform_kernelI37fast_hadamard_transform_kernel_traitsILi4ELi5EN3c108BFloat16EEEv18HadamardParamsBase' for 'sm_103'
      ptxas info    : Function properties for
      _Z30fast_hadamard_transform_kernelI37fast_hadamard_transform_kernel_traitsILi4ELi5EN3c108BFloat16EEEv18HadamardParamsBase
          0 bytes stack frame, 0 bytes spill stores, 0 bytes spill loads
      ptxas info    : Used 20 registers, used 0 barriers
      ptxas info    : Compile time = 5.725 ms
      ptxas info    : Compiling entry function
      '_Z30fast_hadamard_transform_kernelI37fast_hadamard_transform_kernel_traitsILi2ELi4EN3c108BFloat16EEEv18HadamardParamsBase' for 'sm_103'
      ptxas info    : Function properties for
      _Z30fast_hadamard_transform_kernelI37fast_hadamard_transform_kernel_traitsILi2ELi4EN3c108BFloat16EEEv18HadamardParamsBase
          0 bytes stack frame, 0 bytes spill stores, 0 bytes spill loads
      ptxas info    : Used 20 registers, used 0 barriers
      ptxas info    : Compile time = 4.927 ms
      ptxas info    : Compiling entry function
      '_Z30fast_hadamard_transform_kernelI37fast_hadamard_transform_kernel_traitsILi1ELi3EN3c108BFloat16EEEv18HadamardParamsBase' for 'sm_103'
      ptxas info    : Function properties for
      _Z30fast_hadamard_transform_kernelI37fast_hadamard_transform_kernel_traitsILi1ELi3EN3c108BFloat16EEEv18HadamardParamsBase
          0 bytes stack frame, 0 bytes spill stores, 0 bytes spill loads
      ptxas info    : Used 18 registers, used 0 barriers
      ptxas info    : Compile time = 3.883 ms
      ptxas info    : Compiling entry function
      '_Z30fast_hadamard_transform_kernelI37fast_hadamard_transform_kernel_traitsILi256ELi15EN3c104HalfEEEv18HadamardParamsBase' for 'sm_103'
      ptxas info    : Function properties for
      _Z30fast_hadamard_transform_kernelI37fast_hadamard_transform_kernel_traitsILi256ELi15EN3c104HalfEEEv18HadamardParamsBase
          0 bytes stack frame, 0 bytes spill stores, 0 bytes spill loads
      ptxas info    : Used 195 registers, used 1 barriers
      ptxas info    : Compile time = 417.529 ms
      ptxas info    : Compiling entry function
      '_Z30fast_hadamard_transform_kernelI37fast_hadamard_transform_kernel_traitsILi256ELi14EN3c104HalfEEEv18HadamardParamsBase' for 'sm_103'
      ptxas info    : Function properties for
      _Z30fast_hadamard_transform_kernelI37fast_hadamard_transform_kernel_traitsILi256ELi14EN3c104HalfEEEv18HadamardParamsBase
          0 bytes stack frame, 0 bytes spill stores, 0 bytes spill loads
      ptxas info    : Used 78 registers, used 1 barriers
      ptxas info    : Compile time = 132.296 ms
      ptxas info    : Compiling entry function
      '_Z30fast_hadamard_transform_kernelI37fast_hadamard_transform_kernel_traitsILi256ELi13EN3c104HalfEEEv18HadamardParamsBase' for 'sm_103'
      ptxas info    : Function properties for
      _Z30fast_hadamard_transform_kernelI37fast_hadamard_transform_kernel_traitsILi256ELi13EN3c104HalfEEEv18HadamardParamsBase
          0 bytes stack frame, 0 bytes spill stores, 0 bytes spill loads
      ptxas info    : Used 56 registers, used 1 barriers
      ptxas info    : Compile time = 58.444 ms
      ptxas info    : Compiling entry function
      '_Z30fast_hadamard_transform_kernelI37fast_hadamard_transform_kernel_traitsILi256ELi12EN3c104HalfEEEv18HadamardParamsBase' for 'sm_103'
      ptxas info    : Function properties for
      _Z30fast_hadamard_transform_kernelI37fast_hadamard_transform_kernel_traitsILi256ELi12EN3c104HalfEEEv18HadamardParamsBase
          0 bytes stack frame, 0 bytes spill stores, 0 bytes spill loads
      ptxas info    : Used 42 registers, used 1 barriers
      ptxas info    : Compile time = 24.578 ms
      ptxas info    : Compiling entry function
      '_Z30fast_hadamard_transform_kernelI37fast_hadamard_transform_kernel_traitsILi256ELi11EN3c104HalfEEEv18HadamardParamsBase' for 'sm_103'
      ptxas info    : Function properties for
      _Z30fast_hadamard_transform_kernelI37fast_hadamard_transform_kernel_traitsILi256ELi11EN3c104HalfEEEv18HadamardParamsBase
          0 bytes stack frame, 0 bytes spill stores, 0 bytes spill loads
      ptxas info    : Used 28 registers, used 1 barriers
      ptxas info    : Compile time = 12.439 ms
      ptxas info    : Compiling entry function
      '_Z30fast_hadamard_transform_kernelI37fast_hadamard_transform_kernel_traitsILi128ELi10EN3c104HalfEEEv18HadamardParamsBase' for 'sm_103'
      ptxas info    : Function properties for
      _Z30fast_hadamard_transform_kernelI37fast_hadamard_transform_kernel_traitsILi128ELi10EN3c104HalfEEEv18HadamardParamsBase
          0 bytes stack frame, 0 bytes spill stores, 0 bytes spill loads
      ptxas info    : Used 30 registers, used 1 barriers
      ptxas info    : Compile time = 11.478 ms
      ptxas info    : Compiling entry function
      '_Z30fast_hadamard_transform_kernelI37fast_hadamard_transform_kernel_traitsILi32ELi9EN3c104HalfEEEv18HadamardParamsBase' for 'sm_103'
      ptxas info    : Function properties for _Z30fast_hadamard_transform_kernelI37fast_hadamard_transform_kernel_traitsILi32ELi9EN3c104HalfEEEv18HadamardParamsBase
          0 bytes stack frame, 0 bytes spill stores, 0 bytes spill loads
      ptxas info    : Used 35 registers, used 0 barriers
      ptxas info    : Compile time = 15.935 ms
      ptxas info    : Compiling entry function
      '_Z30fast_hadamard_transform_kernelI37fast_hadamard_transform_kernel_traitsILi32ELi8EN3c104HalfEEEv18HadamardParamsBase' for 'sm_103'
      ptxas info    : Function properties for _Z30fast_hadamard_transform_kernelI37fast_hadamard_transform_kernel_traitsILi32ELi8EN3c104HalfEEEv18HadamardParamsBase
          0 bytes stack frame, 0 bytes spill stores, 0 bytes spill loads
      ptxas info    : Used 20 registers, used 0 barriers
      ptxas info    : Compile time = 8.689 ms
      ptxas info    : Compiling entry function
      '_Z30fast_hadamard_transform_kernelI37fast_hadamard_transform_kernel_traitsILi16ELi7EN3c104HalfEEEv18HadamardParamsBase' for 'sm_103'
      ptxas info    : Function properties for _Z30fast_hadamard_transform_kernelI37fast_hadamard_transform_kernel_traitsILi16ELi7EN3c104HalfEEEv18HadamardParamsBase
          0 bytes stack frame, 0 bytes spill stores, 0 bytes spill loads
      ptxas info    : Used 20 registers, used 0 barriers
      ptxas info    : Compile time = 7.342 ms
      ptxas info    : Compiling entry function
      '_Z30fast_hadamard_transform_kernelI37fast_hadamard_transform_kernel_traitsILi8ELi6EN3c104HalfEEEv18HadamardParamsBase' for 'sm_103'
      ptxas info    : Function properties for _Z30fast_hadamard_transform_kernelI37fast_hadamard_transform_kernel_traitsILi8ELi6EN3c104HalfEEEv18HadamardParamsBase
          0 bytes stack frame, 0 bytes spill stores, 0 bytes spill loads
      ptxas info    : Used 20 registers, used 0 barriers
      ptxas info    : Compile time = 6.998 ms
      ptxas info    : Compiling entry function
      '_Z30fast_hadamard_transform_kernelI37fast_hadamard_transform_kernel_traitsILi4ELi5EN3c104HalfEEEv18HadamardParamsBase' for 'sm_103'
      ptxas info    : Function properties for _Z30fast_hadamard_transform_kernelI37fast_hadamard_transform_kernel_traitsILi4ELi5EN3c104HalfEEEv18HadamardParamsBase
          0 bytes stack frame, 0 bytes spill stores, 0 bytes spill loads
      ptxas info    : Used 20 registers, used 0 barriers
      ptxas info    : Compile time = 5.758 ms
      ptxas info    : Compiling entry function
      '_Z30fast_hadamard_transform_kernelI37fast_hadamard_transform_kernel_traitsILi2ELi4EN3c104HalfEEEv18HadamardParamsBase' for 'sm_103'
      ptxas info    : Function properties for _Z30fast_hadamard_transform_kernelI37fast_hadamard_transform_kernel_traitsILi2ELi4EN3c104HalfEEEv18HadamardParamsBase
          0 bytes stack frame, 0 bytes spill stores, 0 bytes spill loads
      ptxas info    : Used 20 registers, used 0 barriers
      ptxas info    : Compile time = 4.772 ms
      ptxas info    : Compiling entry function
      '_Z30fast_hadamard_transform_kernelI37fast_hadamard_transform_kernel_traitsILi1ELi3EN3c104HalfEEEv18HadamardParamsBase' for 'sm_103'
      ptxas info    : Function properties for _Z30fast_hadamard_transform_kernelI37fast_hadamard_transform_kernel_traitsILi1ELi3EN3c104HalfEEEv18HadamardParamsBase
          0 bytes stack frame, 0 bytes spill stores, 0 bytes spill loads
      ptxas info    : Used 18 registers, used 0 barriers
      ptxas info    : Compile time = 3.884 ms
      ptxas info    : Compiling entry function '_Z30fast_hadamard_transform_kernelI37fast_hadamard_transform_kernel_traitsILi256ELi15EfEEv18HadamardParamsBase'
      for 'sm_103'
      ptxas info    : Function properties for _Z30fast_hadamard_transform_kernelI37fast_hadamard_transform_kernel_traitsILi256ELi15EfEEv18HadamardParamsBase
          0 bytes stack frame, 0 bytes spill stores, 0 bytes spill loads
      ptxas info    : Used 187 registers, used 1 barriers
      ptxas info    : Compile time = 457.739 ms
      ptxas info    : Compiling entry function '_Z30fast_hadamard_transform_kernelI37fast_hadamard_transform_kernel_traitsILi256ELi14EfEEv18HadamardParamsBase'
      for 'sm_103'
      ptxas info    : Function properties for _Z30fast_hadamard_transform_kernelI37fast_hadamard_transform_kernel_traitsILi256ELi14EfEEv18HadamardParamsBase
          0 bytes stack frame, 0 bytes spill stores, 0 bytes spill loads
      ptxas info    : Used 92 registers, used 1 barriers
      ptxas info    : Compile time = 175.831 ms
      ptxas info    : Compiling entry function '_Z30fast_hadamard_transform_kernelI37fast_hadamard_transform_kernel_traitsILi256ELi13EfEEv18HadamardParamsBase'
      for 'sm_103'
      ptxas info    : Function properties for _Z30fast_hadamard_transform_kernelI37fast_hadamard_transform_kernel_traitsILi256ELi13EfEEv18HadamardParamsBase
          0 bytes stack frame, 0 bytes spill stores, 0 bytes spill loads
      ptxas info    : Used 58 registers, used 1 barriers
      ptxas info    : Compile time = 54.947 ms
      ptxas info    : Compiling entry function '_Z30fast_hadamard_transform_kernelI37fast_hadamard_transform_kernel_traitsILi256ELi12EfEEv18HadamardParamsBase'
      for 'sm_103'
      ptxas info    : Function properties for _Z30fast_hadamard_transform_kernelI37fast_hadamard_transform_kernel_traitsILi256ELi12EfEEv18HadamardParamsBase
          0 bytes stack frame, 0 bytes spill stores, 0 bytes spill loads
      ptxas info    : Used 32 registers, used 1 barriers
      ptxas info    : Compile time = 25.160 ms
      ptxas info    : Compiling entry function '_Z30fast_hadamard_transform_kernelI37fast_hadamard_transform_kernel_traitsILi256ELi11EfEEv18HadamardParamsBase'
      for 'sm_103'
      ptxas info    : Function properties for _Z30fast_hadamard_transform_kernelI37fast_hadamard_transform_kernel_traitsILi256ELi11EfEEv18HadamardParamsBase
          0 bytes stack frame, 0 bytes spill stores, 0 bytes spill loads
      ptxas info    : Used 29 registers, used 1 barriers
      ptxas info    : Compile time = 13.099 ms
      ptxas info    : Compiling entry function '_Z30fast_hadamard_transform_kernelI37fast_hadamard_transform_kernel_traitsILi128ELi10EfEEv18HadamardParamsBase'
      for 'sm_103'
      ptxas info    : Function properties for _Z30fast_hadamard_transform_kernelI37fast_hadamard_transform_kernel_traitsILi128ELi10EfEEv18HadamardParamsBase
          0 bytes stack frame, 0 bytes spill stores, 0 bytes spill loads
      ptxas info    : Used 29 registers, used 1 barriers
      ptxas info    : Compile time = 12.045 ms
      ptxas info    : Compiling entry function '_Z30fast_hadamard_transform_kernelI37fast_hadamard_transform_kernel_traitsILi32ELi9EfEEv18HadamardParamsBase'
      for 'sm_103'
      ptxas info    : Function properties for _Z30fast_hadamard_transform_kernelI37fast_hadamard_transform_kernel_traitsILi32ELi9EfEEv18HadamardParamsBase
          0 bytes stack frame, 0 bytes spill stores, 0 bytes spill loads
      ptxas info    : Used 42 registers, used 0 barriers
      ptxas info    : Compile time = 16.504 ms
      ptxas info    : Compiling entry function '_Z30fast_hadamard_transform_kernelI37fast_hadamard_transform_kernel_traitsILi32ELi8EfEEv18HadamardParamsBase'
      for 'sm_103'
      ptxas info    : Function properties for _Z30fast_hadamard_transform_kernelI37fast_hadamard_transform_kernel_traitsILi32ELi8EfEEv18HadamardParamsBase
          0 bytes stack frame, 0 bytes spill stores, 0 bytes spill loads
      ptxas info    : Used 23 registers, used 0 barriers
      ptxas info    : Compile time = 8.763 ms
      ptxas info    : Compiling entry function '_Z30fast_hadamard_transform_kernelI37fast_hadamard_transform_kernel_traitsILi16ELi7EfEEv18HadamardParamsBase'
      for 'sm_103'
      ptxas info    : Function properties for _Z30fast_hadamard_transform_kernelI37fast_hadamard_transform_kernel_traitsILi16ELi7EfEEv18HadamardParamsBase
          0 bytes stack frame, 0 bytes spill stores, 0 bytes spill loads
      ptxas info    : Used 23 registers, used 0 barriers
      ptxas info    : Compile time = 7.874 ms
      ptxas info    : Compiling entry function '_Z30fast_hadamard_transform_kernelI37fast_hadamard_transform_kernel_traitsILi8ELi6EfEEv18HadamardParamsBase'
      for 'sm_103'
      ptxas info    : Function properties for _Z30fast_hadamard_transform_kernelI37fast_hadamard_transform_kernel_traitsILi8ELi6EfEEv18HadamardParamsBase
          0 bytes stack frame, 0 bytes spill stores, 0 bytes spill loads
      ptxas info    : Used 23 registers, used 0 barriers
      ptxas info    : Compile time = 6.991 ms
      ptxas info    : Compiling entry function '_Z30fast_hadamard_transform_kernelI37fast_hadamard_transform_kernel_traitsILi4ELi5EfEEv18HadamardParamsBase'
      for 'sm_103'
      ptxas info    : Function properties for _Z30fast_hadamard_transform_kernelI37fast_hadamard_transform_kernel_traitsILi4ELi5EfEEv18HadamardParamsBase
          0 bytes stack frame, 0 bytes spill stores, 0 bytes spill loads
      ptxas info    : Used 23 registers, used 0 barriers
      ptxas info    : Compile time = 6.165 ms
      ptxas info    : Compiling entry function '_Z30fast_hadamard_transform_kernelI37fast_hadamard_transform_kernel_traitsILi2ELi4EfEEv18HadamardParamsBase'
      for 'sm_103'
      ptxas info    : Function properties for _Z30fast_hadamard_transform_kernelI37fast_hadamard_transform_kernel_traitsILi2ELi4EfEEv18HadamardParamsBase
          0 bytes stack frame, 0 bytes spill stores, 0 bytes spill loads
      ptxas info    : Used 24 registers, used 0 barriers
      ptxas info    : Compile time = 5.292 ms
      ptxas info    : Compiling entry function '_Z30fast_hadamard_transform_kernelI37fast_hadamard_transform_kernel_traitsILi1ELi3EfEEv18HadamardParamsBase'
      for 'sm_103'
      ptxas info    : Function properties for _Z30fast_hadamard_transform_kernelI37fast_hadamard_transform_kernel_traitsILi1ELi3EfEEv18HadamardParamsBase
          0 bytes stack frame, 0 bytes spill stores, 0 bytes spill loads
      ptxas info    : Used 24 registers, used 0 barriers
      ptxas info    : Compile time = 4.200 ms
      ninja: build stopped: subcommand failed.

      [stderr]
      /opt/sglang-v4/lib/python3.11/site-packages/setuptools/_vendor/wheel/bdist_wheel.py:4: FutureWarning: The 'wheel' package is no longer the canonical
      location of the 'bdist_wheel' command, and will be removed in a future release. Please update to setuptools v70.1 or later which contains an integrated
      version of this command.
        warn(
      /opt/sglang-v4/lib/python3.11/site-packages/setuptools/dist.py:765: SetuptoolsDeprecationWarning: License classifiers are deprecated.
      !!

              ********************************************************************************
              Please consider removing the following classifiers in favor of a SPDX license expression:

              License :: OSI Approved :: BSD License

              See https://packaging.python.org/en/latest/guides/writing-pyproject-toml/#license for details.
              ********************************************************************************

      !!
        self._finalize_license_expression()
      Traceback (most recent call last):
        File "/opt/sglang-v4/lib/python3.11/site-packages/torch/utils/cpp_extension.py", line 2774, in _run_ninja_build
          subprocess.run(
        File "/opt/uv-python/cpython-3.11.15-linux-x86_64-gnu/lib/python3.11/subprocess.py", line 571, in run
          raise CalledProcessError(retcode, process.args,
      subprocess.CalledProcessError: Command '['ninja', '-v', '-j', '8']' returned non-zero exit status 1.

      The above exception was the direct cause of the following exception:

      Traceback (most recent call last):
        File "<string>", line 11, in <module>
        File "/opt/sglang-v4/lib/python3.11/site-packages/setuptools/build_meta.py", line 441, in build_wheel
          return _build(['bdist_wheel', '--dist-info-dir', str(metadata_directory)])
                 ^^^^^^^^^^^^^^^^^^^^^^^^^^^^^^^^^^^^^^^^^^^^^^^^^^^^^^^^^^^^^^^^^^^
        File "/opt/sglang-v4/lib/python3.11/site-packages/setuptools/build_meta.py", line 429, in _build
          return self._build_with_temp_dir(
                 ^^^^^^^^^^^^^^^^^^^^^^^^^^
        File "/opt/sglang-v4/lib/python3.11/site-packages/setuptools/build_meta.py", line 410, in _build_with_temp_dir
          self.run_setup()
        File "/opt/sglang-v4/lib/python3.11/site-packages/setuptools/build_meta.py", line 520, in run_setup
          super().run_setup(setup_script=setup_script)
        File "/opt/sglang-v4/lib/python3.11/site-packages/setuptools/build_meta.py", line 317, in run_setup
          exec(code, locals())
        File "<string>", line 238, in <module>
        File "/opt/sglang-v4/lib/python3.11/site-packages/setuptools/__init__.py", line 117, in setup
          return distutils.core.setup(**attrs)  # type: ignore[return-value]
                 ^^^^^^^^^^^^^^^^^^^^^^^^^^^^^
        File "/opt/sglang-v4/lib/python3.11/site-packages/setuptools/_distutils/core.py", line 186, in setup
          return run_commands(dist)
                 ^^^^^^^^^^^^^^^^^^
        File "/opt/sglang-v4/lib/python3.11/site-packages/setuptools/_distutils/core.py", line 202, in run_commands
          dist.run_commands()
        File "/opt/sglang-v4/lib/python3.11/site-packages/setuptools/_distutils/dist.py", line 1000, in run_commands
          self.run_command(cmd)
        File "/opt/sglang-v4/lib/python3.11/site-packages/setuptools/dist.py", line 1107, in run_command
          super().run_command(command)
        File "/opt/sglang-v4/lib/python3.11/site-packages/setuptools/_distutils/dist.py", line 1019, in run_command
          cmd_obj.run()
        File "<string>", line 213, in run
        File "/opt/sglang-v4/lib/python3.11/site-packages/setuptools/command/bdist_wheel.py", line 370, in run
          self.run_command("build")
        File "/opt/sglang-v4/lib/python3.11/site-packages/setuptools/_distutils/cmd.py", line 341, in run_command
          self.distribution.run_command(command)
        File "/opt/sglang-v4/lib/python3.11/site-packages/setuptools/dist.py", line 1107, in run_command
          super().run_command(command)
        File "/opt/sglang-v4/lib/python3.11/site-packages/setuptools/_distutils/dist.py", line 1019, in run_command
          cmd_obj.run()
        File "/opt/sglang-v4/lib/python3.11/site-packages/setuptools/_distutils/command/build.py", line 135, in run
          self.run_command(cmd_name)
        File "/opt/sglang-v4/lib/python3.11/site-packages/setuptools/_distutils/cmd.py", line 341, in run_command
          self.distribution.run_command(command)
        File "/opt/sglang-v4/lib/python3.11/site-packages/setuptools/dist.py", line 1107, in run_command
          super().run_command(command)
        File "/opt/sglang-v4/lib/python3.11/site-packages/setuptools/_distutils/dist.py", line 1019, in run_command
          cmd_obj.run()
        File "/opt/sglang-v4/lib/python3.11/site-packages/setuptools/command/build_ext.py", line 97, in run
          _build_ext.run(self)
        File "/opt/sglang-v4/lib/python3.11/site-packages/setuptools/_distutils/command/build_ext.py", line 367, in run
          self.build_extensions()
        File "/opt/sglang-v4/lib/python3.11/site-packages/torch/utils/cpp_extension.py", line 1184, in build_extensions
          build_ext.build_extensions(self)
        File "/opt/sglang-v4/lib/python3.11/site-packages/setuptools/_distutils/command/build_ext.py", line 483, in build_extensions
          self._build_extensions_serial()
        File "/opt/sglang-v4/lib/python3.11/site-packages/setuptools/_distutils/command/build_ext.py", line 509, in _build_extensions_serial
          self.build_extension(ext)
        File "/opt/sglang-v4/lib/python3.11/site-packages/setuptools/command/build_ext.py", line 262, in build_extension
          _build_ext.build_extension(self, ext)
        File "/opt/sglang-v4/lib/python3.11/site-packages/setuptools/_distutils/command/build_ext.py", line 564, in build_extension
          objects = self.compiler.compile(
                    ^^^^^^^^^^^^^^^^^^^^^^
        File "/opt/sglang-v4/lib/python3.11/site-packages/torch/utils/cpp_extension.py", line 924, in unix_wrap_ninja_compile
          _write_ninja_file_and_compile_objects(
        File "/opt/sglang-v4/lib/python3.11/site-packages/torch/utils/cpp_extension.py", line 2361, in _write_ninja_file_and_compile_objects
          _run_ninja_build(
        File "/opt/sglang-v4/lib/python3.11/site-packages/torch/utils/cpp_extension.py", line 2791, in _run_ninja_build
          raise RuntimeError(message) from e
      RuntimeError: Error compiling objects for extension


hint: Build failures usually indicate a problem with the package or the build environment
Repair/resume summary: /home/jovyan/wangtonghan/EASYEP/logs/v4_fht_repair_and_resume_20260814_105435_summary.txt
