timestamp_utc,epoch_seconds,phase,variant,gpu_index,gpu_name,memory_used_mib,memory_total_mib,utilization_gpu_percent,power_draw_watts
2026-08-17T02:08:43.604005+00:00,1786932523.604005,baseline,full,4,NVIDIA H100 80GB HBM3,0.0,81559.0,0.0,77.19
2026-08-17T02:08:43.604005+00:00,1786932523.604005,baseline,full,5,NVIDIA H100 80GB HBM3,0.0,81559.0,0.0,73.39
2026-08-17T02:08:43.604005+00:00,1786932523.604005,baseline,full,6,NVIDIA H100 80GB HBM3,0.0,81559.0,0.0,71.21
2026-08-17T02:08:43.604005+00:00,1786932523.604005,baseline,full,7,NVIDIA H100 80GB HBM3,0.0,81559.0,0.0,71.42
2026-08-17T02:08:44.217884+00:00,1786932524.217884,runtime,full,4,NVIDIA H100 80GB HBM3,0.0,81559.0,0.0,77.23
2026-08-17T02:08:44.217884+00:00,1786932524.217884,runtime,full,5,NVIDIA H100 80GB HBM3,0.0,81559.0,0.0,73.37
2026-08-17T02:08:44.217884+00:00,1786932524.217884,runtime,full,6,NVIDIA H100 80GB HBM3,0.0,81559.0,0.0,71.17
2026-08-17T02:08:44.217884+00:00,1786932524.217884,runtime,full,7,NVIDIA H100 80GB HBM3,0.0,81559.0,0.0,71.39
2026-08-17T02:08:47.433964+00:00,1786932527.433964,runtime,full,4,NVIDIA H100 80GB HBM3,0.0,81559.0,0.0,77.14
2026-08-17T02:08:47.433964+00:00,1786932527.433964,runtime,full,5,NVIDIA H100 80GB HBM3,0.0,81559.0,0.0,73.43
2026-08-17T02:08:47.433964+00:00,1786932527.433964,runtime,full,6,NVIDIA H100 80GB HBM3,0.0,81559.0,0.0,71.2
2026-08-17T02:08:47.433964+00:00,1786932527.433964,runtime,full,7,NVIDIA H100 80GB HBM3,0.0,81559.0,0.0,71.44
2026-08-17T02:08:50.772826+00:00,1786932530.772826,runtime,full,4,NVIDIA H100 80GB HBM3,1.0,81559.0,0.0,77.13
2026-08-17T02:08:50.772826+00:00,1786932530.772826,runtime,full,5,NVIDIA H100 80GB HBM3,1.0,81559.0,0.0,73.3
2026-08-17T02:08:50.772826+00:00,1786932530.772826,runtime,full,6,NVIDIA H100 80GB HBM3,1.0,81559.0,0.0,71.17
2026-08-17T02:08:50.772826+00:00,1786932530.772826,runtime,full,7,NVIDIA H100 80GB HBM3,1.0,81559.0,0.0,71.39
2026-08-17T02:08:54.452066+00:00,1786932534.452066,runtime,full,4,NVIDIA H100 80GB HBM3,4.0,81559.0,0.0,77.06
2026-08-17T02:08:54.452066+00:00,1786932534.452066,runtime,full,5,NVIDIA H100 80GB HBM3,4.0,81559.0,0.0,73.33
2026-08-17T02:08:54.452066+00:00,1786932534.452066,runtime,full,6,NVIDIA H100 80GB HBM3,4.0,81559.0,0.0,71.18
2026-08-17T02:08:54.452066+00:00,1786932534.452066,runtime,full,7,NVIDIA H100 80GB HBM3,4.0,81559.0,0.0,71.41
2026-08-17T02:08:57.512408+00:00,1786932537.512408,runtime,full,4,NVIDIA H100 80GB HBM3,4.0,81559.0,0.0,77.08
2026-08-17T02:08:57.512408+00:00,1786932537.512408,runtime,full,5,NVIDIA H100 80GB HBM3,4.0,81559.0,0.0,73.35
2026-08-17T02:08:57.512408+00:00,1786932537.512408,runtime,full,6,NVIDIA H100 80GB HBM3,4.0,81559.0,0.0,71.13
2026-08-17T02:08:57.512408+00:00,1786932537.512408,runtime,full,7,NVIDIA H100 80GB HBM3,4.0,81559.0,0.0,71.4
2026-08-17T02:09:00.736453+00:00,1786932540.736453,runtime,full,4,NVIDIA H100 80GB HBM3,4.0,81559.0,0.0,77.06
2026-08-17T02:09:00.736453+00:00,1786932540.736453,runtime,full,5,NVIDIA H100 80GB HBM3,4.0,81559.0,0.0,73.39
2026-08-17T02:09:00.736453+00:00,1786932540.736453,runtime,full,6,NVIDIA H100 80GB HBM3,4.0,81559.0,0.0,71.2
2026-08-17T02:09:00.736453+00:00,1786932540.736453,runtime,full,7,NVIDIA H100 80GB HBM3,4.0,81559.0,0.0,71.41
2026-08-17T02:09:03.719930+00:00,1786932543.71993,runtime,full,4,NVIDIA H100 80GB HBM3,4.0,81559.0,0.0,77.04
2026-08-17T02:09:03.719930+00:00,1786932543.71993,runtime,full,5,NVIDIA H100 80GB HBM3,4.0,81559.0,0.0,73.3
2026-08-17T02:09:03.719930+00:00,1786932543.71993,runtime,full,6,NVIDIA H100 80GB HBM3,4.0,81559.0,0.0,71.16
2026-08-17T02:09:03.719930+00:00,1786932543.71993,runtime,full,7,NVIDIA H100 80GB HBM3,4.0,81559.0,0.0,71.38
2026-08-17T02:09:07.723281+00:00,1786932547.723281,runtime,full,4,NVIDIA H100 80GB HBM3,4.0,81559.0,0.0,77.04
2026-08-17T02:09:07.723281+00:00,1786932547.723281,runtime,full,5,NVIDIA H100 80GB HBM3,4.0,81559.0,0.0,73.3
2026-08-17T02:09:07.723281+00:00,1786932547.723281,runtime,full,6,NVIDIA H100 80GB HBM3,4.0,81559.0,0.0,71.17
2026-08-17T02:09:07.723281+00:00,1786932547.723281,runtime,full,7,NVIDIA H100 80GB HBM3,4.0,81559.0,0.0,71.37
2026-08-17T02:09:10.303684+00:00,1786932550.303684,runtime,full,4,NVIDIA H100 80GB HBM3,4.0,81559.0,0.0,77.01
2026-08-17T02:09:10.303684+00:00,1786932550.303684,runtime,full,5,NVIDIA H100 80GB HBM3,4.0,81559.0,0.0,73.24
2026-08-17T02:09:10.303684+00:00,1786932550.303684,runtime,full,6,NVIDIA H100 80GB HBM3,4.0,81559.0,0.0,71.17
2026-08-17T02:09:10.303684+00:00,1786932550.303684,runtime,full,7,NVIDIA H100 80GB HBM3,4.0,81559.0,0.0,71.37
2026-08-17T02:09:12.868189+00:00,1786932552.868189,runtime,full,4,NVIDIA H100 80GB HBM3,4.0,81559.0,0.0,77.01
2026-08-17T02:09:12.868189+00:00,1786932552.868189,runtime,full,5,NVIDIA H100 80GB HBM3,4.0,81559.0,0.0,73.31
2026-08-17T02:09:12.868189+00:00,1786932552.868189,runtime,full,6,NVIDIA H100 80GB HBM3,4.0,81559.0,0.0,71.19
2026-08-17T02:09:12.868189+00:00,1786932552.868189,runtime,full,7,NVIDIA H100 80GB HBM3,4.0,81559.0,0.0,71.43
2026-08-17T02:09:15.466872+00:00,1786932555.466872,runtime,full,4,NVIDIA H100 80GB HBM3,530.0,81559.0,0.0,127.87
2026-08-17T02:09:15.466872+00:00,1786932555.466872,runtime,full,5,NVIDIA H100 80GB HBM3,36.0,81559.0,0.0,126.02
2026-08-17T02:09:15.466872+00:00,1786932555.466872,runtime,full,6,NVIDIA H100 80GB HBM3,23.0,81559.0,0.0,102.01
2026-08-17T02:09:15.466872+00:00,1786932555.466872,runtime,full,7,NVIDIA H100 80GB HBM3,624.0,81559.0,0.0,120.19
2026-08-17T02:09:18.330196+00:00,1786932558.330196,runtime,full,4,NVIDIA H100 80GB HBM3,730.0,81559.0,0.0,128.12
2026-08-17T02:09:18.330196+00:00,1786932558.330196,runtime,full,5,NVIDIA H100 80GB HBM3,730.0,81559.0,0.0,122.33
2026-08-17T02:09:18.330196+00:00,1786932558.330196,runtime,full,6,NVIDIA H100 80GB HBM3,730.0,81559.0,0.0,119.12
2026-08-17T02:09:18.330196+00:00,1786932558.330196,runtime,full,7,NVIDIA H100 80GB HBM3,730.0,81559.0,0.0,120.39
2026-08-17T02:09:21.365876+00:00,1786932561.365876,runtime,full,4,NVIDIA H100 80GB HBM3,1804.0,81559.0,0.0,128.79
2026-08-17T02:09:21.365876+00:00,1786932561.365876,runtime,full,5,NVIDIA H100 80GB HBM3,1852.0,81559.0,0.0,123.02
2026-08-17T02:09:21.365876+00:00,1786932561.365876,runtime,full,6,NVIDIA H100 80GB HBM3,1852.0,81559.0,0.0,119.69
2026-08-17T02:09:21.365876+00:00,1786932561.365876,runtime,full,7,NVIDIA H100 80GB HBM3,1612.0,81559.0,0.0,121.12
2026-08-17T02:09:23.963044+00:00,1786932563.963044,runtime,full,4,NVIDIA H100 80GB HBM3,30436.0,81559.0,0.0,128.43
2026-08-17T02:09:23.963044+00:00,1786932563.963044,runtime,full,5,NVIDIA H100 80GB HBM3,29662.0,81559.0,0.0,122.67
2026-08-17T02:09:23.963044+00:00,1786932563.963044,runtime,full,6,NVIDIA H100 80GB HBM3,29662.0,81559.0,0.0,119.46
2026-08-17T02:09:23.963044+00:00,1786932563.963044,runtime,full,7,NVIDIA H100 80GB HBM3,32128.0,81559.0,0.0,120.69
2026-08-17T02:09:26.731680+00:00,1786932566.73168,runtime,full,4,NVIDIA H100 80GB HBM3,41342.0,81559.0,0.0,128.59
2026-08-17T02:09:26.731680+00:00,1786932566.73168,runtime,full,5,NVIDIA H100 80GB HBM3,41390.0,81559.0,0.0,122.49
2026-08-17T02:09:26.731680+00:00,1786932566.73168,runtime,full,6,NVIDIA H100 80GB HBM3,41390.0,81559.0,0.0,119.35
2026-08-17T02:09:26.731680+00:00,1786932566.73168,runtime,full,7,NVIDIA H100 80GB HBM3,41150.0,81559.0,0.0,120.69
2026-08-17T02:09:29.234186+00:00,1786932569.234186,runtime,full,4,NVIDIA H100 80GB HBM3,41342.0,81559.0,0.0,128.64
2026-08-17T02:09:29.234186+00:00,1786932569.234186,runtime,full,5,NVIDIA H100 80GB HBM3,41390.0,81559.0,0.0,122.58
2026-08-17T02:09:29.234186+00:00,1786932569.234186,runtime,full,6,NVIDIA H100 80GB HBM3,41390.0,81559.0,0.0,119.44
2026-08-17T02:09:29.234186+00:00,1786932569.234186,runtime,full,7,NVIDIA H100 80GB HBM3,41150.0,81559.0,0.0,120.67
2026-08-17T02:09:31.852024+00:00,1786932571.852024,runtime,full,4,NVIDIA H100 80GB HBM3,41342.0,81559.0,0.0,128.75
2026-08-17T02:09:31.852024+00:00,1786932571.852024,runtime,full,5,NVIDIA H100 80GB HBM3,41390.0,81559.0,0.0,122.54
2026-08-17T02:09:31.852024+00:00,1786932571.852024,runtime,full,6,NVIDIA H100 80GB HBM3,41390.0,81559.0,0.0,119.44
2026-08-17T02:09:31.852024+00:00,1786932571.852024,runtime,full,7,NVIDIA H100 80GB HBM3,41150.0,81559.0,0.0,120.76
2026-08-17T02:09:34.767092+00:00,1786932574.767092,runtime,full,4,NVIDIA H100 80GB HBM3,41342.0,81559.0,0.0,128.82
2026-08-17T02:09:34.767092+00:00,1786932574.767092,runtime,full,5,NVIDIA H100 80GB HBM3,41390.0,81559.0,0.0,122.6
2026-08-17T02:09:34.767092+00:00,1786932574.767092,runtime,full,6,NVIDIA H100 80GB HBM3,41390.0,81559.0,0.0,119.48
2026-08-17T02:09:34.767092+00:00,1786932574.767092,runtime,full,7,NVIDIA H100 80GB HBM3,41150.0,81559.0,0.0,120.78
2026-08-17T02:09:37.369583+00:00,1786932577.369583,runtime,full,4,NVIDIA H100 80GB HBM3,41342.0,81559.0,0.0,128.9
2026-08-17T02:09:37.369583+00:00,1786932577.369583,runtime,full,5,NVIDIA H100 80GB HBM3,41390.0,81559.0,1.0,122.6
2026-08-17T02:09:37.369583+00:00,1786932577.369583,runtime,full,6,NVIDIA H100 80GB HBM3,41390.0,81559.0,0.0,119.54
2026-08-17T02:09:37.369583+00:00,1786932577.369583,runtime,full,7,NVIDIA H100 80GB HBM3,41150.0,81559.0,0.0,120.62
2026-08-17T02:09:39.932577+00:00,1786932579.932577,runtime,full,4,NVIDIA H100 80GB HBM3,41342.0,81559.0,0.0,128.97
2026-08-17T02:09:39.932577+00:00,1786932579.932577,runtime,full,5,NVIDIA H100 80GB HBM3,41390.0,81559.0,1.0,122.57
2026-08-17T02:09:39.932577+00:00,1786932579.932577,runtime,full,6,NVIDIA H100 80GB HBM3,41390.0,81559.0,0.0,119.54
2026-08-17T02:09:39.932577+00:00,1786932579.932577,runtime,full,7,NVIDIA H100 80GB HBM3,41150.0,81559.0,0.0,120.31
2026-08-17T02:09:42.547843+00:00,1786932582.547843,runtime,full,4,NVIDIA H100 80GB HBM3,41342.0,81559.0,0.0,129.02
2026-08-17T02:09:42.547843+00:00,1786932582.547843,runtime,full,5,NVIDIA H100 80GB HBM3,41390.0,81559.0,0.0,122.84
2026-08-17T02:09:42.547843+00:00,1786932582.547843,runtime,full,6,NVIDIA H100 80GB HBM3,41390.0,81559.0,0.0,119.58
2026-08-17T02:09:42.547843+00:00,1786932582.547843,runtime,full,7,NVIDIA H100 80GB HBM3,41150.0,81559.0,0.0,120.24
2026-08-17T02:09:45.074342+00:00,1786932585.074342,runtime,full,4,NVIDIA H100 80GB HBM3,41342.0,81559.0,0.0,129.12
2026-08-17T02:09:45.074342+00:00,1786932585.074342,runtime,full,5,NVIDIA H100 80GB HBM3,41390.0,81559.0,0.0,123.15
2026-08-17T02:09:45.074342+00:00,1786932585.074342,runtime,full,6,NVIDIA H100 80GB HBM3,41390.0,81559.0,0.0,119.54
2026-08-17T02:09:45.074342+00:00,1786932585.074342,runtime,full,7,NVIDIA H100 80GB HBM3,41150.0,81559.0,0.0,120.43
2026-08-17T02:09:47.712216+00:00,1786932587.712216,runtime,full,4,NVIDIA H100 80GB HBM3,41342.0,81559.0,0.0,129.16
2026-08-17T02:09:47.712216+00:00,1786932587.712216,runtime,full,5,NVIDIA H100 80GB HBM3,41390.0,81559.0,0.0,123.22
2026-08-17T02:09:47.712216+00:00,1786932587.712216,runtime,full,6,NVIDIA H100 80GB HBM3,41390.0,81559.0,0.0,119.57
2026-08-17T02:09:47.712216+00:00,1786932587.712216,runtime,full,7,NVIDIA H100 80GB HBM3,41150.0,81559.0,0.0,120.49
2026-08-17T02:09:50.266819+00:00,1786932590.266819,runtime,full,4,NVIDIA H100 80GB HBM3,41342.0,81559.0,6.0,129.41
2026-08-17T02:09:50.266819+00:00,1786932590.266819,runtime,full,5,NVIDIA H100 80GB HBM3,41390.0,81559.0,6.0,123.03
2026-08-17T02:09:50.266819+00:00,1786932590.266819,runtime,full,6,NVIDIA H100 80GB HBM3,41390.0,81559.0,0.0,119.7
2026-08-17T02:09:50.266819+00:00,1786932590.266819,runtime,full,7,NVIDIA H100 80GB HBM3,41150.0,81559.0,4.0,120.52
2026-08-17T02:09:52.960791+00:00,1786932592.960791,runtime,full,4,NVIDIA H100 80GB HBM3,41342.0,81559.0,4.0,129.46
2026-08-17T02:09:52.960791+00:00,1786932592.960791,runtime,full,5,NVIDIA H100 80GB HBM3,41390.0,81559.0,3.0,123.35
2026-08-17T02:09:52.960791+00:00,1786932592.960791,runtime,full,6,NVIDIA H100 80GB HBM3,41390.0,81559.0,2.0,119.87
2026-08-17T02:09:52.960791+00:00,1786932592.960791,runtime,full,7,NVIDIA H100 80GB HBM3,41150.0,81559.0,1.0,120.54
2026-08-17T02:09:55.804999+00:00,1786932595.804999,runtime,full,4,NVIDIA H100 80GB HBM3,41342.0,81559.0,6.0,129.54
2026-08-17T02:09:55.804999+00:00,1786932595.804999,runtime,full,5,NVIDIA H100 80GB HBM3,41390.0,81559.0,3.0,123.29
2026-08-17T02:09:55.804999+00:00,1786932595.804999,runtime,full,6,NVIDIA H100 80GB HBM3,41390.0,81559.0,2.0,119.85
2026-08-17T02:09:55.804999+00:00,1786932595.804999,runtime,full,7,NVIDIA H100 80GB HBM3,41150.0,81559.0,6.0,120.78
2026-08-17T02:09:58.752259+00:00,1786932598.752259,runtime,full,4,NVIDIA H100 80GB HBM3,41342.0,81559.0,5.0,129.58
2026-08-17T02:09:58.752259+00:00,1786932598.752259,runtime,full,5,NVIDIA H100 80GB HBM3,41390.0,81559.0,2.0,123.56
2026-08-17T02:09:58.752259+00:00,1786932598.752259,runtime,full,6,NVIDIA H100 80GB HBM3,41390.0,81559.0,6.0,119.89
2026-08-17T02:09:58.752259+00:00,1786932598.752259,runtime,full,7,NVIDIA H100 80GB HBM3,41150.0,81559.0,6.0,120.4
2026-08-17T02:10:01.477550+00:00,1786932601.47755,runtime,full,4,NVIDIA H100 80GB HBM3,41342.0,81559.0,2.0,129.64
2026-08-17T02:10:01.477550+00:00,1786932601.47755,runtime,full,5,NVIDIA H100 80GB HBM3,41390.0,81559.0,6.0,123.27
2026-08-17T02:10:01.477550+00:00,1786932601.47755,runtime,full,6,NVIDIA H100 80GB HBM3,41390.0,81559.0,7.0,119.93
2026-08-17T02:10:01.477550+00:00,1786932601.47755,runtime,full,7,NVIDIA H100 80GB HBM3,41150.0,81559.0,6.0,120.55
2026-08-17T02:10:04.111697+00:00,1786932604.111697,runtime,full,4,NVIDIA H100 80GB HBM3,41342.0,81559.0,6.0,129.78
2026-08-17T02:10:04.111697+00:00,1786932604.111697,runtime,full,5,NVIDIA H100 80GB HBM3,41390.0,81559.0,3.0,123.83
2026-08-17T02:10:04.111697+00:00,1786932604.111697,runtime,full,6,NVIDIA H100 80GB HBM3,41390.0,81559.0,3.0,119.93
2026-08-17T02:10:04.111697+00:00,1786932604.111697,runtime,full,7,NVIDIA H100 80GB HBM3,41150.0,81559.0,6.0,120.49
2026-08-17T02:10:06.596877+00:00,1786932606.596877,runtime,full,4,NVIDIA H100 80GB HBM3,41342.0,81559.0,4.0,129.74
2026-08-17T02:10:06.596877+00:00,1786932606.596877,runtime,full,5,NVIDIA H100 80GB HBM3,41390.0,81559.0,7.0,123.65
2026-08-17T02:10:06.596877+00:00,1786932606.596877,runtime,full,6,NVIDIA H100 80GB HBM3,41390.0,81559.0,8.0,120.01
2026-08-17T02:10:06.596877+00:00,1786932606.596877,runtime,full,7,NVIDIA H100 80GB HBM3,41150.0,81559.0,6.0,120.32
2026-08-17T02:10:09.066272+00:00,1786932609.066272,runtime,full,4,NVIDIA H100 80GB HBM3,41342.0,81559.0,5.0,129.82
2026-08-17T02:10:09.066272+00:00,1786932609.066272,runtime,full,5,NVIDIA H100 80GB HBM3,41390.0,81559.0,7.0,123.43
2026-08-17T02:10:09.066272+00:00,1786932609.066272,runtime,full,6,NVIDIA H100 80GB HBM3,41390.0,81559.0,8.0,120.01
2026-08-17T02:10:09.066272+00:00,1786932609.066272,runtime,full,7,NVIDIA H100 80GB HBM3,41150.0,81559.0,3.0,120.6
2026-08-17T02:10:11.671583+00:00,1786932611.671583,runtime,full,4,NVIDIA H100 80GB HBM3,41342.0,81559.0,7.0,129.91
2026-08-17T02:10:11.671583+00:00,1786932611.671583,runtime,full,5,NVIDIA H100 80GB HBM3,41390.0,81559.0,7.0,123.45
2026-08-17T02:10:11.671583+00:00,1786932611.671583,runtime,full,6,NVIDIA H100 80GB HBM3,41390.0,81559.0,4.0,120.02
2026-08-17T02:10:11.671583+00:00,1786932611.671583,runtime,full,7,NVIDIA H100 80GB HBM3,41150.0,81559.0,7.0,120.57
2026-08-17T02:10:14.136569+00:00,1786932614.136569,runtime,full,4,NVIDIA H100 80GB HBM3,41342.0,81559.0,6.0,130.02
2026-08-17T02:10:14.136569+00:00,1786932614.136569,runtime,full,5,NVIDIA H100 80GB HBM3,41390.0,81559.0,7.0,123.82
2026-08-17T02:10:14.136569+00:00,1786932614.136569,runtime,full,6,NVIDIA H100 80GB HBM3,41390.0,81559.0,5.0,120.09
2026-08-17T02:10:14.136569+00:00,1786932614.136569,runtime,full,7,NVIDIA H100 80GB HBM3,41150.0,81559.0,7.0,120.79
2026-08-17T02:10:16.674992+00:00,1786932616.674992,runtime,full,4,NVIDIA H100 80GB HBM3,41342.0,81559.0,6.0,130.04
2026-08-17T02:10:16.674992+00:00,1786932616.674992,runtime,full,5,NVIDIA H100 80GB HBM3,41390.0,81559.0,7.0,123.84
2026-08-17T02:10:16.674992+00:00,1786932616.674992,runtime,full,6,NVIDIA H100 80GB HBM3,41390.0,81559.0,8.0,120.06
2026-08-17T02:10:16.674992+00:00,1786932616.674992,runtime,full,7,NVIDIA H100 80GB HBM3,41150.0,81559.0,3.0,120.65
2026-08-17T02:10:19.217769+00:00,1786932619.217769,runtime,full,4,NVIDIA H100 80GB HBM3,41342.0,81559.0,4.0,130.12
2026-08-17T02:10:19.217769+00:00,1786932619.217769,runtime,full,5,NVIDIA H100 80GB HBM3,41390.0,81559.0,7.0,123.74
2026-08-17T02:10:19.217769+00:00,1786932619.217769,runtime,full,6,NVIDIA H100 80GB HBM3,41390.0,81559.0,8.0,120.17
2026-08-17T02:10:19.217769+00:00,1786932619.217769,runtime,full,7,NVIDIA H100 80GB HBM3,41150.0,81559.0,7.0,120.86
2026-08-17T02:10:21.738228+00:00,1786932621.738228,runtime,full,4,NVIDIA H100 80GB HBM3,41342.0,81559.0,6.0,130.24
2026-08-17T02:10:21.738228+00:00,1786932621.738228,runtime,full,5,NVIDIA H100 80GB HBM3,41390.0,81559.0,6.0,123.89
2026-08-17T02:10:21.738228+00:00,1786932621.738228,runtime,full,6,NVIDIA H100 80GB HBM3,41390.0,81559.0,8.0,120.32
2026-08-17T02:10:21.738228+00:00,1786932621.738228,runtime,full,7,NVIDIA H100 80GB HBM3,41150.0,81559.0,7.0,120.73
2026-08-17T02:10:24.283821+00:00,1786932624.283821,runtime,full,4,NVIDIA H100 80GB HBM3,41342.0,81559.0,6.0,130.21
2026-08-17T02:10:24.283821+00:00,1786932624.283821,runtime,full,5,NVIDIA H100 80GB HBM3,41390.0,81559.0,7.0,124.01
2026-08-17T02:10:24.283821+00:00,1786932624.283821,runtime,full,6,NVIDIA H100 80GB HBM3,41390.0,81559.0,0.0,119.92
2026-08-17T02:10:24.283821+00:00,1786932624.283821,runtime,full,7,NVIDIA H100 80GB HBM3,41150.0,81559.0,6.0,121.02
2026-08-17T02:10:26.790828+00:00,1786932626.790828,runtime,full,4,NVIDIA H100 80GB HBM3,41342.0,81559.0,8.0,130.49
2026-08-17T02:10:26.790828+00:00,1786932626.790828,runtime,full,5,NVIDIA H100 80GB HBM3,41390.0,81559.0,7.0,123.93
2026-08-17T02:10:26.790828+00:00,1786932626.790828,runtime,full,6,NVIDIA H100 80GB HBM3,41412.0,81559.0,0.0,119.96
2026-08-17T02:10:26.790828+00:00,1786932626.790828,runtime,full,7,NVIDIA H100 80GB HBM3,41150.0,81559.0,9.0,120.79
2026-08-17T02:10:29.407048+00:00,1786932629.407048,runtime,full,4,NVIDIA H100 80GB HBM3,41342.0,81559.0,0.0,130.28
2026-08-17T02:10:29.407048+00:00,1786932629.407048,runtime,full,5,NVIDIA H100 80GB HBM3,41412.0,81559.0,0.0,123.55
2026-08-17T02:10:29.407048+00:00,1786932629.407048,runtime,full,6,NVIDIA H100 80GB HBM3,41392.0,81559.0,0.0,120.32
2026-08-17T02:10:29.407048+00:00,1786932629.407048,runtime,full,7,NVIDIA H100 80GB HBM3,41172.0,81559.0,0.0,120.66
2026-08-17T02:10:32.091395+00:00,1786932632.091395,runtime,full,4,NVIDIA H100 80GB HBM3,41366.0,81559.0,0.0,130.18
2026-08-17T02:10:32.091395+00:00,1786932632.091395,runtime,full,5,NVIDIA H100 80GB HBM3,42032.0,81559.0,0.0,123.79
2026-08-17T02:10:32.091395+00:00,1786932632.091395,runtime,full,6,NVIDIA H100 80GB HBM3,41392.0,81559.0,0.0,119.94
2026-08-17T02:10:32.091395+00:00,1786932632.091395,runtime,full,7,NVIDIA H100 80GB HBM3,41406.0,81559.0,0.0,120.58
2026-08-17T02:10:34.843396+00:00,1786932634.843396,runtime,full,4,NVIDIA H100 80GB HBM3,42528.0,81559.0,2.0,131.18
2026-08-17T02:10:34.843396+00:00,1786932634.843396,runtime,full,5,NVIDIA H100 80GB HBM3,42564.0,81559.0,2.0,124.5
2026-08-17T02:10:34.843396+00:00,1786932634.843396,runtime,full,6,NVIDIA H100 80GB HBM3,42576.0,81559.0,0.0,120.46
2026-08-17T02:10:34.843396+00:00,1786932634.843396,runtime,full,7,NVIDIA H100 80GB HBM3,42374.0,81559.0,1.0,121.14
2026-08-17T02:10:37.832954+00:00,1786932637.832954,runtime,full,4,NVIDIA H100 80GB HBM3,42762.0,81559.0,32.0,155.23
2026-08-17T02:10:37.832954+00:00,1786932637.832954,runtime,full,5,NVIDIA H100 80GB HBM3,43066.0,81559.0,30.0,146.07
2026-08-17T02:10:37.832954+00:00,1786932637.832954,runtime,full,6,NVIDIA H100 80GB HBM3,43066.0,81559.0,32.0,143.15
2026-08-17T02:10:37.832954+00:00,1786932637.832954,runtime,full,7,NVIDIA H100 80GB HBM3,42826.0,81559.0,33.0,142.32
2026-08-17T02:10:40.848220+00:00,1786932640.84822,runtime,full,4,NVIDIA H100 80GB HBM3,41348.0,81559.0,0.0,130.46
2026-08-17T02:10:40.848220+00:00,1786932640.84822,runtime,full,5,NVIDIA H100 80GB HBM3,41396.0,81559.0,0.0,123.98
2026-08-17T02:10:40.848220+00:00,1786932640.84822,runtime,full,6,NVIDIA H100 80GB HBM3,41396.0,81559.0,0.0,120.07
2026-08-17T02:10:40.848220+00:00,1786932640.84822,runtime,full,7,NVIDIA H100 80GB HBM3,41156.0,81559.0,0.0,120.78
2026-08-17T02:10:43.565274+00:00,1786932643.565274,runtime,full,4,NVIDIA H100 80GB HBM3,65766.0,81559.0,0.0,130.98
2026-08-17T02:10:43.565274+00:00,1786932643.565274,runtime,full,5,NVIDIA H100 80GB HBM3,65814.0,81559.0,0.0,124.15
2026-08-17T02:10:43.565274+00:00,1786932643.565274,runtime,full,6,NVIDIA H100 80GB HBM3,65814.0,81559.0,0.0,120.38
2026-08-17T02:10:43.565274+00:00,1786932643.565274,runtime,full,7,NVIDIA H100 80GB HBM3,65574.0,81559.0,0.0,120.92
2026-08-17T02:10:46.192153+00:00,1786932646.192153,runtime,full,4,NVIDIA H100 80GB HBM3,66046.0,81559.0,0.0,130.63
2026-08-17T02:10:46.192153+00:00,1786932646.192153,runtime,full,5,NVIDIA H100 80GB HBM3,66106.0,81559.0,0.0,123.94
2026-08-17T02:10:46.192153+00:00,1786932646.192153,runtime,full,6,NVIDIA H100 80GB HBM3,66102.0,81559.0,0.0,120.1
2026-08-17T02:10:46.192153+00:00,1786932646.192153,runtime,full,7,NVIDIA H100 80GB HBM3,65866.0,81559.0,0.0,120.79
2026-08-17T02:10:48.775558+00:00,1786932648.775558,runtime,full,4,NVIDIA H100 80GB HBM3,66556.0,81559.0,100.0,456.54
2026-08-17T02:10:48.775558+00:00,1786932648.775558,runtime,full,5,NVIDIA H100 80GB HBM3,66682.0,81559.0,100.0,131.06
2026-08-17T02:10:48.775558+00:00,1786932648.775558,runtime,full,6,NVIDIA H100 80GB HBM3,66682.0,81559.0,100.0,127.39
2026-08-17T02:10:48.775558+00:00,1786932648.775558,runtime,full,7,NVIDIA H100 80GB HBM3,66202.0,81559.0,100.0,128.48
2026-08-17T02:10:51.360177+00:00,1786932651.360177,runtime,full,4,NVIDIA H100 80GB HBM3,66770.0,81559.0,0.0,468.68
2026-08-17T02:10:51.360177+00:00,1786932651.360177,runtime,full,5,NVIDIA H100 80GB HBM3,66682.0,81559.0,100.0,129.77
2026-08-17T02:10:51.360177+00:00,1786932651.360177,runtime,full,6,NVIDIA H100 80GB HBM3,66682.0,81559.0,100.0,125.54
2026-08-17T02:10:51.360177+00:00,1786932651.360177,runtime,full,7,NVIDIA H100 80GB HBM3,66202.0,81559.0,100.0,126.2
2026-08-17T02:10:54.045097+00:00,1786932654.045097,runtime,full,4,NVIDIA H100 80GB HBM3,66704.0,81559.0,100.0,475.68
2026-08-17T02:10:54.045097+00:00,1786932654.045097,runtime,full,5,NVIDIA H100 80GB HBM3,66702.0,81559.0,100.0,133.09
2026-08-17T02:10:54.045097+00:00,1786932654.045097,runtime,full,6,NVIDIA H100 80GB HBM3,66702.0,81559.0,100.0,129.26
2026-08-17T02:10:54.045097+00:00,1786932654.045097,runtime,full,7,NVIDIA H100 80GB HBM3,66222.0,81559.0,100.0,129.93
2026-08-17T02:10:56.477546+00:00,1786932656.477546,runtime,full,4,NVIDIA H100 80GB HBM3,66610.0,81559.0,2.0,140.01
2026-08-17T02:10:56.477546+00:00,1786932656.477546,runtime,full,5,NVIDIA H100 80GB HBM3,66704.0,81559.0,0.0,129.04
2026-08-17T02:10:56.477546+00:00,1786932656.477546,runtime,full,6,NVIDIA H100 80GB HBM3,66704.0,81559.0,1.0,124.82
2026-08-17T02:10:56.477546+00:00,1786932656.477546,runtime,full,7,NVIDIA H100 80GB HBM3,66224.0,81559.0,3.0,124.22
2026-08-17T02:10:59.085096+00:00,1786932659.085096,runtime,full,4,NVIDIA H100 80GB HBM3,66636.0,81559.0,8.0,161.53
2026-08-17T02:10:59.085096+00:00,1786932659.085096,runtime,full,5,NVIDIA H100 80GB HBM3,66730.0,81559.0,16.0,151.38
2026-08-17T02:10:59.085096+00:00,1786932659.085096,runtime,full,6,NVIDIA H100 80GB HBM3,66730.0,81559.0,31.0,142.97
2026-08-17T02:10:59.085096+00:00,1786932659.085096,runtime,full,7,NVIDIA H100 80GB HBM3,66250.0,81559.0,99.0,152.71
2026-08-17T02:11:01.789549+00:00,1786932661.789549,runtime,full,4,NVIDIA H100 80GB HBM3,66636.0,81559.0,65.0,172.2
2026-08-17T02:11:01.789549+00:00,1786932661.789549,runtime,full,5,NVIDIA H100 80GB HBM3,66730.0,81559.0,100.0,162.58
2026-08-17T02:11:01.789549+00:00,1786932661.789549,runtime,full,6,NVIDIA H100 80GB HBM3,66730.0,81559.0,9.0,155.16
2026-08-17T02:11:01.789549+00:00,1786932661.789549,runtime,full,7,NVIDIA H100 80GB HBM3,66250.0,81559.0,100.0,157.6
2026-08-17T02:11:04.456702+00:00,1786932664.456702,runtime,full,4,NVIDIA H100 80GB HBM3,66636.0,81559.0,83.0,172.05
2026-08-17T02:11:04.456702+00:00,1786932664.456702,runtime,full,5,NVIDIA H100 80GB HBM3,66730.0,81559.0,100.0,162.8
2026-08-17T02:11:04.456702+00:00,1786932664.456702,runtime,full,6,NVIDIA H100 80GB HBM3,66730.0,81559.0,10.0,156.38
2026-08-17T02:11:04.456702+00:00,1786932664.456702,runtime,full,7,NVIDIA H100 80GB HBM3,66250.0,81559.0,100.0,157.98
2026-08-17T02:11:07.206158+00:00,1786932667.206158,runtime,full,4,NVIDIA H100 80GB HBM3,66636.0,81559.0,86.0,173.17
2026-08-17T02:11:07.206158+00:00,1786932667.206158,runtime,full,5,NVIDIA H100 80GB HBM3,66730.0,81559.0,100.0,163.02
2026-08-17T02:11:07.206158+00:00,1786932667.206158,runtime,full,6,NVIDIA H100 80GB HBM3,66730.0,81559.0,10.0,155.86
2026-08-17T02:11:07.206158+00:00,1786932667.206158,runtime,full,7,NVIDIA H100 80GB HBM3,66250.0,81559.0,100.0,158.86
2026-08-17T02:11:09.864446+00:00,1786932669.864446,runtime,full,4,NVIDIA H100 80GB HBM3,66636.0,81559.0,74.0,172.89
2026-08-17T02:11:09.864446+00:00,1786932669.864446,runtime,full,5,NVIDIA H100 80GB HBM3,66730.0,81559.0,100.0,163.69
2026-08-17T02:11:09.864446+00:00,1786932669.864446,runtime,full,6,NVIDIA H100 80GB HBM3,66730.0,81559.0,10.0,156.03
2026-08-17T02:11:09.864446+00:00,1786932669.864446,runtime,full,7,NVIDIA H100 80GB HBM3,66250.0,81559.0,100.0,158.04
2026-08-17T02:11:12.591361+00:00,1786932672.591361,runtime,full,4,NVIDIA H100 80GB HBM3,66636.0,81559.0,78.0,172.88
2026-08-17T02:11:12.591361+00:00,1786932672.591361,runtime,full,5,NVIDIA H100 80GB HBM3,66730.0,81559.0,100.0,163.74
2026-08-17T02:11:12.591361+00:00,1786932672.591361,runtime,full,6,NVIDIA H100 80GB HBM3,66730.0,81559.0,10.0,156.01
2026-08-17T02:11:12.591361+00:00,1786932672.591361,runtime,full,7,NVIDIA H100 80GB HBM3,66250.0,81559.0,100.0,158.4
2026-08-17T02:11:15.152955+00:00,1786932675.152955,runtime,full,4,NVIDIA H100 80GB HBM3,66636.0,81559.0,75.0,173.62
2026-08-17T02:11:15.152955+00:00,1786932675.152955,runtime,full,5,NVIDIA H100 80GB HBM3,66730.0,81559.0,86.0,163.74
2026-08-17T02:11:15.152955+00:00,1786932675.152955,runtime,full,6,NVIDIA H100 80GB HBM3,66730.0,81559.0,10.0,156.75
2026-08-17T02:11:15.152955+00:00,1786932675.152955,runtime,full,7,NVIDIA H100 80GB HBM3,66250.0,81559.0,55.0,158.87
2026-08-17T02:11:17.776694+00:00,1786932677.776694,runtime,full,4,NVIDIA H100 80GB HBM3,66636.0,81559.0,82.0,173.5
2026-08-17T02:11:17.776694+00:00,1786932677.776694,runtime,full,5,NVIDIA H100 80GB HBM3,66730.0,81559.0,100.0,164.19
2026-08-17T02:11:17.776694+00:00,1786932677.776694,runtime,full,6,NVIDIA H100 80GB HBM3,66730.0,81559.0,10.0,156.18
2026-08-17T02:11:17.776694+00:00,1786932677.776694,runtime,full,7,NVIDIA H100 80GB HBM3,66250.0,81559.0,100.0,158.49
2026-08-17T02:11:20.400069+00:00,1786932680.400069,runtime,full,4,NVIDIA H100 80GB HBM3,66636.0,81559.0,81.0,173.65
2026-08-17T02:11:20.400069+00:00,1786932680.400069,runtime,full,5,NVIDIA H100 80GB HBM3,66730.0,81559.0,100.0,164.14
2026-08-17T02:11:20.400069+00:00,1786932680.400069,runtime,full,6,NVIDIA H100 80GB HBM3,66730.0,81559.0,10.0,156.67
2026-08-17T02:11:20.400069+00:00,1786932680.400069,runtime,full,7,NVIDIA H100 80GB HBM3,66250.0,81559.0,100.0,158.55
2026-08-17T02:11:23.031831+00:00,1786932683.031831,runtime,full,4,NVIDIA H100 80GB HBM3,66636.0,81559.0,94.0,173.42
2026-08-17T02:11:23.031831+00:00,1786932683.031831,runtime,full,5,NVIDIA H100 80GB HBM3,66730.0,81559.0,100.0,163.88
2026-08-17T02:11:23.031831+00:00,1786932683.031831,runtime,full,6,NVIDIA H100 80GB HBM3,66730.0,81559.0,10.0,157.1
2026-08-17T02:11:23.031831+00:00,1786932683.031831,runtime,full,7,NVIDIA H100 80GB HBM3,66250.0,81559.0,100.0,158.8
2026-08-17T02:11:25.673366+00:00,1786932685.673366,runtime,full,4,NVIDIA H100 80GB HBM3,66636.0,81559.0,55.0,173.92
2026-08-17T02:11:25.673366+00:00,1786932685.673366,runtime,full,5,NVIDIA H100 80GB HBM3,66730.0,81559.0,100.0,164.44
2026-08-17T02:11:25.673366+00:00,1786932685.673366,runtime,full,6,NVIDIA H100 80GB HBM3,66730.0,81559.0,10.0,156.64
2026-08-17T02:11:25.673366+00:00,1786932685.673366,runtime,full,7,NVIDIA H100 80GB HBM3,66250.0,81559.0,100.0,157.88
2026-08-17T02:11:28.240549+00:00,1786932688.240549,runtime,full,4,NVIDIA H100 80GB HBM3,66636.0,81559.0,99.0,173.98
2026-08-17T02:11:28.240549+00:00,1786932688.240549,runtime,full,5,NVIDIA H100 80GB HBM3,66730.0,81559.0,100.0,164.81
2026-08-17T02:11:28.240549+00:00,1786932688.240549,runtime,full,6,NVIDIA H100 80GB HBM3,66730.0,81559.0,10.0,156.75
2026-08-17T02:11:28.240549+00:00,1786932688.240549,runtime,full,7,NVIDIA H100 80GB HBM3,66250.0,81559.0,100.0,158.68
2026-08-17T02:11:30.924978+00:00,1786932690.924978,runtime,full,4,NVIDIA H100 80GB HBM3,66636.0,81559.0,92.0,174.4
2026-08-17T02:11:30.924978+00:00,1786932690.924978,runtime,full,5,NVIDIA H100 80GB HBM3,66730.0,81559.0,100.0,164.23
2026-08-17T02:11:30.924978+00:00,1786932690.924978,runtime,full,6,NVIDIA H100 80GB HBM3,66730.0,81559.0,10.0,156.87
2026-08-17T02:11:30.924978+00:00,1786932690.924978,runtime,full,7,NVIDIA H100 80GB HBM3,66250.0,81559.0,100.0,159.05
2026-08-17T02:11:33.587759+00:00,1786932693.587759,runtime,full,4,NVIDIA H100 80GB HBM3,66636.0,81559.0,78.0,174.21
2026-08-17T02:11:33.587759+00:00,1786932693.587759,runtime,full,5,NVIDIA H100 80GB HBM3,66730.0,81559.0,99.0,164.86
2026-08-17T02:11:33.587759+00:00,1786932693.587759,runtime,full,6,NVIDIA H100 80GB HBM3,66730.0,81559.0,10.0,156.68
2026-08-17T02:11:33.587759+00:00,1786932693.587759,runtime,full,7,NVIDIA H100 80GB HBM3,66250.0,81559.0,99.0,158.74
2026-08-17T02:11:36.200550+00:00,1786932696.20055,runtime,full,4,NVIDIA H100 80GB HBM3,66636.0,81559.0,96.0,173.12
2026-08-17T02:11:36.200550+00:00,1786932696.20055,runtime,full,5,NVIDIA H100 80GB HBM3,66730.0,81559.0,100.0,163.86
2026-08-17T02:11:36.200550+00:00,1786932696.20055,runtime,full,6,NVIDIA H100 80GB HBM3,66730.0,81559.0,9.0,155.92
2026-08-17T02:11:36.200550+00:00,1786932696.20055,runtime,full,7,NVIDIA H100 80GB HBM3,66250.0,81559.0,100.0,158.16
2026-08-17T02:11:38.901400+00:00,1786932698.9014,runtime,full,4,NVIDIA H100 80GB HBM3,66636.0,81559.0,36.0,173.09
2026-08-17T02:11:38.901400+00:00,1786932698.9014,runtime,full,5,NVIDIA H100 80GB HBM3,66730.0,81559.0,78.0,164.29
2026-08-17T02:11:38.901400+00:00,1786932698.9014,runtime,full,6,NVIDIA H100 80GB HBM3,66730.0,81559.0,10.0,156.97
2026-08-17T02:11:38.901400+00:00,1786932698.9014,runtime,full,7,NVIDIA H100 80GB HBM3,66250.0,81559.0,71.0,159.11
2026-08-17T02:11:41.419359+00:00,1786932701.419359,runtime,full,4,NVIDIA H100 80GB HBM3,66636.0,81559.0,65.0,174.18
2026-08-17T02:11:41.419359+00:00,1786932701.419359,runtime,full,5,NVIDIA H100 80GB HBM3,66730.0,81559.0,100.0,164.3
2026-08-17T02:11:41.419359+00:00,1786932701.419359,runtime,full,6,NVIDIA H100 80GB HBM3,66730.0,81559.0,10.0,156.63
2026-08-17T02:11:41.419359+00:00,1786932701.419359,runtime,full,7,NVIDIA H100 80GB HBM3,66250.0,81559.0,100.0,158.95
2026-08-17T02:11:44.055973+00:00,1786932704.055973,runtime,full,4,NVIDIA H100 80GB HBM3,66636.0,81559.0,96.0,175.0
2026-08-17T02:11:44.055973+00:00,1786932704.055973,runtime,full,5,NVIDIA H100 80GB HBM3,66730.0,81559.0,100.0,164.4
2026-08-17T02:11:44.055973+00:00,1786932704.055973,runtime,full,6,NVIDIA H100 80GB HBM3,66730.0,81559.0,9.0,156.26
2026-08-17T02:11:44.055973+00:00,1786932704.055973,runtime,full,7,NVIDIA H100 80GB HBM3,66250.0,81559.0,100.0,158.54
2026-08-17T02:11:46.637540+00:00,1786932706.63754,runtime,full,4,NVIDIA H100 80GB HBM3,66636.0,81559.0,83.0,173.99
2026-08-17T02:11:46.637540+00:00,1786932706.63754,runtime,full,5,NVIDIA H100 80GB HBM3,66730.0,81559.0,100.0,165.07
2026-08-17T02:11:46.637540+00:00,1786932706.63754,runtime,full,6,NVIDIA H100 80GB HBM3,66730.0,81559.0,10.0,157.28
2026-08-17T02:11:46.637540+00:00,1786932706.63754,runtime,full,7,NVIDIA H100 80GB HBM3,66250.0,81559.0,100.0,159.37
2026-08-17T02:11:49.243708+00:00,1786932709.243708,runtime,full,4,NVIDIA H100 80GB HBM3,66636.0,81559.0,83.0,174.06
2026-08-17T02:11:49.243708+00:00,1786932709.243708,runtime,full,5,NVIDIA H100 80GB HBM3,66730.0,81559.0,100.0,164.87
2026-08-17T02:11:49.243708+00:00,1786932709.243708,runtime,full,6,NVIDIA H100 80GB HBM3,66730.0,81559.0,10.0,156.98
2026-08-17T02:11:49.243708+00:00,1786932709.243708,runtime,full,7,NVIDIA H100 80GB HBM3,66250.0,81559.0,100.0,159.75
2026-08-17T02:11:51.955780+00:00,1786932711.95578,runtime,full,4,NVIDIA H100 80GB HBM3,66636.0,81559.0,57.0,174.3
2026-08-17T02:11:51.955780+00:00,1786932711.95578,runtime,full,5,NVIDIA H100 80GB HBM3,66730.0,81559.0,98.0,165.99
2026-08-17T02:11:51.955780+00:00,1786932711.95578,runtime,full,6,NVIDIA H100 80GB HBM3,66730.0,81559.0,10.0,156.88
2026-08-17T02:11:51.955780+00:00,1786932711.95578,runtime,full,7,NVIDIA H100 80GB HBM3,66250.0,81559.0,96.0,159.03
2026-08-17T02:11:54.407937+00:00,1786932714.407937,runtime,full,4,NVIDIA H100 80GB HBM3,66636.0,81559.0,100.0,173.59
2026-08-17T02:11:54.407937+00:00,1786932714.407937,runtime,full,5,NVIDIA H100 80GB HBM3,66730.0,81559.0,100.0,163.9
2026-08-17T02:11:54.407937+00:00,1786932714.407937,runtime,full,6,NVIDIA H100 80GB HBM3,66730.0,81559.0,9.0,156.16
2026-08-17T02:11:54.407937+00:00,1786932714.407937,runtime,full,7,NVIDIA H100 80GB HBM3,66250.0,81559.0,100.0,158.8
2026-08-17T02:11:57.014841+00:00,1786932717.014841,runtime,full,4,NVIDIA H100 80GB HBM3,66636.0,81559.0,92.0,173.85
2026-08-17T02:11:57.014841+00:00,1786932717.014841,runtime,full,5,NVIDIA H100 80GB HBM3,66730.0,81559.0,100.0,164.81
2026-08-17T02:11:57.014841+00:00,1786932717.014841,runtime,full,6,NVIDIA H100 80GB HBM3,66730.0,81559.0,10.0,157.01
2026-08-17T02:11:57.014841+00:00,1786932717.014841,runtime,full,7,NVIDIA H100 80GB HBM3,66250.0,81559.0,100.0,158.97
2026-08-17T02:11:59.689382+00:00,1786932719.689382,runtime,full,4,NVIDIA H100 80GB HBM3,66636.0,81559.0,77.0,174.65
2026-08-17T02:11:59.689382+00:00,1786932719.689382,runtime,full,5,NVIDIA H100 80GB HBM3,66730.0,81559.0,100.0,165.92
2026-08-17T02:11:59.689382+00:00,1786932719.689382,runtime,full,6,NVIDIA H100 80GB HBM3,66730.0,81559.0,10.0,157.11
2026-08-17T02:11:59.689382+00:00,1786932719.689382,runtime,full,7,NVIDIA H100 80GB HBM3,66250.0,81559.0,100.0,161.39
2026-08-17T02:12:02.289823+00:00,1786932722.289823,runtime,full,4,NVIDIA H100 80GB HBM3,66636.0,81559.0,59.0,173.74
2026-08-17T02:12:02.289823+00:00,1786932722.289823,runtime,full,5,NVIDIA H100 80GB HBM3,66730.0,81559.0,100.0,165.7
2026-08-17T02:12:02.289823+00:00,1786932722.289823,runtime,full,6,NVIDIA H100 80GB HBM3,66730.0,81559.0,10.0,157.13
2026-08-17T02:12:02.289823+00:00,1786932722.289823,runtime,full,7,NVIDIA H100 80GB HBM3,66250.0,81559.0,100.0,160.66
2026-08-17T02:12:04.889405+00:00,1786932724.889405,runtime,full,4,NVIDIA H100 80GB HBM3,66636.0,81559.0,63.0,174.71
2026-08-17T02:12:04.889405+00:00,1786932724.889405,runtime,full,5,NVIDIA H100 80GB HBM3,66730.0,81559.0,100.0,166.07
2026-08-17T02:12:04.889405+00:00,1786932724.889405,runtime,full,6,NVIDIA H100 80GB HBM3,66730.0,81559.0,12.0,157.32
2026-08-17T02:12:04.889405+00:00,1786932724.889405,runtime,full,7,NVIDIA H100 80GB HBM3,66250.0,81559.0,97.0,160.66
2026-08-17T02:12:07.546047+00:00,1786932727.546047,runtime,full,4,NVIDIA H100 80GB HBM3,66636.0,81559.0,99.0,173.92
2026-08-17T02:12:07.546047+00:00,1786932727.546047,runtime,full,5,NVIDIA H100 80GB HBM3,66730.0,81559.0,100.0,165.72
2026-08-17T02:12:07.546047+00:00,1786932727.546047,runtime,full,6,NVIDIA H100 80GB HBM3,66730.0,81559.0,10.0,156.97
2026-08-17T02:12:07.546047+00:00,1786932727.546047,runtime,full,7,NVIDIA H100 80GB HBM3,66250.0,81559.0,100.0,160.75
2026-08-17T02:12:10.096506+00:00,1786932730.096506,runtime,full,4,NVIDIA H100 80GB HBM3,66636.0,81559.0,89.0,174.55
2026-08-17T02:12:10.096506+00:00,1786932730.096506,runtime,full,5,NVIDIA H100 80GB HBM3,66730.0,81559.0,100.0,166.55
2026-08-17T02:12:10.096506+00:00,1786932730.096506,runtime,full,6,NVIDIA H100 80GB HBM3,66730.0,81559.0,10.0,157.57
2026-08-17T02:12:10.096506+00:00,1786932730.096506,runtime,full,7,NVIDIA H100 80GB HBM3,66250.0,81559.0,100.0,161.22
2026-08-17T02:12:12.712134+00:00,1786932732.712134,runtime,full,4,NVIDIA H100 80GB HBM3,66636.0,81559.0,80.0,174.2
2026-08-17T02:12:12.712134+00:00,1786932732.712134,runtime,full,5,NVIDIA H100 80GB HBM3,66730.0,81559.0,87.0,166.15
2026-08-17T02:12:12.712134+00:00,1786932732.712134,runtime,full,6,NVIDIA H100 80GB HBM3,66730.0,81559.0,10.0,157.53
2026-08-17T02:12:12.712134+00:00,1786932732.712134,runtime,full,7,NVIDIA H100 80GB HBM3,66250.0,81559.0,64.0,160.95
2026-08-17T02:12:15.484816+00:00,1786932735.484816,runtime,full,4,NVIDIA H100 80GB HBM3,66636.0,81559.0,76.0,174.25
2026-08-17T02:12:15.484816+00:00,1786932735.484816,runtime,full,5,NVIDIA H100 80GB HBM3,66730.0,81559.0,100.0,166.6
2026-08-17T02:12:15.484816+00:00,1786932735.484816,runtime,full,6,NVIDIA H100 80GB HBM3,66730.0,81559.0,10.0,157.38
2026-08-17T02:12:15.484816+00:00,1786932735.484816,runtime,full,7,NVIDIA H100 80GB HBM3,66250.0,81559.0,100.0,161.3
2026-08-17T02:12:18.309427+00:00,1786932738.309427,runtime,full,4,NVIDIA H100 80GB HBM3,66636.0,81559.0,80.0,174.95
2026-08-17T02:12:18.309427+00:00,1786932738.309427,runtime,full,5,NVIDIA H100 80GB HBM3,66730.0,81559.0,100.0,166.23
2026-08-17T02:12:18.309427+00:00,1786932738.309427,runtime,full,6,NVIDIA H100 80GB HBM3,66730.0,81559.0,10.0,157.4
2026-08-17T02:12:18.309427+00:00,1786932738.309427,runtime,full,7,NVIDIA H100 80GB HBM3,66250.0,81559.0,100.0,161.05
2026-08-17T02:12:20.998944+00:00,1786932740.998944,runtime,full,4,NVIDIA H100 80GB HBM3,66636.0,81559.0,87.0,174.88
2026-08-17T02:12:20.998944+00:00,1786932740.998944,runtime,full,5,NVIDIA H100 80GB HBM3,66730.0,81559.0,100.0,166.6
2026-08-17T02:12:20.998944+00:00,1786932740.998944,runtime,full,6,NVIDIA H100 80GB HBM3,66730.0,81559.0,10.0,157.36
2026-08-17T02:12:20.998944+00:00,1786932740.998944,runtime,full,7,NVIDIA H100 80GB HBM3,66250.0,81559.0,100.0,162.39
2026-08-17T02:12:23.717838+00:00,1786932743.717838,runtime,full,4,NVIDIA H100 80GB HBM3,66636.0,81559.0,92.0,175.05
2026-08-17T02:12:23.717838+00:00,1786932743.717838,runtime,full,5,NVIDIA H100 80GB HBM3,66730.0,81559.0,100.0,166.11
2026-08-17T02:12:23.717838+00:00,1786932743.717838,runtime,full,6,NVIDIA H100 80GB HBM3,66730.0,81559.0,10.0,157.65
2026-08-17T02:12:23.717838+00:00,1786932743.717838,runtime,full,7,NVIDIA H100 80GB HBM3,66250.0,81559.0,100.0,161.37
2026-08-17T02:12:26.455633+00:00,1786932746.455633,runtime,full,4,NVIDIA H100 80GB HBM3,66636.0,81559.0,73.0,175.18
2026-08-17T02:12:26.455633+00:00,1786932746.455633,runtime,full,5,NVIDIA H100 80GB HBM3,66730.0,81559.0,80.0,165.98
2026-08-17T02:12:26.455633+00:00,1786932746.455633,runtime,full,6,NVIDIA H100 80GB HBM3,66730.0,81559.0,10.0,157.76
2026-08-17T02:12:26.455633+00:00,1786932746.455633,runtime,full,7,NVIDIA H100 80GB HBM3,66250.0,81559.0,60.0,161.27
2026-08-17T02:12:29.149377+00:00,1786932749.149377,runtime,full,4,NVIDIA H100 80GB HBM3,66636.0,81559.0,78.0,175.29
2026-08-17T02:12:29.149377+00:00,1786932749.149377,runtime,full,5,NVIDIA H100 80GB HBM3,66730.0,81559.0,100.0,166.25
2026-08-17T02:12:29.149377+00:00,1786932749.149377,runtime,full,6,NVIDIA H100 80GB HBM3,66730.0,81559.0,10.0,157.62
2026-08-17T02:12:29.149377+00:00,1786932749.149377,runtime,full,7,NVIDIA H100 80GB HBM3,66250.0,81559.0,100.0,161.13
2026-08-17T02:12:31.692102+00:00,1786932751.692102,runtime,full,4,NVIDIA H100 80GB HBM3,66636.0,81559.0,96.0,174.42
2026-08-17T02:12:31.692102+00:00,1786932751.692102,runtime,full,5,NVIDIA H100 80GB HBM3,66730.0,81559.0,100.0,165.41
2026-08-17T02:12:31.692102+00:00,1786932751.692102,runtime,full,6,NVIDIA H100 80GB HBM3,66730.0,81559.0,9.0,156.26
2026-08-17T02:12:31.692102+00:00,1786932751.692102,runtime,full,7,NVIDIA H100 80GB HBM3,66250.0,81559.0,100.0,161.75
2026-08-17T02:12:34.361759+00:00,1786932754.361759,runtime,full,4,NVIDIA H100 80GB HBM3,66636.0,81559.0,96.0,174.33
2026-08-17T02:12:34.361759+00:00,1786932754.361759,runtime,full,5,NVIDIA H100 80GB HBM3,66730.0,81559.0,100.0,166.33
2026-08-17T02:12:34.361759+00:00,1786932754.361759,runtime,full,6,NVIDIA H100 80GB HBM3,66730.0,81559.0,9.0,157.09
2026-08-17T02:12:34.361759+00:00,1786932754.361759,runtime,full,7,NVIDIA H100 80GB HBM3,66250.0,81559.0,100.0,161.28
2026-08-17T02:12:37.153182+00:00,1786932757.153182,runtime,full,4,NVIDIA H100 80GB HBM3,66636.0,81559.0,72.0,175.89
2026-08-17T02:12:37.153182+00:00,1786932757.153182,runtime,full,5,NVIDIA H100 80GB HBM3,66730.0,81559.0,100.0,166.87
2026-08-17T02:12:37.153182+00:00,1786932757.153182,runtime,full,6,NVIDIA H100 80GB HBM3,66730.0,81559.0,11.0,157.71
2026-08-17T02:12:37.153182+00:00,1786932757.153182,runtime,full,7,NVIDIA H100 80GB HBM3,66250.0,81559.0,100.0,161.7
2026-08-17T02:12:39.805345+00:00,1786932759.805345,runtime,full,4,NVIDIA H100 80GB HBM3,66636.0,81559.0,93.0,175.57
2026-08-17T02:12:39.805345+00:00,1786932759.805345,runtime,full,5,NVIDIA H100 80GB HBM3,66730.0,81559.0,100.0,167.34
2026-08-17T02:12:39.805345+00:00,1786932759.805345,runtime,full,6,NVIDIA H100 80GB HBM3,66730.0,81559.0,10.0,157.61
2026-08-17T02:12:39.805345+00:00,1786932759.805345,runtime,full,7,NVIDIA H100 80GB HBM3,66250.0,81559.0,100.0,162.03
2026-08-17T02:12:42.416615+00:00,1786932762.416615,runtime,full,4,NVIDIA H100 80GB HBM3,66636.0,81559.0,89.0,175.67
2026-08-17T02:12:42.416615+00:00,1786932762.416615,runtime,full,5,NVIDIA H100 80GB HBM3,66730.0,81559.0,29.0,166.57
2026-08-17T02:12:42.416615+00:00,1786932762.416615,runtime,full,6,NVIDIA H100 80GB HBM3,66730.0,81559.0,100.0,158.28
2026-08-17T02:12:42.416615+00:00,1786932762.416615,runtime,full,7,NVIDIA H100 80GB HBM3,66250.0,81559.0,10.0,160.97
2026-08-17T02:12:45.252450+00:00,1786932765.25245,runtime,full,4,NVIDIA H100 80GB HBM3,66636.0,81559.0,78.0,175.79
2026-08-17T02:12:45.252450+00:00,1786932765.25245,runtime,full,5,NVIDIA H100 80GB HBM3,66730.0,81559.0,100.0,166.35
2026-08-17T02:12:45.252450+00:00,1786932765.25245,runtime,full,6,NVIDIA H100 80GB HBM3,66730.0,81559.0,10.0,158.16
2026-08-17T02:12:45.252450+00:00,1786932765.25245,runtime,full,7,NVIDIA H100 80GB HBM3,66250.0,81559.0,100.0,161.72
2026-08-17T02:12:47.953533+00:00,1786932767.953533,runtime,full,4,NVIDIA H100 80GB HBM3,66636.0,81559.0,75.0,175.8
2026-08-17T02:12:47.953533+00:00,1786932767.953533,runtime,full,5,NVIDIA H100 80GB HBM3,66730.0,81559.0,100.0,167.38
2026-08-17T02:12:47.953533+00:00,1786932767.953533,runtime,full,6,NVIDIA H100 80GB HBM3,66730.0,81559.0,10.0,157.67
2026-08-17T02:12:47.953533+00:00,1786932767.953533,runtime,full,7,NVIDIA H100 80GB HBM3,66250.0,81559.0,100.0,161.94
2026-08-17T02:12:50.597818+00:00,1786932770.597818,runtime,full,4,NVIDIA H100 80GB HBM3,66636.0,81559.0,92.0,175.86
2026-08-17T02:12:50.597818+00:00,1786932770.597818,runtime,full,5,NVIDIA H100 80GB HBM3,66730.0,81559.0,29.0,166.49
2026-08-17T02:12:50.597818+00:00,1786932770.597818,runtime,full,6,NVIDIA H100 80GB HBM3,66730.0,81559.0,100.0,159.36
2026-08-17T02:12:50.597818+00:00,1786932770.597818,runtime,full,7,NVIDIA H100 80GB HBM3,66250.0,81559.0,10.0,160.54
2026-08-17T02:12:53.158652+00:00,1786932773.158652,runtime,full,4,NVIDIA H100 80GB HBM3,66636.0,81559.0,93.0,176.24
2026-08-17T02:12:53.158652+00:00,1786932773.158652,runtime,full,5,NVIDIA H100 80GB HBM3,66730.0,81559.0,37.0,166.3
2026-08-17T02:12:53.158652+00:00,1786932773.158652,runtime,full,6,NVIDIA H100 80GB HBM3,66730.0,81559.0,100.0,159.23
2026-08-17T02:12:53.158652+00:00,1786932773.158652,runtime,full,7,NVIDIA H100 80GB HBM3,66250.0,81559.0,10.0,161.08
2026-08-17T02:12:55.915568+00:00,1786932775.915568,runtime,full,4,NVIDIA H100 80GB HBM3,66636.0,81559.0,94.0,176.96
2026-08-17T02:12:55.915568+00:00,1786932775.915568,runtime,full,5,NVIDIA H100 80GB HBM3,66730.0,81559.0,33.0,166.1
2026-08-17T02:12:55.915568+00:00,1786932775.915568,runtime,full,6,NVIDIA H100 80GB HBM3,66730.0,81559.0,100.0,159.63
2026-08-17T02:12:55.915568+00:00,1786932775.915568,runtime,full,7,NVIDIA H100 80GB HBM3,66250.0,81559.0,10.0,160.58
2026-08-17T02:12:58.678664+00:00,1786932778.678664,runtime,full,4,NVIDIA H100 80GB HBM3,66636.0,81559.0,100.0,176.21
2026-08-17T02:12:58.678664+00:00,1786932778.678664,runtime,full,5,NVIDIA H100 80GB HBM3,66730.0,81559.0,49.0,166.61
2026-08-17T02:12:58.678664+00:00,1786932778.678664,runtime,full,6,NVIDIA H100 80GB HBM3,66730.0,81559.0,79.0,159.14
2026-08-17T02:12:58.678664+00:00,1786932778.678664,runtime,full,7,NVIDIA H100 80GB HBM3,66250.0,81559.0,10.0,160.6
2026-08-17T02:13:01.306659+00:00,1786932781.306659,runtime,full,4,NVIDIA H100 80GB HBM3,66636.0,81559.0,96.0,176.07
2026-08-17T02:13:01.306659+00:00,1786932781.306659,runtime,full,5,NVIDIA H100 80GB HBM3,66730.0,81559.0,100.0,166.34
2026-08-17T02:13:01.306659+00:00,1786932781.306659,runtime,full,6,NVIDIA H100 80GB HBM3,66730.0,81559.0,8.0,156.79
2026-08-17T02:13:01.306659+00:00,1786932781.306659,runtime,full,7,NVIDIA H100 80GB HBM3,66250.0,81559.0,100.0,160.5
2026-08-17T02:13:03.849381+00:00,1786932783.849381,runtime,full,4,NVIDIA H100 80GB HBM3,66636.0,81559.0,93.0,176.06
2026-08-17T02:13:03.849381+00:00,1786932783.849381,runtime,full,5,NVIDIA H100 80GB HBM3,66730.0,81559.0,100.0,167.19
2026-08-17T02:13:03.849381+00:00,1786932783.849381,runtime,full,6,NVIDIA H100 80GB HBM3,66730.0,81559.0,10.0,157.86
2026-08-17T02:13:03.849381+00:00,1786932783.849381,runtime,full,7,NVIDIA H100 80GB HBM3,66250.0,81559.0,100.0,161.44
2026-08-17T02:13:06.433822+00:00,1786932786.433822,runtime,full,4,NVIDIA H100 80GB HBM3,66636.0,81559.0,99.0,176.22
2026-08-17T02:13:06.433822+00:00,1786932786.433822,runtime,full,5,NVIDIA H100 80GB HBM3,66730.0,81559.0,100.0,167.3
2026-08-17T02:13:06.433822+00:00,1786932786.433822,runtime,full,6,NVIDIA H100 80GB HBM3,66730.0,81559.0,10.0,157.81
2026-08-17T02:13:06.433822+00:00,1786932786.433822,runtime,full,7,NVIDIA H100 80GB HBM3,66250.0,81559.0,100.0,161.2
2026-08-17T02:13:08.956494+00:00,1786932788.956494,runtime,full,4,NVIDIA H100 80GB HBM3,66636.0,81559.0,100.0,176.28
2026-08-17T02:13:08.956494+00:00,1786932788.956494,runtime,full,5,NVIDIA H100 80GB HBM3,66730.0,81559.0,100.0,166.97
2026-08-17T02:13:08.956494+00:00,1786932788.956494,runtime,full,6,NVIDIA H100 80GB HBM3,66730.0,81559.0,10.0,157.35
2026-08-17T02:13:08.956494+00:00,1786932788.956494,runtime,full,7,NVIDIA H100 80GB HBM3,66250.0,81559.0,100.0,161.82
2026-08-17T02:13:11.510035+00:00,1786932791.510035,runtime,full,4,NVIDIA H100 80GB HBM3,66636.0,81559.0,94.0,176.87
2026-08-17T02:13:11.510035+00:00,1786932791.510035,runtime,full,5,NVIDIA H100 80GB HBM3,66730.0,81559.0,100.0,167.45
2026-08-17T02:13:11.510035+00:00,1786932791.510035,runtime,full,6,NVIDIA H100 80GB HBM3,66730.0,81559.0,10.0,157.77
2026-08-17T02:13:11.510035+00:00,1786932791.510035,runtime,full,7,NVIDIA H100 80GB HBM3,66250.0,81559.0,100.0,162.16
2026-08-17T02:13:14.118810+00:00,1786932794.11881,runtime,full,4,NVIDIA H100 80GB HBM3,66636.0,81559.0,94.0,176.5
2026-08-17T02:13:14.118810+00:00,1786932794.11881,runtime,full,5,NVIDIA H100 80GB HBM3,66730.0,81559.0,100.0,167.01
2026-08-17T02:13:14.118810+00:00,1786932794.11881,runtime,full,6,NVIDIA H100 80GB HBM3,66730.0,81559.0,10.0,157.46
2026-08-17T02:13:14.118810+00:00,1786932794.11881,runtime,full,7,NVIDIA H100 80GB HBM3,66250.0,81559.0,100.0,162.2
2026-08-17T02:13:16.744531+00:00,1786932796.744531,runtime,full,4,NVIDIA H100 80GB HBM3,66636.0,81559.0,94.0,176.41
2026-08-17T02:13:16.744531+00:00,1786932796.744531,runtime,full,5,NVIDIA H100 80GB HBM3,66730.0,81559.0,100.0,167.93
2026-08-17T02:13:16.744531+00:00,1786932796.744531,runtime,full,6,NVIDIA H100 80GB HBM3,66730.0,81559.0,10.0,157.59
2026-08-17T02:13:16.744531+00:00,1786932796.744531,runtime,full,7,NVIDIA H100 80GB HBM3,66250.0,81559.0,100.0,161.74
2026-08-17T02:13:19.246291+00:00,1786932799.246291,runtime,full,4,NVIDIA H100 80GB HBM3,66636.0,81559.0,88.0,176.44
2026-08-17T02:13:19.246291+00:00,1786932799.246291,runtime,full,5,NVIDIA H100 80GB HBM3,66730.0,81559.0,100.0,167.87
2026-08-17T02:13:19.246291+00:00,1786932799.246291,runtime,full,6,NVIDIA H100 80GB HBM3,66730.0,81559.0,10.0,157.57
2026-08-17T02:13:19.246291+00:00,1786932799.246291,runtime,full,7,NVIDIA H100 80GB HBM3,66250.0,81559.0,100.0,161.86
2026-08-17T02:13:21.926736+00:00,1786932801.926736,runtime,full,4,NVIDIA H100 80GB HBM3,66636.0,81559.0,100.0,176.41
2026-08-17T02:13:21.926736+00:00,1786932801.926736,runtime,full,5,NVIDIA H100 80GB HBM3,66730.0,81559.0,100.0,168.22
2026-08-17T02:13:21.926736+00:00,1786932801.926736,runtime,full,6,NVIDIA H100 80GB HBM3,66730.0,81559.0,10.0,157.92
2026-08-17T02:13:21.926736+00:00,1786932801.926736,runtime,full,7,NVIDIA H100 80GB HBM3,66250.0,81559.0,100.0,162.27
2026-08-17T02:13:24.471711+00:00,1786932804.471711,runtime,full,4,NVIDIA H100 80GB HBM3,66636.0,81559.0,90.0,176.52
2026-08-17T02:13:24.471711+00:00,1786932804.471711,runtime,full,5,NVIDIA H100 80GB HBM3,66730.0,81559.0,100.0,167.71
2026-08-17T02:13:24.471711+00:00,1786932804.471711,runtime,full,6,NVIDIA H100 80GB HBM3,66730.0,81559.0,10.0,157.77
2026-08-17T02:13:24.471711+00:00,1786932804.471711,runtime,full,7,NVIDIA H100 80GB HBM3,66250.0,81559.0,100.0,161.94
2026-08-17T02:13:27.169207+00:00,1786932807.169207,runtime,full,4,NVIDIA H100 80GB HBM3,66636.0,81559.0,100.0,176.85
2026-08-17T02:13:27.169207+00:00,1786932807.169207,runtime,full,5,NVIDIA H100 80GB HBM3,66730.0,81559.0,100.0,167.33
2026-08-17T02:13:27.169207+00:00,1786932807.169207,runtime,full,6,NVIDIA H100 80GB HBM3,66730.0,81559.0,10.0,157.75
2026-08-17T02:13:27.169207+00:00,1786932807.169207,runtime,full,7,NVIDIA H100 80GB HBM3,66250.0,81559.0,100.0,161.89
2026-08-17T02:13:29.881036+00:00,1786932809.881036,runtime,full,4,NVIDIA H100 80GB HBM3,66636.0,81559.0,93.0,177.06
2026-08-17T02:13:29.881036+00:00,1786932809.881036,runtime,full,5,NVIDIA H100 80GB HBM3,66730.0,81559.0,100.0,167.73
2026-08-17T02:13:29.881036+00:00,1786932809.881036,runtime,full,6,NVIDIA H100 80GB HBM3,66730.0,81559.0,10.0,158.56
2026-08-17T02:13:29.881036+00:00,1786932809.881036,runtime,full,7,NVIDIA H100 80GB HBM3,66250.0,81559.0,100.0,161.93
2026-08-17T02:13:32.495942+00:00,1786932812.495942,runtime,full,4,NVIDIA H100 80GB HBM3,66636.0,81559.0,99.0,177.16
2026-08-17T02:13:32.495942+00:00,1786932812.495942,runtime,full,5,NVIDIA H100 80GB HBM3,66730.0,81559.0,100.0,167.48
2026-08-17T02:13:32.495942+00:00,1786932812.495942,runtime,full,6,NVIDIA H100 80GB HBM3,66730.0,81559.0,10.0,157.85
2026-08-17T02:13:32.495942+00:00,1786932812.495942,runtime,full,7,NVIDIA H100 80GB HBM3,66250.0,81559.0,100.0,161.99
2026-08-17T02:13:35.199123+00:00,1786932815.199123,runtime,full,4,NVIDIA H100 80GB HBM3,66636.0,81559.0,94.0,176.6
2026-08-17T02:13:35.199123+00:00,1786932815.199123,runtime,full,5,NVIDIA H100 80GB HBM3,66730.0,81559.0,100.0,168.01
2026-08-17T02:13:35.199123+00:00,1786932815.199123,runtime,full,6,NVIDIA H100 80GB HBM3,66730.0,81559.0,10.0,158.13
2026-08-17T02:13:35.199123+00:00,1786932815.199123,runtime,full,7,NVIDIA H100 80GB HBM3,66250.0,81559.0,100.0,162.31
2026-08-17T02:13:37.832743+00:00,1786932817.832743,runtime,full,4,NVIDIA H100 80GB HBM3,66636.0,81559.0,94.0,176.48
2026-08-17T02:13:37.832743+00:00,1786932817.832743,runtime,full,5,NVIDIA H100 80GB HBM3,66730.0,81559.0,100.0,167.79
2026-08-17T02:13:37.832743+00:00,1786932817.832743,runtime,full,6,NVIDIA H100 80GB HBM3,66730.0,81559.0,10.0,157.78
2026-08-17T02:13:37.832743+00:00,1786932817.832743,runtime,full,7,NVIDIA H100 80GB HBM3,66250.0,81559.0,100.0,162.03
2026-08-17T02:13:40.436147+00:00,1786932820.436147,runtime,full,4,NVIDIA H100 80GB HBM3,66636.0,81559.0,92.0,176.98
2026-08-17T02:13:40.436147+00:00,1786932820.436147,runtime,full,5,NVIDIA H100 80GB HBM3,66730.0,81559.0,100.0,167.66
2026-08-17T02:13:40.436147+00:00,1786932820.436147,runtime,full,6,NVIDIA H100 80GB HBM3,66730.0,81559.0,10.0,157.71
2026-08-17T02:13:40.436147+00:00,1786932820.436147,runtime,full,7,NVIDIA H100 80GB HBM3,66250.0,81559.0,100.0,161.86
2026-08-17T02:13:43.067036+00:00,1786932823.067036,runtime,full,4,NVIDIA H100 80GB HBM3,66636.0,81559.0,93.0,176.49
2026-08-17T02:13:43.067036+00:00,1786932823.067036,runtime,full,5,NVIDIA H100 80GB HBM3,66730.0,81559.0,100.0,167.5
2026-08-17T02:13:43.067036+00:00,1786932823.067036,runtime,full,6,NVIDIA H100 80GB HBM3,66730.0,81559.0,10.0,157.99
2026-08-17T02:13:43.067036+00:00,1786932823.067036,runtime,full,7,NVIDIA H100 80GB HBM3,66250.0,81559.0,100.0,161.75
2026-08-17T02:13:45.808159+00:00,1786932825.808159,runtime,full,4,NVIDIA H100 80GB HBM3,66636.0,81559.0,97.0,177.13
2026-08-17T02:13:45.808159+00:00,1786932825.808159,runtime,full,5,NVIDIA H100 80GB HBM3,66730.0,81559.0,100.0,167.88
2026-08-17T02:13:45.808159+00:00,1786932825.808159,runtime,full,6,NVIDIA H100 80GB HBM3,66730.0,81559.0,10.0,158.74
2026-08-17T02:13:45.808159+00:00,1786932825.808159,runtime,full,7,NVIDIA H100 80GB HBM3,66250.0,81559.0,100.0,162.4
2026-08-17T02:13:48.742663+00:00,1786932828.742663,runtime,full,4,NVIDIA H100 80GB HBM3,66636.0,81559.0,95.0,176.58
2026-08-17T02:13:48.742663+00:00,1786932828.742663,runtime,full,5,NVIDIA H100 80GB HBM3,66730.0,81559.0,100.0,167.84
2026-08-17T02:13:48.742663+00:00,1786932828.742663,runtime,full,6,NVIDIA H100 80GB HBM3,66730.0,81559.0,10.0,158.03
2026-08-17T02:13:48.742663+00:00,1786932828.742663,runtime,full,7,NVIDIA H100 80GB HBM3,66250.0,81559.0,100.0,162.19
2026-08-17T02:13:51.657456+00:00,1786932831.657456,runtime,full,4,NVIDIA H100 80GB HBM3,66636.0,81559.0,100.0,177.8
2026-08-17T02:13:51.657456+00:00,1786932831.657456,runtime,full,5,NVIDIA H100 80GB HBM3,66730.0,81559.0,100.0,168.03
2026-08-17T02:13:51.657456+00:00,1786932831.657456,runtime,full,6,NVIDIA H100 80GB HBM3,66730.0,81559.0,10.0,157.77
2026-08-17T02:13:51.657456+00:00,1786932831.657456,runtime,full,7,NVIDIA H100 80GB HBM3,66250.0,81559.0,100.0,161.99
2026-08-17T02:13:54.243226+00:00,1786932834.243226,runtime,full,4,NVIDIA H100 80GB HBM3,66636.0,81559.0,100.0,177.31
2026-08-17T02:13:54.243226+00:00,1786932834.243226,runtime,full,5,NVIDIA H100 80GB HBM3,66730.0,81559.0,100.0,168.06
2026-08-17T02:13:54.243226+00:00,1786932834.243226,runtime,full,6,NVIDIA H100 80GB HBM3,66730.0,81559.0,10.0,157.58
2026-08-17T02:13:54.243226+00:00,1786932834.243226,runtime,full,7,NVIDIA H100 80GB HBM3,66250.0,81559.0,100.0,162.24
2026-08-17T02:13:56.737750+00:00,1786932836.73775,runtime,full,4,NVIDIA H100 80GB HBM3,66636.0,81559.0,85.0,176.79
2026-08-17T02:13:56.737750+00:00,1786932836.73775,runtime,full,5,NVIDIA H100 80GB HBM3,66730.0,81559.0,100.0,167.8
2026-08-17T02:13:56.737750+00:00,1786932836.73775,runtime,full,6,NVIDIA H100 80GB HBM3,66730.0,81559.0,10.0,157.86
2026-08-17T02:13:56.737750+00:00,1786932836.73775,runtime,full,7,NVIDIA H100 80GB HBM3,66250.0,81559.0,100.0,161.72
2026-08-17T02:13:59.667350+00:00,1786932839.66735,runtime,full,4,NVIDIA H100 80GB HBM3,66636.0,81559.0,100.0,177.33
2026-08-17T02:13:59.667350+00:00,1786932839.66735,runtime,full,5,NVIDIA H100 80GB HBM3,66730.0,81559.0,100.0,168.07
2026-08-17T02:13:59.667350+00:00,1786932839.66735,runtime,full,6,NVIDIA H100 80GB HBM3,66730.0,81559.0,10.0,157.19
2026-08-17T02:13:59.667350+00:00,1786932839.66735,runtime,full,7,NVIDIA H100 80GB HBM3,66250.0,81559.0,100.0,162.41
2026-08-17T02:14:02.456055+00:00,1786932842.456055,runtime,full,4,NVIDIA H100 80GB HBM3,66636.0,81559.0,92.0,177.2
2026-08-17T02:14:02.456055+00:00,1786932842.456055,runtime,full,5,NVIDIA H100 80GB HBM3,66730.0,81559.0,100.0,168.22
2026-08-17T02:14:02.456055+00:00,1786932842.456055,runtime,full,6,NVIDIA H100 80GB HBM3,66730.0,81559.0,10.0,157.91
2026-08-17T02:14:02.456055+00:00,1786932842.456055,runtime,full,7,NVIDIA H100 80GB HBM3,66250.0,81559.0,100.0,162.18
2026-08-17T02:14:04.999535+00:00,1786932844.999535,runtime,full,4,NVIDIA H100 80GB HBM3,66636.0,81559.0,96.0,177.3
2026-08-17T02:14:04.999535+00:00,1786932844.999535,runtime,full,5,NVIDIA H100 80GB HBM3,66730.0,81559.0,100.0,168.07
2026-08-17T02:14:04.999535+00:00,1786932844.999535,runtime,full,6,NVIDIA H100 80GB HBM3,66730.0,81559.0,10.0,157.8
2026-08-17T02:14:04.999535+00:00,1786932844.999535,runtime,full,7,NVIDIA H100 80GB HBM3,66250.0,81559.0,100.0,162.28
2026-08-17T02:14:07.601706+00:00,1786932847.601706,runtime,full,4,NVIDIA H100 80GB HBM3,66636.0,81559.0,93.0,177.4
2026-08-17T02:14:07.601706+00:00,1786932847.601706,runtime,full,5,NVIDIA H100 80GB HBM3,66730.0,81559.0,100.0,167.59
2026-08-17T02:14:07.601706+00:00,1786932847.601706,runtime,full,6,NVIDIA H100 80GB HBM3,66730.0,81559.0,10.0,157.75
2026-08-17T02:14:07.601706+00:00,1786932847.601706,runtime,full,7,NVIDIA H100 80GB HBM3,66250.0,81559.0,100.0,162.18
2026-08-17T02:14:10.054893+00:00,1786932850.054893,runtime,full,4,NVIDIA H100 80GB HBM3,66636.0,81559.0,88.0,177.57
2026-08-17T02:14:10.054893+00:00,1786932850.054893,runtime,full,5,NVIDIA H100 80GB HBM3,66730.0,81559.0,100.0,167.19
2026-08-17T02:14:10.054893+00:00,1786932850.054893,runtime,full,6,NVIDIA H100 80GB HBM3,66730.0,81559.0,10.0,157.71
2026-08-17T02:14:10.054893+00:00,1786932850.054893,runtime,full,7,NVIDIA H100 80GB HBM3,66250.0,81559.0,100.0,162.55
2026-08-17T02:14:12.713236+00:00,1786932852.713236,runtime,full,4,NVIDIA H100 80GB HBM3,66636.0,81559.0,92.0,177.4
2026-08-17T02:14:12.713236+00:00,1786932852.713236,runtime,full,5,NVIDIA H100 80GB HBM3,66730.0,81559.0,100.0,168.49
2026-08-17T02:14:12.713236+00:00,1786932852.713236,runtime,full,6,NVIDIA H100 80GB HBM3,66730.0,81559.0,10.0,157.93
2026-08-17T02:14:12.713236+00:00,1786932852.713236,runtime,full,7,NVIDIA H100 80GB HBM3,66250.0,81559.0,100.0,162.62
2026-08-17T02:14:15.298393+00:00,1786932855.298393,runtime,full,4,NVIDIA H100 80GB HBM3,66636.0,81559.0,93.0,177.76
2026-08-17T02:14:15.298393+00:00,1786932855.298393,runtime,full,5,NVIDIA H100 80GB HBM3,66730.0,81559.0,100.0,168.3
2026-08-17T02:14:15.298393+00:00,1786932855.298393,runtime,full,6,NVIDIA H100 80GB HBM3,66730.0,81559.0,10.0,157.73
2026-08-17T02:14:15.298393+00:00,1786932855.298393,runtime,full,7,NVIDIA H100 80GB HBM3,66250.0,81559.0,100.0,162.45
2026-08-17T02:14:17.856675+00:00,1786932857.856675,runtime,full,4,NVIDIA H100 80GB HBM3,66636.0,81559.0,88.0,177.18
2026-08-17T02:14:17.856675+00:00,1786932857.856675,runtime,full,5,NVIDIA H100 80GB HBM3,66730.0,81559.0,100.0,168.92
2026-08-17T02:14:17.856675+00:00,1786932857.856675,runtime,full,6,NVIDIA H100 80GB HBM3,66730.0,81559.0,10.0,157.83
2026-08-17T02:14:17.856675+00:00,1786932857.856675,runtime,full,7,NVIDIA H100 80GB HBM3,66250.0,81559.0,100.0,162.37
2026-08-17T02:14:20.455955+00:00,1786932860.455955,runtime,full,4,NVIDIA H100 80GB HBM3,66636.0,81559.0,100.0,177.59
2026-08-17T02:14:20.455955+00:00,1786932860.455955,runtime,full,5,NVIDIA H100 80GB HBM3,66730.0,81559.0,100.0,168.49
2026-08-17T02:14:20.455955+00:00,1786932860.455955,runtime,full,6,NVIDIA H100 80GB HBM3,66730.0,81559.0,10.0,158.04
2026-08-17T02:14:20.455955+00:00,1786932860.455955,runtime,full,7,NVIDIA H100 80GB HBM3,66250.0,81559.0,100.0,162.77
2026-08-17T02:14:23.096965+00:00,1786932863.096965,runtime,full,4,NVIDIA H100 80GB HBM3,66636.0,81559.0,91.0,177.86
2026-08-17T02:14:23.096965+00:00,1786932863.096965,runtime,full,5,NVIDIA H100 80GB HBM3,66730.0,81559.0,100.0,168.29
2026-08-17T02:14:23.096965+00:00,1786932863.096965,runtime,full,6,NVIDIA H100 80GB HBM3,66730.0,81559.0,10.0,158.33
2026-08-17T02:14:23.096965+00:00,1786932863.096965,runtime,full,7,NVIDIA H100 80GB HBM3,66250.0,81559.0,100.0,162.1
2026-08-17T02:14:25.753294+00:00,1786932865.753294,runtime,full,4,NVIDIA H100 80GB HBM3,66636.0,81559.0,92.0,178.34
2026-08-17T02:14:25.753294+00:00,1786932865.753294,runtime,full,5,NVIDIA H100 80GB HBM3,66730.0,81559.0,100.0,168.88
2026-08-17T02:14:25.753294+00:00,1786932865.753294,runtime,full,6,NVIDIA H100 80GB HBM3,66730.0,81559.0,10.0,158.03
2026-08-17T02:14:25.753294+00:00,1786932865.753294,runtime,full,7,NVIDIA H100 80GB HBM3,66250.0,81559.0,100.0,162.5
2026-08-17T02:14:28.431814+00:00,1786932868.431814,runtime,full,4,NVIDIA H100 80GB HBM3,66636.0,81559.0,92.0,177.26
2026-08-17T02:14:28.431814+00:00,1786932868.431814,runtime,full,5,NVIDIA H100 80GB HBM3,66730.0,81559.0,100.0,168.14
2026-08-17T02:14:28.431814+00:00,1786932868.431814,runtime,full,6,NVIDIA H100 80GB HBM3,66730.0,81559.0,10.0,157.91
2026-08-17T02:14:28.431814+00:00,1786932868.431814,runtime,full,7,NVIDIA H100 80GB HBM3,66250.0,81559.0,100.0,162.57
2026-08-17T02:14:31.075010+00:00,1786932871.07501,runtime,full,4,NVIDIA H100 80GB HBM3,66636.0,81559.0,91.0,177.66
2026-08-17T02:14:31.075010+00:00,1786932871.07501,runtime,full,5,NVIDIA H100 80GB HBM3,66730.0,81559.0,100.0,168.67
2026-08-17T02:14:31.075010+00:00,1786932871.07501,runtime,full,6,NVIDIA H100 80GB HBM3,66730.0,81559.0,10.0,158.01
2026-08-17T02:14:31.075010+00:00,1786932871.07501,runtime,full,7,NVIDIA H100 80GB HBM3,66250.0,81559.0,100.0,162.1
2026-08-17T02:14:33.646211+00:00,1786932873.646211,runtime,full,4,NVIDIA H100 80GB HBM3,66636.0,81559.0,92.0,177.79
2026-08-17T02:14:33.646211+00:00,1786932873.646211,runtime,full,5,NVIDIA H100 80GB HBM3,66730.0,81559.0,100.0,168.97
2026-08-17T02:14:33.646211+00:00,1786932873.646211,runtime,full,6,NVIDIA H100 80GB HBM3,66730.0,81559.0,9.0,158.13
2026-08-17T02:14:33.646211+00:00,1786932873.646211,runtime,full,7,NVIDIA H100 80GB HBM3,66250.0,81559.0,100.0,162.72
2026-08-17T02:14:36.290445+00:00,1786932876.290445,runtime,full,4,NVIDIA H100 80GB HBM3,66636.0,81559.0,92.0,178.05
2026-08-17T02:14:36.290445+00:00,1786932876.290445,runtime,full,5,NVIDIA H100 80GB HBM3,66730.0,81559.0,100.0,168.38
2026-08-17T02:14:36.290445+00:00,1786932876.290445,runtime,full,6,NVIDIA H100 80GB HBM3,66730.0,81559.0,10.0,157.9
2026-08-17T02:14:36.290445+00:00,1786932876.290445,runtime,full,7,NVIDIA H100 80GB HBM3,66250.0,81559.0,100.0,162.76
2026-08-17T02:14:38.852931+00:00,1786932878.852931,runtime,full,4,NVIDIA H100 80GB HBM3,66636.0,81559.0,92.0,178.31
2026-08-17T02:14:38.852931+00:00,1786932878.852931,runtime,full,5,NVIDIA H100 80GB HBM3,66730.0,81559.0,100.0,168.35
2026-08-17T02:14:38.852931+00:00,1786932878.852931,runtime,full,6,NVIDIA H100 80GB HBM3,66730.0,81559.0,10.0,157.92
2026-08-17T02:14:38.852931+00:00,1786932878.852931,runtime,full,7,NVIDIA H100 80GB HBM3,66250.0,81559.0,100.0,161.8
2026-08-17T02:14:41.448111+00:00,1786932881.448111,runtime,full,4,NVIDIA H100 80GB HBM3,66636.0,81559.0,92.0,177.87
2026-08-17T02:14:41.448111+00:00,1786932881.448111,runtime,full,5,NVIDIA H100 80GB HBM3,66730.0,81559.0,100.0,167.86
2026-08-17T02:14:41.448111+00:00,1786932881.448111,runtime,full,6,NVIDIA H100 80GB HBM3,66730.0,81559.0,10.0,158.31
2026-08-17T02:14:41.448111+00:00,1786932881.448111,runtime,full,7,NVIDIA H100 80GB HBM3,66250.0,81559.0,100.0,161.87
2026-08-17T02:14:44.048130+00:00,1786932884.04813,runtime,full,4,NVIDIA H100 80GB HBM3,66636.0,81559.0,92.0,178.7
2026-08-17T02:14:44.048130+00:00,1786932884.04813,runtime,full,5,NVIDIA H100 80GB HBM3,66730.0,81559.0,100.0,168.77
2026-08-17T02:14:44.048130+00:00,1786932884.04813,runtime,full,6,NVIDIA H100 80GB HBM3,66730.0,81559.0,10.0,158.36
2026-08-17T02:14:44.048130+00:00,1786932884.04813,runtime,full,7,NVIDIA H100 80GB HBM3,66250.0,81559.0,100.0,162.78
2026-08-17T02:14:46.564454+00:00,1786932886.564454,runtime,full,4,NVIDIA H100 80GB HBM3,66636.0,81559.0,99.0,177.28
2026-08-17T02:14:46.564454+00:00,1786932886.564454,runtime,full,5,NVIDIA H100 80GB HBM3,66730.0,81559.0,100.0,168.57
2026-08-17T02:14:46.564454+00:00,1786932886.564454,runtime,full,6,NVIDIA H100 80GB HBM3,66730.0,81559.0,10.0,158.29
2026-08-17T02:14:46.564454+00:00,1786932886.564454,runtime,full,7,NVIDIA H100 80GB HBM3,66250.0,81559.0,100.0,162.69
2026-08-17T02:14:49.187656+00:00,1786932889.187656,runtime,full,4,NVIDIA H100 80GB HBM3,66636.0,81559.0,90.0,178.35
2026-08-17T02:14:49.187656+00:00,1786932889.187656,runtime,full,5,NVIDIA H100 80GB HBM3,66730.0,81559.0,100.0,168.79
2026-08-17T02:14:49.187656+00:00,1786932889.187656,runtime,full,6,NVIDIA H100 80GB HBM3,66730.0,81559.0,10.0,158.51
2026-08-17T02:14:49.187656+00:00,1786932889.187656,runtime,full,7,NVIDIA H100 80GB HBM3,66250.0,81559.0,100.0,162.45
2026-08-17T02:14:51.792082+00:00,1786932891.792082,runtime,full,4,NVIDIA H100 80GB HBM3,66636.0,81559.0,89.0,178.36
2026-08-17T02:14:51.792082+00:00,1786932891.792082,runtime,full,5,NVIDIA H100 80GB HBM3,66730.0,81559.0,100.0,168.33
2026-08-17T02:14:51.792082+00:00,1786932891.792082,runtime,full,6,NVIDIA H100 80GB HBM3,66730.0,81559.0,10.0,158.61
2026-08-17T02:14:51.792082+00:00,1786932891.792082,runtime,full,7,NVIDIA H100 80GB HBM3,66250.0,81559.0,100.0,162.23
2026-08-17T02:14:54.285189+00:00,1786932894.285189,runtime,full,4,NVIDIA H100 80GB HBM3,66636.0,81559.0,91.0,178.22
2026-08-17T02:14:54.285189+00:00,1786932894.285189,runtime,full,5,NVIDIA H100 80GB HBM3,66730.0,81559.0,100.0,168.23
2026-08-17T02:14:54.285189+00:00,1786932894.285189,runtime,full,6,NVIDIA H100 80GB HBM3,66730.0,81559.0,10.0,158.32
2026-08-17T02:14:54.285189+00:00,1786932894.285189,runtime,full,7,NVIDIA H100 80GB HBM3,66250.0,81559.0,100.0,162.51
2026-08-17T02:14:56.954209+00:00,1786932896.954209,runtime,full,4,NVIDIA H100 80GB HBM3,66636.0,81559.0,91.0,177.63
2026-08-17T02:14:56.954209+00:00,1786932896.954209,runtime,full,5,NVIDIA H100 80GB HBM3,66730.0,81559.0,100.0,168.62
2026-08-17T02:14:56.954209+00:00,1786932896.954209,runtime,full,6,NVIDIA H100 80GB HBM3,66730.0,81559.0,10.0,157.65
2026-08-17T02:14:56.954209+00:00,1786932896.954209,runtime,full,7,NVIDIA H100 80GB HBM3,66250.0,81559.0,100.0,162.99
2026-08-17T02:14:59.643106+00:00,1786932899.643106,runtime,full,4,NVIDIA H100 80GB HBM3,66636.0,81559.0,92.0,177.61
2026-08-17T02:14:59.643106+00:00,1786932899.643106,runtime,full,5,NVIDIA H100 80GB HBM3,66730.0,81559.0,100.0,168.91
2026-08-17T02:14:59.643106+00:00,1786932899.643106,runtime,full,6,NVIDIA H100 80GB HBM3,66730.0,81559.0,9.0,157.97
2026-08-17T02:14:59.643106+00:00,1786932899.643106,runtime,full,7,NVIDIA H100 80GB HBM3,66250.0,81559.0,100.0,162.22
2026-08-17T02:15:02.272838+00:00,1786932902.272838,runtime,full,4,NVIDIA H100 80GB HBM3,66636.0,81559.0,92.0,177.93
2026-08-17T02:15:02.272838+00:00,1786932902.272838,runtime,full,5,NVIDIA H100 80GB HBM3,66730.0,81559.0,100.0,168.81
2026-08-17T02:15:02.272838+00:00,1786932902.272838,runtime,full,6,NVIDIA H100 80GB HBM3,66730.0,81559.0,10.0,158.13
2026-08-17T02:15:02.272838+00:00,1786932902.272838,runtime,full,7,NVIDIA H100 80GB HBM3,66250.0,81559.0,100.0,161.82
2026-08-17T02:15:04.994148+00:00,1786932904.994148,runtime,full,4,NVIDIA H100 80GB HBM3,66636.0,81559.0,97.0,177.62
2026-08-17T02:15:04.994148+00:00,1786932904.994148,runtime,full,5,NVIDIA H100 80GB HBM3,66730.0,81559.0,100.0,168.77
2026-08-17T02:15:04.994148+00:00,1786932904.994148,runtime,full,6,NVIDIA H100 80GB HBM3,66730.0,81559.0,10.0,158.5
2026-08-17T02:15:04.994148+00:00,1786932904.994148,runtime,full,7,NVIDIA H100 80GB HBM3,66250.0,81559.0,100.0,162.42
2026-08-17T02:15:07.645025+00:00,1786932907.645025,runtime,full,4,NVIDIA H100 80GB HBM3,66636.0,81559.0,89.0,176.92
2026-08-17T02:15:07.645025+00:00,1786932907.645025,runtime,full,5,NVIDIA H100 80GB HBM3,66730.0,81559.0,100.0,168.71
2026-08-17T02:15:07.645025+00:00,1786932907.645025,runtime,full,6,NVIDIA H100 80GB HBM3,66730.0,81559.0,10.0,158.36
2026-08-17T02:15:07.645025+00:00,1786932907.645025,runtime,full,7,NVIDIA H100 80GB HBM3,66250.0,81559.0,100.0,162.29
2026-08-17T02:15:10.252436+00:00,1786932910.252436,runtime,full,4,NVIDIA H100 80GB HBM3,66636.0,81559.0,92.0,178.02
2026-08-17T02:15:10.252436+00:00,1786932910.252436,runtime,full,5,NVIDIA H100 80GB HBM3,66730.0,81559.0,100.0,168.29
2026-08-17T02:15:10.252436+00:00,1786932910.252436,runtime,full,6,NVIDIA H100 80GB HBM3,66730.0,81559.0,10.0,158.32
2026-08-17T02:15:10.252436+00:00,1786932910.252436,runtime,full,7,NVIDIA H100 80GB HBM3,66250.0,81559.0,100.0,162.76
2026-08-17T02:15:12.795639+00:00,1786932912.795639,runtime,full,4,NVIDIA H100 80GB HBM3,66636.0,81559.0,93.0,177.87
2026-08-17T02:15:12.795639+00:00,1786932912.795639,runtime,full,5,NVIDIA H100 80GB HBM3,66730.0,81559.0,100.0,169.0
2026-08-17T02:15:12.795639+00:00,1786932912.795639,runtime,full,6,NVIDIA H100 80GB HBM3,66730.0,81559.0,10.0,157.95
2026-08-17T02:15:12.795639+00:00,1786932912.795639,runtime,full,7,NVIDIA H100 80GB HBM3,66250.0,81559.0,100.0,162.48
2026-08-17T02:15:15.448809+00:00,1786932915.448809,runtime,full,4,NVIDIA H100 80GB HBM3,66636.0,81559.0,94.0,177.46
2026-08-17T02:15:15.448809+00:00,1786932915.448809,runtime,full,5,NVIDIA H100 80GB HBM3,66730.0,81559.0,100.0,168.66
2026-08-17T02:15:15.448809+00:00,1786932915.448809,runtime,full,6,NVIDIA H100 80GB HBM3,66730.0,81559.0,10.0,158.23
2026-08-17T02:15:15.448809+00:00,1786932915.448809,runtime,full,7,NVIDIA H100 80GB HBM3,66250.0,81559.0,100.0,163.43
2026-08-17T02:15:18.047257+00:00,1786932918.047257,runtime,full,4,NVIDIA H100 80GB HBM3,66636.0,81559.0,82.0,178.86
2026-08-17T02:15:18.047257+00:00,1786932918.047257,runtime,full,5,NVIDIA H100 80GB HBM3,66730.0,81559.0,100.0,168.62
2026-08-17T02:15:18.047257+00:00,1786932918.047257,runtime,full,6,NVIDIA H100 80GB HBM3,66730.0,81559.0,10.0,158.47
2026-08-17T02:15:18.047257+00:00,1786932918.047257,runtime,full,7,NVIDIA H100 80GB HBM3,66250.0,81559.0,100.0,163.52
2026-08-17T02:15:20.515034+00:00,1786932920.515034,runtime,full,4,NVIDIA H100 80GB HBM3,66636.0,81559.0,91.0,178.4
2026-08-17T02:15:20.515034+00:00,1786932920.515034,runtime,full,5,NVIDIA H100 80GB HBM3,66730.0,81559.0,100.0,169.54
2026-08-17T02:15:20.515034+00:00,1786932920.515034,runtime,full,6,NVIDIA H100 80GB HBM3,66730.0,81559.0,10.0,158.28
2026-08-17T02:15:20.515034+00:00,1786932920.515034,runtime,full,7,NVIDIA H100 80GB HBM3,66250.0,81559.0,100.0,162.83
2026-08-17T02:15:23.044081+00:00,1786932923.044081,runtime,full,4,NVIDIA H100 80GB HBM3,66636.0,81559.0,97.0,178.31
2026-08-17T02:15:23.044081+00:00,1786932923.044081,runtime,full,5,NVIDIA H100 80GB HBM3,66730.0,81559.0,100.0,168.79
2026-08-17T02:15:23.044081+00:00,1786932923.044081,runtime,full,6,NVIDIA H100 80GB HBM3,66730.0,81559.0,10.0,158.31
2026-08-17T02:15:23.044081+00:00,1786932923.044081,runtime,full,7,NVIDIA H100 80GB HBM3,66250.0,81559.0,100.0,162.44
2026-08-17T02:15:25.584066+00:00,1786932925.584066,runtime,full,4,NVIDIA H100 80GB HBM3,66636.0,81559.0,92.0,178.04
2026-08-17T02:15:25.584066+00:00,1786932925.584066,runtime,full,5,NVIDIA H100 80GB HBM3,66730.0,81559.0,100.0,169.19
2026-08-17T02:15:25.584066+00:00,1786932925.584066,runtime,full,6,NVIDIA H100 80GB HBM3,66730.0,81559.0,10.0,157.97
2026-08-17T02:15:25.584066+00:00,1786932925.584066,runtime,full,7,NVIDIA H100 80GB HBM3,66250.0,81559.0,100.0,162.72
2026-08-17T02:15:28.250224+00:00,1786932928.250224,runtime,full,4,NVIDIA H100 80GB HBM3,66636.0,81559.0,91.0,177.9
2026-08-17T02:15:28.250224+00:00,1786932928.250224,runtime,full,5,NVIDIA H100 80GB HBM3,66730.0,81559.0,100.0,168.85
2026-08-17T02:15:28.250224+00:00,1786932928.250224,runtime,full,6,NVIDIA H100 80GB HBM3,66730.0,81559.0,10.0,157.98
2026-08-17T02:15:28.250224+00:00,1786932928.250224,runtime,full,7,NVIDIA H100 80GB HBM3,66250.0,81559.0,100.0,162.04
2026-08-17T02:15:30.888556+00:00,1786932930.888556,runtime,full,4,NVIDIA H100 80GB HBM3,66636.0,81559.0,93.0,178.47
2026-08-17T02:15:30.888556+00:00,1786932930.888556,runtime,full,5,NVIDIA H100 80GB HBM3,66730.0,81559.0,100.0,168.71
2026-08-17T02:15:30.888556+00:00,1786932930.888556,runtime,full,6,NVIDIA H100 80GB HBM3,66730.0,81559.0,10.0,158.23
2026-08-17T02:15:30.888556+00:00,1786932930.888556,runtime,full,7,NVIDIA H100 80GB HBM3,66250.0,81559.0,100.0,162.4
2026-08-17T02:15:33.699629+00:00,1786932933.699629,runtime,full,4,NVIDIA H100 80GB HBM3,66636.0,81559.0,94.0,178.15
2026-08-17T02:15:33.699629+00:00,1786932933.699629,runtime,full,5,NVIDIA H100 80GB HBM3,66730.0,81559.0,100.0,168.64
2026-08-17T02:15:33.699629+00:00,1786932933.699629,runtime,full,6,NVIDIA H100 80GB HBM3,66730.0,81559.0,10.0,158.07
2026-08-17T02:15:33.699629+00:00,1786932933.699629,runtime,full,7,NVIDIA H100 80GB HBM3,66250.0,81559.0,100.0,162.46
2026-08-17T02:15:36.248266+00:00,1786932936.248266,runtime,full,4,NVIDIA H100 80GB HBM3,66636.0,81559.0,96.0,177.9
2026-08-17T02:15:36.248266+00:00,1786932936.248266,runtime,full,5,NVIDIA H100 80GB HBM3,66730.0,81559.0,100.0,169.0
2026-08-17T02:15:36.248266+00:00,1786932936.248266,runtime,full,6,NVIDIA H100 80GB HBM3,66730.0,81559.0,10.0,158.69
2026-08-17T02:15:36.248266+00:00,1786932936.248266,runtime,full,7,NVIDIA H100 80GB HBM3,66250.0,81559.0,100.0,162.42
2026-08-17T02:15:38.953896+00:00,1786932938.953896,runtime,full,4,NVIDIA H100 80GB HBM3,66636.0,81559.0,97.0,177.56
2026-08-17T02:15:38.953896+00:00,1786932938.953896,runtime,full,5,NVIDIA H100 80GB HBM3,66730.0,81559.0,100.0,169.17
2026-08-17T02:15:38.953896+00:00,1786932938.953896,runtime,full,6,NVIDIA H100 80GB HBM3,66730.0,81559.0,10.0,158.12
2026-08-17T02:15:38.953896+00:00,1786932938.953896,runtime,full,7,NVIDIA H100 80GB HBM3,66250.0,81559.0,100.0,162.87
2026-08-17T02:15:41.479333+00:00,1786932941.479333,runtime,full,4,NVIDIA H100 80GB HBM3,66636.0,81559.0,92.0,178.48
2026-08-17T02:15:41.479333+00:00,1786932941.479333,runtime,full,5,NVIDIA H100 80GB HBM3,66730.0,81559.0,100.0,169.17
2026-08-17T02:15:41.479333+00:00,1786932941.479333,runtime,full,6,NVIDIA H100 80GB HBM3,66730.0,81559.0,10.0,158.63
2026-08-17T02:15:41.479333+00:00,1786932941.479333,runtime,full,7,NVIDIA H100 80GB HBM3,66250.0,81559.0,100.0,162.71
2026-08-17T02:15:44.138808+00:00,1786932944.138808,runtime,full,4,NVIDIA H100 80GB HBM3,66636.0,81559.0,93.0,178.57
2026-08-17T02:15:44.138808+00:00,1786932944.138808,runtime,full,5,NVIDIA H100 80GB HBM3,66730.0,81559.0,100.0,168.78
2026-08-17T02:15:44.138808+00:00,1786932944.138808,runtime,full,6,NVIDIA H100 80GB HBM3,66730.0,81559.0,10.0,158.26
2026-08-17T02:15:44.138808+00:00,1786932944.138808,runtime,full,7,NVIDIA H100 80GB HBM3,66250.0,81559.0,100.0,162.43
2026-08-17T02:15:46.846774+00:00,1786932946.846774,runtime,full,4,NVIDIA H100 80GB HBM3,66636.0,81559.0,93.0,178.05
2026-08-17T02:15:46.846774+00:00,1786932946.846774,runtime,full,5,NVIDIA H100 80GB HBM3,66730.0,81559.0,100.0,169.15
2026-08-17T02:15:46.846774+00:00,1786932946.846774,runtime,full,6,NVIDIA H100 80GB HBM3,66730.0,81559.0,10.0,158.02
2026-08-17T02:15:46.846774+00:00,1786932946.846774,runtime,full,7,NVIDIA H100 80GB HBM3,66250.0,81559.0,100.0,162.89
2026-08-17T02:15:49.388778+00:00,1786932949.388778,runtime,full,4,NVIDIA H100 80GB HBM3,66636.0,81559.0,92.0,178.33
2026-08-17T02:15:49.388778+00:00,1786932949.388778,runtime,full,5,NVIDIA H100 80GB HBM3,66730.0,81559.0,100.0,169.02
2026-08-17T02:15:49.388778+00:00,1786932949.388778,runtime,full,6,NVIDIA H100 80GB HBM3,66730.0,81559.0,10.0,158.49
2026-08-17T02:15:49.388778+00:00,1786932949.388778,runtime,full,7,NVIDIA H100 80GB HBM3,66250.0,81559.0,100.0,162.46
2026-08-17T02:15:52.149146+00:00,1786932952.149146,runtime,full,4,NVIDIA H100 80GB HBM3,66636.0,81559.0,91.0,178.78
2026-08-17T02:15:52.149146+00:00,1786932952.149146,runtime,full,5,NVIDIA H100 80GB HBM3,66730.0,81559.0,100.0,169.59
2026-08-17T02:15:52.149146+00:00,1786932952.149146,runtime,full,6,NVIDIA H100 80GB HBM3,66730.0,81559.0,10.0,158.13
2026-08-17T02:15:52.149146+00:00,1786932952.149146,runtime,full,7,NVIDIA H100 80GB HBM3,66250.0,81559.0,100.0,163.4
2026-08-17T02:15:54.812326+00:00,1786932954.812326,runtime,full,4,NVIDIA H100 80GB HBM3,66636.0,81559.0,92.0,177.76
2026-08-17T02:15:54.812326+00:00,1786932954.812326,runtime,full,5,NVIDIA H100 80GB HBM3,66730.0,81559.0,100.0,168.7
2026-08-17T02:15:54.812326+00:00,1786932954.812326,runtime,full,6,NVIDIA H100 80GB HBM3,66730.0,81559.0,9.0,158.54
2026-08-17T02:15:54.812326+00:00,1786932954.812326,runtime,full,7,NVIDIA H100 80GB HBM3,66250.0,81559.0,100.0,162.69
2026-08-17T02:15:57.456674+00:00,1786932957.456674,runtime,full,4,NVIDIA H100 80GB HBM3,66636.0,81559.0,92.0,177.44
2026-08-17T02:15:57.456674+00:00,1786932957.456674,runtime,full,5,NVIDIA H100 80GB HBM3,66730.0,81559.0,100.0,169.49
2026-08-17T02:15:57.456674+00:00,1786932957.456674,runtime,full,6,NVIDIA H100 80GB HBM3,66730.0,81559.0,10.0,157.93
2026-08-17T02:15:57.456674+00:00,1786932957.456674,runtime,full,7,NVIDIA H100 80GB HBM3,66250.0,81559.0,100.0,162.93
2026-08-17T02:16:00.174122+00:00,1786932960.174122,runtime,full,4,NVIDIA H100 80GB HBM3,66636.0,81559.0,93.0,177.45
2026-08-17T02:16:00.174122+00:00,1786932960.174122,runtime,full,5,NVIDIA H100 80GB HBM3,66730.0,81559.0,100.0,168.79
2026-08-17T02:16:00.174122+00:00,1786932960.174122,runtime,full,6,NVIDIA H100 80GB HBM3,66730.0,81559.0,10.0,158.43
2026-08-17T02:16:00.174122+00:00,1786932960.174122,runtime,full,7,NVIDIA H100 80GB HBM3,66250.0,81559.0,100.0,163.22
2026-08-17T02:16:02.822301+00:00,1786932962.822301,runtime,full,4,NVIDIA H100 80GB HBM3,66636.0,81559.0,94.0,177.61
2026-08-17T02:16:02.822301+00:00,1786932962.822301,runtime,full,5,NVIDIA H100 80GB HBM3,66730.0,81559.0,100.0,168.62
2026-08-17T02:16:02.822301+00:00,1786932962.822301,runtime,full,6,NVIDIA H100 80GB HBM3,66730.0,81559.0,10.0,158.04
2026-08-17T02:16:02.822301+00:00,1786932962.822301,runtime,full,7,NVIDIA H100 80GB HBM3,66250.0,81559.0,100.0,162.82
2026-08-17T02:16:05.456885+00:00,1786932965.456885,runtime,full,4,NVIDIA H100 80GB HBM3,66636.0,81559.0,93.0,178.49
2026-08-17T02:16:05.456885+00:00,1786932965.456885,runtime,full,5,NVIDIA H100 80GB HBM3,66730.0,81559.0,100.0,169.01
2026-08-17T02:16:05.456885+00:00,1786932965.456885,runtime,full,6,NVIDIA H100 80GB HBM3,66730.0,81559.0,10.0,158.78
2026-08-17T02:16:05.456885+00:00,1786932965.456885,runtime,full,7,NVIDIA H100 80GB HBM3,66250.0,81559.0,100.0,162.11
2026-08-17T02:16:08.082728+00:00,1786932968.082728,runtime,full,4,NVIDIA H100 80GB HBM3,66636.0,81559.0,100.0,178.19
2026-08-17T02:16:08.082728+00:00,1786932968.082728,runtime,full,5,NVIDIA H100 80GB HBM3,66730.0,81559.0,100.0,169.26
2026-08-17T02:16:08.082728+00:00,1786932968.082728,runtime,full,6,NVIDIA H100 80GB HBM3,66730.0,81559.0,10.0,158.45
2026-08-17T02:16:08.082728+00:00,1786932968.082728,runtime,full,7,NVIDIA H100 80GB HBM3,66250.0,81559.0,100.0,162.64
2026-08-17T02:16:10.552010+00:00,1786932970.55201,runtime,full,4,NVIDIA H100 80GB HBM3,66636.0,81559.0,100.0,177.51
2026-08-17T02:16:10.552010+00:00,1786932970.55201,runtime,full,5,NVIDIA H100 80GB HBM3,66730.0,81559.0,100.0,169.3
2026-08-17T02:16:10.552010+00:00,1786932970.55201,runtime,full,6,NVIDIA H100 80GB HBM3,66730.0,81559.0,10.0,158.16
2026-08-17T02:16:10.552010+00:00,1786932970.55201,runtime,full,7,NVIDIA H100 80GB HBM3,66250.0,81559.0,100.0,162.54
2026-08-17T02:16:13.149187+00:00,1786932973.149187,runtime,full,4,NVIDIA H100 80GB HBM3,66636.0,81559.0,100.0,177.85
2026-08-17T02:16:13.149187+00:00,1786932973.149187,runtime,full,5,NVIDIA H100 80GB HBM3,66730.0,81559.0,100.0,169.02
2026-08-17T02:16:13.149187+00:00,1786932973.149187,runtime,full,6,NVIDIA H100 80GB HBM3,66730.0,81559.0,10.0,158.22
2026-08-17T02:16:13.149187+00:00,1786932973.149187,runtime,full,7,NVIDIA H100 80GB HBM3,66250.0,81559.0,100.0,162.41
2026-08-17T02:16:15.851872+00:00,1786932975.851872,runtime,full,4,NVIDIA H100 80GB HBM3,66636.0,81559.0,100.0,177.87
2026-08-17T02:16:15.851872+00:00,1786932975.851872,runtime,full,5,NVIDIA H100 80GB HBM3,66730.0,81559.0,100.0,167.9
2026-08-17T02:16:15.851872+00:00,1786932975.851872,runtime,full,6,NVIDIA H100 80GB HBM3,66730.0,81559.0,9.0,158.37
2026-08-17T02:16:15.851872+00:00,1786932975.851872,runtime,full,7,NVIDIA H100 80GB HBM3,66250.0,81559.0,100.0,162.9
2026-08-17T02:16:18.457514+00:00,1786932978.457514,runtime,full,4,NVIDIA H100 80GB HBM3,66636.0,81559.0,92.0,178.39
2026-08-17T02:16:18.457514+00:00,1786932978.457514,runtime,full,5,NVIDIA H100 80GB HBM3,66730.0,81559.0,100.0,169.18
2026-08-17T02:16:18.457514+00:00,1786932978.457514,runtime,full,6,NVIDIA H100 80GB HBM3,66730.0,81559.0,10.0,158.53
2026-08-17T02:16:18.457514+00:00,1786932978.457514,runtime,full,7,NVIDIA H100 80GB HBM3,66250.0,81559.0,100.0,162.59
2026-08-17T02:16:21.207014+00:00,1786932981.207014,runtime,full,4,NVIDIA H100 80GB HBM3,66636.0,81559.0,92.0,177.77
2026-08-17T02:16:21.207014+00:00,1786932981.207014,runtime,full,5,NVIDIA H100 80GB HBM3,66730.0,81559.0,100.0,168.66
2026-08-17T02:16:21.207014+00:00,1786932981.207014,runtime,full,6,NVIDIA H100 80GB HBM3,66730.0,81559.0,10.0,158.03
2026-08-17T02:16:21.207014+00:00,1786932981.207014,runtime,full,7,NVIDIA H100 80GB HBM3,66250.0,81559.0,100.0,163.36
2026-08-17T02:16:23.802911+00:00,1786932983.802911,runtime,full,4,NVIDIA H100 80GB HBM3,66636.0,81559.0,92.0,178.58
2026-08-17T02:16:23.802911+00:00,1786932983.802911,runtime,full,5,NVIDIA H100 80GB HBM3,66730.0,81559.0,100.0,168.73
2026-08-17T02:16:23.802911+00:00,1786932983.802911,runtime,full,6,NVIDIA H100 80GB HBM3,66730.0,81559.0,10.0,158.65
2026-08-17T02:16:23.802911+00:00,1786932983.802911,runtime,full,7,NVIDIA H100 80GB HBM3,66250.0,81559.0,100.0,162.83
2026-08-17T02:16:26.452455+00:00,1786932986.452455,runtime,full,4,NVIDIA H100 80GB HBM3,66636.0,81559.0,93.0,178.57
2026-08-17T02:16:26.452455+00:00,1786932986.452455,runtime,full,5,NVIDIA H100 80GB HBM3,66730.0,81559.0,100.0,169.41
2026-08-17T02:16:26.452455+00:00,1786932986.452455,runtime,full,6,NVIDIA H100 80GB HBM3,66730.0,81559.0,10.0,158.67
2026-08-17T02:16:26.452455+00:00,1786932986.452455,runtime,full,7,NVIDIA H100 80GB HBM3,66250.0,81559.0,100.0,163.12
2026-08-17T02:16:28.997305+00:00,1786932988.997305,runtime,full,4,NVIDIA H100 80GB HBM3,66636.0,81559.0,91.0,178.53
2026-08-17T02:16:28.997305+00:00,1786932988.997305,runtime,full,5,NVIDIA H100 80GB HBM3,66730.0,81559.0,100.0,169.21
2026-08-17T02:16:28.997305+00:00,1786932988.997305,runtime,full,6,NVIDIA H100 80GB HBM3,66730.0,81559.0,10.0,158.29
2026-08-17T02:16:28.997305+00:00,1786932988.997305,runtime,full,7,NVIDIA H100 80GB HBM3,66250.0,81559.0,100.0,163.56
2026-08-17T02:16:31.599745+00:00,1786932991.599745,runtime,full,4,NVIDIA H100 80GB HBM3,66636.0,81559.0,93.0,178.35
2026-08-17T02:16:31.599745+00:00,1786932991.599745,runtime,full,5,NVIDIA H100 80GB HBM3,66730.0,81559.0,100.0,169.31
2026-08-17T02:16:31.599745+00:00,1786932991.599745,runtime,full,6,NVIDIA H100 80GB HBM3,66730.0,81559.0,10.0,158.81
2026-08-17T02:16:31.599745+00:00,1786932991.599745,runtime,full,7,NVIDIA H100 80GB HBM3,66250.0,81559.0,100.0,162.95
2026-08-17T02:16:34.199797+00:00,1786932994.199797,runtime,full,4,NVIDIA H100 80GB HBM3,66636.0,81559.0,100.0,179.47
2026-08-17T02:16:34.199797+00:00,1786932994.199797,runtime,full,5,NVIDIA H100 80GB HBM3,66730.0,81559.0,100.0,168.65
2026-08-17T02:16:34.199797+00:00,1786932994.199797,runtime,full,6,NVIDIA H100 80GB HBM3,66730.0,81559.0,10.0,158.3
2026-08-17T02:16:34.199797+00:00,1786932994.199797,runtime,full,7,NVIDIA H100 80GB HBM3,66250.0,81559.0,100.0,162.73
2026-08-17T02:16:36.766060+00:00,1786932996.76606,runtime,full,4,NVIDIA H100 80GB HBM3,66636.0,81559.0,91.0,178.07
2026-08-17T02:16:36.766060+00:00,1786932996.76606,runtime,full,5,NVIDIA H100 80GB HBM3,66730.0,81559.0,100.0,169.21
2026-08-17T02:16:36.766060+00:00,1786932996.76606,runtime,full,6,NVIDIA H100 80GB HBM3,66730.0,81559.0,10.0,158.21
2026-08-17T02:16:36.766060+00:00,1786932996.76606,runtime,full,7,NVIDIA H100 80GB HBM3,66250.0,81559.0,100.0,162.61
2026-08-17T02:16:39.497235+00:00,1786932999.497235,runtime,full,4,NVIDIA H100 80GB HBM3,66636.0,81559.0,93.0,178.28
2026-08-17T02:16:39.497235+00:00,1786932999.497235,runtime,full,5,NVIDIA H100 80GB HBM3,66730.0,81559.0,100.0,168.65
2026-08-17T02:16:39.497235+00:00,1786932999.497235,runtime,full,6,NVIDIA H100 80GB HBM3,66730.0,81559.0,10.0,158.14
2026-08-17T02:16:39.497235+00:00,1786932999.497235,runtime,full,7,NVIDIA H100 80GB HBM3,66250.0,81559.0,100.0,162.91
2026-08-17T02:16:42.091137+00:00,1786933002.091137,runtime,full,4,NVIDIA H100 80GB HBM3,66636.0,81559.0,92.0,179.34
2026-08-17T02:16:42.091137+00:00,1786933002.091137,runtime,full,5,NVIDIA H100 80GB HBM3,66730.0,81559.0,100.0,168.95
2026-08-17T02:16:42.091137+00:00,1786933002.091137,runtime,full,6,NVIDIA H100 80GB HBM3,66730.0,81559.0,10.0,158.01
2026-08-17T02:16:42.091137+00:00,1786933002.091137,runtime,full,7,NVIDIA H100 80GB HBM3,66250.0,81559.0,100.0,162.67
2026-08-17T02:16:44.651561+00:00,1786933004.651561,runtime,full,4,NVIDIA H100 80GB HBM3,66636.0,81559.0,98.0,178.04
2026-08-17T02:16:44.651561+00:00,1786933004.651561,runtime,full,5,NVIDIA H100 80GB HBM3,66730.0,81559.0,100.0,169.0
2026-08-17T02:16:44.651561+00:00,1786933004.651561,runtime,full,6,NVIDIA H100 80GB HBM3,66730.0,81559.0,10.0,158.18
2026-08-17T02:16:44.651561+00:00,1786933004.651561,runtime,full,7,NVIDIA H100 80GB HBM3,66250.0,81559.0,100.0,162.26
2026-08-17T02:16:47.266220+00:00,1786933007.26622,runtime,full,4,NVIDIA H100 80GB HBM3,66636.0,81559.0,80.0,178.95
2026-08-17T02:16:47.266220+00:00,1786933007.26622,runtime,full,5,NVIDIA H100 80GB HBM3,66730.0,81559.0,100.0,170.46
2026-08-17T02:16:47.266220+00:00,1786933007.26622,runtime,full,6,NVIDIA H100 80GB HBM3,66730.0,81559.0,10.0,158.13
2026-08-17T02:16:47.266220+00:00,1786933007.26622,runtime,full,7,NVIDIA H100 80GB HBM3,66250.0,81559.0,100.0,163.11
2026-08-17T02:16:49.937539+00:00,1786933009.937539,runtime,full,4,NVIDIA H100 80GB HBM3,66636.0,81559.0,91.0,179.0
2026-08-17T02:16:49.937539+00:00,1786933009.937539,runtime,full,5,NVIDIA H100 80GB HBM3,66730.0,81559.0,100.0,169.74
2026-08-17T02:16:49.937539+00:00,1786933009.937539,runtime,full,6,NVIDIA H100 80GB HBM3,66730.0,81559.0,10.0,158.15
2026-08-17T02:16:49.937539+00:00,1786933009.937539,runtime,full,7,NVIDIA H100 80GB HBM3,66250.0,81559.0,100.0,163.3
2026-08-17T02:16:52.602447+00:00,1786933012.602447,runtime,full,4,NVIDIA H100 80GB HBM3,66636.0,81559.0,93.0,178.84
2026-08-17T02:16:52.602447+00:00,1786933012.602447,runtime,full,5,NVIDIA H100 80GB HBM3,66730.0,81559.0,100.0,169.61
2026-08-17T02:16:52.602447+00:00,1786933012.602447,runtime,full,6,NVIDIA H100 80GB HBM3,66730.0,81559.0,10.0,158.79
2026-08-17T02:16:52.602447+00:00,1786933012.602447,runtime,full,7,NVIDIA H100 80GB HBM3,66250.0,81559.0,100.0,162.26
2026-08-17T02:16:55.290731+00:00,1786933015.290731,runtime,full,4,NVIDIA H100 80GB HBM3,66636.0,81559.0,83.0,178.17
2026-08-17T02:16:55.290731+00:00,1786933015.290731,runtime,full,5,NVIDIA H100 80GB HBM3,66730.0,81559.0,100.0,169.57
2026-08-17T02:16:55.290731+00:00,1786933015.290731,runtime,full,6,NVIDIA H100 80GB HBM3,66730.0,81559.0,10.0,158.55
2026-08-17T02:16:55.290731+00:00,1786933015.290731,runtime,full,7,NVIDIA H100 80GB HBM3,66250.0,81559.0,100.0,163.31
2026-08-17T02:16:58.094701+00:00,1786933018.094701,runtime,full,4,NVIDIA H100 80GB HBM3,66636.0,81559.0,91.0,179.21
2026-08-17T02:16:58.094701+00:00,1786933018.094701,runtime,full,5,NVIDIA H100 80GB HBM3,66730.0,81559.0,100.0,169.97
2026-08-17T02:16:58.094701+00:00,1786933018.094701,runtime,full,6,NVIDIA H100 80GB HBM3,66730.0,81559.0,10.0,159.04
2026-08-17T02:16:58.094701+00:00,1786933018.094701,runtime,full,7,NVIDIA H100 80GB HBM3,66250.0,81559.0,100.0,162.95
2026-08-17T02:17:00.683269+00:00,1786933020.683269,runtime,full,4,NVIDIA H100 80GB HBM3,66636.0,81559.0,92.0,178.76
2026-08-17T02:17:00.683269+00:00,1786933020.683269,runtime,full,5,NVIDIA H100 80GB HBM3,66730.0,81559.0,100.0,168.88
2026-08-17T02:17:00.683269+00:00,1786933020.683269,runtime,full,6,NVIDIA H100 80GB HBM3,66730.0,81559.0,10.0,158.45
2026-08-17T02:17:00.683269+00:00,1786933020.683269,runtime,full,7,NVIDIA H100 80GB HBM3,66250.0,81559.0,100.0,162.74
2026-08-17T02:17:03.361153+00:00,1786933023.361153,runtime,full,4,NVIDIA H100 80GB HBM3,66636.0,81559.0,92.0,178.39
2026-08-17T02:17:03.361153+00:00,1786933023.361153,runtime,full,5,NVIDIA H100 80GB HBM3,66730.0,81559.0,100.0,168.19
2026-08-17T02:17:03.361153+00:00,1786933023.361153,runtime,full,6,NVIDIA H100 80GB HBM3,66730.0,81559.0,10.0,158.47
2026-08-17T02:17:03.361153+00:00,1786933023.361153,runtime,full,7,NVIDIA H100 80GB HBM3,66250.0,81559.0,100.0,162.45
2026-08-17T02:17:05.914313+00:00,1786933025.914313,runtime,full,4,NVIDIA H100 80GB HBM3,66636.0,81559.0,93.0,178.44
2026-08-17T02:17:05.914313+00:00,1786933025.914313,runtime,full,5,NVIDIA H100 80GB HBM3,66730.0,81559.0,100.0,169.81
2026-08-17T02:17:05.914313+00:00,1786933025.914313,runtime,full,6,NVIDIA H100 80GB HBM3,66730.0,81559.0,10.0,158.5
2026-08-17T02:17:05.914313+00:00,1786933025.914313,runtime,full,7,NVIDIA H100 80GB HBM3,66250.0,81559.0,100.0,162.53
2026-08-17T02:17:08.438155+00:00,1786933028.438155,runtime,full,4,NVIDIA H100 80GB HBM3,66636.0,81559.0,91.0,179.3
2026-08-17T02:17:08.438155+00:00,1786933028.438155,runtime,full,5,NVIDIA H100 80GB HBM3,66730.0,81559.0,100.0,169.43
2026-08-17T02:17:08.438155+00:00,1786933028.438155,runtime,full,6,NVIDIA H100 80GB HBM3,66730.0,81559.0,10.0,158.18
2026-08-17T02:17:08.438155+00:00,1786933028.438155,runtime,full,7,NVIDIA H100 80GB HBM3,66250.0,81559.0,100.0,163.52
2026-08-17T02:17:10.974102+00:00,1786933030.974102,runtime,full,4,NVIDIA H100 80GB HBM3,66636.0,81559.0,91.0,179.01
2026-08-17T02:17:10.974102+00:00,1786933030.974102,runtime,full,5,NVIDIA H100 80GB HBM3,66730.0,81559.0,100.0,169.08
2026-08-17T02:17:10.974102+00:00,1786933030.974102,runtime,full,6,NVIDIA H100 80GB HBM3,66730.0,81559.0,10.0,158.45
2026-08-17T02:17:10.974102+00:00,1786933030.974102,runtime,full,7,NVIDIA H100 80GB HBM3,66250.0,81559.0,100.0,163.13
2026-08-17T02:17:13.647750+00:00,1786933033.64775,runtime,full,4,NVIDIA H100 80GB HBM3,66636.0,81559.0,99.0,178.26
2026-08-17T02:17:13.647750+00:00,1786933033.64775,runtime,full,5,NVIDIA H100 80GB HBM3,66730.0,81559.0,100.0,168.54
2026-08-17T02:17:13.647750+00:00,1786933033.64775,runtime,full,6,NVIDIA H100 80GB HBM3,66730.0,81559.0,10.0,158.28
2026-08-17T02:17:13.647750+00:00,1786933033.64775,runtime,full,7,NVIDIA H100 80GB HBM3,66250.0,81559.0,100.0,162.41
2026-08-17T02:17:16.304682+00:00,1786933036.304682,runtime,full,4,NVIDIA H100 80GB HBM3,66636.0,81559.0,100.0,178.22
2026-08-17T02:17:16.304682+00:00,1786933036.304682,runtime,full,5,NVIDIA H100 80GB HBM3,66730.0,81559.0,100.0,168.77
2026-08-17T02:17:16.304682+00:00,1786933036.304682,runtime,full,6,NVIDIA H100 80GB HBM3,66730.0,81559.0,10.0,158.78
2026-08-17T02:17:16.304682+00:00,1786933036.304682,runtime,full,7,NVIDIA H100 80GB HBM3,66250.0,81559.0,100.0,162.66
2026-08-17T02:17:18.906098+00:00,1786933038.906098,runtime,full,4,NVIDIA H100 80GB HBM3,66636.0,81559.0,99.0,178.75
2026-08-17T02:17:18.906098+00:00,1786933038.906098,runtime,full,5,NVIDIA H100 80GB HBM3,66730.0,81559.0,100.0,168.69
2026-08-17T02:17:18.906098+00:00,1786933038.906098,runtime,full,6,NVIDIA H100 80GB HBM3,66730.0,81559.0,10.0,158.53
2026-08-17T02:17:18.906098+00:00,1786933038.906098,runtime,full,7,NVIDIA H100 80GB HBM3,66250.0,81559.0,100.0,162.61
2026-08-17T02:17:21.603031+00:00,1786933041.603031,runtime,full,4,NVIDIA H100 80GB HBM3,66636.0,81559.0,93.0,177.78
2026-08-17T02:17:21.603031+00:00,1786933041.603031,runtime,full,5,NVIDIA H100 80GB HBM3,66730.0,81559.0,100.0,169.36
2026-08-17T02:17:21.603031+00:00,1786933041.603031,runtime,full,6,NVIDIA H100 80GB HBM3,66730.0,81559.0,10.0,158.12
2026-08-17T02:17:21.603031+00:00,1786933041.603031,runtime,full,7,NVIDIA H100 80GB HBM3,66250.0,81559.0,100.0,162.85
2026-08-17T02:17:24.201910+00:00,1786933044.20191,runtime,full,4,NVIDIA H100 80GB HBM3,66636.0,81559.0,93.0,178.49
2026-08-17T02:17:24.201910+00:00,1786933044.20191,runtime,full,5,NVIDIA H100 80GB HBM3,66730.0,81559.0,100.0,169.22
2026-08-17T02:17:24.201910+00:00,1786933044.20191,runtime,full,6,NVIDIA H100 80GB HBM3,66730.0,81559.0,10.0,158.54
2026-08-17T02:17:24.201910+00:00,1786933044.20191,runtime,full,7,NVIDIA H100 80GB HBM3,66250.0,81559.0,100.0,162.6
2026-08-17T02:17:26.736018+00:00,1786933046.736018,runtime,full,4,NVIDIA H100 80GB HBM3,66636.0,81559.0,92.0,178.49
2026-08-17T02:17:26.736018+00:00,1786933046.736018,runtime,full,5,NVIDIA H100 80GB HBM3,66730.0,81559.0,100.0,169.24
2026-08-17T02:17:26.736018+00:00,1786933046.736018,runtime,full,6,NVIDIA H100 80GB HBM3,66730.0,81559.0,10.0,158.68
2026-08-17T02:17:26.736018+00:00,1786933046.736018,runtime,full,7,NVIDIA H100 80GB HBM3,66250.0,81559.0,100.0,163.03
2026-08-17T02:17:29.343201+00:00,1786933049.343201,runtime,full,4,NVIDIA H100 80GB HBM3,66636.0,81559.0,92.0,178.4
2026-08-17T02:17:29.343201+00:00,1786933049.343201,runtime,full,5,NVIDIA H100 80GB HBM3,66730.0,81559.0,100.0,169.02
2026-08-17T02:17:29.343201+00:00,1786933049.343201,runtime,full,6,NVIDIA H100 80GB HBM3,66730.0,81559.0,10.0,158.26
2026-08-17T02:17:29.343201+00:00,1786933049.343201,runtime,full,7,NVIDIA H100 80GB HBM3,66250.0,81559.0,100.0,162.67
2026-08-17T02:17:32.035827+00:00,1786933052.035827,runtime,full,4,NVIDIA H100 80GB HBM3,66636.0,81559.0,99.0,177.75
2026-08-17T02:17:32.035827+00:00,1786933052.035827,runtime,full,5,NVIDIA H100 80GB HBM3,66730.0,81559.0,100.0,169.37
2026-08-17T02:17:32.035827+00:00,1786933052.035827,runtime,full,6,NVIDIA H100 80GB HBM3,66730.0,81559.0,10.0,158.29
2026-08-17T02:17:32.035827+00:00,1786933052.035827,runtime,full,7,NVIDIA H100 80GB HBM3,66250.0,81559.0,100.0,162.39
2026-08-17T02:17:34.746534+00:00,1786933054.746534,runtime,full,4,NVIDIA H100 80GB HBM3,66636.0,81559.0,98.0,178.49
2026-08-17T02:17:34.746534+00:00,1786933054.746534,runtime,full,5,NVIDIA H100 80GB HBM3,66730.0,81559.0,100.0,169.43
2026-08-17T02:17:34.746534+00:00,1786933054.746534,runtime,full,6,NVIDIA H100 80GB HBM3,66730.0,81559.0,10.0,158.39
2026-08-17T02:17:34.746534+00:00,1786933054.746534,runtime,full,7,NVIDIA H100 80GB HBM3,66250.0,81559.0,100.0,162.52
2026-08-17T02:17:37.315218+00:00,1786933057.315218,runtime,full,4,NVIDIA H100 80GB HBM3,66636.0,81559.0,90.0,179.12
2026-08-17T02:17:37.315218+00:00,1786933057.315218,runtime,full,5,NVIDIA H100 80GB HBM3,66730.0,81559.0,100.0,168.8
2026-08-17T02:17:37.315218+00:00,1786933057.315218,runtime,full,6,NVIDIA H100 80GB HBM3,66730.0,81559.0,10.0,158.44
2026-08-17T02:17:37.315218+00:00,1786933057.315218,runtime,full,7,NVIDIA H100 80GB HBM3,66250.0,81559.0,100.0,163.41
2026-08-17T02:17:39.900990+00:00,1786933059.90099,runtime,full,4,NVIDIA H100 80GB HBM3,66636.0,81559.0,98.0,178.26
2026-08-17T02:17:39.900990+00:00,1786933059.90099,runtime,full,5,NVIDIA H100 80GB HBM3,66730.0,81559.0,100.0,169.73
2026-08-17T02:17:39.900990+00:00,1786933059.90099,runtime,full,6,NVIDIA H100 80GB HBM3,66730.0,81559.0,10.0,158.45
2026-08-17T02:17:39.900990+00:00,1786933059.90099,runtime,full,7,NVIDIA H100 80GB HBM3,66250.0,81559.0,100.0,163.27
2026-08-17T02:17:42.522786+00:00,1786933062.522786,runtime,full,4,NVIDIA H100 80GB HBM3,66636.0,81559.0,100.0,178.71
2026-08-17T02:17:42.522786+00:00,1786933062.522786,runtime,full,5,NVIDIA H100 80GB HBM3,66730.0,81559.0,100.0,169.04
2026-08-17T02:17:42.522786+00:00,1786933062.522786,runtime,full,6,NVIDIA H100 80GB HBM3,66730.0,81559.0,10.0,158.48
2026-08-17T02:17:42.522786+00:00,1786933062.522786,runtime,full,7,NVIDIA H100 80GB HBM3,66250.0,81559.0,100.0,163.01
2026-08-17T02:17:45.246170+00:00,1786933065.24617,runtime,full,4,NVIDIA H100 80GB HBM3,66636.0,81559.0,91.0,178.61
2026-08-17T02:17:45.246170+00:00,1786933065.24617,runtime,full,5,NVIDIA H100 80GB HBM3,66730.0,81559.0,100.0,169.27
2026-08-17T02:17:45.246170+00:00,1786933065.24617,runtime,full,6,NVIDIA H100 80GB HBM3,66730.0,81559.0,10.0,158.55
2026-08-17T02:17:45.246170+00:00,1786933065.24617,runtime,full,7,NVIDIA H100 80GB HBM3,66250.0,81559.0,100.0,162.75
2026-08-17T02:17:47.951129+00:00,1786933067.951129,runtime,full,4,NVIDIA H100 80GB HBM3,66636.0,81559.0,92.0,178.01
2026-08-17T02:17:47.951129+00:00,1786933067.951129,runtime,full,5,NVIDIA H100 80GB HBM3,66730.0,81559.0,100.0,168.43
2026-08-17T02:17:47.951129+00:00,1786933067.951129,runtime,full,6,NVIDIA H100 80GB HBM3,66730.0,81559.0,10.0,158.35
2026-08-17T02:17:47.951129+00:00,1786933067.951129,runtime,full,7,NVIDIA H100 80GB HBM3,66250.0,81559.0,100.0,163.39
2026-08-17T02:17:50.603122+00:00,1786933070.603122,runtime,full,4,NVIDIA H100 80GB HBM3,66636.0,81559.0,93.0,177.94
2026-08-17T02:17:50.603122+00:00,1786933070.603122,runtime,full,5,NVIDIA H100 80GB HBM3,66730.0,81559.0,100.0,169.01
2026-08-17T02:17:50.603122+00:00,1786933070.603122,runtime,full,6,NVIDIA H100 80GB HBM3,66730.0,81559.0,10.0,158.65
2026-08-17T02:17:50.603122+00:00,1786933070.603122,runtime,full,7,NVIDIA H100 80GB HBM3,66250.0,81559.0,100.0,162.83
2026-08-17T02:17:53.296694+00:00,1786933073.296694,runtime,full,4,NVIDIA H100 80GB HBM3,66636.0,81559.0,93.0,178.41
2026-08-17T02:17:53.296694+00:00,1786933073.296694,runtime,full,5,NVIDIA H100 80GB HBM3,66730.0,81559.0,100.0,168.99
2026-08-17T02:17:53.296694+00:00,1786933073.296694,runtime,full,6,NVIDIA H100 80GB HBM3,66730.0,81559.0,10.0,158.5
2026-08-17T02:17:53.296694+00:00,1786933073.296694,runtime,full,7,NVIDIA H100 80GB HBM3,66250.0,81559.0,100.0,162.74
2026-08-17T02:17:55.897842+00:00,1786933075.897842,runtime,full,4,NVIDIA H100 80GB HBM3,66636.0,81559.0,92.0,177.97
2026-08-17T02:17:55.897842+00:00,1786933075.897842,runtime,full,5,NVIDIA H100 80GB HBM3,66730.0,81559.0,100.0,169.21
2026-08-17T02:17:55.897842+00:00,1786933075.897842,runtime,full,6,NVIDIA H100 80GB HBM3,66730.0,81559.0,10.0,158.82
2026-08-17T02:17:55.897842+00:00,1786933075.897842,runtime,full,7,NVIDIA H100 80GB HBM3,66250.0,81559.0,100.0,162.91
2026-08-17T02:17:58.748245+00:00,1786933078.748245,runtime,full,4,NVIDIA H100 80GB HBM3,66636.0,81559.0,93.0,179.35
2026-08-17T02:17:58.748245+00:00,1786933078.748245,runtime,full,5,NVIDIA H100 80GB HBM3,66730.0,81559.0,100.0,169.28
2026-08-17T02:17:58.748245+00:00,1786933078.748245,runtime,full,6,NVIDIA H100 80GB HBM3,66730.0,81559.0,10.0,158.36
2026-08-17T02:17:58.748245+00:00,1786933078.748245,runtime,full,7,NVIDIA H100 80GB HBM3,66250.0,81559.0,100.0,162.79
2026-08-17T02:18:01.395800+00:00,1786933081.3958,runtime,full,4,NVIDIA H100 80GB HBM3,66636.0,81559.0,92.0,177.4
2026-08-17T02:18:01.395800+00:00,1786933081.3958,runtime,full,5,NVIDIA H100 80GB HBM3,66730.0,81559.0,100.0,169.57
2026-08-17T02:18:01.395800+00:00,1786933081.3958,runtime,full,6,NVIDIA H100 80GB HBM3,66730.0,81559.0,10.0,158.22
2026-08-17T02:18:01.395800+00:00,1786933081.3958,runtime,full,7,NVIDIA H100 80GB HBM3,66250.0,81559.0,100.0,162.85
2026-08-17T02:18:03.920248+00:00,1786933083.920248,runtime,full,4,NVIDIA H100 80GB HBM3,66636.0,81559.0,95.0,178.99
2026-08-17T02:18:03.920248+00:00,1786933083.920248,runtime,full,5,NVIDIA H100 80GB HBM3,66730.0,81559.0,100.0,169.37
2026-08-17T02:18:03.920248+00:00,1786933083.920248,runtime,full,6,NVIDIA H100 80GB HBM3,66730.0,81559.0,10.0,158.44
2026-08-17T02:18:03.920248+00:00,1786933083.920248,runtime,full,7,NVIDIA H100 80GB HBM3,66250.0,81559.0,100.0,163.25
2026-08-17T02:18:06.529988+00:00,1786933086.529988,runtime,full,4,NVIDIA H100 80GB HBM3,66636.0,81559.0,94.0,178.53
2026-08-17T02:18:06.529988+00:00,1786933086.529988,runtime,full,5,NVIDIA H100 80GB HBM3,66730.0,81559.0,100.0,169.13
2026-08-17T02:18:06.529988+00:00,1786933086.529988,runtime,full,6,NVIDIA H100 80GB HBM3,66730.0,81559.0,10.0,158.24
2026-08-17T02:18:06.529988+00:00,1786933086.529988,runtime,full,7,NVIDIA H100 80GB HBM3,66250.0,81559.0,100.0,162.78
2026-08-17T02:18:09.278874+00:00,1786933089.278874,runtime,full,4,NVIDIA H100 80GB HBM3,66636.0,81559.0,95.0,178.16
2026-08-17T02:18:09.278874+00:00,1786933089.278874,runtime,full,5,NVIDIA H100 80GB HBM3,66730.0,81559.0,100.0,169.06
2026-08-17T02:18:09.278874+00:00,1786933089.278874,runtime,full,6,NVIDIA H100 80GB HBM3,66730.0,81559.0,9.0,158.34
2026-08-17T02:18:09.278874+00:00,1786933089.278874,runtime,full,7,NVIDIA H100 80GB HBM3,66250.0,81559.0,100.0,162.29
2026-08-17T02:18:11.851806+00:00,1786933091.851806,runtime,full,4,NVIDIA H100 80GB HBM3,66636.0,81559.0,79.0,178.48
2026-08-17T02:18:11.851806+00:00,1786933091.851806,runtime,full,5,NVIDIA H100 80GB HBM3,66730.0,81559.0,100.0,169.28
2026-08-17T02:18:11.851806+00:00,1786933091.851806,runtime,full,6,NVIDIA H100 80GB HBM3,66730.0,81559.0,10.0,159.26
2026-08-17T02:18:11.851806+00:00,1786933091.851806,runtime,full,7,NVIDIA H100 80GB HBM3,66250.0,81559.0,100.0,162.16
2026-08-17T02:18:14.504119+00:00,1786933094.504119,runtime,full,4,NVIDIA H100 80GB HBM3,66636.0,81559.0,85.0,178.9
2026-08-17T02:18:14.504119+00:00,1786933094.504119,runtime,full,5,NVIDIA H100 80GB HBM3,66730.0,81559.0,100.0,169.58
2026-08-17T02:18:14.504119+00:00,1786933094.504119,runtime,full,6,NVIDIA H100 80GB HBM3,66730.0,81559.0,10.0,159.06
2026-08-17T02:18:14.504119+00:00,1786933094.504119,runtime,full,7,NVIDIA H100 80GB HBM3,66250.0,81559.0,100.0,163.37
2026-08-17T02:18:17.195980+00:00,1786933097.19598,runtime,full,4,NVIDIA H100 80GB HBM3,66636.0,81559.0,78.0,178.77
2026-08-17T02:18:17.195980+00:00,1786933097.19598,runtime,full,5,NVIDIA H100 80GB HBM3,66730.0,81559.0,100.0,169.82
2026-08-17T02:18:17.195980+00:00,1786933097.19598,runtime,full,6,NVIDIA H100 80GB HBM3,66730.0,81559.0,10.0,158.89
2026-08-17T02:18:17.195980+00:00,1786933097.19598,runtime,full,7,NVIDIA H100 80GB HBM3,66250.0,81559.0,100.0,163.82
2026-08-17T02:18:19.795315+00:00,1786933099.795315,runtime,full,4,NVIDIA H100 80GB HBM3,66636.0,81559.0,68.0,179.41
2026-08-17T02:18:19.795315+00:00,1786933099.795315,runtime,full,5,NVIDIA H100 80GB HBM3,66730.0,81559.0,100.0,170.16
2026-08-17T02:18:19.795315+00:00,1786933099.795315,runtime,full,6,NVIDIA H100 80GB HBM3,66730.0,81559.0,10.0,158.5
2026-08-17T02:18:19.795315+00:00,1786933099.795315,runtime,full,7,NVIDIA H100 80GB HBM3,66250.0,81559.0,100.0,163.35
2026-08-17T02:18:22.497327+00:00,1786933102.497327,runtime,full,4,NVIDIA H100 80GB HBM3,66636.0,81559.0,95.0,179.35
2026-08-17T02:18:22.497327+00:00,1786933102.497327,runtime,full,5,NVIDIA H100 80GB HBM3,66730.0,81559.0,100.0,170.07
2026-08-17T02:18:22.497327+00:00,1786933102.497327,runtime,full,6,NVIDIA H100 80GB HBM3,66730.0,81559.0,10.0,158.73
2026-08-17T02:18:22.497327+00:00,1786933102.497327,runtime,full,7,NVIDIA H100 80GB HBM3,66250.0,81559.0,100.0,163.41
2026-08-17T02:18:25.195217+00:00,1786933105.195217,runtime,full,4,NVIDIA H100 80GB HBM3,66636.0,81559.0,80.0,179.56
2026-08-17T02:18:25.195217+00:00,1786933105.195217,runtime,full,5,NVIDIA H100 80GB HBM3,66730.0,81559.0,100.0,170.1
2026-08-17T02:18:25.195217+00:00,1786933105.195217,runtime,full,6,NVIDIA H100 80GB HBM3,66730.0,81559.0,10.0,159.19
2026-08-17T02:18:25.195217+00:00,1786933105.195217,runtime,full,7,NVIDIA H100 80GB HBM3,66250.0,81559.0,100.0,163.11
2026-08-17T02:18:27.594452+00:00,1786933107.594452,runtime,full,4,NVIDIA H100 80GB HBM3,66636.0,81559.0,65.0,180.22
2026-08-17T02:18:27.594452+00:00,1786933107.594452,runtime,full,5,NVIDIA H100 80GB HBM3,66730.0,81559.0,100.0,170.26
2026-08-17T02:18:27.594452+00:00,1786933107.594452,runtime,full,6,NVIDIA H100 80GB HBM3,66730.0,81559.0,10.0,159.11
2026-08-17T02:18:27.594452+00:00,1786933107.594452,runtime,full,7,NVIDIA H100 80GB HBM3,66250.0,81559.0,100.0,163.71
2026-08-17T02:18:30.254358+00:00,1786933110.254358,runtime,full,4,NVIDIA H100 80GB HBM3,66636.0,81559.0,97.0,179.51
2026-08-17T02:18:30.254358+00:00,1786933110.254358,runtime,full,5,NVIDIA H100 80GB HBM3,66730.0,81559.0,21.0,168.9
2026-08-17T02:18:30.254358+00:00,1786933110.254358,runtime,full,6,NVIDIA H100 80GB HBM3,66730.0,81559.0,100.0,160.56
2026-08-17T02:18:30.254358+00:00,1786933110.254358,runtime,full,7,NVIDIA H100 80GB HBM3,66250.0,81559.0,10.0,161.93
2026-08-17T02:18:32.746022+00:00,1786933112.746022,runtime,full,4,NVIDIA H100 80GB HBM3,66636.0,81559.0,91.0,178.88
2026-08-17T02:18:32.746022+00:00,1786933112.746022,runtime,full,5,NVIDIA H100 80GB HBM3,66730.0,81559.0,20.0,168.79
2026-08-17T02:18:32.746022+00:00,1786933112.746022,runtime,full,6,NVIDIA H100 80GB HBM3,66730.0,81559.0,100.0,160.67
2026-08-17T02:18:32.746022+00:00,1786933112.746022,runtime,full,7,NVIDIA H100 80GB HBM3,66250.0,81559.0,11.0,161.82
2026-08-17T02:18:35.350955+00:00,1786933115.350955,runtime,full,4,NVIDIA H100 80GB HBM3,66636.0,81559.0,79.0,179.46
2026-08-17T02:18:35.350955+00:00,1786933115.350955,runtime,full,5,NVIDIA H100 80GB HBM3,66730.0,81559.0,74.0,169.56
2026-08-17T02:18:35.350955+00:00,1786933115.350955,runtime,full,6,NVIDIA H100 80GB HBM3,66730.0,81559.0,10.0,159.23
2026-08-17T02:18:35.350955+00:00,1786933115.350955,runtime,full,7,NVIDIA H100 80GB HBM3,66250.0,81559.0,69.0,162.38
2026-08-17T02:18:37.977123+00:00,1786933117.977123,runtime,full,4,NVIDIA H100 80GB HBM3,66636.0,81559.0,92.0,179.38
2026-08-17T02:18:37.977123+00:00,1786933117.977123,runtime,full,5,NVIDIA H100 80GB HBM3,66730.0,81559.0,91.0,169.47
2026-08-17T02:18:37.977123+00:00,1786933117.977123,runtime,full,6,NVIDIA H100 80GB HBM3,66730.0,81559.0,10.0,160.2
2026-08-17T02:18:37.977123+00:00,1786933117.977123,runtime,full,7,NVIDIA H100 80GB HBM3,66250.0,81559.0,40.0,161.68
2026-08-17T02:18:40.691099+00:00,1786933120.691099,runtime,full,4,NVIDIA H100 80GB HBM3,66636.0,81559.0,93.0,178.65
2026-08-17T02:18:40.691099+00:00,1786933120.691099,runtime,full,5,NVIDIA H100 80GB HBM3,66730.0,81559.0,98.0,169.99
2026-08-17T02:18:40.691099+00:00,1786933120.691099,runtime,full,6,NVIDIA H100 80GB HBM3,66730.0,81559.0,10.0,158.82
2026-08-17T02:18:40.691099+00:00,1786933120.691099,runtime,full,7,NVIDIA H100 80GB HBM3,66250.0,81559.0,100.0,163.15
2026-08-17T02:18:43.200408+00:00,1786933123.200408,runtime,full,4,NVIDIA H100 80GB HBM3,66636.0,81559.0,81.0,179.13
2026-08-17T02:18:43.200408+00:00,1786933123.200408,runtime,full,5,NVIDIA H100 80GB HBM3,66730.0,81559.0,100.0,170.12
2026-08-17T02:18:43.200408+00:00,1786933123.200408,runtime,full,6,NVIDIA H100 80GB HBM3,66730.0,81559.0,10.0,158.82
2026-08-17T02:18:43.200408+00:00,1786933123.200408,runtime,full,7,NVIDIA H100 80GB HBM3,66250.0,81559.0,100.0,162.81
